#VRML V2.0 utf8
# 3D model generated by easyeda2kicad.py (https://github.com/uPesy/easyeda2kicad.py)

Shape{
    appearance Appearance {
        material  Material 	{
            diffuseColor 0.0 0.0 0.0
            specularColor 0.0 0.0 0.0
            ambientIntensity 0.0
            transparency 0.0
            shininess 0.5
        }
    }
    geometry IndexedFaceSet {
        ccw TRUE
        solid FALSE
        coord DEF co Coordinate {
            point [
                2.1438 -1.2044 0.8878, 2.2281 -1.0399 0.8878, 2.2281 -1.0399 4.2431, 0.2335 2.4493 3.0819, 0.2006 2.4522 3.0433, 0.2006 2.4523 4.2431, -0.6729 2.3674 2.6775, -0.6289 2.3794 2.6778, -0.5345 2.4023 0.8878, -0.8882 2.2955 2.6792, -0.8734 2.3012 2.7199, -0.8067 2.3253 2.7204, -0.8882 2.2955 0.8878, -0.791 2.3307 2.6767, -0.7134 2.3555 0.8878, -0.7682 2.3383 2.6768, -0.608 2.3848 2.9758, -0.5923 2.3888 2.9321, -0.6746 2.3669 2.9754, -0.6907 2.3623 2.9315, -0.5345 2.4023 2.769, -0.5911 2.3891 2.7686, -0.596 2.3878 2.8198, -0.63 2.3791 2.838, -0.5961 2.3878 2.8382, -0.5529 2.3982 3.0518, -0.5586 2.3968 3.0364, -0.6315 2.3787 3.092, -0.5431 2.4004 3.0658, -0.5557 2.3975 2.9833, -0.5694 2.3943 2.9323, -0.5602 2.3965 3.0016, -0.5611 2.3963 3.0145, -0.6537 2.3728 3.0919, -0.8882 2.2955 4.2431, -0.7135 2.3555 2.9313, -0.7574 2.3418 2.7809, -0.7516 2.3437 2.7963, -0.7001 2.3595 2.8348, -0.7194 2.3537 2.8276, -0.5345 2.402 2.8386, -0.6757 2.3666 2.8376, -0.7361 2.3486 2.816, -0.7418 2.3468 2.8103, -0.7545 2.3427 2.7278, -0.759 2.3413 2.7461, -0.8303 2.317 2.8366, -0.7599 2.341 2.759, -0.7593 2.3412 2.7701, -0.7459 2.3455 2.7116, -0.7353 2.3488 2.6995, -0.7183 2.3541 2.6876, -0.7 2.3596 2.6806, -0.8524 2.309 2.8364, -0.8882 2.2953 2.7404, -1.2219 2.1369 4.2431, -0.9122 2.2861 2.6758, -0.8894 2.295 2.676, -1.0581 2.2225 0.8878, -1.2219 2.1369 0.8878, -0.5988 2.3872 2.6963, -0.591 2.3891 2.7502, -0.5345 2.4023 2.6968, -0.5345 2.4023 2.7506, -0.5333 2.4026 2.6968, -0.5337 2.4025 2.7506, -0.5345 2.4023 2.8202, -0.5342 2.4024 2.8202, -0.5338 2.4025 2.769, -0.1826 2.454 2.7353, -0.1887 2.4535 2.7406, -0.1862 2.4537 2.7678, -0.1972 2.4529 2.745, -0.1991 2.4527 2.776, -0.2128 2.4516 2.7487, -0.2305 2.45 2.7807, -0.2237 2.4506 2.7814, -0.2116 2.4517 2.7802, -0.2467 2.4484 2.7533, -0.2461 2.4485 2.7621, -0.2441 2.4487 2.7693, -0.2417 2.4489 2.7734, -0.2387 2.4492 2.7767, -0.2352 2.4496 2.779, -0.5472 2.3995 2.9671, -0.5365 2.4019 2.955, -0.5345 2.4023 2.9536, -0.5137 2.4068 2.8388, -0.2935 2.4433 2.6842, -0.2936 2.4433 2.7049, -0.1689 2.455 0.8878, -0.5986 2.3872 2.6781, -0.5345 2.402 2.6785, -0.5125 2.4071 2.6787, -0.4139 2.4259 2.6294, -0.4059 2.4272 2.6265, -0.3527 2.4355 0.8878, -0.3978 2.4286 2.6256, -0.3934 2.4293 2.6258, -0.3849 2.4307 2.6273, -0.3408 2.4372 2.6789, -0.3244 2.4394 2.6773, -0.3068 2.4417 2.6794, -0.4389 2.4215 2.6619, -0.4297 2.4232 2.6443, -0.4917 2.4114 2.7932, -0.4221 2.4245 2.6357, -0.4209 2.4247 2.6343, -0.3636 2.4339 2.6911, -0.4131 2.426 2.6516, -0.3674 2.4333 2.6964, -0.417 2.4254 2.6588, -0.3699 2.433 2.7027, -0.426 2.4238 2.6795, -0.3709 2.4328 2.7108, -0.3518 2.4356 2.6826, -0.3578 2.4348 2.6861, -0.385 2.4306 2.6452, -0.3891 2.43 2.6438, -0.3964 2.4288 2.6428, -0.4012 2.428 2.6433, -0.4056 2.4273 2.6449, -0.4093 2.4267 2.6475, -0.2051 2.4522 3.0885, -0.2219 2.4508 3.0948, -0.1689 2.455 4.2431, -0.1757 2.4545 3.0616, -0.186 2.4537 3.0743, -0.1895 2.4535 3.0777, -0.2685 2.4462 3.0952, -0.5345 2.4023 4.2431, -0.2481 2.4483 3.0972, -0.2449 2.4486 3.0975, -0.2828 2.4445 3.0906, -0.3149 2.4406 3.0943, -0.3974 2.4286 3.0937, -0.3355 2.4379 3.0757, -0.3351 2.438 3.0244, -0.3973 2.4287 3.0753, -0.3924 2.4295 3.024, -0.335 2.438 3.0061, -0.3346 2.438 2.9522, -0.3922 2.4295 3.0057, -0.4 2.4282 2.9518, -0.2819 2.4447 2.9608, -0.2827 2.4446 3.069, -0.268 2.4462 2.9544, -0.2808 2.4448 3.0698, -0.2502 2.4481 2.9508, -0.2405 2.449 2.9504, -0.2199 2.451 3.07, -0.2386 2.4492 3.0786, -0.2247 2.4505 3.076, -0.2647 2.4466 3.0763, -0.245 2.4486 3.0788, -0.2121 2.4516 3.0702, -0.2013 2.4525 3.0613, -0.2001 2.4526 3.06, -0.1923 2.4533 3.0489, -0.1868 2.4537 3.0351, -0.1841 2.4539 3.0133, -0.1842 2.4539 3.0075, -0.1866 2.4537 2.9914, -0.1917 2.4533 2.9785, -0.1995 2.4527 2.9675, -0.2033 2.4524 2.9638, -0.2138 2.4515 2.9565, -0.2254 2.4505 2.9522, -0.3128 2.4409 2.7914, -0.3238 2.4395 2.7953, -0.4302 2.4231 2.9333, -0.2652 2.4465 2.7699, -0.2974 2.4428 2.7773, -0.3012 2.4424 2.7827, -0.3072 2.4416 2.788, -0.3389 2.4374 2.7969, -0.3519 2.4356 2.7957, -0.4742 2.4149 2.933, -0.366 2.4336 2.7916, -0.5012 2.4094 2.9361, -0.5196 2.4056 2.943, -0.3819 2.4311 2.794, -0.4044 2.4275 2.7938, -0.3659 2.4336 2.7721, -0.4336 2.4225 2.7076, -0.436 2.422 2.6982, -0.4366 2.4219 2.6982, -0.4709 2.4155 2.7933, -0.4391 2.4215 2.7074, -0.4376 2.4218 2.7021, -0.262 2.4468 2.7788, -0.5014 2.4094 3.0902, -0.5207 2.4053 3.083, -0.5345 2.4023 3.0734, -0.5374 2.4017 3.0715, -0.3999 2.4282 2.9335, -0.4313 2.4229 3.0934, -0.477 2.4143 3.0931, -0.1863 2.4537 2.7873, -0.1906 2.4534 2.7898, -0.3138 2.4408 2.9341, -0.2055 2.4522 2.7954, -0.2257 2.4504 2.7977, -0.2373 2.4494 2.7966, -0.2458 2.4485 2.7941, -0.2525 2.4478 2.7903, -0.2579 2.4473 2.7852, -0.1986 2.4528 2.6796, -0.191 2.4534 2.6825, -0.2106 2.4518 2.6781, -0.1842 2.4539 2.6873, -0.182 2.454 2.6896, -0.1797 2.4542 2.6925, -0.1779 2.4543 2.6958, -0.1755 2.4545 2.7026, -0.1746 2.4546 2.7117, -0.1689 2.455 2.977, -0.1759 2.4545 2.7224, -0.1717 2.4548 2.9696, -0.1787 2.4543 2.7295, -0.2089 2.4519 2.9367, -0.1941 2.4531 2.9442, -0.2818 2.4447 2.941, -0.279 2.445 2.9396, -0.2618 2.4469 2.9341, -0.2374 2.4493 2.932, -0.226 2.4504 2.9327, -0.1825 2.454 2.9542, -0.1811 2.4541 2.9558, -0.2463 2.4485 2.6982, -0.2458 2.4485 2.6982, -0.2462 2.4485 2.6806, -0.2426 2.4488 2.6935, -0.2362 2.4495 2.6867, -0.2291 2.4501 2.6821, -0.221 2.4509 2.6792, -0.2971 2.4429 2.7498, -0.295 2.4431 2.7559, -0.2668 2.4463 2.754, -0.2942 2.4432 2.7637, -0.295 2.4431 2.7709, -0.3274 2.439 2.6937, -0.3243 2.4394 2.7303, -0.3265 2.4391 2.6937, -0.3132 2.4409 2.6954, -0.3377 2.4376 2.6947, -0.3429 2.4369 2.6966, -0.3447 2.4366 2.6977, -0.347 2.4363 2.6997, -0.348 2.4362 2.7009, -0.3374 2.4377 2.7247, -0.3488 2.4361 2.7023, -0.3499 2.4359 2.7051, -0.3503 2.4358 2.709, -0.3501 2.4359 2.7115, -0.3492 2.436 2.7146, -0.3477 2.4362 2.7173, -0.3452 2.4366 2.7199, -0.3007 2.4424 2.7004, -0.3124 2.441 2.7358, -0.303 2.4421 2.7421, -0.2997 2.4425 2.7456, -0.2663 2.4464 2.6804, -0.3643 2.4338 2.7297, -0.368 2.4332 2.7242, -0.3596 2.4345 2.734, -0.3152 2.4406 2.7686, -0.3148 2.4407 2.7654, -0.3179 2.4403 2.7709, -0.321 2.4399 2.7765, -0.318 2.4403 2.7738, -0.3162 2.4405 2.7713, -0.3255 2.4393 2.7788, -0.3309 2.4385 2.7802, -0.315 2.4406 2.7627, -0.3158 2.4405 2.7596, -0.3172 2.4404 2.7569, -0.3191 2.4401 2.7547, -0.3262 2.4392 2.7502, -0.3463 2.4364 2.7415, -0.3621 2.4341 2.7744, -0.3386 2.4375 2.7447, -0.3507 2.4358 2.7788, -0.3368 2.4377 2.7806, -0.3701 2.4329 2.7183, -0.1553 2.4558 2.6995, -0.1552 2.4559 2.6812, 0.0159 2.4606 0.8878, -0.069 2.4597 2.6818, 0.2006 2.4523 0.8878, -0.1554 2.4558 2.9535, -0.1553 2.4558 2.9352, -0.0702 2.4597 2.8419, 0.0665 2.4597 2.801, 0.081 2.4592 2.7651, 0.1039 2.4584 2.7337, 0.135 2.4568 2.7077, 0.1699 2.4546 2.691, -0.072 2.4596 3.096, -0.0926 2.459 3.0958, 0.0659 2.4597 2.8788, 0.061 2.4598 2.8416, -0.0708 2.4597 2.9358, 0.196 2.4527 3.0378, 0.1726 2.4544 2.9915, 0.1671 2.4548 2.9896, 0.1333 2.4569 2.9726, 0.1026 2.4584 2.9462, 0.0796 2.4593 2.9137, -0.0916 2.459 2.954, -0.1653 2.4552 2.9864, -0.1624 2.4554 3.0122, -0.163 2.4554 3.024, -0.1674 2.4551 3.0443, -0.1689 2.455 3.0473, -0.1527 2.456 2.8414, -0.1525 2.456 2.8229, -0.0902 2.459 2.7538, -0.0898 2.4591 2.6999, -0.1475 2.4563 2.7534, -0.1476 2.4563 2.7717, -0.0903 2.459 2.7721, -0.0907 2.459 2.8234, 0.282 2.4442 3.1153, 0.5655 2.3943 3.0603, 0.5518 2.3975 3.0761, 0.5655 2.3943 4.2431, 0.5248 2.4036 3.0988, 0.4965 2.4096 3.116, 0.4439 2.4199 3.1358, 0.3879 2.4295 3.1422, 0.3388 2.4369 3.1364, 0.6215 2.3803 2.6431, 0.6383 2.3759 2.6641, 0.9176 2.2823 0.8878, 0.5655 2.3943 0.8878, 0.5655 2.3943 2.6137, 0.7436 2.3449 0.8878, 0.5732 2.3925 2.6149, 0.5994 2.386 2.6261, 0.6496 2.3728 2.6886, 0.664 2.3688 2.693, 0.705 2.3569 2.7134, 0.7403 2.346 2.7439, 0.766 2.3377 2.7812, 0.782 2.3324 2.8237, 0.9176 2.2823 4.2431, 0.7872 2.3306 2.8684, 0.7868 2.3308 2.8793, 0.7789 2.3334 2.922, 0.7604 2.3395 2.9629, 0.7328 2.3484 2.9978, 0.7251 2.3508 3.005, 0.6887 2.3617 3.0302, 0.6464 2.3737 3.0463, 0.5753 2.392 3.049, 0.5884 2.3887 3.0503, 0.6015 2.3855 3.0515, 0.3486 2.4355 3.0689, 0.3873 2.4297 3.0739, 0.475 2.414 2.8182, 0.4292 2.4226 3.0688, 0.4665 2.4156 3.054, 0.4972 2.4095 3.0319, 0.5229 2.404 3.0016, 0.4991 2.4091 2.8314, 0.5406 2.4001 2.9657, 0.5265 2.4032 2.8384, 0.4552 2.4178 2.8, 0.2812 2.4443 3.0325, 0.313 2.4404 3.0549, 0.2198 2.4506 2.9304, 0.2289 2.4498 2.9304, 0.3021 2.4418 2.8786, 0.2356 2.4491 2.9623, 0.253 2.4474 2.9991, 0.2785 2.4446 3.0299, 0.5404 2.4001 2.8393, 0.5486 2.3983 2.9701, 0.5655 2.3943 2.8364, 0.3075 2.4411 2.7237, 0.3051 2.4414 2.7324, 0.4272 2.4229 2.7349, 0.2814 2.4443 2.6848, 0.2889 2.4434 2.6878, 0.4349 2.4215 2.6835, 0.2963 2.4425 2.6931, 0.2989 2.4422 2.6958, 0.3078 2.4411 2.7192, 0.3038 2.4416 2.703, 0.3068 2.4412 2.7107, 0.428 2.4228 2.7115, 0.4273 2.4229 2.7235, 0.3007 2.4419 2.7401, 0.2959 2.4425 2.7453, 0.2672 2.4459 2.818, 0.2889 2.4434 2.7502, 0.2811 2.4443 2.7532, 0.4486 2.419 2.6582, 0.2078 2.4517 2.6832, 0.275 2.445 2.6837, 0.2006 2.4522 2.6847, 0.4661 2.4157 2.6389, 0.4889 2.4112 2.6232, 0.5144 2.4058 2.6136, 0.3841 2.4301 0.8878, 0.542 2.3998 2.6104, 0.5463 2.3988 2.6105, 0.2722 2.4453 2.7543, 0.2712 2.4454 2.7541, 0.2677 2.4458 2.7534, 0.2654 2.4461 2.7531, 0.2142 2.4511 2.7527, 0.2006 2.4523 2.7552, 0.7142 2.3541 2.8525, 0.7111 2.355 2.8383, 0.6352 2.3767 2.7893, 0.7062 2.3565 2.8246, 0.6929 2.3605 2.8015, 0.6726 2.3663 2.7804, 0.6479 2.3733 2.7649, 0.7155 2.3537 2.8701, 0.6162 2.3817 2.8107, 0.7119 2.3548 2.8977, 0.6409 2.3752 2.9761, 0.6664 2.3681 2.9628, 0.5928 2.3877 2.8267, 0.686 2.3625 2.9456, 0.7019 2.3578 2.923, 0.5655 2.3943 2.9765, 0.574 2.3923 2.9797, 0.5676 2.3938 2.8361, 0.6008 2.3857 2.9832, 0.6128 2.3826 2.9826, 0.1735 2.4544 2.7657, 0.1566 2.4555 2.7793, 0.2006 2.4523 2.9279, 0.1936 2.4528 2.7565, 0.1661 2.4549 2.8844, 0.1551 2.4556 2.7809, 0.1425 2.4564 2.7985, 0.1607 2.4552 2.9073, 0.1783 2.454 2.9197, 0.1981 2.4525 2.9275, 0.1345 2.4568 2.8188, 0.1316 2.457 2.8409, 0.1321 2.457 2.851, 0.1373 2.4567 2.8729, 0.1478 2.4561 2.8926, 2.2281 1.0399 4.2431, 2.2281 1.0399 0.8878, 2.1438 1.2044 0.8878, 2.0473 1.3621 4.2431, 2.1055 1.2702 7.5984, 2.2281 1.0399 7.5984, 1.8202 1.6536 0.8878, 1.8202 1.6536 4.2431, 1.9392 1.5121 0.8878, 2.0473 1.3621 0.8878, 1.7907 1.6855 7.5984, 1.8188 1.6523 7.5984, 1.9591 1.4862 7.5984, 2.0445 1.3602 7.5984, 1.6022 1.8659 7.5984, 1.5521 1.9078 4.2431, 1.691 1.7857 0.8878, 1.5521 1.9078 0.8878, 1.4045 2.019 0.8878, 1.249 2.1189 4.2431, 1.1733 2.1618 7.5984, 1.2473 2.1163 7.5984, 1.3956 2.0252 7.5984, 1.5505 1.9057 7.5984, 1.0863 2.2069 0.8878, 1.249 2.1189 0.8878, 0.9377 2.2741 7.5984, 0.9172 2.2814 7.5984, 0.6916 2.3608 7.5984, 0.1789 2.454 7.5984, 0.2005 2.4512 7.5984, 0.4377 2.421 7.5984, 0.5647 2.3909 7.5984, -0.082 2.4593 7.5984, -0.5981 2.3873 7.5984, -0.5341 2.3998 7.5984, -0.3419 2.437 7.5984, -0.1686 2.4519 7.5984, -0.8475 2.3108 7.5984, -1.3152 2.0809 7.5984, -1.2203 2.134 7.5984, -1.0874 2.2083 7.5984, -0.8875 2.2937 7.5984, -1.3789 2.0393 0.8878, -1.5281 1.9302 4.2431, -1.7999 1.6799 0.8878, -1.7999 1.6799 4.2431, -1.6687 1.8101 0.8878, -1.5281 1.9302 0.8878, -1.9004 1.5655 7.5984, -1.7975 1.6776 7.5984, -1.7239 1.7577 7.5984, -1.5281 1.9302 7.5984, -1.921 1.5402 0.8878, -2.0312 1.3917 4.2431, -2.0312 1.3917 0.8878, -2.1299 1.2355 0.8878, -2.2167 1.0722 4.2431, -2.2143 1.0712 7.5984, -2.1875 1.1306 7.5984, -2.0555 1.3557 7.5984, -2.0296 1.3906 7.5984, -2.2167 1.0722 0.8878, -2.2909 0.9029 0.8878, -2.3523 0.7285 4.2431, -2.2949 0.8928 7.5984, -2.3494 0.7276 7.5984, -2.3523 0.7285 0.8878, -2.4003 0.55 0.8878, -2.4349 0.3684 4.2431, -2.4315 0.3899 7.5984, -2.3766 0.645 7.5984, -2.4626 0.0 0.8878, -2.4626 -0.0 4.2431, -2.4557 0.1847 0.8878, -2.4349 0.3684 0.8878, -2.4591 -0.1305 7.5984, -2.4591 -0.0 7.5984, -2.4591 0.1305 7.5984, -2.4338 0.3683 7.5984, -2.4338 -0.3683 7.5984, -2.4349 -0.3684 4.2431, -2.4557 -0.1847 0.8878, -2.4349 -0.3684 0.8878, -2.4003 -0.55 0.8878, -2.3523 -0.7285 4.2431, -2.3766 -0.645 7.5984, -2.4315 -0.3899 7.5984, -2.2167 -1.0722 0.8878, -2.2167 -1.0722 4.2431, -2.2909 -0.9029 0.8878, -2.3523 -0.7285 0.8878, -2.1875 -1.1306 7.5984, -2.2143 -1.0712 7.5984, -2.2949 -0.8928 7.5984, -2.3494 -0.7276 7.5984, -2.0555 -1.3557 7.5984, -2.0312 -1.3917 4.2431, -2.1299 -1.2355 0.8878, -1.7999 -1.6799 0.8878, -1.7999 -1.6799 4.2431, -1.921 -1.5402 0.8878, -2.0312 -1.3917 0.8878, -1.7239 -1.7577 7.5984, -1.7975 -1.6776 7.5984, -1.9004 -1.5655 7.5984, -2.0296 -1.3906 7.5984, -1.6687 -1.8101 0.8878, -1.5281 -1.9302 4.2431, -1.2219 -2.1369 0.8878, -1.2219 -2.1369 4.2431, -1.3789 -2.0393 0.8878, -1.5281 -1.9302 0.8878, -1.0874 -2.2083 7.5984, -1.2203 -2.134 7.5984, -1.3152 -2.0809 7.5984, -1.5281 -1.9302 7.5984, -0.8875 -2.2937 7.5984, -0.8882 -2.2955 4.2431, -1.0581 -2.2225 0.8878, -0.8882 -2.2955 0.8878, -0.7134 -2.3555 0.8878, -0.5345 -2.4023 4.2431, -0.5981 -2.3873 7.5984, -0.8475 -2.3108 7.5984, -0.1689 -2.455 0.8878, -0.1689 -2.455 4.2431, -0.3527 -2.4355 0.8878, -0.5345 -2.4023 0.8878, -0.082 -2.4593 7.5984, -0.1686 -2.4519 7.5984, -0.3419 -2.437 7.5984, -0.5341 -2.3998 7.5984, 0.1789 -2.454 7.5984, 0.2006 -2.4523 4.2431, 0.0159 -2.4606 0.8878, 0.5655 -2.3943 0.8878, 0.5655 -2.3943 4.2431, 0.3841 -2.4301 0.8878, 0.2006 -2.4523 0.8878, 0.6916 -2.3608 7.5984, 0.5647 -2.3909 7.5984, 0.4377 -2.421 7.5984, 0.2005 -2.4512 7.5984, 0.9172 -2.2814 7.5984, 0.9176 -2.2823 4.2431, 0.7436 -2.3449 0.8878, 0.9176 -2.2823 0.8878, 1.0863 -2.2069 0.8878, 1.249 -2.1189 4.2431, 1.1733 -2.1618 7.5984, 0.9377 -2.2741 7.5984, 1.5521 -1.9078 0.8878, 1.5521 -1.9078 4.2431, 1.4045 -2.019 0.8878, 1.249 -2.1189 0.8878, 1.6022 -1.8659 7.5984, 1.5505 -1.9057 7.5984, 1.3956 -2.0252 7.5984, 1.2473 -2.1163 7.5984, 1.7907 -1.6855 7.5984, 1.8202 -1.6536 4.2431, 1.691 -1.7857 0.8878, 2.0473 -1.3621 0.8878, 2.0473 -1.3621 4.2431, 1.9392 -1.5121 0.8878, 1.8202 -1.6536 0.8878, 2.1055 -1.2702 7.5984, 2.0445 -1.3602 7.5984, 1.9591 -1.4862 7.5984, 1.8188 -1.6523 7.5984, 2.2281 -1.0399 7.5984
            ]
        }
        coordIndex [
            0,1,2,-1,3,4,5,-1,6,7,8,-1,9,10,11,-1,12,13,14,-1,14,13,15,-1,16,17,18,-1,18,17,19,-1,20,21,22,-1,22,21,23,-1,22,23,24,-1,25,26,27,-1,25,27,28,-1,29,30,31,-1,31,30,27,-1,31,27,32,-1,32,27,26,-1,27,33,34,-1,34,33,35,-1,34,35,36,-1,36,35,37,-1,38,39,35,-1,30,40,17,-1,17,40,24,-1,17,24,19,-1,19,24,23,-1,19,23,35,-1,35,23,41,-1,35,41,38,-1,39,42,35,-1,35,42,43,-1,35,43,37,-1,44,15,45,-1,45,15,46,-1,45,46,47,-1,47,46,34,-1,47,34,48,-1,48,34,36,-1,44,49,15,-1,15,49,50,-1,15,50,51,-1,8,14,6,-1,6,14,15,-1,6,15,52,-1,52,15,51,-1,46,53,34,-1,34,53,54,-1,34,54,55,-1,55,54,56,-1,11,13,9,-1,9,13,12,-1,9,12,57,-1,57,12,58,-1,57,58,56,-1,56,58,59,-1,56,59,55,-1,60,61,62,-1,62,61,63,-1,62,63,64,-1,64,63,65,-1,22,66,20,-1,20,66,67,-1,20,67,68,-1,69,70,71,-1,71,70,72,-1,71,72,73,-1,73,72,74,-1,75,76,74,-1,74,76,77,-1,74,77,73,-1,78,79,74,-1,74,79,80,-1,74,80,81,-1,81,82,74,-1,74,82,83,-1,74,83,75,-1,29,84,30,-1,30,84,85,-1,30,85,40,-1,40,85,86,-1,40,86,87,-1,88,89,90,-1,21,61,23,-1,23,61,60,-1,23,60,7,-1,7,60,91,-1,7,91,8,-1,8,91,92,-1,8,92,93,-1,93,94,8,-1,8,94,95,-1,8,95,96,-1,96,95,97,-1,96,97,90,-1,90,97,98,-1,90,98,99,-1,100,101,90,-1,90,101,102,-1,90,102,88,-1,103,104,93,-1,103,93,105,-1,104,106,93,-1,93,106,107,-1,93,107,94,-1,108,109,110,-1,110,109,111,-1,110,111,112,-1,112,111,113,-1,112,113,114,-1,100,90,115,-1,115,90,99,-1,115,99,116,-1,116,99,117,-1,116,117,108,-1,117,118,108,-1,108,118,119,-1,108,119,120,-1,120,121,108,-1,108,121,122,-1,108,122,109,-1,123,124,125,-1,126,127,125,-1,125,127,128,-1,125,128,123,-1,129,130,131,-1,131,130,125,-1,131,125,132,-1,132,125,124,-1,129,133,130,-1,130,133,134,-1,130,134,135,-1,136,137,138,-1,138,137,139,-1,140,141,142,-1,142,141,143,-1,142,143,139,-1,139,143,130,-1,139,130,138,-1,138,130,135,-1,144,145,146,-1,146,145,147,-1,146,147,148,-1,148,147,149,-1,150,151,152,-1,147,153,150,-1,150,153,154,-1,150,154,151,-1,152,155,150,-1,150,155,156,-1,150,156,147,-1,156,157,147,-1,147,157,158,-1,147,158,159,-1,159,160,147,-1,147,160,161,-1,147,161,162,-1,162,163,147,-1,147,163,164,-1,147,164,165,-1,165,166,147,-1,147,166,167,-1,147,167,149,-1,168,169,170,-1,171,172,173,-1,168,170,174,-1,169,175,170,-1,170,175,176,-1,170,176,177,-1,177,176,178,-1,177,178,179,-1,179,178,180,-1,181,182,86,-1,183,181,178,-1,178,181,86,-1,178,86,180,-1,184,185,186,-1,93,87,105,-1,105,87,86,-1,105,86,187,-1,187,86,182,-1,187,182,188,-1,188,182,184,-1,188,184,189,-1,189,184,186,-1,173,174,171,-1,171,174,170,-1,171,170,190,-1,191,192,130,-1,130,192,193,-1,130,193,27,-1,27,193,194,-1,27,194,28,-1,195,170,143,-1,143,170,196,-1,143,196,130,-1,130,196,197,-1,130,197,191,-1,198,199,200,-1,200,199,201,-1,200,201,202,-1,202,203,200,-1,200,203,204,-1,200,204,195,-1,195,204,205,-1,195,205,170,-1,170,205,206,-1,170,206,190,-1,207,208,90,-1,207,90,209,-1,208,210,90,-1,90,210,211,-1,90,211,212,-1,212,213,90,-1,90,213,214,-1,90,214,215,-1,216,215,217,-1,218,216,198,-1,198,216,217,-1,198,217,71,-1,71,217,219,-1,71,219,69,-1,220,221,198,-1,133,145,134,-1,134,145,144,-1,134,144,200,-1,200,144,222,-1,200,222,198,-1,198,222,223,-1,198,223,224,-1,224,225,198,-1,198,225,226,-1,198,226,220,-1,221,227,198,-1,198,227,228,-1,198,228,218,-1,229,230,231,-1,231,230,232,-1,232,233,231,-1,231,233,234,-1,231,234,235,-1,236,237,238,-1,238,237,239,-1,238,239,171,-1,171,239,240,-1,171,240,172,-1,241,242,243,-1,243,242,244,-1,241,245,242,-1,242,245,246,-1,242,246,247,-1,247,248,242,-1,242,248,249,-1,242,249,250,-1,250,249,251,-1,251,252,250,-1,250,252,253,-1,250,253,254,-1,254,255,250,-1,250,255,256,-1,250,256,257,-1,244,242,258,-1,258,242,259,-1,258,259,89,-1,89,259,260,-1,89,260,261,-1,235,209,231,-1,231,209,90,-1,231,90,262,-1,262,90,89,-1,262,89,238,-1,238,89,261,-1,238,261,236,-1,263,264,183,-1,263,183,265,-1,266,267,268,-1,269,270,268,-1,268,270,271,-1,268,271,266,-1,269,268,272,-1,272,268,267,-1,272,267,273,-1,273,267,274,-1,273,274,275,-1,275,276,273,-1,273,276,277,-1,273,277,278,-1,265,183,279,-1,279,183,280,-1,279,280,281,-1,281,280,282,-1,281,282,278,-1,278,282,283,-1,278,283,273,-1,113,181,114,-1,114,181,183,-1,114,183,284,-1,284,183,264,-1,216,285,286,-1,215,216,90,-1,90,216,286,-1,90,286,287,-1,287,286,288,-1,287,288,289,-1,216,290,291,-1,288,292,293,-1,293,294,288,-1,288,294,295,-1,288,295,289,-1,289,295,296,-1,289,296,297,-1,298,299,125,-1,300,301,302,-1,303,304,298,-1,298,304,305,-1,305,306,298,-1,298,306,307,-1,298,307,302,-1,302,307,308,-1,302,308,300,-1,290,216,309,-1,216,310,309,-1,309,310,311,-1,309,311,299,-1,311,312,299,-1,299,312,313,-1,299,313,125,-1,125,313,314,-1,125,314,126,-1,301,293,302,-1,302,293,292,-1,302,292,291,-1,291,292,315,-1,291,315,216,-1,216,315,316,-1,216,316,285,-1,317,318,319,-1,319,318,285,-1,319,285,320,-1,320,285,316,-1,320,316,321,-1,321,316,322,-1,3,5,323,-1,324,325,326,-1,326,325,327,-1,326,327,328,-1,328,329,326,-1,326,329,330,-1,326,330,5,-1,5,330,331,-1,5,331,323,-1,332,333,334,-1,335,336,337,-1,337,336,338,-1,337,338,334,-1,334,338,339,-1,334,339,332,-1,333,340,334,-1,334,340,341,-1,334,341,342,-1,342,343,334,-1,334,343,344,-1,334,344,345,-1,346,347,348,-1,348,349,346,-1,346,349,350,-1,346,350,351,-1,351,352,346,-1,346,352,353,-1,346,353,354,-1,355,324,356,-1,356,324,326,-1,356,326,357,-1,357,326,354,-1,358,359,360,-1,360,359,361,-1,360,361,362,-1,362,363,360,-1,360,363,364,-1,360,364,365,-1,365,364,366,-1,365,366,367,-1,368,369,360,-1,360,369,370,-1,360,370,358,-1,371,372,373,-1,372,374,373,-1,373,374,375,-1,373,375,368,-1,368,375,376,-1,368,376,369,-1,367,366,377,-1,377,366,378,-1,377,378,379,-1,380,381,382,-1,383,384,385,-1,385,384,386,-1,385,386,387,-1,380,382,388,-1,387,389,385,-1,385,389,390,-1,385,390,391,-1,391,390,388,-1,391,388,392,-1,392,388,382,-1,381,393,382,-1,382,393,394,-1,382,394,395,-1,395,394,396,-1,395,396,397,-1,398,399,385,-1,385,399,400,-1,385,400,383,-1,297,401,289,-1,289,401,399,-1,289,399,402,-1,402,399,398,-1,402,403,289,-1,289,403,404,-1,289,404,405,-1,405,404,406,-1,405,406,335,-1,335,406,407,-1,335,407,336,-1,397,408,395,-1,395,408,409,-1,395,409,410,-1,410,411,395,-1,395,411,412,-1,395,412,413,-1,414,415,416,-1,416,415,417,-1,417,418,416,-1,416,418,419,-1,416,419,420,-1,414,416,421,-1,421,416,422,-1,421,422,423,-1,424,425,426,-1,426,425,427,-1,426,427,422,-1,422,427,428,-1,422,428,423,-1,378,429,379,-1,379,429,430,-1,379,430,431,-1,431,430,432,-1,431,432,426,-1,426,432,433,-1,426,433,424,-1,434,435,436,-1,373,395,371,-1,371,395,413,-1,371,413,436,-1,436,413,437,-1,436,437,434,-1,438,439,440,-1,438,441,442,-1,435,439,436,-1,436,439,438,-1,436,438,443,-1,443,438,442,-1,440,444,438,-1,438,444,445,-1,438,445,446,-1,446,447,438,-1,438,447,448,-1,438,448,441,-1,449,450,451,-1,451,452,449,-1,449,452,453,-1,449,453,454,-1,455,456,457,-1,457,456,452,-1,457,452,458,-1,458,452,451,-1,459,460,456,-1,456,460,461,-1,456,461,452,-1,452,461,462,-1,452,462,453,-1,463,459,464,-1,464,459,456,-1,464,456,465,-1,465,456,455,-1,465,466,464,-1,464,466,467,-1,464,467,468,-1,469,470,468,-1,468,470,471,-1,468,471,464,-1,464,471,472,-1,464,472,463,-1,345,347,334,-1,334,347,346,-1,334,346,473,-1,473,346,468,-1,473,468,474,-1,474,468,467,-1,469,468,475,-1,475,468,346,-1,475,346,476,-1,354,326,346,-1,346,326,477,-1,346,477,476,-1,478,479,5,-1,5,479,480,-1,5,480,326,-1,326,480,481,-1,326,481,477,-1,482,478,125,-1,125,478,5,-1,125,5,298,-1,298,5,4,-1,298,4,303,-1,483,484,130,-1,130,484,485,-1,130,485,125,-1,125,485,486,-1,125,486,482,-1,27,34,130,-1,130,34,487,-1,130,487,483,-1,488,489,55,-1,55,489,490,-1,55,490,34,-1,34,490,491,-1,34,491,487,-1,59,492,55,-1,55,492,493,-1,55,493,488,-1,494,495,496,-1,496,495,493,-1,496,493,497,-1,497,493,492,-1,498,499,495,-1,495,499,500,-1,495,500,493,-1,493,500,501,-1,493,501,488,-1,494,502,495,-1,495,502,503,-1,495,503,498,-1,502,504,503,-1,503,504,505,-1,503,505,506,-1,507,508,506,-1,506,508,509,-1,506,509,503,-1,503,509,510,-1,503,510,498,-1,505,511,506,-1,506,511,512,-1,506,512,513,-1,507,506,514,-1,514,506,513,-1,514,513,515,-1,512,516,513,-1,513,516,517,-1,513,517,518,-1,518,519,513,-1,513,519,520,-1,513,520,515,-1,521,522,523,-1,523,522,518,-1,523,518,524,-1,524,518,517,-1,525,526,522,-1,522,526,527,-1,522,527,518,-1,518,527,528,-1,518,528,519,-1,529,525,530,-1,530,525,522,-1,530,522,531,-1,531,522,521,-1,531,532,530,-1,530,532,533,-1,530,533,534,-1,534,535,530,-1,530,535,536,-1,530,536,529,-1,537,538,539,-1,539,538,534,-1,539,534,540,-1,540,534,533,-1,541,542,538,-1,538,542,543,-1,538,543,534,-1,534,543,544,-1,534,544,535,-1,545,541,546,-1,546,541,538,-1,546,538,547,-1,547,538,537,-1,548,549,550,-1,550,549,546,-1,550,546,551,-1,551,546,547,-1,552,553,549,-1,549,553,554,-1,549,554,546,-1,546,554,555,-1,546,555,545,-1,548,556,549,-1,549,556,557,-1,549,557,552,-1,558,559,560,-1,560,559,557,-1,560,557,561,-1,561,557,556,-1,562,563,559,-1,559,563,564,-1,559,564,557,-1,557,564,565,-1,557,565,552,-1,566,562,567,-1,567,562,559,-1,567,559,568,-1,568,559,558,-1,568,569,567,-1,567,569,570,-1,567,570,571,-1,571,572,567,-1,567,572,573,-1,567,573,566,-1,574,575,576,-1,576,575,571,-1,576,571,577,-1,577,571,570,-1,578,579,575,-1,575,579,580,-1,575,580,571,-1,571,580,581,-1,571,581,572,-1,582,578,583,-1,583,578,575,-1,583,575,584,-1,584,575,574,-1,585,586,587,-1,587,586,583,-1,587,583,588,-1,588,583,584,-1,589,590,586,-1,586,590,591,-1,586,591,583,-1,583,591,592,-1,583,592,582,-1,593,589,594,-1,594,589,586,-1,594,586,595,-1,595,586,585,-1,595,596,594,-1,594,596,597,-1,594,597,598,-1,598,599,594,-1,594,599,600,-1,594,600,593,-1,601,602,603,-1,603,602,598,-1,603,598,604,-1,604,598,597,-1,605,606,602,-1,602,606,607,-1,602,607,598,-1,598,607,608,-1,598,608,599,-1,609,605,610,-1,610,605,602,-1,610,602,611,-1,611,602,601,-1,612,613,614,-1,614,613,610,-1,614,610,615,-1,615,610,611,-1,616,617,613,-1,613,617,618,-1,613,618,610,-1,610,618,619,-1,610,619,609,-1,620,616,2,-1,2,616,613,-1,2,613,0,-1,0,613,612,-1,
        ]
    }
}
Shape{
    appearance Appearance {
        material  Material 	{
            diffuseColor 1.0 1.0 1.0
            specularColor 0.8784313725490196 0.8784313725490196 0.8784313725490196
            ambientIntensity 1.0
            transparency 0.0
            shininess 0.5
        }
    }
    geometry IndexedFaceSet {
        ccw TRUE
        solid FALSE
        coord DEF co Coordinate {
            point [
                -0.3732 -2.0733 0.0, -0.7066 -1.9849 0.0, 1.9034 -0.8885 0.0, 1.2603 1.6862 0.0, 1.5186 1.4575 0.0, 1.9034 0.8885 0.0, 1.7361 1.1898 0.0, 1.907 0.8902 0.0, 1.5186 -1.4575 0.0, 1.7361 -1.1898 0.0, 1.907 -0.8902 0.0, 1.2603 -1.6862 0.0, 0.9681 -1.8696 0.0, 0.65 -2.0029 0.0, -0.9862 0.1181 0.0, -1.0168 0.1141 0.0, -1.3084 1.6522 0.0, -1.5605 1.4168 0.0, -1.0453 0.1023 0.0, -1.7709 1.1434 0.0, 0.3143 -2.0824 0.0, -0.0298 -2.1061 0.0, 1.0964 -0.0306 0.0, 1.1004 0.0 0.0, 1.0964 0.0306 0.0, 1.0846 0.0591 0.0, -1.9338 0.8394 0.0, -1.0697 0.0835 0.0, -2.0449 0.5128 0.0, -1.0885 0.0591 0.0, -2.1012 0.1725 0.0, -0.9557 -0.1141 0.0, -0.9272 -0.1023 0.0, 0.8682 0.0306 0.0, -0.9027 -0.0835 0.0, -0.8839 -0.0591 0.0, -1.3084 -1.6522 0.0, 0.88 -0.0591 0.0, 0.8988 -0.0835 0.0, 0.9823 0.1181 0.0, 0.9681 1.8696 0.0, 1.0129 0.1141 0.0, 1.0413 0.1023 0.0, 1.0658 0.0835 0.0, -1.0212 1.8433 0.0, -0.7066 1.9849 0.0, -0.9557 0.1141 0.0, 0.9517 0.1141 0.0, 0.9232 0.1023 0.0, -0.8721 0.0306 0.0, -0.3732 2.0733 0.0, -0.0298 2.1061 0.0, -0.9272 0.1023 0.0, -1.0453 -0.1023 0.0, -1.0168 -0.1141 0.0, -1.9338 -0.8394 0.0, -0.8839 0.0591 0.0, -0.9027 0.0835 0.0, 0.65 2.0029 0.0, 0.3143 2.0824 0.0, -1.1003 0.0306 0.0, -1.1043 0.0 0.0, -2.1012 -0.1725 0.0, -1.1003 -0.0306 0.0, -2.0449 -0.5128 0.0, -1.0885 -0.0591 0.0, -1.0697 -0.0835 0.0, -0.9862 -0.1181 0.0, 0.8642 0.0 0.0, 0.8682 -0.0306 0.0, 0.9232 -0.1023 0.0, -1.0212 -1.8433 0.0, 1.0129 -0.1141 0.0, 0.9823 -0.1181 0.0, 0.9517 -0.1141 0.0, 2.0121 0.603 0.0, 1.0658 -0.0835 0.0, 1.0846 -0.0591 0.0, 0.8988 0.0835 0.0, 0.88 0.0591 0.0, -0.8681 0.0 0.0, -0.8721 -0.0306 0.0, -1.7709 -1.1434 0.0, -1.5605 -1.4168 0.0, 2.0782 0.3047 0.0, 2.1004 0.0 0.0, 2.0782 -0.3047 0.0, 1.0413 -0.1023 0.0, 2.0121 -0.603 0.0, -0.0133 0.0197 7.7953, 1.0341 1.8339 7.7953, 0.9681 1.8696 7.7953, -1.7709 1.1434 7.7953, -1.9338 0.8394 7.7953, -2.0449 0.5128 7.7953, -2.1012 0.1725 7.7953, -2.1082 0.0197 7.7953, 0.65 2.0029 7.7953, 0.3143 2.0824 7.7953, -0.0298 2.1061 7.7953, -0.3732 2.0733 7.7953, -0.7066 1.9849 7.7953, -1.0212 1.8433 7.7953, -1.3084 1.6522 7.7953, -1.5605 1.4168 7.7953, 1.907 -0.8902 7.7953, 1.9034 -0.8885 7.7953, 1.7361 -1.1898 7.7953, 1.5186 -1.4575 7.7953, 0.0208 -0.0 7.7953, 1.0682 -1.8142 7.7953, 1.2603 -1.6862 7.7953, 2.0121 -0.603 7.7953, 2.0782 -0.3047 7.7953, 2.1004 -0.0 7.7953, 1.5186 1.4575 7.7953, 1.9034 0.8885 7.7953, 1.7361 1.1898 7.7953, 1.907 0.8902 7.7953, 1.2603 1.6862 7.7953, 1.0682 1.8142 7.7953, 2.0121 0.603 7.7953, 2.0782 0.3047 7.7953
            ]
        }
        coordIndex [
            0,1,2,-1,3,4,5,-1,5,4,6,-1,5,6,7,-1,8,2,9,-1,9,2,10,-1,8,11,2,-1,2,11,12,-1,2,12,13,-1,14,15,16,-1,16,15,17,-1,17,15,18,-1,17,18,19,-1,13,20,2,-1,2,20,21,-1,2,21,0,-1,22,23,5,-1,5,23,24,-1,5,24,25,-1,19,18,26,-1,26,18,27,-1,26,27,28,-1,28,27,29,-1,28,29,30,-1,31,32,33,-1,33,32,34,-1,33,34,35,-1,36,37,38,-1,39,40,41,-1,41,40,3,-1,41,3,42,-1,42,3,5,-1,42,5,43,-1,43,5,25,-1,16,44,14,-1,14,44,45,-1,14,45,46,-1,39,47,40,-1,40,47,48,-1,40,48,49,-1,45,50,46,-1,46,50,51,-1,46,51,52,-1,53,54,55,-1,49,56,40,-1,40,56,57,-1,40,57,58,-1,58,57,52,-1,58,52,59,-1,59,52,51,-1,29,60,30,-1,30,60,61,-1,30,61,62,-1,62,61,63,-1,62,63,64,-1,64,63,65,-1,64,65,55,-1,55,65,66,-1,55,66,53,-1,31,33,67,-1,67,33,68,-1,67,68,69,-1,70,1,38,-1,38,1,71,-1,38,71,36,-1,72,2,73,-1,73,2,1,-1,73,1,74,-1,74,1,70,-1,75,76,5,-1,5,76,77,-1,5,77,22,-1,48,78,49,-1,49,78,79,-1,49,79,80,-1,80,79,33,-1,80,33,81,-1,81,33,35,-1,54,67,55,-1,55,67,69,-1,55,69,82,-1,82,69,37,-1,82,37,83,-1,83,37,36,-1,75,84,76,-1,76,84,85,-1,76,85,86,-1,72,87,2,-1,2,87,76,-1,2,76,88,-1,88,76,86,-1,89,90,91,-1,92,93,89,-1,93,94,89,-1,89,94,95,-1,89,95,96,-1,91,97,89,-1,89,97,98,-1,89,98,99,-1,99,100,89,-1,89,100,101,-1,89,101,102,-1,102,103,89,-1,89,103,104,-1,89,104,92,-1,105,106,107,-1,107,106,108,-1,109,110,106,-1,106,110,111,-1,106,111,108,-1,106,112,109,-1,109,112,113,-1,109,113,114,-1,115,116,117,-1,117,116,118,-1,115,119,116,-1,116,119,120,-1,116,120,121,-1,121,120,109,-1,121,109,122,-1,122,109,114,-1,
        ]
    }
}
Shape{
    appearance Appearance {
        material  Material 	{
            diffuseColor 0.0 0.0 0.0
            specularColor 0.0 0.0 0.0
            ambientIntensity 0.0
            transparency 0.0
            shininess 0.5
        }
    }
    geometry IndexedFaceSet {
        ccw TRUE
        solid FALSE
        coord DEF co Coordinate {
            point [
                2.4617 -0.0655 2.4006, 2.4611 -0.085 2.3888, 2.4626 0.0059 2.2603, 2.4624 -0.0337 2.4127, 2.4602 -0.1079 2.3691, 2.4591 -0.1318 2.3366, 2.4585 -0.1415 2.3157, 2.458 0.1508 2.322, 2.4589 0.1356 2.3497, 2.4599 0.1151 2.3738, 2.4609 0.0903 2.3932, 2.4618 0.062 2.4074, 2.4624 0.0316 2.4156, 2.4626 0.0 2.4176, 2.4612 0.0817 1.6698, 2.4604 0.1037 1.625, 2.4592 0.1298 1.6512, 2.4585 0.1417 1.6687, 2.4579 0.1523 1.6904, 2.4574 0.1602 1.717, 2.4624 0.0311 1.593, 2.4618 0.0614 1.6011, 2.4613 0.0804 1.6097, 2.4572 0.1634 1.7485, 2.4572 0.1634 2.2603, 2.4574 0.1602 2.2919, 2.4581 -0.1487 2.2903, 2.4579 -0.1516 2.2603, 2.4579 -0.1516 1.7485, 2.4614 -0.0758 1.6698, 2.4603 -0.1075 1.6392, 2.4611 -0.0846 1.6196, 2.4619 -0.0584 1.6047, 2.4624 -0.0299 1.5951, 2.4626 0.0 1.5911, 2.4581 -0.1486 1.7183, 2.4586 -0.1401 1.6895, 2.4594 -0.1262 1.6627, 2.4617 0.0671 5.3457, 2.4611 0.0872 5.3573, 2.4626 -0.0014 5.4875, 2.4624 0.0344 5.3341, 2.4601 0.1108 5.377, 2.4589 0.1356 5.4098, 2.4583 0.1456 5.4311, 2.4582 -0.1468 5.4268, 2.4591 -0.132 5.3994, 2.46 -0.1122 5.3756, 2.461 -0.0882 5.356, 2.4619 -0.0607 5.3415, 2.4624 -0.031 5.3328, 2.4626 -0.0 5.33, 2.4594 -0.1264 6.0951, 2.4587 -0.138 6.0777, 2.4613 -0.0795 6.078, 2.4581 -0.1482 6.0563, 2.4577 -0.1559 6.0302, 2.4623 -0.0406 6.1518, 2.4613 -0.0785 6.1366, 2.4605 -0.1011 6.1212, 2.4575 -0.1589 5.9993, 2.4575 -0.1589 5.4875, 2.4577 -0.1558 5.4564, 2.4578 0.1531 5.4569, 2.4577 0.156 5.4875, 2.4577 0.156 5.9993, 2.4614 0.0781 6.078, 2.4601 0.1104 6.1102, 2.4611 0.0868 6.1297, 2.4619 0.0598 6.1444, 2.4624 0.0306 6.1535, 2.4626 -0.0 6.1567, 2.4578 0.153 6.03, 2.4584 0.1442 6.0593, 2.4592 0.1297 6.0864, 2.2346 -1.0353 4.2822, 2.2317 -1.0416 4.2824, 2.2317 -1.0416 4.1965, 2.3591 -0.7068 4.0616, 2.2427 -1.0176 4.2755, 2.2402 -1.0232 4.2787, 2.2374 -1.0292 4.281, 2.3015 -0.8765 4.0828, 2.3591 -0.7068 3.966, 2.4042 -0.5334 3.9423, 2.4042 -0.5334 3.8467, 2.4366 -0.3572 3.8209, 2.4366 -0.3572 3.7253, 2.4561 -0.1791 3.6983, 2.4561 -0.1791 3.6027, 2.4625 0.0 3.575, 2.4626 -0.0 3.4795, 2.4626 0.0039 3.5724, 2.4626 0.004 3.4767, 2.4559 0.181 3.6951, 2.4559 0.1811 3.5993, 2.4366 0.3572 3.8171, 2.4366 0.3572 3.7213, 2.4042 0.5334 3.9391, 2.4042 0.5334 3.8433, 2.3591 0.7068 4.0592, 2.2317 1.0416 4.2825, 2.2344 1.0357 4.282, 2.2317 1.0416 4.1952, 2.2371 1.0299 4.2807, 2.3591 0.7068 3.9634, 2.3015 0.8765 4.0809, 2.242 1.0192 4.2755, 2.2396 1.0244 4.2785
            ]
        }
        coordIndex [
            0,1,2,-1,0,2,3,-1,1,4,2,-1,2,4,5,-1,2,5,6,-1,2,7,8,-1,8,9,2,-1,2,9,10,-1,2,10,11,-1,11,12,2,-1,2,12,13,-1,2,13,3,-1,14,15,16,-1,16,17,14,-1,14,17,18,-1,14,18,19,-1,20,21,14,-1,14,21,22,-1,14,22,15,-1,19,23,14,-1,14,23,24,-1,14,24,2,-1,2,24,25,-1,2,25,7,-1,6,26,2,-1,2,26,27,-1,2,27,28,-1,29,30,31,-1,31,32,29,-1,29,32,33,-1,29,33,34,-1,35,36,29,-1,29,36,37,-1,29,37,30,-1,20,14,34,-1,34,14,2,-1,34,2,29,-1,29,2,28,-1,29,28,35,-1,38,39,40,-1,38,40,41,-1,39,42,40,-1,40,42,43,-1,40,43,44,-1,40,45,46,-1,46,47,40,-1,40,47,48,-1,40,48,49,-1,49,50,40,-1,40,50,51,-1,40,51,41,-1,52,53,54,-1,54,53,55,-1,54,55,56,-1,57,58,54,-1,54,58,59,-1,54,59,52,-1,56,60,54,-1,54,60,61,-1,54,61,40,-1,40,61,62,-1,40,62,45,-1,44,63,40,-1,40,63,64,-1,40,64,65,-1,66,67,68,-1,68,69,66,-1,66,69,70,-1,66,70,71,-1,72,73,66,-1,66,73,74,-1,66,74,67,-1,57,54,71,-1,71,54,40,-1,71,40,66,-1,66,40,65,-1,66,65,72,-1,75,76,77,-1,78,79,77,-1,79,80,77,-1,77,80,81,-1,77,81,75,-1,77,82,78,-1,78,82,83,-1,78,83,84,-1,84,83,85,-1,84,85,86,-1,86,85,87,-1,86,87,88,-1,88,87,89,-1,88,89,90,-1,90,89,91,-1,90,91,92,-1,92,91,93,-1,92,93,94,-1,94,93,95,-1,94,95,96,-1,96,95,97,-1,96,97,98,-1,98,97,99,-1,98,99,100,-1,101,102,103,-1,103,102,104,-1,99,105,100,-1,100,105,106,-1,100,106,107,-1,107,106,103,-1,107,103,108,-1,108,103,104,-1,
        ]
    }
}
Shape{
    appearance Appearance {
        material  Material 	{
            diffuseColor 0.7450980392156863 0.9215686274509803 0.9882352941176471
            specularColor 0.37254901960784315 0.4588235294117647 0.49411764705882355
            ambientIntensity 0.8764
            transparency 0.0
            shininess 0.5
        }
    }
    geometry IndexedFaceSet {
        ccw TRUE
        solid FALSE
        coord DEF co Coordinate {
            point [
                2.4561 -0.1791 3.6027, 2.4366 -0.3572 3.7253, 2.4624 -0.0337 2.4127, 2.4366 -0.3572 0.8878, 2.4042 -0.5334 0.8878, 2.4042 -0.5334 3.8467, 2.3591 -0.7068 0.8878, 2.3591 -0.7068 3.966, 2.3015 -0.8765 0.8878, 2.3015 -0.8765 4.0828, 2.2317 -1.0416 0.8878, 2.2317 -1.0416 4.1965, 2.4591 -0.1318 2.3366, 2.4602 -0.1079 2.3691, 2.4585 -0.1415 2.3157, 2.4586 -0.1401 1.6895, 2.4581 -0.1486 1.7183, 2.4611 -0.0846 1.6196, 2.4603 -0.1075 1.6392, 2.4594 -0.1262 1.6627, 2.4579 -0.1516 1.7485, 2.4579 -0.1516 2.2603, 2.4581 -0.1487 2.2903, 2.4611 -0.085 2.3888, 2.4617 -0.0655 2.4006, 2.4599 0.1151 2.3738, 2.4589 0.1356 2.3497, 2.4366 0.3572 3.7213, 2.458 0.1508 2.322, 2.4574 0.1602 2.2919, 2.4572 0.1634 2.2603, 2.4572 0.1634 1.7485, 2.4366 0.3572 0.8878, 2.4574 0.1602 1.717, 2.4579 0.1523 1.6904, 2.4585 0.1417 1.6687, 2.4592 0.1298 1.6512, 2.4604 0.1037 1.625, 2.4613 0.0804 1.6097, 2.4618 0.0614 1.6011, 2.4561 0.1791 0.8878, 2.4624 0.0311 1.593, 2.4626 0.0 0.8878, 2.4626 0.0 1.5911, 2.4561 -0.1791 0.8878, 2.4624 -0.0299 1.5951, 2.4619 -0.0584 1.6047, 2.4626 -0.0 3.4795, 2.4626 0.0 2.4176, 2.4626 0.004 3.4767, 2.4624 0.0316 2.4156, 2.4559 0.1811 3.5993, 2.4618 0.062 2.4074, 2.4609 0.0903 2.3932, 2.2317 1.0416 0.8878, 2.2317 1.0416 4.1952, 2.3015 0.8765 0.8878, 2.3015 0.8765 4.0809, 2.3591 0.7068 0.8878, 2.3591 0.7068 3.9634, 2.4042 0.5334 0.8878, 2.4042 0.5334 3.8433, 1.9034 -0.8885 7.7953, 1.9034 -0.8885 7.8386, 2.0121 -0.603 7.7953, 2.0121 -0.603 7.8386, 2.0782 -0.3047 7.7953, 2.0782 -0.3047 7.8386, 2.1004 -0.0 7.7953, 2.1004 -0.0 7.8386, 2.0782 0.3047 7.7953, 2.0782 0.3047 7.8386, 2.0121 0.603 7.7953, 2.0121 0.603 7.8386, 1.9034 0.8885 7.7953, 1.9034 0.8885 7.8386, 2.3563 0.706 7.5984, 2.322 0.8204 7.5984, 2.3164 0.8184 7.6519, 2.199 0.3224 7.8386, 2.2198 0.1078 7.8386, 2.2518 0.3301 7.8326, 2.2732 0.1104 7.8326, 2.3021 0.3375 7.8148, 2.3239 0.1128 7.8148, 2.3471 0.3441 7.7862, 2.3694 0.1151 7.7862, 2.3847 0.3496 7.7482, 2.4074 0.1169 7.7482, 2.413 0.3537 7.7026, 2.4359 0.1183 7.7026, 2.4306 0.3563 7.6519, 2.4537 0.1191 7.6519, 2.4366 0.3572 7.5984, 2.2198 -0.1078 7.8386, 2.199 -0.3224 7.8386, 2.2732 -0.1104 7.8326, 2.2518 -0.3301 7.8326, 2.3239 -0.1128 7.8148, 2.3021 -0.3375 7.8148, 2.3694 -0.1151 7.7862, 2.3471 -0.3441 7.7862, 2.4074 -0.1169 7.7482, 2.3847 -0.3496 7.7482, 2.4359 -0.1183 7.7026, 2.413 -0.3537 7.7026, 2.4537 -0.1191 7.6519, 2.4306 -0.3563 7.6519, 2.1574 -0.5339 7.8386, 2.2093 -0.5468 7.8326, 2.2586 -0.559 7.8148, 2.3028 -0.5699 7.7862, 2.3397 -0.579 7.7482, 2.3675 -0.5859 7.7026, 2.3847 -0.5901 7.6519, 2.0956 -0.7405 7.8386, 2.014 -0.9401 7.8386, 2.146 -0.7583 7.8326, 2.0625 -0.9627 7.8326, 2.1938 -0.7752 7.8148, 2.1085 -0.9841 7.8148, 2.2368 -0.7903 7.7862, 2.1497 -1.0034 7.7862, 2.2726 -0.803 7.7482, 2.1842 -1.0194 7.7482, 2.2996 -0.8125 7.7026, 2.2101 -1.0315 7.7026, 2.3164 -0.8184 7.6519, 2.2262 -1.039 7.6519, 2.014 0.9401 7.8386, 2.0956 0.7405 7.8386, 2.0625 0.9627 7.8326, 2.146 0.7583 7.8326, 2.1085 0.9841 7.8148, 2.1938 0.7752 7.8148, 2.1497 1.0034 7.7862, 2.2368 0.7903 7.7862, 2.1842 1.0194 7.7482, 2.2726 0.803 7.7482, 2.2101 1.0315 7.7026, 2.2996 0.8125 7.7026, 2.2262 1.039 7.6519, 2.2317 1.0416 7.5984, 2.3905 0.5916 7.5984, 2.3847 0.5901 7.6519, 2.3675 0.5859 7.7026, 2.3397 0.579 7.7482, 2.3028 0.5699 7.7862, 2.2586 0.559 7.8148, 2.2093 0.5468 7.8326, 2.1574 0.5339 7.8386, 2.4597 -0.1194 7.5984, 2.4597 -0.0 7.5984, 2.4597 0.1194 7.5984, 2.4366 -0.3572 7.5984, 2.322 -0.8204 7.5984, 2.3563 -0.706 7.5984, 2.3905 -0.5916 7.5984, 2.2317 -1.0416 7.5984, 1.9034 -0.8885 -0.0433, 1.9034 -0.8885 0.0, 2.0121 -0.603 -0.0433, 2.0121 -0.603 0.0, 2.0782 -0.3047 -0.0433, 2.0782 -0.3047 0.0, 2.1004 0.0 -0.0433, 2.1004 0.0 0.0, 2.0782 0.3047 -0.0433, 2.0782 0.3047 0.0, 2.0121 0.603 -0.0433, 2.0121 0.603 0.0, 1.9034 0.8885 -0.0433, 1.9034 0.8885 0.0, 2.014 -0.9401 -0.0433, 2.0956 -0.7405 -0.0433, 2.014 0.9401 -0.0433, 2.2198 -0.1078 -0.0433, 2.199 -0.3224 -0.0433, 2.1574 -0.5339 -0.0433, 2.0956 0.7405 -0.0433, 2.1574 0.5339 -0.0433, 2.199 0.3224 -0.0433, 2.2198 0.1078 -0.0433, 2.0704 0.9663 -0.0351, 2.1542 0.7612 -0.0351, 2.1229 0.9908 -0.0111, 2.2088 0.7805 -0.0111, 2.1679 1.0118 0.027, 2.2557 0.797 0.027, 2.2025 1.028 0.0768, 2.2917 0.8097 0.0768, 2.2243 1.0381 0.1347, 2.2317 1.0416 0.1969, 2.322 0.8204 0.1969, 2.3143 0.8177 0.1347, 2.3826 0.5896 0.1347, 2.3563 0.706 0.1969, 2.3905 0.5916 0.1969, 2.4366 0.3572 0.1969, 2.4285 0.356 0.1347, 2.4597 0.1194 0.1969, 2.4515 0.119 0.1347, 2.4597 0.0 0.1969, 2.4515 -0.119 0.1347, 2.4597 -0.1194 0.1969, 2.4366 -0.3572 0.1969, 2.4285 -0.356 0.1347, 2.3905 -0.5916 0.1969, 2.3826 -0.5896 0.1347, 2.3563 -0.706 0.1969, 2.3143 -0.8177 0.1347, 2.322 -0.8204 0.1969, 2.2317 -1.0416 0.1969, 2.2243 -1.0381 0.1347, 2.3593 0.5839 0.0768, 2.4047 0.3525 0.0768, 2.4276 0.1179 0.0768, 2.4276 -0.1179 0.0768, 2.4047 -0.3525 0.0768, 2.3593 -0.5839 0.0768, 2.2917 -0.8097 0.0768, 2.2025 -1.028 0.0768, 2.3223 0.5747 0.027, 2.367 0.347 0.027, 2.3894 0.116 0.027, 2.3894 -0.116 0.027, 2.367 -0.347 0.027, 2.3223 -0.5747 0.027, 2.2557 -0.797 0.027, 2.1679 -1.0118 0.027, 2.274 0.5628 -0.0111, 2.3178 0.3398 -0.0111, 2.3398 0.1136 -0.0111, 2.3398 -0.1136 -0.0111, 2.3178 -0.3398 -0.0111, 2.274 -0.5628 -0.0111, 2.2088 -0.7805 -0.0111, 2.1229 -0.9908 -0.0111, 2.2177 0.5489 -0.0351, 2.2605 0.3314 -0.0351, 2.2819 0.1108 -0.0351, 2.2819 -0.1108 -0.0351, 2.2605 -0.3314 -0.0351, 2.2177 -0.5489 -0.0351, 2.1542 -0.7612 -0.0351, 2.0704 -0.9663 -0.0351, 2.2317 1.0416 0.2933, 2.3015 0.8765 0.2933, 2.3591 0.7068 0.2933, 2.4042 0.5334 0.2933, 2.4366 0.3572 0.2933, 2.4561 0.1791 0.2933, 2.4626 0.0 0.2933, 2.4561 -0.1791 0.2933, 2.4366 -0.3572 0.2933, 2.4042 -0.5334 0.2933, 2.3591 -0.7068 0.2933, 2.3015 -0.8765 0.2933, 2.2317 -1.0416 0.2933, 2.2248 1.0384 0.3532, 2.2944 0.8738 0.3532, 2.2046 1.0289 0.4094, 2.2735 0.8659 0.4094, 2.3256 0.5755 0.4581, 2.375 0.527 0.4094, 2.2963 0.6881 0.4581, 2.3304 0.6983 0.4094, 2.2589 0.7982 0.4581, 2.2402 0.8532 0.4581, 2.1723 1.0139 0.4581, 2.3402 0.5193 0.4581, 2.3718 0.3477 0.4581, 2.407 0.3529 0.4094, 2.3908 0.1743 0.4581, 2.4263 0.1769 0.4094, 2.3929 0.1162 0.4581, 2.4327 0.0 0.4094, 2.3971 0.0 0.4581, 2.4263 -0.1769 0.4094, 2.3929 -0.1162 0.4581, 2.3908 -0.1743 0.4581, 2.3718 -0.3477 0.4581, 2.407 -0.3529 0.4094, 2.3402 -0.5193 0.4581, 2.375 -0.527 0.4094, 2.3256 -0.5755 0.4581, 2.3304 -0.6983 0.4094, 2.2963 -0.6881 0.4581, 2.2735 -0.8659 0.4094, 2.2589 -0.7982 0.4581, 2.2402 -0.8532 0.4581, 2.1723 -1.0139 0.4581, 2.2046 -1.0289 0.4094, 2.3518 0.7047 0.3532, 2.3968 0.5318 0.3532, 2.4291 0.3561 0.3532, 2.4485 0.1785 0.3532, 2.455 0.0 0.3532, 2.4485 -0.1785 0.3532, 2.4291 -0.3561 0.3532, 2.3968 -0.5318 0.3532, 2.3518 -0.7047 0.3532, 2.2944 -0.8738 0.3532, 2.2248 -1.0384 0.3532, 2.2383 -0.8524 0.723, 2.1723 -1.0139 0.723, 2.1464 -1.0018 0.6838, 2.3887 -0.1741 0.723, 2.3718 -0.3477 0.723, 2.3435 -0.3436 0.6838, 2.3382 0.5188 0.723, 2.3718 0.3477 0.723, 2.3435 0.3436 0.6838, 2.1723 1.0139 0.723, 2.2383 0.8524 0.723, 2.2333 0.7891 0.6838, 2.2603 0.7986 0.723, 2.2936 0.6873 0.723, 2.327 0.5759 0.723, 2.2992 0.569 0.6838, 2.3887 0.1741 0.723, 2.3657 0.1149 0.6838, 2.3943 0.1163 0.723, 2.3943 0.0 0.723, 2.3943 -0.1163 0.723, 2.3657 -0.1149 0.6838, 2.3382 -0.5188 0.723, 2.2992 -0.569 0.6838, 2.327 -0.5759 0.723, 2.2936 -0.6873 0.723, 2.2603 -0.7986 0.723, 2.2333 -0.7891 0.6838, 2.2333 0.7891 0.4973, 2.1464 1.0018 0.6838, 2.2164 0.7831 0.6387, 2.1302 0.9942 0.6387, 2.2107 0.7811 0.5906, 2.1246 0.9917 0.5906, 2.2164 0.7831 0.5424, 2.1302 0.9942 0.5424, 2.1464 1.0018 0.4973, 2.2992 0.569 0.4973, 2.2818 0.5647 0.6387, 2.2759 0.5632 0.5906, 2.2818 0.5647 0.5424, 2.3257 0.341 0.6387, 2.3197 0.3401 0.5906, 2.3257 0.341 0.5424, 2.3435 0.3436 0.4973, 2.3657 0.1149 0.4973, 2.3478 0.114 0.6387, 2.3417 0.1137 0.5906, 2.3478 0.114 0.5424, 2.3657 -0.1149 0.4973, 2.3478 -0.114 0.6387, 2.3417 -0.1137 0.5906, 2.3478 -0.114 0.5424, 2.3257 -0.341 0.6387, 2.3197 -0.3401 0.5906, 2.3257 -0.341 0.5424, 2.3435 -0.3436 0.4973, 2.2992 -0.569 0.4973, 2.2818 -0.5647 0.6387, 2.2759 -0.5632 0.5906, 2.2818 -0.5647 0.5424, 2.2333 -0.7891 0.4973, 2.2164 -0.7831 0.6387, 2.2107 -0.7811 0.5906, 2.2164 -0.7831 0.5424, 2.1302 -0.9942 0.6387, 2.1246 -0.9917 0.5906, 2.1302 -0.9942 0.5424, 2.1464 -1.0018 0.4973, 2.2046 1.0289 0.7717, 2.2248 1.0384 0.8279, 2.2944 0.8738 0.8279, 2.2735 0.8659 0.7717, 2.3304 0.6983 0.7717, 2.375 0.527 0.7717, 2.407 0.3529 0.7717, 2.4263 0.1769 0.7717, 2.375 -0.527 0.7717, 2.407 -0.3529 0.7717, 2.4263 -0.1769 0.7717, 2.4327 0.0 0.7717, 2.3518 0.7047 0.8279, 2.3968 0.5318 0.8279, 2.4291 0.3561 0.8279, 2.4485 0.1785 0.8279, 2.455 0.0 0.8279, 2.4485 -0.1785 0.8279, 2.4291 -0.3561 0.8279, 2.3968 -0.5318 0.8279, 2.3518 -0.7047 0.8279, 2.2944 -0.8738 0.8279, 2.2248 -1.0384 0.8279, 2.3304 -0.6983 0.7717, 2.2735 -0.8659 0.7717, 2.2046 -1.0289 0.7717, 2.3591 0.7068 4.0592, 2.242 1.0192 4.2755, 2.2396 1.0244 4.2785, 2.2371 1.0299 4.2807, 2.2344 1.0357 4.282, 2.2317 1.0416 4.2825, 2.4042 0.5334 3.9391, 2.4624 0.0306 6.1535, 2.4626 -0.0 6.1567, 2.4619 0.0598 6.1444, 2.4611 0.0868 6.1297, 2.4601 0.1104 6.1102, 2.4592 0.1297 6.0864, 2.4584 0.1442 6.0593, 2.4578 0.153 6.03, 2.4577 0.156 5.9993, 2.4366 0.3572 3.8171, 2.4577 0.156 5.4875, 2.4578 0.1531 5.4569, 2.4583 0.1456 5.4311, 2.4589 0.1356 5.4098, 2.4601 0.1108 5.377, 2.4611 0.0872 5.3573, 2.4617 0.0671 5.3457, 2.4624 0.0344 5.3341, 2.4559 0.181 3.6951, 2.4626 -0.0 5.33, 2.4626 0.0039 3.5724, 2.4625 0.0 3.575, 2.4624 -0.031 5.3328, 2.4366 -0.3572 3.8209, 2.4561 -0.1791 3.6983, 2.4619 -0.0607 5.3415, 2.461 -0.0882 5.356, 2.46 -0.1122 5.3756, 2.4591 -0.132 5.3994, 2.4582 -0.1468 5.4268, 2.4577 -0.1558 5.4564, 2.4575 -0.1589 5.4875, 2.4575 -0.1589 5.9993, 2.4577 -0.1559 6.0302, 2.4581 -0.1482 6.0563, 2.4587 -0.138 6.0777, 2.4594 -0.1264 6.0951, 2.4605 -0.1011 6.1212, 2.4613 -0.0785 6.1366, 2.4623 -0.0406 6.1518, 2.2317 -1.0416 4.2824, 2.2346 -1.0353 4.2822, 2.2374 -1.0292 4.281, 2.2402 -1.0232 4.2787, 2.4042 -0.5334 3.9423, 2.3591 -0.7068 4.0616, 2.2427 -1.0176 4.2755
            ]
        }
        coordIndex [
            0,1,2,-1,3,1,4,-1,4,1,5,-1,4,5,6,-1,6,5,7,-1,6,7,8,-1,8,7,9,-1,8,9,10,-1,10,9,11,-1,12,13,1,-1,12,1,14,-1,15,16,3,-1,17,18,3,-1,3,18,19,-1,3,19,15,-1,16,20,3,-1,3,20,21,-1,3,21,1,-1,1,21,22,-1,1,22,14,-1,13,23,1,-1,1,23,24,-1,1,24,2,-1,25,26,27,-1,27,26,28,-1,27,28,29,-1,30,31,32,-1,32,31,33,-1,32,33,34,-1,34,35,32,-1,32,35,36,-1,32,36,37,-1,37,38,32,-1,32,38,39,-1,32,39,40,-1,40,39,41,-1,40,41,42,-1,42,41,43,-1,42,43,44,-1,44,43,45,-1,44,45,3,-1,3,45,46,-1,3,46,17,-1,0,2,47,-1,47,2,48,-1,47,48,49,-1,49,48,50,-1,49,50,51,-1,51,50,52,-1,51,52,27,-1,27,52,53,-1,27,53,25,-1,54,55,56,-1,56,55,57,-1,56,57,58,-1,58,57,59,-1,58,59,60,-1,60,59,61,-1,60,61,32,-1,32,61,27,-1,32,27,30,-1,30,27,29,-1,62,63,64,-1,64,63,65,-1,64,65,66,-1,66,65,67,-1,66,67,68,-1,68,67,69,-1,68,69,70,-1,70,69,71,-1,70,71,72,-1,72,71,73,-1,72,73,74,-1,74,73,75,-1,76,77,78,-1,79,80,81,-1,81,80,82,-1,81,82,83,-1,83,82,84,-1,83,84,85,-1,85,84,86,-1,85,86,87,-1,87,86,88,-1,87,88,89,-1,89,88,90,-1,89,90,91,-1,91,90,92,-1,91,92,93,-1,94,95,96,-1,96,95,97,-1,96,97,98,-1,98,97,99,-1,98,99,100,-1,100,99,101,-1,100,101,102,-1,102,101,103,-1,102,103,104,-1,104,103,105,-1,104,105,106,-1,106,105,107,-1,95,108,97,-1,97,108,109,-1,97,109,99,-1,99,109,110,-1,99,110,101,-1,101,110,111,-1,101,111,103,-1,103,111,112,-1,103,112,105,-1,105,112,113,-1,105,113,107,-1,107,113,114,-1,115,116,117,-1,117,116,118,-1,117,118,119,-1,119,118,120,-1,119,120,121,-1,121,120,122,-1,121,122,123,-1,123,122,124,-1,123,124,125,-1,125,124,126,-1,125,126,127,-1,127,126,128,-1,129,130,131,-1,131,130,132,-1,131,132,133,-1,133,132,134,-1,133,134,135,-1,135,134,136,-1,135,136,137,-1,137,136,138,-1,137,138,139,-1,139,138,140,-1,139,140,141,-1,141,140,78,-1,141,78,142,-1,142,78,77,-1,143,76,144,-1,144,76,78,-1,144,78,145,-1,145,78,140,-1,145,140,146,-1,146,140,138,-1,146,138,147,-1,147,138,136,-1,147,136,148,-1,148,136,134,-1,148,134,149,-1,149,134,132,-1,149,132,150,-1,150,132,130,-1,150,79,149,-1,149,79,81,-1,149,81,148,-1,148,81,83,-1,148,83,147,-1,147,83,85,-1,147,85,146,-1,146,85,87,-1,146,87,145,-1,145,87,89,-1,145,89,144,-1,144,89,91,-1,144,91,143,-1,143,91,93,-1,151,152,92,-1,92,152,153,-1,92,153,93,-1,114,154,107,-1,107,154,151,-1,107,151,106,-1,106,151,92,-1,106,92,104,-1,104,92,90,-1,104,90,102,-1,102,90,88,-1,102,88,100,-1,100,88,86,-1,100,86,98,-1,98,86,84,-1,98,84,96,-1,96,84,82,-1,96,82,94,-1,94,82,80,-1,155,156,114,-1,114,156,157,-1,114,157,154,-1,108,115,109,-1,109,115,117,-1,109,117,110,-1,110,117,119,-1,110,119,111,-1,111,119,121,-1,111,121,112,-1,112,121,123,-1,112,123,113,-1,113,123,125,-1,113,125,114,-1,114,125,127,-1,114,127,155,-1,155,127,128,-1,155,128,158,-1,65,63,116,-1,129,75,130,-1,130,75,73,-1,116,115,65,-1,65,115,108,-1,65,108,67,-1,67,108,95,-1,67,95,69,-1,95,94,69,-1,69,94,80,-1,69,80,71,-1,71,80,79,-1,71,79,73,-1,73,79,150,-1,73,150,130,-1,159,160,161,-1,161,160,162,-1,161,162,163,-1,163,162,164,-1,163,164,165,-1,165,164,166,-1,165,166,167,-1,167,166,168,-1,167,168,169,-1,169,168,170,-1,169,170,171,-1,171,170,172,-1,173,159,174,-1,174,159,161,-1,169,171,175,-1,165,176,163,-1,163,176,177,-1,163,177,161,-1,161,177,178,-1,161,178,174,-1,175,179,169,-1,169,179,180,-1,169,180,167,-1,167,180,181,-1,167,181,165,-1,165,181,182,-1,165,182,176,-1,175,183,184,-1,183,185,186,-1,185,187,188,-1,187,189,190,-1,191,192,193,-1,189,191,194,-1,194,191,193,-1,194,193,195,-1,195,193,196,-1,196,197,195,-1,195,197,198,-1,195,198,199,-1,199,198,200,-1,199,200,201,-1,201,200,202,-1,201,202,203,-1,202,204,203,-1,203,204,205,-1,203,205,206,-1,206,205,207,-1,206,207,208,-1,208,207,209,-1,208,209,210,-1,209,211,210,-1,210,211,212,-1,210,212,213,-1,189,194,190,-1,190,194,195,-1,190,195,214,-1,214,195,199,-1,214,199,215,-1,215,199,201,-1,215,201,216,-1,216,201,203,-1,216,203,217,-1,217,203,206,-1,217,206,218,-1,218,206,208,-1,218,208,219,-1,219,208,210,-1,219,210,220,-1,220,210,213,-1,220,213,221,-1,187,190,188,-1,188,190,214,-1,188,214,222,-1,222,214,215,-1,222,215,223,-1,223,215,216,-1,223,216,224,-1,224,216,217,-1,224,217,225,-1,225,217,218,-1,225,218,226,-1,226,218,219,-1,226,219,227,-1,227,219,220,-1,227,220,228,-1,228,220,221,-1,228,221,229,-1,185,188,186,-1,186,188,222,-1,186,222,230,-1,230,222,223,-1,230,223,231,-1,231,223,224,-1,231,224,232,-1,232,224,225,-1,232,225,233,-1,233,225,226,-1,233,226,234,-1,234,226,227,-1,234,227,235,-1,235,227,228,-1,235,228,236,-1,236,228,229,-1,236,229,237,-1,183,186,184,-1,184,186,230,-1,184,230,238,-1,238,230,231,-1,238,231,239,-1,239,231,232,-1,239,232,240,-1,240,232,233,-1,240,233,241,-1,241,233,234,-1,241,234,242,-1,242,234,235,-1,242,235,243,-1,243,235,236,-1,243,236,244,-1,244,236,237,-1,244,237,245,-1,175,184,179,-1,179,184,238,-1,179,238,180,-1,180,238,239,-1,180,239,181,-1,181,239,240,-1,181,240,182,-1,182,240,241,-1,182,241,176,-1,176,241,242,-1,176,242,177,-1,177,242,243,-1,177,243,178,-1,178,243,244,-1,178,244,174,-1,174,244,245,-1,174,245,173,-1,192,246,193,-1,193,246,247,-1,193,247,196,-1,196,247,248,-1,196,248,197,-1,197,248,249,-1,197,249,198,-1,198,249,250,-1,198,250,200,-1,200,250,251,-1,200,251,202,-1,202,251,252,-1,202,252,204,-1,204,252,253,-1,204,253,205,-1,205,253,254,-1,205,254,207,-1,207,254,255,-1,207,255,209,-1,209,255,256,-1,209,256,211,-1,211,256,257,-1,211,257,212,-1,212,257,258,-1,246,259,260,-1,259,261,262,-1,263,264,265,-1,265,264,266,-1,265,266,267,-1,267,266,262,-1,267,262,268,-1,268,262,261,-1,268,261,269,-1,263,270,264,-1,264,270,271,-1,264,271,272,-1,272,271,273,-1,272,273,274,-1,274,273,275,-1,274,275,276,-1,276,275,277,-1,276,277,278,-1,278,277,279,-1,279,280,278,-1,278,280,281,-1,278,281,282,-1,282,281,283,-1,282,283,284,-1,284,283,285,-1,284,285,286,-1,286,285,287,-1,286,287,288,-1,288,287,289,-1,289,290,288,-1,288,290,291,-1,288,291,292,-1,259,262,260,-1,260,262,266,-1,260,266,293,-1,293,266,264,-1,293,264,294,-1,294,264,272,-1,294,272,295,-1,295,272,274,-1,295,274,296,-1,296,274,276,-1,296,276,297,-1,297,276,278,-1,297,278,298,-1,298,278,282,-1,298,282,299,-1,299,282,284,-1,299,284,300,-1,300,284,286,-1,300,286,301,-1,301,286,288,-1,301,288,302,-1,302,288,292,-1,302,292,303,-1,246,260,247,-1,247,260,293,-1,247,293,248,-1,248,293,294,-1,248,294,249,-1,249,294,295,-1,249,295,250,-1,250,295,296,-1,250,296,251,-1,251,296,297,-1,251,297,252,-1,252,297,298,-1,252,298,253,-1,253,298,299,-1,253,299,254,-1,254,299,300,-1,254,300,255,-1,255,300,301,-1,255,301,256,-1,256,301,302,-1,256,302,257,-1,257,302,303,-1,257,303,258,-1,304,305,306,-1,307,308,309,-1,310,311,312,-1,313,314,315,-1,315,314,316,-1,315,316,317,-1,317,318,319,-1,319,318,310,-1,311,320,321,-1,321,320,322,-1,321,322,323,-1,323,324,325,-1,325,324,307,-1,308,326,327,-1,327,326,328,-1,327,328,329,-1,329,330,331,-1,331,330,304,-1,332,267,268,-1,313,315,333,-1,333,315,334,-1,333,334,335,-1,335,334,336,-1,335,336,337,-1,337,336,338,-1,337,338,339,-1,339,338,332,-1,339,332,340,-1,340,332,268,-1,340,268,269,-1,270,263,341,-1,341,263,265,-1,317,319,315,-1,315,319,342,-1,315,342,334,-1,334,342,343,-1,334,343,336,-1,336,343,344,-1,336,344,338,-1,338,344,341,-1,338,341,332,-1,332,341,265,-1,332,265,267,-1,310,312,319,-1,319,312,345,-1,319,345,342,-1,342,345,346,-1,342,346,343,-1,343,346,347,-1,343,347,344,-1,344,347,348,-1,344,348,341,-1,341,348,271,-1,341,271,270,-1,349,275,273,-1,311,321,312,-1,312,321,350,-1,312,350,345,-1,345,350,351,-1,345,351,346,-1,346,351,352,-1,346,352,347,-1,347,352,349,-1,347,349,348,-1,348,349,273,-1,348,273,271,-1,280,279,353,-1,353,279,277,-1,323,325,321,-1,321,325,354,-1,321,354,350,-1,350,354,355,-1,350,355,351,-1,351,355,356,-1,351,356,352,-1,352,356,353,-1,352,353,349,-1,349,353,277,-1,349,277,275,-1,307,309,325,-1,325,309,357,-1,325,357,354,-1,354,357,358,-1,354,358,355,-1,355,358,359,-1,355,359,356,-1,356,359,360,-1,356,360,353,-1,353,360,281,-1,353,281,280,-1,361,285,283,-1,308,327,309,-1,309,327,362,-1,309,362,357,-1,357,362,363,-1,357,363,358,-1,358,363,364,-1,358,364,359,-1,359,364,361,-1,359,361,360,-1,360,361,283,-1,360,283,281,-1,290,289,365,-1,365,289,287,-1,329,331,327,-1,327,331,366,-1,327,366,362,-1,362,366,367,-1,362,367,363,-1,363,367,368,-1,363,368,364,-1,364,368,365,-1,364,365,361,-1,361,365,287,-1,361,287,285,-1,304,306,331,-1,331,306,369,-1,331,369,366,-1,366,369,370,-1,366,370,367,-1,367,370,371,-1,367,371,368,-1,368,371,372,-1,368,372,365,-1,365,372,291,-1,365,291,290,-1,373,374,375,-1,374,54,56,-1,316,314,376,-1,376,314,313,-1,376,313,373,-1,316,376,317,-1,317,376,377,-1,317,377,318,-1,318,377,378,-1,318,378,310,-1,310,378,379,-1,310,379,311,-1,311,379,380,-1,311,380,320,-1,328,326,381,-1,381,326,308,-1,381,308,382,-1,382,308,307,-1,382,307,383,-1,383,307,324,-1,383,324,384,-1,384,324,323,-1,384,323,380,-1,380,323,322,-1,380,322,320,-1,374,56,375,-1,375,56,58,-1,375,58,385,-1,385,58,60,-1,385,60,386,-1,386,60,32,-1,386,32,387,-1,387,32,40,-1,387,40,388,-1,388,40,42,-1,388,42,389,-1,389,42,44,-1,389,44,390,-1,390,44,3,-1,390,3,391,-1,391,3,4,-1,391,4,392,-1,392,4,6,-1,392,6,393,-1,393,6,8,-1,393,8,394,-1,394,8,10,-1,394,10,395,-1,373,375,376,-1,376,375,385,-1,376,385,377,-1,377,385,386,-1,377,386,378,-1,378,386,387,-1,378,387,379,-1,379,387,388,-1,379,388,380,-1,380,388,389,-1,380,389,384,-1,384,389,390,-1,384,390,383,-1,383,390,391,-1,383,391,382,-1,382,391,392,-1,382,392,381,-1,381,392,393,-1,381,393,396,-1,396,393,394,-1,396,394,397,-1,397,394,395,-1,397,395,398,-1,328,381,329,-1,329,381,396,-1,329,396,330,-1,330,396,397,-1,330,397,304,-1,304,397,398,-1,304,398,305,-1,399,400,76,-1,76,400,401,-1,76,401,77,-1,77,401,402,-1,77,402,142,-1,142,402,403,-1,142,403,404,-1,399,76,405,-1,405,76,143,-1,405,143,93,-1,406,93,153,-1,406,153,407,-1,406,408,93,-1,93,408,409,-1,93,409,410,-1,410,411,93,-1,93,411,412,-1,93,412,413,-1,413,414,93,-1,93,414,415,-1,93,415,405,-1,414,416,415,-1,415,416,417,-1,415,417,418,-1,418,419,415,-1,415,419,420,-1,415,420,421,-1,421,422,415,-1,415,422,423,-1,415,423,424,-1,424,423,425,-1,424,425,426,-1,426,425,427,-1,428,429,425,-1,425,429,430,-1,425,430,427,-1,428,431,429,-1,429,431,432,-1,429,432,433,-1,433,434,429,-1,429,434,435,-1,429,435,436,-1,437,438,154,-1,154,438,439,-1,154,439,440,-1,440,441,154,-1,154,441,442,-1,154,442,443,-1,443,444,154,-1,154,444,445,-1,154,445,151,-1,151,445,407,-1,151,407,152,-1,152,407,153,-1,158,446,155,-1,155,446,447,-1,155,447,156,-1,156,447,448,-1,156,448,449,-1,436,437,429,-1,429,437,154,-1,429,154,450,-1,450,154,157,-1,450,157,451,-1,451,157,156,-1,451,156,452,-1,452,156,449,-1,
        ]
    }
}
Shape{
    appearance Appearance {
        material  Material 	{
            diffuseColor 1.0 1.0 1.0
            specularColor 0.8784313725490196 0.8784313725490196 0.8784313725490196
            ambientIntensity 1.0
            transparency 0.0
            shininess 0.5
        }
    }
    geometry IndexedFaceSet {
        ccw TRUE
        solid FALSE
        coord DEF co Coordinate {
            point [
                1.9034 -0.8885 7.7953, 1.907 -0.8902 7.7953, 1.9034 -0.8885 7.8386, 1.907 -0.8902 7.8346, 2.014 -0.9401 7.8386, 2.014 -0.9401 7.8346, 2.0625 -0.9627 7.8326, 2.0694 -0.9659 7.8266, 2.1085 -0.9841 7.8148, 2.1211 -0.99 7.803, 2.1497 -1.0034 7.7862, 2.1654 -1.0107 7.7655, 2.1842 -1.0194 7.7482, 2.1994 -1.0265 7.7165, 2.2101 -1.0315 7.7026, 2.2208 -1.0365 7.6596, 2.2281 -1.0399 0.8878, 2.2317 -1.0416 4.1965, 2.2281 -1.0399 4.2431, 2.2317 -1.0416 4.2824, 2.2281 -1.0399 7.5984, 2.2317 -1.0416 7.5984, 2.2262 -1.039 7.6519, 1.907 -0.8902 0.0, 1.9034 -0.8885 0.0, 1.907 -0.8902 -0.0394, 1.9034 -0.8885 -0.0433, 2.014 -0.9401 -0.0394, 2.014 -0.9401 -0.0433, 2.0694 -0.9659 -0.0313, 2.0704 -0.9663 -0.0351, 2.1211 -0.99 -0.0077, 2.1229 -0.9908 -0.0111, 2.1654 -1.0107 0.0298, 2.1679 -1.0118 0.027, 2.1994 -1.0265 0.0787, 2.2025 -1.028 0.0768, 2.2208 -1.0365 0.1357, 2.2243 -1.0381 0.1347, 2.2281 -1.0399 0.1969, 2.2317 -1.0416 0.1969, 2.2281 -1.0399 0.2933, 2.2317 -1.0416 0.2933, 2.2213 -1.0368 0.3523, 2.2248 -1.0384 0.3532, 2.2015 -1.0275 0.4075, 2.2046 -1.0289 0.4094, 2.1697 -1.0127 0.4554, 2.1723 -1.0139 0.4581, 2.1433 -1.0003 0.4954, 2.1464 -1.0018 0.4973, 2.1267 -0.9926 0.5414, 2.1302 -0.9942 0.5424, 2.1211 -0.99 0.5906, 2.1246 -0.9917 0.5906, 2.1267 -0.9926 0.6397, 2.1302 -0.9942 0.6387, 2.1433 -1.0003 0.6857, 2.1464 -1.0018 0.6838, 2.1697 -1.0127 0.7257, 2.1723 -1.0139 0.723, 2.2015 -1.0275 0.7737, 2.2046 -1.0289 0.7717, 2.2213 -1.0368 0.8289, 2.2248 -1.0384 0.8279, 2.2317 -1.0416 0.8878, 2.0694 0.9659 7.8266, 2.1085 0.9841 7.8148, 2.1211 0.99 7.803, 2.1497 1.0034 7.7862, 2.1654 1.0107 7.7655, 2.1842 1.0194 7.7482, 2.1994 1.0265 7.7165, 2.2101 1.0315 7.7026, 2.2208 1.0365 7.6596, 2.2262 1.039 7.6519, 2.2281 1.0399 7.5984, 1.907 0.8902 7.7953, 1.9034 0.8885 7.7953, 1.907 0.8902 7.8346, 1.9034 0.8885 7.8386, 2.014 0.9401 7.8346, 2.014 0.9401 7.8386, 2.0625 0.9627 7.8326, 2.2317 1.0416 7.5984, 2.2317 1.0416 4.2825, 2.2281 1.0399 4.2431, 2.2317 1.0416 4.1952, 2.2281 1.0399 0.8878, 2.2317 1.0416 0.8878, 2.2213 1.0368 0.8289, 2.2248 1.0384 0.8279, 2.2015 1.0275 0.7737, 2.2046 1.0289 0.7717, 2.1697 1.0127 0.7257, 2.1723 1.0139 0.723, 2.1433 1.0003 0.6857, 2.1464 1.0018 0.6838, 2.1267 0.9926 0.6397, 2.1302 0.9942 0.6387, 2.1211 0.99 0.5906, 2.1246 0.9917 0.5906, 2.1267 0.9926 0.5414, 2.1302 0.9942 0.5424, 2.1433 1.0003 0.4954, 2.1464 1.0018 0.4973, 2.1697 1.0127 0.4554, 2.1723 1.0139 0.4581, 2.2015 1.0275 0.4075, 2.2046 1.0289 0.4094, 2.2213 1.0368 0.3523, 2.2248 1.0384 0.3532, 2.2281 1.0399 0.2933, 2.2317 1.0416 0.2933, 2.2281 1.0399 0.1969, 2.2317 1.0416 0.1969, 2.2208 1.0365 0.1357, 2.2243 1.0381 0.1347, 2.1994 1.0265 0.0787, 2.2025 1.028 0.0768, 2.1654 1.0107 0.0298, 2.1679 1.0118 0.027, 2.1211 0.99 -0.0077, 2.1229 0.9908 -0.0111, 2.0694 0.9659 -0.0313, 2.0704 0.9663 -0.0351, 2.014 0.9401 -0.0394, 2.014 0.9401 -0.0433, 1.907 0.8902 -0.0394, 1.9034 0.8885 -0.0433, 1.907 0.8902 0.0, 1.9034 0.8885 0.0
            ]
        }
        coordIndex [
            0,1,2,-1,2,1,3,-1,2,3,4,-1,4,3,5,-1,4,5,6,-1,6,5,7,-1,6,7,8,-1,8,7,9,-1,8,9,10,-1,10,9,11,-1,10,11,12,-1,12,11,13,-1,12,13,14,-1,14,13,15,-1,16,17,18,-1,18,17,19,-1,18,19,20,-1,20,19,21,-1,20,21,15,-1,15,21,22,-1,15,22,14,-1,23,24,25,-1,25,24,26,-1,25,26,27,-1,27,26,28,-1,27,28,29,-1,29,28,30,-1,29,30,31,-1,31,30,32,-1,31,32,33,-1,33,32,34,-1,33,34,35,-1,35,34,36,-1,35,36,37,-1,37,36,38,-1,37,38,39,-1,39,38,40,-1,39,40,41,-1,41,40,42,-1,41,42,43,-1,43,42,44,-1,43,44,45,-1,45,44,46,-1,45,46,47,-1,47,46,48,-1,47,48,49,-1,49,48,50,-1,49,50,51,-1,51,50,52,-1,51,52,53,-1,53,52,54,-1,53,54,55,-1,55,54,56,-1,55,56,57,-1,57,56,58,-1,57,58,59,-1,59,58,60,-1,59,60,61,-1,61,60,62,-1,61,62,63,-1,63,62,64,-1,63,64,16,-1,16,64,65,-1,16,65,17,-1,66,67,68,-1,68,67,69,-1,68,69,70,-1,70,69,71,-1,70,71,72,-1,72,71,73,-1,72,73,74,-1,74,73,75,-1,74,75,76,-1,77,78,79,-1,79,78,80,-1,79,80,81,-1,81,80,82,-1,81,82,66,-1,66,82,83,-1,66,83,67,-1,75,84,76,-1,76,84,85,-1,76,85,86,-1,86,85,87,-1,86,87,88,-1,88,87,89,-1,88,89,90,-1,90,89,91,-1,90,91,92,-1,92,91,93,-1,92,93,94,-1,94,93,95,-1,94,95,96,-1,96,95,97,-1,96,97,98,-1,98,97,99,-1,98,99,100,-1,100,99,101,-1,100,101,102,-1,102,101,103,-1,102,103,104,-1,104,103,105,-1,104,105,106,-1,106,105,107,-1,106,107,108,-1,108,107,109,-1,108,109,110,-1,110,109,111,-1,110,111,112,-1,112,111,113,-1,112,113,114,-1,114,113,115,-1,114,115,116,-1,116,115,117,-1,116,117,118,-1,118,117,119,-1,118,119,120,-1,120,119,121,-1,120,121,122,-1,122,121,123,-1,122,123,124,-1,124,123,125,-1,124,125,126,-1,126,125,127,-1,126,127,128,-1,128,127,129,-1,128,129,130,-1,130,129,131,-1,
        ]
    }
}
Shape{
    appearance Appearance {
        material  Material 	{
            diffuseColor 0.0 0.0 0.0
            specularColor 0.0 0.0 0.0
            ambientIntensity 0.0
            transparency 0.0
            shininess 0.5
        }
    }
    geometry IndexedFaceSet {
        ccw TRUE
        solid FALSE
        coord DEF co Coordinate {
            point [
                1.907 -0.8902 7.8346, 1.907 -0.8902 7.7953, 1.7361 -1.1898 7.8346, 1.7361 -1.1898 7.7953, 1.5186 -1.4575 7.8346, 1.5186 -1.4575 7.7953, 1.2603 -1.6862 7.8346, 1.2603 -1.6862 7.7953, 0.9681 -1.8696 7.8346, 1.0682 -1.8142 7.7953, 1.0341 -1.8339 7.7953, 0.9681 -1.8696 7.7953, 0.65 -2.0029 7.8346, 0.65 -2.0029 7.7953, 0.3143 -2.0824 7.8346, 0.3143 -2.0824 7.7953, -0.0298 -2.1061 7.8346, -0.0298 -2.1061 7.7953, -0.3732 -2.0733 7.8346, -0.3732 -2.0733 7.7953, -0.7066 -1.9849 7.8346, -0.7066 -1.9849 7.7953, -1.0212 -1.8433 7.8346, -1.0212 -1.8433 7.7953, -1.3084 -1.6522 7.8346, -1.3084 -1.6522 7.7953, -1.5605 -1.4168 7.8346, -1.5605 -1.4168 7.7953, -1.7709 -1.1434 7.8346, -1.7709 -1.1434 7.7953, -1.9338 -0.8394 7.8346, -1.9338 -0.8394 7.7953, -2.0449 -0.5128 7.8346, -2.0449 -0.5128 7.7953, -2.1012 -0.1725 7.8346, -2.1012 -0.1725 7.7953, -2.1082 -0.0197 7.7953, -2.1082 0.0197 7.7953, -2.1012 0.1725 7.8346, -2.1012 0.1725 7.7953, -2.0449 0.5128 7.8346, -2.0449 0.5128 7.7953, -1.9338 0.8394 7.8346, -1.9338 0.8394 7.7953, -1.7709 1.1434 7.8346, -1.7709 1.1434 7.7953, -1.5605 1.4168 7.8346, -1.5605 1.4168 7.7953, -1.3084 1.6522 7.8346, -1.3084 1.6522 7.7953, -1.0212 1.8433 7.8346, -1.0212 1.8433 7.7953, -0.7066 1.9849 7.8346, -0.7066 1.9849 7.7953, -0.3732 2.0733 7.8346, -0.3732 2.0733 7.7953, -0.0298 2.1061 7.8346, -0.0298 2.1061 7.7953, 0.3143 2.0824 7.8346, 0.3143 2.0824 7.7953, 0.65 2.0029 7.8346, 0.65 2.0029 7.7953, 0.9681 1.8696 7.8346, 0.9681 1.8696 7.7953, 1.0341 1.8339 7.7953, 1.0682 1.8142 7.7953, 1.2603 1.6862 7.8346, 1.2603 1.6862 7.7953, 1.5186 1.4575 7.8346, 1.5186 1.4575 7.7953, 1.7361 1.1898 7.8346, 1.7361 1.1898 7.7953, 1.907 0.8902 7.8346, 1.907 0.8902 7.7953
            ]
        }
        coordIndex [
            0,1,2,-1,2,1,3,-1,2,3,4,-1,4,3,5,-1,4,5,6,-1,6,5,7,-1,6,7,8,-1,8,7,9,-1,9,10,8,-1,8,10,11,-1,8,11,12,-1,12,11,13,-1,12,13,14,-1,14,13,15,-1,14,15,16,-1,16,15,17,-1,16,17,18,-1,18,17,19,-1,18,19,20,-1,20,19,21,-1,20,21,22,-1,22,21,23,-1,22,23,24,-1,24,23,25,-1,24,25,26,-1,26,25,27,-1,26,27,28,-1,28,27,29,-1,28,29,30,-1,30,29,31,-1,30,31,32,-1,32,31,33,-1,32,33,34,-1,34,33,35,-1,35,36,34,-1,34,36,37,-1,34,37,38,-1,38,37,39,-1,38,39,40,-1,40,39,41,-1,40,41,42,-1,42,41,43,-1,42,43,44,-1,44,43,45,-1,44,45,46,-1,46,45,47,-1,46,47,48,-1,48,47,49,-1,48,49,50,-1,50,49,51,-1,50,51,52,-1,52,51,53,-1,52,53,54,-1,54,53,55,-1,54,55,56,-1,56,55,57,-1,56,57,58,-1,58,57,59,-1,58,59,60,-1,60,59,61,-1,60,61,62,-1,62,61,63,-1,63,64,62,-1,62,64,65,-1,62,65,66,-1,66,65,67,-1,66,67,68,-1,68,67,69,-1,68,69,70,-1,70,69,71,-1,70,71,72,-1,72,71,73,-1,
        ]
    }
}
Shape{
    appearance Appearance {
        material  Material 	{
            diffuseColor 1.0 1.0 1.0
            specularColor 0.8784313725490196 0.8784313725490196 0.8784313725490196
            ambientIntensity 1.0
            transparency 0.0
            shininess 0.5
        }
    }
    geometry IndexedFaceSet {
        ccw TRUE
        solid FALSE
        coord DEF co Coordinate {
            point [
                0.9681 -1.8696 7.7953, 1.0341 -1.8339 7.7953, -0.0133 -0.0197 7.7953, -2.1082 -0.0197 7.7953, -2.1012 -0.1725 7.7953, -2.0449 -0.5128 7.7953, -1.9338 -0.8394 7.7953, -1.7709 -1.1434 7.7953, -0.0298 -2.1061 7.7953, 0.3143 -2.0824 7.7953, 0.65 -2.0029 7.7953, -1.5605 -1.4168 7.7953, -1.3084 -1.6522 7.7953, -1.0212 -1.8433 7.7953, -0.7066 -1.9849 7.7953, -0.3732 -2.0733 7.7953
            ]
        }
        coordIndex [
            0,1,2,-1,2,3,4,-1,4,5,2,-1,2,5,6,-1,2,6,7,-1,8,9,2,-1,2,9,10,-1,2,10,0,-1,7,11,2,-1,2,11,12,-1,2,12,13,-1,13,14,2,-1,2,14,15,-1,2,15,8,-1,
        ]
    }
}
Shape{
    appearance Appearance {
        material  Material 	{
            diffuseColor 0.0 0.0 0.0
            specularColor 0.0 0.0 0.0
            ambientIntensity 0.0
            transparency 0.0
            shininess 0.5
        }
    }
    geometry IndexedFaceSet {
        ccw TRUE
        solid FALSE
        coord DEF co Coordinate {
            point [
                1.907 -0.8902 0.0, 1.907 -0.8902 -0.0394, 1.7361 -1.1898 0.0, 1.7361 -1.1898 -0.0394, 1.5186 -1.4575 0.0, 1.5186 -1.4575 -0.0394, 1.2603 -1.6862 0.0, 1.2603 -1.6862 -0.0394, 0.9681 -1.8696 0.0, 0.9681 -1.8696 -0.0394, 0.65 -2.0029 0.0, 0.65 -2.0029 -0.0394, 0.3143 -2.0824 0.0, 0.3143 -2.0824 -0.0394, -0.0298 -2.1061 0.0, -0.0298 -2.1061 -0.0394, -0.3732 -2.0733 0.0, -0.3732 -2.0733 -0.0394, -0.7066 -1.9849 0.0, -0.7066 -1.9849 -0.0394, -1.0212 -1.8433 0.0, -1.0212 -1.8433 -0.0394, -1.3084 -1.6522 0.0, -1.3084 -1.6522 -0.0394, -1.5605 -1.4168 0.0, -1.5605 -1.4168 -0.0394, -1.7709 -1.1434 0.0, -1.7709 -1.1434 -0.0394, -1.9338 -0.8394 0.0, -1.9338 -0.8394 -0.0394, -2.0449 -0.5128 0.0, -2.0449 -0.5128 -0.0394, -2.1012 -0.1725 0.0, -2.1012 -0.1725 -0.0394, -2.1012 0.1725 0.0, -2.1012 0.1725 -0.0394, -2.0449 0.5128 0.0, -2.0449 0.5128 -0.0394, -1.9338 0.8394 0.0, -1.9338 0.8394 -0.0394, -1.7709 1.1434 0.0, -1.7709 1.1434 -0.0394, -1.5605 1.4168 0.0, -1.5605 1.4168 -0.0394, -1.3084 1.6522 0.0, -1.3084 1.6522 -0.0394, -1.0212 1.8433 0.0, -1.0212 1.8433 -0.0394, -0.7066 1.9849 0.0, -0.7066 1.9849 -0.0394, -0.3732 2.0733 0.0, -0.3732 2.0733 -0.0394, -0.0298 2.1061 0.0, -0.0298 2.1061 -0.0394, 0.3143 2.0824 0.0, 0.3143 2.0824 -0.0394, 0.65 2.0029 0.0, 0.65 2.0029 -0.0394, 0.9681 1.8696 0.0, 0.9681 1.8696 -0.0394, 1.2603 1.6862 0.0, 1.2603 1.6862 -0.0394, 1.5186 1.4575 0.0, 1.5186 1.4575 -0.0394, 1.7361 1.1898 0.0, 1.7361 1.1898 -0.0394, 1.907 0.8902 0.0, 1.907 0.8902 -0.0394, -2.2232 -0.1179 -0.0394, 0.3955 2.1886 -0.0394, -1.7181 -1.4152 -0.0394, -1.8583 -1.2255 -0.0394, 2.014 0.9401 -0.0394, 1.9032 1.1483 -0.0394, -2.2232 0.1179 -0.0394, -2.1983 0.3525 -0.0394, -2.1486 0.5831 -0.0394, -1.9777 -1.0221 -0.0394, -2.0748 -0.8071 -0.0394, -2.1486 -0.5831 -0.0394, -2.1983 -0.3525 -0.0394, 2.014 -0.9401 -0.0394, -1.1891 -1.8811 -0.0394, -1.3816 -1.7449 -0.0394, -1.5586 -1.589 -0.0394, 0.1616 -2.2184 -0.0394, -0.0743 -2.2232 -0.0394, 0.6251 -2.1342 -0.0394, 0.3955 -2.1886 -0.0394, 1.4482 1.6867 -0.0394, 1.6186 1.5237 -0.0394, 1.7709 1.3435 -0.0394, 0.6251 2.1342 -0.0394, 0.8475 2.0558 -0.0394, 1.0604 1.9543 -0.0394, 1.2614 1.8308 -0.0394, -0.3093 -2.2031 -0.0394, -0.5408 -2.1582 -0.0394, -0.7663 -2.089 -0.0394, -0.9832 -1.9963 -0.0394, 1.2614 -1.8308 -0.0394, 1.0604 -1.9543 -0.0394, 0.8475 -2.0558 -0.0394, 1.9032 -1.1483 -0.0394, 1.7709 -1.3435 -0.0394, 1.6186 -1.5237 -0.0394, 1.4482 -1.6867 -0.0394, -0.3093 2.2031 -0.0394, -0.0743 2.2232 -0.0394, 0.1616 2.2184 -0.0394, -0.9832 1.9963 -0.0394, -0.7663 2.089 -0.0394, -0.5408 2.1582 -0.0394, -2.0748 0.8071 -0.0394, -1.9777 1.0221 -0.0394, -1.8583 1.2255 -0.0394, -1.7181 1.4152 -0.0394, -1.5586 1.589 -0.0394, -1.3816 1.7449 -0.0394, -1.1891 1.8811 -0.0394, 2.0445 -1.3602 0.1969, 1.9591 -1.4862 0.1969, 1.9527 -1.4814 0.1357, 1.5505 -1.9057 0.1969, 1.3956 -2.0252 0.1969, 1.391 -2.0186 0.1357, 0.9172 -2.2814 0.1969, 0.6916 -2.3608 0.1969, 0.6894 -2.3531 0.1357, 0.5647 -2.3909 0.1969, 0.4377 -2.421 0.1969, 0.4363 -2.4131 0.1357, 0.2005 -2.4512 0.1969, 0.1789 -2.454 0.1969, 0.1783 -2.4459 0.1357, -0.1686 -2.4519 0.1969, -0.3419 -2.437 0.1969, -0.3408 -2.4291 0.1357, -0.8875 -2.2937 0.1969, -1.0874 -2.2083 0.1969, -1.0839 -2.201 0.1357, -1.7975 -1.6776 0.1969, -1.9004 -1.5655 0.1969, -1.8942 -1.5604 0.1357, -2.2143 -1.0712 0.1969, -2.2949 -0.8928 0.1969, -2.2874 -0.8899 0.1357, -2.4338 -0.3683 0.1969, -2.4591 -0.1305 0.1969, -2.4511 -0.13 0.1357, -2.4591 0.0 0.1969, -2.4591 0.1305 0.1969, -2.4511 0.13 0.1357, -2.4338 0.3683 0.1969, -2.4315 0.3899 0.1969, -2.4236 0.3886 0.1357, -2.3494 0.7276 0.1969, -2.2949 0.8928 0.1969, -2.2874 0.8899 0.1357, -2.0296 1.3906 0.1969, -1.9004 1.5655 0.1969, -1.8942 1.5604 0.1357, -1.2203 2.134 0.1969, -1.0874 2.2083 0.1969, -1.0839 2.201 0.1357, -0.5341 2.3998 0.1969, -0.3419 2.437 0.1969, -0.3408 2.4291 0.1357, 0.2005 2.4512 0.1969, 0.4377 2.421 0.1969, 0.4363 2.4131 0.1357, 0.5647 2.3909 0.1969, 0.6916 2.3608 0.1969, 0.6894 2.3531 0.1357, 0.9172 2.2814 0.1969, 0.9377 2.2741 0.1969, 0.9347 2.2667 0.1357, 1.2473 2.1163 0.1969, 1.3956 2.0252 0.1969, 1.391 2.0186 0.1357, 1.8188 1.6523 0.1969, 1.9591 1.4862 0.1969, 1.9527 1.4814 0.1357, 1.9555 1.1798 -0.0313, 1.8196 1.3805 -0.0313, 2.0043 1.2092 -0.0077, 1.865 1.4149 -0.0077, 2.0462 1.2345 0.0298, 1.904 1.4444 0.0298, 2.0784 1.2539 0.0787, 1.9339 1.4671 0.0787, 2.0986 1.266 0.1357, 1.488 1.7331 -0.0313, 1.2961 1.8811 -0.0313, 1.5252 1.7763 -0.0077, 1.3285 1.928 -0.0077, 1.5571 1.8134 0.0298, 1.3563 1.9683 0.0298, 1.5815 1.8419 0.0787, 1.3776 1.9992 0.0787, 1.5969 1.8598 0.1357, -0.0763 2.2843 -0.0313, -0.3177 2.2636 -0.0313, -0.0781 2.3413 -0.0077, -0.3256 2.3201 -0.0077, -0.0797 2.3902 0.0298, -0.3324 2.3685 0.0298, -0.0809 2.4277 0.0787, -0.3375 2.4057 0.0787, -0.0817 2.4513 0.1357, -0.7873 2.1464 -0.0313, -1.0102 2.0511 -0.0313, -0.8069 2.1999 -0.0077, -1.0353 2.1023 -0.0077, -0.8237 2.2458 0.0298, -1.0569 2.1462 0.0298, -0.8366 2.2811 0.0787, -1.0735 2.1799 0.0787, -0.8447 2.3032 0.1357, -1.6014 1.6326 -0.0313, -1.7653 1.4541 -0.0313, -1.6413 1.6733 -0.0077, -1.8093 1.4903 -0.0077, -1.6755 1.7083 0.0298, -1.847 1.5215 0.0298, -1.7018 1.7351 0.0787, -1.876 1.5453 0.0787, -1.7183 1.7519 0.1357, -2.032 1.0501 -0.0313, -2.1318 0.8293 -0.0313, -2.0826 1.0763 -0.0077, -2.1849 0.85 -0.0077, -2.126 1.0988 0.0298, -2.2304 0.8677 0.0298, -2.1594 1.116 0.0787, -2.2654 0.8813 0.0787, -2.1803 1.1269 0.1357, -2.2076 -0.5991 -0.0313, -2.1318 -0.8293 -0.0313, -2.2626 -0.614 -0.0077, -2.1849 -0.85 -0.0077, -2.3098 -0.6269 0.0298, -2.2304 -0.8677 0.0298, -2.346 -0.6367 0.0787, -2.2654 -0.8813 0.0787, -2.3688 -0.6429 0.1357, -1.9094 -1.2592 -0.0313, -1.7653 -1.4541 -0.0313, -1.9569 -1.2906 -0.0077, -1.8093 -1.4903 -0.0077, -1.9977 -1.3175 0.0298, -1.847 -1.5215 0.0298, -2.0291 -1.3382 0.0787, -1.876 -1.5453 0.0787, -2.0488 -1.3512 0.1357, -1.2217 -1.9328 -0.0313, -1.0102 -2.0511 -0.0313, -1.2521 -1.981 -0.0077, -1.0353 -2.1023 -0.0077, -1.2782 -2.0224 0.0298, -1.0569 -2.1462 0.0298, -1.2983 -2.0541 0.0787, -1.0735 -2.1799 0.0787, -1.3109 -2.0741 0.1357, -0.5557 -2.2175 -0.0313, -0.3177 -2.2636 -0.0313, -0.5695 -2.2727 -0.0077, -0.3256 -2.3201 -0.0077, -0.5813 -2.3202 0.0298, -0.3324 -2.3685 0.0298, -0.5904 -2.3566 0.0787, -0.3375 -2.4057 0.0787, -0.5961 -2.3795 0.1357, 1.0896 -2.008 -0.0313, 1.2961 -1.8811 -0.0313, 1.1168 -2.0581 -0.0077, 1.3285 -1.928 -0.0077, 1.1402 -2.1011 0.0298, 1.3563 -1.9683 0.0298, 1.1581 -2.134 0.0787, 1.3776 -1.9992 0.0787, 1.1694 -2.1548 0.1357, 1.6632 -1.5656 -0.0313, 1.8196 -1.3805 -0.0313, 1.7047 -1.6046 -0.0077, 1.865 -1.4149 -0.0077, 1.7403 -1.6381 0.0298, 1.904 -1.4444 0.0298, 1.7677 -1.6638 0.0787, 1.9339 -1.4671 0.0787, 1.7849 -1.68 0.1357, 2.0694 0.9659 -0.0313, 2.1211 0.99 -0.0077, 2.1654 1.0107 0.0298, 2.1994 1.0265 0.0787, 2.2208 1.0365 0.1357, 2.2281 1.0399 0.1969, 2.1055 1.2702 0.1969, 2.0445 1.3602 0.1969, 1.7907 1.6855 0.1969, 1.7849 1.68 0.1357, 1.7677 1.6638 0.0787, 1.7403 1.6381 0.0298, 1.7047 1.6046 -0.0077, 1.6632 1.5656 -0.0313, 1.6022 1.8659 0.1969, 1.5505 1.9057 0.1969, 1.1733 2.1618 0.1969, 1.1694 2.1548 0.1357, 1.1581 2.134 0.0787, 1.1402 2.1011 0.0298, 1.1168 2.0581 -0.0077, 1.0896 2.008 -0.0313, 0.8709 2.1123 -0.0313, 0.8926 2.165 -0.0077, 0.9113 2.2102 0.0298, 0.9256 2.2449 0.0787, 0.6827 2.3305 0.0787, 0.6721 2.2945 0.0298, 0.6583 2.2475 -0.0077, 0.6423 2.1929 -0.0313, 0.4321 2.3899 0.0787, 0.4254 2.3529 0.0298, 0.4166 2.3048 -0.0077, 0.4065 2.2488 -0.0313, 0.1789 2.454 0.1969, 0.1783 2.4459 0.1357, 0.1766 2.4224 0.0787, 0.1738 2.385 0.0298, 0.1702 2.3362 -0.0077, 0.166 2.2794 -0.0313, -0.082 2.4593 0.1969, -0.1686 2.4519 0.1969, -0.5981 2.3873 0.1969, -0.5961 2.3795 0.1357, -0.5904 2.3566 0.0787, -0.5813 2.3202 0.0298, -0.5695 2.2727 -0.0077, -0.5557 2.2175 -0.0313, -0.8475 2.3108 0.1969, -0.8875 2.2937 0.1969, -1.3152 2.0809 0.1969, -1.3109 2.0741 0.1357, -1.2983 2.0541 0.0787, -1.2782 2.0224 0.0298, -1.2521 1.981 -0.0077, -1.2217 1.9328 -0.0313, -1.4195 1.7928 -0.0313, -1.4549 1.8375 -0.0077, -1.4852 1.8759 0.0298, -1.5085 1.9053 0.0787, -1.5231 1.9238 0.1357, -1.5281 1.9302 0.1969, -1.7239 1.7577 0.1969, -1.7975 1.6776 0.1969, -2.0555 1.3557 0.1969, -2.0488 1.3512 0.1357, -2.0291 1.3382 0.0787, -1.9977 1.3175 0.0298, -1.9569 1.2906 -0.0077, -1.9094 1.2592 -0.0313, -2.1875 1.1306 0.1969, -2.2143 1.0712 0.1969, -2.3766 0.645 0.1969, -2.3688 0.6429 0.1357, -2.346 0.6367 0.0787, -2.3098 0.6269 0.0298, -2.2626 0.614 -0.0077, -2.2076 0.5991 -0.0313, -2.2586 0.3622 -0.0313, -2.3149 0.3712 -0.0077, -2.3632 0.379 0.0298, -2.4003 0.3849 0.0787, -2.4275 0.1288 0.0787, -2.39 0.1268 0.0298, -2.3412 0.1242 -0.0077, -2.2843 0.1212 -0.0313, -2.4275 -0.1288 0.0787, -2.39 -0.1268 0.0298, -2.3412 -0.1242 -0.0077, -2.2843 -0.1212 -0.0313, -2.4315 -0.3899 0.1969, -2.4236 -0.3886 0.1357, -2.4003 -0.3849 0.0787, -2.3632 -0.379 0.0298, -2.3149 -0.3712 -0.0077, -2.2586 -0.3622 -0.0313, -2.3766 -0.645 0.1969, -2.3494 -0.7276 0.1969, -2.1875 -1.1306 0.1969, -2.1803 -1.1269 0.1357, -2.1594 -1.116 0.0787, -2.126 -1.0988 0.0298, -2.0826 -1.0763 -0.0077, -2.032 -1.0501 -0.0313, -2.0555 -1.3557 0.1969, -2.0296 -1.3906 0.1969, -1.7239 -1.7577 0.1969, -1.7183 -1.7519 0.1357, -1.7018 -1.7351 0.0787, -1.6755 -1.7083 0.0298, -1.6413 -1.6733 -0.0077, -1.6014 -1.6326 -0.0313, -1.4195 -1.7928 -0.0313, -1.4549 -1.8375 -0.0077, -1.4852 -1.8759 0.0298, -1.5085 -1.9053 0.0787, -1.5231 -1.9238 0.1357, -1.5281 -1.9302 0.1969, -1.3152 -2.0809 0.1969, -1.2203 -2.134 0.1969, -0.8475 -2.3108 0.1969, -0.8447 -2.3032 0.1357, -0.8366 -2.2811 0.0787, -0.8237 -2.2458 0.0298, -0.8069 -2.1999 -0.0077, -0.7873 -2.1464 -0.0313, -0.5981 -2.3873 0.1969, -0.5341 -2.3998 0.1969, -0.082 -2.4593 0.1969, -0.0817 -2.4513 0.1357, -0.0809 -2.4277 0.0787, -0.0797 -2.3902 0.0298, -0.0781 -2.3413 -0.0077, -0.0763 -2.2843 -0.0313, 0.166 -2.2794 -0.0313, 0.1702 -2.3362 -0.0077, 0.1738 -2.385 0.0298, 0.1766 -2.4224 0.0787, 0.4321 -2.3899 0.0787, 0.4254 -2.3529 0.0298, 0.4166 -2.3048 -0.0077, 0.4065 -2.2488 -0.0313, 0.6827 -2.3305 0.0787, 0.6721 -2.2945 0.0298, 0.6583 -2.2475 -0.0077, 0.6423 -2.1929 -0.0313, 0.9377 -2.2741 0.1969, 0.9347 -2.2667 0.1357, 0.9256 -2.2449 0.0787, 0.9113 -2.2102 0.0298, 0.8926 -2.165 -0.0077, 0.8709 -2.1123 -0.0313, 1.1733 -2.1618 0.1969, 1.2473 -2.1163 0.1969, 1.6022 -1.8659 0.1969, 1.5969 -1.8598 0.1357, 1.5815 -1.8419 0.0787, 1.5571 -1.8134 0.0298, 1.5252 -1.7763 -0.0077, 1.488 -1.7331 -0.0313, 1.7907 -1.6855 0.1969, 1.8188 -1.6523 0.1969, 2.1055 -1.2702 0.1969, 2.0986 -1.266 0.1357, 2.0784 -1.2539 0.0787, 2.0462 -1.2345 0.0298, 2.0043 -1.2092 -0.0077, 1.9555 -1.1798 -0.0313, 2.0694 -0.9659 -0.0313, 2.1211 -0.99 -0.0077, 2.1654 -1.0107 0.0298, 2.1994 -1.0265 0.0787, 2.2208 -1.0365 0.1357, 2.2281 -1.0399 0.1969, 2.2281 1.0399 0.2933, 2.1438 1.2044 0.2933, 2.0473 1.3621 0.2933, 1.9392 1.5121 0.2933, 1.8202 1.6536 0.2933, 1.691 1.7857 0.2933, 1.5521 1.9078 0.2933, 1.4045 2.019 0.2933, 1.249 2.1189 0.2933, 1.0863 2.2069 0.2933, 0.9176 2.2823 0.2933, 0.7436 2.3449 0.2933, 0.5655 2.3943 0.2933, 0.3841 2.4301 0.2933, 0.2006 2.4523 0.2933, 0.0159 2.4606 0.2933, -0.1689 2.455 0.2933, -0.3527 2.4355 0.2933, -0.5345 2.4023 0.2933, -0.7134 2.3555 0.2933, -0.8882 2.2955 0.2933, -1.0581 2.2225 0.2933, -1.2219 2.1369 0.2933, -1.3789 2.0393 0.2933, -1.5281 1.9302 0.2933, -1.6687 1.8101 0.2933, -1.7999 1.6799 0.2933, -1.921 1.5402 0.2933, -2.0312 1.3917 0.2933, -2.1299 1.2355 0.2933, -2.2167 1.0722 0.2933, -2.2909 0.9029 0.2933, -2.3523 0.7285 0.2933, -2.4003 0.55 0.2933, -2.4349 0.3684 0.2933, -2.4557 0.1847 0.2933, -2.4626 0.0 0.2933, -2.4557 -0.1847 0.2933, -2.4349 -0.3684 0.2933, -2.4003 -0.55 0.2933, -2.3523 -0.7285 0.2933, -2.2909 -0.9029 0.2933, -2.2167 -1.0722 0.2933, -2.1299 -1.2355 0.2933, -2.0312 -1.3917 0.2933, -1.921 -1.5402 0.2933, -1.7999 -1.6799 0.2933, -1.6687 -1.8101 0.2933, -1.5281 -1.9302 0.2933, -1.3789 -2.0393 0.2933, -1.2219 -2.1369 0.2933, -1.0581 -2.2225 0.2933, -0.8882 -2.2955 0.2933, -0.7134 -2.3555 0.2933, -0.5345 -2.4023 0.2933, -0.3527 -2.4355 0.2933, -0.1689 -2.455 0.2933, 0.0159 -2.4606 0.2933, 0.2006 -2.4523 0.2933, 0.3841 -2.4301 0.2933, 0.5655 -2.3943 0.2933, 0.7436 -2.3449 0.2933, 0.9176 -2.2823 0.2933, 1.0863 -2.2069 0.2933, 1.249 -2.1189 0.2933, 1.4045 -2.019 0.2933, 1.5521 -1.9078 0.2933, 1.691 -1.7857 0.2933, 1.8202 -1.6536 0.2933, 2.2281 -1.0399 0.2933, 2.1438 -1.2044 0.2933, 2.0473 -1.3621 0.2933, 1.9392 -1.5121 0.2933, -1.555 1.8248 0.4554, -1.4863 1.8771 0.4554, -1.5099 1.9071 0.4075, 2.2015 1.0275 0.4075, 2.2213 1.0368 0.3523, 2.1372 1.2007 0.3523, 2.0477 1.2413 0.4554, 2.085 1.1715 0.4554, 2.1181 1.19 0.4075, 2.1697 1.0127 0.4554, 1.9909 1.3245 0.4554, 2.0228 1.3458 0.4075, 1.9016 1.4554 0.4554, 1.916 1.494 0.4075, 1.8876 1.4718 0.4554, 1.7985 1.6338 0.4075, 1.7707 1.6087 0.4554, 1.338 1.9865 0.4554, 1.3667 1.9648 0.4554, 1.3877 1.9949 0.4075, 1.5102 1.8563 0.4554, 1.5335 1.885 0.4075, 1.5447 1.8302 0.4554, 1.6707 1.7644 0.4075, 1.6442 1.7364 0.4554, 1.7333 1.6525 0.4554, 1.2144 2.0605 0.4554, 1.234 2.0936 0.4075, 1.1156 2.1196 0.4554, 1.0733 2.1805 0.4075, 1.0567 2.1467 0.4554, 0.9066 2.2551 0.4075, 0.8932 2.2219 0.4554, 0.5587 2.3657 0.4075, 0.6344 2.3102 0.4554, 0.7347 2.3169 0.4075, 0.7231 2.2805 0.4554, 0.8801 2.2279 0.4554, 0.1234 2.3929 0.4554, 0.195 2.3853 0.4554, 0.1982 2.423 0.4075, 0.374 2.3661 0.4554, 0.3795 2.4011 0.4075, 0.3811 2.3654 0.4554, 0.55 2.3286 0.4554, 0.0155 2.3927 0.4554, 0.0157 2.4312 0.4075, -0.1357 2.3925 0.4554, -0.1669 2.4256 0.4075, -0.1643 2.3893 0.4554, -0.3485 2.4064 0.4075, -0.3433 2.3696 0.4554, -0.8918 2.2248 0.4554, -0.8646 2.2341 0.4554, -0.8776 2.268 0.4075, -0.6941 2.2918 0.4554, -0.7049 2.3274 0.4075, -0.6464 2.3079 0.4554, -0.5282 2.3736 0.4075, -0.5198 2.336 0.4554, -0.3933 2.364 0.4554, -1.029 2.1612 0.4554, -1.0454 2.1959 0.4075, -1.1269 2.1157 0.4554, -1.2074 2.1114 0.4075, -1.1885 2.0786 0.4554, -1.3625 2.0149 0.4075, -1.3427 1.9856 0.4554, -1.3488 1.9819 0.4554, -1.6229 1.7604 0.4554, -1.6488 1.7885 0.4075, -1.743 1.6464 0.4554, -1.7784 1.6598 0.4075, -1.7523 1.6354 0.4554, -1.898 1.5218 0.4075, -1.8687 1.4981 0.4554, -2.1772 1.0051 0.4554, -2.157 1.0432 0.4554, -2.1902 1.0594 0.4075, -2.0728 1.2023 0.4554, -2.1045 1.2207 0.4075, -2.0559 1.2341 0.4554, -2.0069 1.3751 0.4075, -1.9752 1.3534 0.4554, -1.9106 1.4487 0.4554, -2.2278 0.878 0.4554, -2.2636 0.8921 0.4075, -2.273 0.7643 0.4554, -2.3242 0.7198 0.4075, -2.2884 0.7088 0.4554, -2.3717 0.5435 0.4075, -2.3365 0.5353 0.4554, -2.3842 -0.2588 0.4554, -2.3884 -0.1797 0.4554, -2.4263 -0.1825 0.4075, -2.3982 0.0 0.4554, -2.4332 0.0 0.4075, -2.3884 0.1797 0.4554, -2.4263 0.1825 0.4075, -2.3842 0.2588 0.4554, -2.4058 0.364 0.4075, -2.3679 0.3582 0.4554, -2.3423 0.5145 0.4554, -2.3679 -0.3582 0.4554, -2.4058 -0.364 0.4075, -2.3423 -0.5145 0.4554, -2.3717 -0.5435 0.4075, -2.3365 -0.5353 0.4554, -2.3242 -0.7198 0.4075, -2.2884 -0.7088 0.4554, -2.0559 -1.2341 0.4554, -2.0728 -1.2023 0.4554, -2.1045 -1.2207 0.4075, -2.157 -1.0432 0.4554, -2.1902 -1.0594 0.4075, -2.1772 -1.0051 0.4554, -2.2636 -0.8921 0.4075, -2.2278 -0.878 0.4554, -2.273 -0.7643 0.4554, -1.9752 -1.3534 0.4554, -2.0069 -1.3751 0.4075, -1.9106 -1.4487 0.4554, -1.898 -1.5218 0.4075, -1.8687 -1.4981 0.4554, -1.7784 -1.6598 0.4075, -1.7523 -1.6354 0.4554, -1.5099 -1.9071 0.4075, -1.555 -1.8248 0.4554, -1.6488 -1.7885 0.4075, -1.6229 -1.7604 0.4554, -1.743 -1.6464 0.4554, -1.1269 -2.1157 0.4554, -1.1885 -2.0786 0.4554, -1.2074 -2.1114 0.4075, -1.3427 -1.9856 0.4554, -1.3625 -2.0149 0.4075, -1.3488 -1.9819 0.4554, -1.4863 -1.8771 0.4554, -1.029 -2.1612 0.4554, -1.0454 -2.1959 0.4075, -0.8918 -2.2248 0.4554, -0.8776 -2.268 0.4075, -0.8646 -2.2341 0.4554, -0.7049 -2.3274 0.4075, -0.6941 -2.2918 0.4554, -0.1357 -2.3925 0.4554, -0.1643 -2.3893 0.4554, -0.1669 -2.4256 0.4075, -0.3433 -2.3696 0.4554, -0.3485 -2.4064 0.4075, -0.3933 -2.364 0.4554, -0.5282 -2.3736 0.4075, -0.5198 -2.336 0.4554, -0.6464 -2.3079 0.4554, 0.0155 -2.3927 0.4554, 0.0157 -2.4312 0.4075, 0.1234 -2.3929 0.4554, 0.1982 -2.423 0.4075, 0.195 -2.3853 0.4554, 0.3795 -2.4011 0.4075, 0.374 -2.3661 0.4554, 0.5587 -2.3657 0.4075, 0.55 -2.3286 0.4554, 0.3811 -2.3654 0.4554, 1.1156 -2.1196 0.4554, 1.0567 -2.1467 0.4554, 1.0733 -2.1805 0.4075, 0.8932 -2.2219 0.4554, 0.9066 -2.2551 0.4075, 0.8801 -2.2279 0.4554, 0.7347 -2.3169 0.4075, 0.7231 -2.2805 0.4554, 0.6344 -2.3102 0.4554, 1.2144 -2.0605 0.4554, 1.234 -2.0936 0.4075, 1.338 -1.9865 0.4554, 1.3877 -1.9949 0.4075, 1.3667 -1.9648 0.4554, 1.5335 -1.885 0.4075, 1.5102 -1.8563 0.4554, 1.9016 -1.4554 0.4554, 1.8876 -1.4718 0.4554, 1.916 -1.494 0.4075, 1.7707 -1.6087 0.4554, 1.7985 -1.6338 0.4075, 1.7333 -1.6525 0.4554, 1.6707 -1.7644 0.4075, 1.6442 -1.7364 0.4554, 1.5447 -1.8302 0.4554, 2.0411 1.358 0.3523, 1.9333 1.5075 0.3523, 1.8147 1.6485 0.3523, 1.6858 1.7803 0.3523, 1.5474 1.902 0.3523, 1.4002 2.0129 0.3523, 1.2452 2.1125 0.3523, 1.083 2.2002 0.3523, 0.9148 2.2754 0.3523, 0.7414 2.3378 0.3523, 0.5638 2.387 0.3523, 0.383 2.4228 0.3523, 0.2 2.4448 0.3523, 0.0159 2.4531 0.3523, -0.1683 2.4475 0.3523, -0.3516 2.4281 0.3523, -0.5329 2.395 0.3523, -0.7112 2.3484 0.3523, -0.8855 2.2885 0.3523, -1.0549 2.2157 0.3523, -1.2182 2.1304 0.3523, -1.3747 2.0331 0.3523, -1.5235 1.9243 0.3523, -1.6637 1.8046 0.3523, -1.7945 1.6748 0.3523, -1.9151 1.5355 0.3523, -2.025 1.3875 0.3523, -2.1235 1.2317 0.3523, -2.21 1.069 0.3523, -2.284 0.9002 0.3523, -2.3451 0.7263 0.3523, -2.3931 0.5484 0.3523, -2.4275 0.3673 0.3523, -2.4482 0.1842 0.3523, -2.4551 0.0 0.3523, -2.4482 -0.1842 0.3523, -2.4275 -0.3673 0.3523, -2.3931 -0.5484 0.3523, -2.3451 -0.7263 0.3523, -2.284 -0.9002 0.3523, -2.21 -1.069 0.3523, -2.1235 -1.2317 0.3523, -2.025 -1.3875 0.3523, -1.9151 -1.5355 0.3523, -1.7945 -1.6748 0.3523, -1.6637 -1.8046 0.3523, -1.5235 -1.9243 0.3523, -1.3747 -2.0331 0.3523, -1.2182 -2.1304 0.3523, -1.0549 -2.2157 0.3523, -0.8855 -2.2885 0.3523, -0.7112 -2.3484 0.3523, -0.5329 -2.395 0.3523, -0.3516 -2.4281 0.3523, -0.1683 -2.4475 0.3523, 0.0159 -2.4531 0.3523, 0.2 -2.4448 0.3523, 0.383 -2.4228 0.3523, 0.5638 -2.387 0.3523, 0.7414 -2.3378 0.3523, 0.9148 -2.2754 0.3523, 1.083 -2.2002 0.3523, 1.2452 -2.1125 0.3523, 1.4002 -2.0129 0.3523, 1.5474 -1.902 0.3523, 1.6858 -1.7803 0.3523, 1.8147 -1.6485 0.3523, 1.9333 -1.5075 0.3523, 2.0411 -1.358 0.3523, 2.1372 -1.2007 0.3523, 2.2213 -1.0368 0.3523, 2.0228 -1.3458 0.4075, 2.1181 -1.19 0.4075, 2.2015 -1.0275 0.4075, 1.9909 -1.3245 0.4554, 2.0477 -1.2413 0.4554, 2.085 -1.1715 0.4554, 2.1697 -1.0127 0.4554, 1.3677 -1.9662 0.7257, 1.3374 -1.9856 0.7257, 1.3217 -1.9624 0.6857, 0.8935 -2.2226 0.7257, 0.88 -2.2275 0.7257, 0.8694 -2.2008 0.6857, -0.3435 -2.3717 0.7257, -0.3931 -2.3627 0.7257, -0.3886 -2.3352 0.6857, -0.865 -2.2354 0.7257, -0.8915 -2.224 0.7257, -0.881 -2.1977 0.6857, -1.3429 -1.9859 0.7257, -1.3487 -1.9816 0.7257, -1.3324 -1.9577 0.6857, -2.1587 -1.0442 0.7257, -2.1761 -1.0046 0.7257, -2.1507 -0.9929 0.6857, -2.3375 -0.5356 0.7257, -2.3416 -0.5144 0.7257, -2.3138 -0.5083 0.6857, -2.0742 1.2031 0.7257, -2.055 1.2336 0.7257, -2.0309 1.2191 0.6857, -1.7529 1.6359 0.7257, -1.7426 1.6461 0.7257, -1.7218 1.6264 0.6857, -0.6948 2.2939 0.7257, -0.646 2.3066 0.7257, -0.6385 2.2798 0.6857, -0.1645 2.3907 0.7257, -0.1357 2.3916 0.7257, -0.1341 2.3633 0.6857, 0.374 2.3665 0.7257, 0.3811 2.3651 0.7257, 0.3765 2.3366 0.6857, 1.5114 1.8578 0.7257, 1.5439 1.8293 0.7257, 1.5258 1.8079 0.6857, 1.8884 1.4725 0.7257, 1.901 1.455 0.7257, 1.8784 1.4377 0.6857, 2.1433 -1.0003 0.4954, 1.8784 -1.4377 0.4954, 1.5258 -1.8079 0.4954, 0.3765 -2.3366 0.4954, -0.1341 -2.3633 0.4954, -1.7218 -1.6264 0.4954, -2.0309 -1.2191 0.4954, -2.369 0.0 0.4954, -2.3138 0.5083 0.4954, -2.1507 0.9929 0.4954, -1.3324 1.9577 0.4954, -0.881 2.1977 0.4954, 0.8694 2.2008 0.4954, 1.3217 1.9624 0.4954, 2.0227 1.2262 0.4954, 1.8784 1.4377 0.4954, 1.7122 1.6323 0.4954, 1.5258 1.8079 0.4954, 1.102 2.0938 0.4954, 0.6266 2.282 0.4954, 0.3765 2.3366 0.4954, 0.1219 2.3638 0.4954, -0.1341 2.3633 0.4954, -0.3886 2.3352 0.4954, -0.6385 2.2798 0.4954, -1.1132 2.09 0.4954, -1.5361 1.8026 0.4954, -1.7218 1.6264 0.4954, -1.8874 1.4311 0.4954, -2.0309 1.2191 0.4954, -2.2454 0.755 0.4954, -2.3551 0.2556 0.4954, -2.3551 -0.2556 0.4954, -2.3138 -0.5083 0.4954, -2.2454 -0.755 0.4954, -2.1507 -0.9929 0.4954, -1.8874 -1.4311 0.4954, -1.5361 -1.8026 0.4954, -1.3324 -1.9577 0.4954, -1.1132 -2.09 0.4954, -0.881 -2.1977 0.4954, -0.6385 -2.2798 0.4954, -0.3886 -2.3352 0.4954, 0.1219 -2.3638 0.4954, 0.6266 -2.282 0.4954, 0.8694 -2.2008 0.4954, 1.102 -2.0938 0.4954, 1.3217 -1.9624 0.4954, 1.7122 -1.6323 0.4954, 2.0227 -1.2262 0.4954, 1.9936 1.3264 0.7257, 2.0462 1.2404 0.7257, 2.0227 1.2262 0.6857, 2.0876 1.1729 0.7257, 2.1433 1.0003 0.4954, 2.0071 1.2167 0.5414, 2.1267 0.9926 0.5414, 2.0017 1.2135 0.5906, 2.1211 0.99 0.5906, 2.0071 1.2167 0.6397, 2.1267 0.9926 0.6397, 2.1433 1.0003 0.6857, 2.1697 1.0127 0.7257, 1.8639 1.4266 0.5414, 1.859 1.4228 0.5906, 1.8639 1.4266 0.6397, 1.6466 1.7389 0.7257, 1.7322 1.6514 0.7257, 1.7122 1.6323 0.6857, 1.7725 1.6103 0.7257, 1.6989 1.6197 0.5414, 1.6944 1.6154 0.5906, 1.6989 1.6197 0.6397, 1.514 1.794 0.5414, 1.51 1.7892 0.5906, 1.514 1.794 0.6397, 1.3217 1.9624 0.6857, 1.3374 1.9856 0.7257, 1.3677 1.9662 0.7257, 1.3114 1.9472 0.5414, 1.308 1.942 0.5906, 1.3114 1.9472 0.6397, 1.0578 2.1491 0.7257, 1.1148 2.1183 0.7257, 1.102 2.0938 0.6857, 1.2162 2.0635 0.7257, 1.0935 2.0777 0.5414, 1.0906 2.0721 0.5906, 1.0935 2.0777 0.6397, 0.8694 2.2008 0.6857, 0.88 2.2275 0.7257, 0.8935 2.2226 0.7257, 0.8627 2.1838 0.5414, 0.8604 2.178 0.5906, 0.8627 2.1838 0.6397, 0.5506 2.3316 0.7257, 0.6339 2.3085 0.7257, 0.6266 2.282 0.6857, 0.7241 2.2835 0.7257, 0.6218 2.2644 0.5414, 0.6201 2.2584 0.5906, 0.6218 2.2644 0.6397, 0.3736 2.3185 0.5414, 0.3726 2.3124 0.5906, 0.3736 2.3185 0.6397, 0.0155 2.3961 0.7257, 0.1234 2.3913 0.7257, 0.1219 2.3638 0.6857, 0.1953 2.3881 0.7257, 0.121 2.3455 0.5414, 0.1206 2.3393 0.5906, 0.121 2.3455 0.6397, -0.1331 2.3451 0.5414, -0.1327 2.3389 0.5906, -0.1331 2.3451 0.6397, -0.5206 2.3394 0.7257, -0.3931 2.3627 0.7257, -0.3886 2.3352 0.6857, -0.3435 2.3717 0.7257, -0.3856 2.3172 0.5414, -0.3846 2.3111 0.5906, -0.3856 2.3172 0.6397, -0.6336 2.2622 0.5414, -0.6319 2.2562 0.5906, -0.6336 2.2622 0.6397, -0.881 2.1977 0.6857, -0.8915 2.224 0.7257, -0.865 2.2354 0.7257, -0.8742 2.1808 0.5414, -0.8719 2.175 0.5906, -0.8742 2.1808 0.6397, -1.19 2.081 0.7257, -1.1262 2.1143 0.7257, -1.1132 2.09 0.6857, -1.0304 2.1643 0.7257, -1.1046 2.0738 0.5414, -1.1017 2.0683 0.5906, -1.1046 2.0738 0.6397, -1.3324 1.9577 0.6857, -1.3487 1.9816 0.7257, -1.3429 1.9859 0.7257, -1.3222 1.9426 0.5414, -1.3187 1.9375 0.5906, -1.3222 1.9426 0.6397, -1.6251 1.7627 0.7257, -1.5539 1.8235 0.7257, -1.5361 1.8026 0.6857, -1.4882 1.8796 0.7257, -1.5242 1.7887 0.5414, -1.5202 1.7839 0.5906, -1.5242 1.7887 0.6397, -1.7085 1.6138 0.5414, -1.704 1.6095 0.5906, -1.7085 1.6138 0.6397, -1.9781 1.3553 0.7257, -1.9094 1.4478 0.7257, -1.8874 1.4311 0.6857, -1.8707 1.4998 0.7257, -1.8728 1.42 0.5414, -1.8679 1.4163 0.5906, -1.8728 1.42 0.6397, -2.0152 1.2097 0.5414, -2.0099 1.2065 0.5906, -2.0152 1.2097 0.6397, -2.1507 0.9929 0.6857, -2.1761 1.0046 0.7257, -2.1587 1.0442 0.7257, -2.1341 0.9852 0.5414, -2.1285 0.9826 0.5906, -2.1341 0.9852 0.6397, -2.2907 0.7095 0.7257, -2.2716 0.7638 0.7257, -2.2454 0.755 0.6857, -2.231 0.8793 0.7257, -2.228 0.7492 0.5414, -2.2221 0.7472 0.5906, -2.228 0.7492 0.6397, -2.3138 0.5083 0.6857, -2.3416 0.5144 0.7257, -2.3375 0.5356 0.7257, -2.2959 0.5044 0.5414, -2.2898 0.503 0.5906, -2.2959 0.5044 0.6397, -2.3914 0.1799 0.7257, -2.3825 0.2586 0.7257, -2.3551 0.2556 0.6857, -2.3712 0.3588 0.7257, -2.337 0.2537 0.5414, -2.3308 0.253 0.5906, -2.337 0.2537 0.6397, -2.3507 0.0 0.5414, -2.3445 0.0 0.5906, -2.3507 0.0 0.6397, -2.369 0.0 0.6857, -2.3982 0.0 0.7257, -2.3712 -0.3588 0.7257, -2.3825 -0.2586 0.7257, -2.3551 -0.2556 0.6857, -2.3914 -0.1799 0.7257, -2.337 -0.2537 0.5414, -2.3308 -0.253 0.5906, -2.337 -0.2537 0.6397, -2.2959 -0.5044 0.5414, -2.2898 -0.503 0.5906, -2.2959 -0.5044 0.6397, -2.231 -0.8793 0.7257, -2.2716 -0.7638 0.7257, -2.2454 -0.755 0.6857, -2.2907 -0.7095 0.7257, -2.228 -0.7492 0.5414, -2.2221 -0.7472 0.5906, -2.228 -0.7492 0.6397, -2.1341 -0.9852 0.5414, -2.1285 -0.9826 0.5906, -2.1341 -0.9852 0.6397, -2.0309 -1.2191 0.6857, -2.055 -1.2336 0.7257, -2.0742 -1.2031 0.7257, -2.0152 -1.2097 0.5414, -2.0099 -1.2065 0.5906, -2.0152 -1.2097 0.6397, -1.8707 -1.4998 0.7257, -1.9094 -1.4478 0.7257, -1.8874 -1.4311 0.6857, -1.9781 -1.3553 0.7257, -1.8728 -1.42 0.5414, -1.8679 -1.4163 0.5906, -1.8728 -1.42 0.6397, -1.7218 -1.6264 0.6857, -1.7426 -1.6461 0.7257, -1.7529 -1.6359 0.7257, -1.7085 -1.6138 0.5414, -1.704 -1.6095 0.5906, -1.7085 -1.6138 0.6397, -1.4882 -1.8796 0.7257, -1.5539 -1.8235 0.7257, -1.5361 -1.8026 0.6857, -1.6251 -1.7627 0.7257, -1.5242 -1.7887 0.5414, -1.5202 -1.7839 0.5906, -1.5242 -1.7887 0.6397, -1.3222 -1.9426 0.5414, -1.3187 -1.9375 0.5906, -1.3222 -1.9426 0.6397, -1.0304 -2.1643 0.7257, -1.1262 -2.1143 0.7257, -1.1132 -2.09 0.6857, -1.19 -2.081 0.7257, -1.1046 -2.0738 0.5414, -1.1017 -2.0683 0.5906, -1.1046 -2.0738 0.6397, -0.8742 -2.1808 0.5414, -0.8719 -2.175 0.5906, -0.8742 -2.1808 0.6397, -0.5206 -2.3394 0.7257, -0.646 -2.3066 0.7257, -0.6385 -2.2798 0.6857, -0.6948 -2.2939 0.7257, -0.6336 -2.2622 0.5414, -0.6319 -2.2562 0.5906, -0.6336 -2.2622 0.6397, -0.3856 -2.3172 0.5414, -0.3846 -2.3111 0.5906, -0.3856 -2.3172 0.6397, -0.1341 -2.3633 0.6857, -0.1357 -2.3916 0.7257, -0.1645 -2.3907 0.7257, -0.1331 -2.3451 0.5414, -0.1327 -2.3389 0.5906, -0.1331 -2.3451 0.6397, 0.1953 -2.3881 0.7257, 0.1234 -2.3913 0.7257, 0.1219 -2.3638 0.6857, 0.0155 -2.3961 0.7257, 0.121 -2.3455 0.5414, 0.1206 -2.3393 0.5906, 0.121 -2.3455 0.6397, 0.3765 -2.3366 0.6857, 0.3811 -2.3651 0.7257, 0.374 -2.3665 0.7257, 0.3736 -2.3185 0.5414, 0.3726 -2.3124 0.5906, 0.3736 -2.3185 0.6397, 0.7241 -2.2835 0.7257, 0.6339 -2.3085 0.7257, 0.6266 -2.282 0.6857, 0.5506 -2.3316 0.7257, 0.6218 -2.2644 0.5414, 0.6201 -2.2584 0.5906, 0.6218 -2.2644 0.6397, 0.8627 -2.1838 0.5414, 0.8604 -2.178 0.5906, 0.8627 -2.1838 0.6397, 1.2162 -2.0635 0.7257, 1.1148 -2.1183 0.7257, 1.102 -2.0938 0.6857, 1.0578 -2.1491 0.7257, 1.0935 -2.0777 0.5414, 1.0906 -2.0721 0.5906, 1.0935 -2.0777 0.6397, 1.3114 -1.9472 0.5414, 1.308 -1.942 0.5906, 1.3114 -1.9472 0.6397, 1.5258 -1.8079 0.6857, 1.5439 -1.8293 0.7257, 1.5114 -1.8578 0.7257, 1.514 -1.794 0.5414, 1.51 -1.7892 0.5906, 1.514 -1.794 0.6397, 1.7725 -1.6103 0.7257, 1.7322 -1.6514 0.7257, 1.7122 -1.6323 0.6857, 1.6466 -1.7389 0.7257, 1.6989 -1.6197 0.5414, 1.6944 -1.6154 0.5906, 1.6989 -1.6197 0.6397, 1.8784 -1.4377 0.6857, 1.901 -1.455 0.7257, 1.8884 -1.4725 0.7257, 1.8639 -1.4266 0.5414, 1.859 -1.4228 0.5906, 1.8639 -1.4266 0.6397, 2.0876 -1.1729 0.7257, 2.0462 -1.2404 0.7257, 2.0227 -1.2262 0.6857, 1.9936 -1.3264 0.7257, 2.0071 -1.2167 0.5414, 2.0017 -1.2135 0.5906, 2.0071 -1.2167 0.6397, 2.1267 -0.9926 0.5414, 2.1211 -0.99 0.5906, 2.1267 -0.9926 0.6397, 2.1433 -1.0003 0.6857, 2.1697 -1.0127 0.7257, 2.2281 1.0399 0.8878, 2.2213 1.0368 0.8289, 2.1372 1.2007 0.8289, 2.2015 1.0275 0.7737, 2.1181 1.19 0.7737, 2.0228 1.3458 0.7737, 1.916 1.494 0.7737, 1.7985 1.6338 0.7737, 1.6707 1.7644 0.7737, 1.5335 1.885 0.7737, 1.3877 1.9949 0.7737, 1.234 2.0936 0.7737, 1.0733 2.1805 0.7737, 0.9066 2.2551 0.7737, 0.7347 2.3169 0.7737, 0.5587 2.3657 0.7737, 0.3795 2.4011 0.7737, 0.1982 2.423 0.7737, 0.0157 2.4312 0.7737, -0.1669 2.4256 0.7737, -0.3485 2.4064 0.7737, -0.5282 2.3736 0.7737, -0.7049 2.3274 0.7737, -0.8776 2.268 0.7737, -1.0454 2.1959 0.7737, -1.2074 2.1114 0.7737, -1.3625 2.0149 0.7737, -1.5099 1.9071 0.7737, -1.6488 1.7885 0.7737, -1.7784 1.6598 0.7737, -1.898 1.5218 0.7737, -2.0069 1.3751 0.7737, -2.1045 1.2207 0.7737, -2.1902 1.0594 0.7737, -2.2636 0.8921 0.7737, -2.3242 0.7198 0.7737, -2.3717 0.5435 0.7737, -2.4058 0.364 0.7737, -2.4263 0.1825 0.7737, -2.4332 0.0 0.7737, -2.4263 -0.1825 0.7737, -2.4058 -0.364 0.7737, -2.3717 -0.5435 0.7737, -2.3242 -0.7198 0.7737, -2.2636 -0.8921 0.7737, -2.1902 -1.0594 0.7737, -2.1045 -1.2207 0.7737, -2.0069 -1.3751 0.7737, -1.898 -1.5218 0.7737, -1.7784 -1.6598 0.7737, -1.6488 -1.7885 0.7737, -1.5099 -1.9071 0.7737, -1.3625 -2.0149 0.7737, -1.2074 -2.1114 0.7737, -1.0454 -2.1959 0.7737, -0.8776 -2.268 0.7737, -0.7049 -2.3274 0.7737, -0.5282 -2.3736 0.7737, -0.3485 -2.4064 0.7737, -0.1669 -2.4256 0.7737, 0.0157 -2.4312 0.7737, 0.1982 -2.423 0.7737, 0.3795 -2.4011 0.7737, 0.5587 -2.3657 0.7737, 0.7347 -2.3169 0.7737, 0.9066 -2.2551 0.7737, 1.0733 -2.1805 0.7737, 1.234 -2.0936 0.7737, 1.3877 -1.9949 0.7737, 1.5335 -1.885 0.7737, 1.6707 -1.7644 0.7737, 1.7985 -1.6338 0.7737, 1.916 -1.494 0.7737, 2.0228 -1.3458 0.7737, 2.1181 -1.19 0.7737, 2.2015 -1.0275 0.7737, 2.0411 1.358 0.8289, 1.9333 1.5075 0.8289, 1.8147 1.6485 0.8289, 1.6858 1.7803 0.8289, 1.5474 1.902 0.8289, 1.4002 2.0129 0.8289, 1.2452 2.1125 0.8289, 1.083 2.2002 0.8289, 0.9148 2.2754 0.8289, 0.7414 2.3378 0.8289, 0.5638 2.387 0.8289, 0.383 2.4228 0.8289, 0.2 2.4448 0.8289, 0.0159 2.4531 0.8289, -0.1683 2.4475 0.8289, -0.3516 2.4281 0.8289, -0.5329 2.395 0.8289, -0.7112 2.3484 0.8289, -0.8855 2.2885 0.8289, -1.0549 2.2157 0.8289, -1.2182 2.1304 0.8289, -1.3747 2.0331 0.8289, -1.5235 1.9243 0.8289, -1.6637 1.8046 0.8289, -1.7945 1.6748 0.8289, -1.9151 1.5355 0.8289, -2.025 1.3875 0.8289, -2.1235 1.2317 0.8289, -2.21 1.069 0.8289, -2.284 0.9002 0.8289, -2.3451 0.7263 0.8289, -2.3931 0.5484 0.8289, -2.4275 0.3673 0.8289, -2.4482 0.1842 0.8289, -2.4551 0.0 0.8289, -2.4482 -0.1842 0.8289, -2.4275 -0.3673 0.8289, -2.3931 -0.5484 0.8289, -2.3451 -0.7263 0.8289, -2.284 -0.9002 0.8289, -2.21 -1.069 0.8289, -2.1235 -1.2317 0.8289, -2.025 -1.3875 0.8289, -1.9151 -1.5355 0.8289, -1.7945 -1.6748 0.8289, -1.6637 -1.8046 0.8289, -1.5235 -1.9243 0.8289, -1.3747 -2.0331 0.8289, -1.2182 -2.1304 0.8289, -1.0549 -2.2157 0.8289, -0.8855 -2.2885 0.8289, -0.7112 -2.3484 0.8289, -0.5329 -2.395 0.8289, -0.3516 -2.4281 0.8289, -0.1683 -2.4475 0.8289, 0.0159 -2.4531 0.8289, 0.2 -2.4448 0.8289, 0.383 -2.4228 0.8289, 0.5638 -2.387 0.8289, 0.7414 -2.3378 0.8289, 0.9148 -2.2754 0.8289, 1.083 -2.2002 0.8289, 1.2452 -2.1125 0.8289, 1.4002 -2.0129 0.8289, 1.5474 -1.902 0.8289, 1.6858 -1.7803 0.8289, 1.8147 -1.6485 0.8289, 1.9333 -1.5075 0.8289, 2.0411 -1.358 0.8289, 2.1372 -1.2007 0.8289, 2.2213 -1.0368 0.8289, 2.1438 1.2044 0.8878, 2.0473 1.3621 0.8878, 1.9392 1.5121 0.8878, 1.8202 1.6536 0.8878, 1.691 1.7857 0.8878, 1.5521 1.9078 0.8878, 1.4045 2.019 0.8878, 1.249 2.1189 0.8878, 1.0863 2.2069 0.8878, 0.9176 2.2823 0.8878, 0.7436 2.3449 0.8878, 0.5655 2.3943 0.8878, 0.3841 2.4301 0.8878, 0.2006 2.4523 0.8878, 0.0159 2.4606 0.8878, -0.1689 2.455 0.8878, -0.3527 2.4355 0.8878, -0.5345 2.4023 0.8878, -0.7134 2.3555 0.8878, -0.8882 2.2955 0.8878, -1.0581 2.2225 0.8878, -1.2219 2.1369 0.8878, -1.3789 2.0393 0.8878, -1.5281 1.9302 0.8878, -1.6687 1.8101 0.8878, -1.7999 1.6799 0.8878, -1.921 1.5402 0.8878, -2.0312 1.3917 0.8878, -2.1299 1.2355 0.8878, -2.2167 1.0722 0.8878, -2.2909 0.9029 0.8878, -2.3523 0.7285 0.8878, -2.4003 0.55 0.8878, -2.4349 0.3684 0.8878, -2.4557 0.1847 0.8878, -2.4626 0.0 0.8878, -2.4557 -0.1847 0.8878, -2.4349 -0.3684 0.8878, -2.4003 -0.55 0.8878, -2.3523 -0.7285 0.8878, -2.2909 -0.9029 0.8878, -2.2167 -1.0722 0.8878, -2.1299 -1.2355 0.8878, -2.0312 -1.3917 0.8878, -1.921 -1.5402 0.8878, -1.7999 -1.6799 0.8878, -1.6687 -1.8101 0.8878, -1.5281 -1.9302 0.8878, -1.3789 -2.0393 0.8878, -1.2219 -2.1369 0.8878, -1.0581 -2.2225 0.8878, -0.8882 -2.2955 0.8878, -0.7134 -2.3555 0.8878, -0.5345 -2.4023 0.8878, -0.3527 -2.4355 0.8878, -0.1689 -2.455 0.8878, 0.0159 -2.4606 0.8878, 0.2006 -2.4523 0.8878, 0.3841 -2.4301 0.8878, 0.5655 -2.3943 0.8878, 0.7436 -2.3449 0.8878, 0.9176 -2.2823 0.8878, 1.0863 -2.2069 0.8878, 1.249 -2.1189 0.8878, 1.4045 -2.019 0.8878, 1.5521 -1.9078 0.8878, 1.691 -1.7857 0.8878, 1.8202 -1.6536 0.8878, 1.9392 -1.5121 0.8878, 2.0473 -1.3621 0.8878, 2.1438 -1.2044 0.8878, 2.2281 -1.0399 0.8878, 2.014 0.9401 7.8346, 2.0694 0.9659 7.8266, 1.9555 1.1798 7.8266, 2.1211 0.99 7.803, 2.0043 1.2092 7.803, 2.1654 1.0107 7.7655, 2.0462 1.2345 7.7655, 2.1994 1.0265 7.7165, 2.0784 1.2539 7.7165, 2.2208 1.0365 7.6596, 2.0986 1.266 7.6596, 1.8188 1.6523 7.5984, 1.7849 1.68 7.6596, 1.9591 1.4862 7.5984, 1.9527 1.4814 7.6596, 2.0445 1.3602 7.5984, 2.1055 1.2702 7.5984, 2.2281 1.0399 7.5984, 1.7907 1.6855 7.5984, 1.6022 1.8659 7.5984, 1.5969 1.8598 7.6596, 1.5505 1.9057 7.5984, 1.391 2.0186 7.6596, 1.3956 2.0252 7.5984, 1.1694 2.1548 7.6596, 1.2473 2.1163 7.5984, 1.1733 2.1618 7.5984, 0.9377 2.2741 7.5984, 0.9347 2.2667 7.6596, 0.9172 2.2814 7.5984, 0.6894 2.3531 7.6596, 0.6916 2.3608 7.5984, 0.4363 2.4131 7.6596, 0.5647 2.3909 7.5984, 0.4377 2.421 7.5984, 0.2005 2.4512 7.5984, 0.1783 2.4459 7.6596, 0.1789 2.454 7.5984, -0.082 2.4593 7.5984, -0.0817 2.4513 7.6596, -0.1686 2.4519 7.5984, -0.3408 2.4291 7.6596, -0.3419 2.437 7.5984, -0.5961 2.3795 7.6596, -0.5341 2.3998 7.5984, -0.5981 2.3873 7.5984, -0.8475 2.3108 7.5984, -0.8447 2.3032 7.6596, -0.8875 2.2937 7.5984, -1.0839 2.201 7.6596, -1.0874 2.2083 7.5984, -1.3109 2.0741 7.6596, -1.2203 2.134 7.5984, -1.3152 2.0809 7.5984, -1.5281 1.9302 7.5984, -1.5231 1.9238 7.6596, -1.7239 1.7577 7.5984, -1.7183 1.7519 7.6596, -1.7975 1.6776 7.5984, -1.8942 1.5604 7.6596, -1.9004 1.5655 7.5984, -2.0488 1.3512 7.6596, -2.0296 1.3906 7.5984, -2.0555 1.3557 7.5984, -2.1875 1.1306 7.5984, -2.1803 1.1269 7.6596, -2.2143 1.0712 7.5984, -2.2874 0.8899 7.6596, -2.2949 0.8928 7.5984, -2.3688 0.6429 7.6596, -2.3494 0.7276 7.5984, -2.3766 0.645 7.5984, -2.4315 0.3899 7.5984, -2.4236 0.3886 7.6596, -2.4338 0.3683 7.5984, -2.4511 0.13 7.6596, -2.4591 0.1305 7.5984, -2.4511 -0.13 7.6596, -2.4591 -0.0 7.5984, -2.4591 -0.1305 7.5984, -2.4338 -0.3683 7.5984, -2.4236 -0.3886 7.6596, -2.4315 -0.3899 7.5984, -2.3766 -0.645 7.5984, -2.3688 -0.6429 7.6596, -2.3494 -0.7276 7.5984, -2.2874 -0.8899 7.6596, -2.2949 -0.8928 7.5984, -2.1803 -1.1269 7.6596, -2.2143 -1.0712 7.5984, -2.1875 -1.1306 7.5984, -2.0555 -1.3557 7.5984, -2.0488 -1.3512 7.6596, -2.0296 -1.3906 7.5984, -1.8942 -1.5604 7.6596, -1.9004 -1.5655 7.5984, -1.7183 -1.7519 7.6596, -1.7975 -1.6776 7.5984, -1.7239 -1.7577 7.5984, -1.5281 -1.9302 7.5984, -1.5231 -1.9238 7.6596, -1.3152 -2.0809 7.5984, -1.3109 -2.0741 7.6596, -1.2203 -2.134 7.5984, -1.0839 -2.201 7.6596, -1.0874 -2.2083 7.5984, -0.8447 -2.3032 7.6596, -0.8875 -2.2937 7.5984, -0.8475 -2.3108 7.5984, -0.5981 -2.3873 7.5984, -0.5961 -2.3795 7.6596, -0.5341 -2.3998 7.5984, -0.3408 -2.4291 7.6596, -0.3419 -2.437 7.5984, -0.0817 -2.4513 7.6596, -0.1686 -2.4519 7.5984, -0.082 -2.4593 7.5984, 0.1789 -2.454 7.5984, 0.1783 -2.4459 7.6596, 0.2005 -2.4512 7.5984, 0.4363 -2.4131 7.6596, 0.4377 -2.421 7.5984, 0.5647 -2.3909 7.5984, 0.6894 -2.3531 7.6596, 0.6916 -2.3608 7.5984, 0.9172 -2.2814 7.5984, 0.9347 -2.2667 7.6596, 0.9377 -2.2741 7.5984, 1.1733 -2.1618 7.5984, 1.1694 -2.1548 7.6596, 1.2473 -2.1163 7.5984, 1.391 -2.0186 7.6596, 1.3956 -2.0252 7.5984, 1.5969 -1.8598 7.6596, 1.5505 -1.9057 7.5984, 1.6022 -1.8659 7.5984, 1.7907 -1.6855 7.5984, 1.7849 -1.68 7.6596, 1.8188 -1.6523 7.5984, 1.9527 -1.4814 7.6596, 1.9591 -1.4862 7.5984, 2.0986 -1.266 7.6596, 2.0445 -1.3602 7.5984, 2.1055 -1.2702 7.5984, 2.2281 -1.0399 7.5984, 2.2208 -1.0365 7.6596, 1.9339 1.4671 7.7165, 1.7677 1.6638 7.7165, 1.5815 1.8419 7.7165, 1.3776 1.9992 7.7165, 1.1581 2.134 7.7165, 0.9256 2.2449 7.7165, 0.6827 2.3305 7.7165, 0.4321 2.3899 7.7165, 0.1766 2.4224 7.7165, -0.0809 2.4277 7.7165, -0.3375 2.4057 7.7165, -0.5904 2.3566 7.7165, -0.8366 2.2811 7.7165, -1.0735 2.1799 7.7165, -1.2983 2.0541 7.7165, -1.5085 1.9053 7.7165, -1.7018 1.7351 7.7165, -1.876 1.5453 7.7165, -2.0291 1.3382 7.7165, -2.1594 1.116 7.7165, -2.2654 0.8813 7.7165, -2.346 0.6367 7.7165, -2.4003 0.3849 7.7165, -2.4275 0.1288 7.7165, -2.4275 -0.1288 7.7165, -2.4003 -0.3849 7.7165, -2.346 -0.6367 7.7165, -2.2654 -0.8813 7.7165, -2.1594 -1.116 7.7165, -2.0291 -1.3382 7.7165, -1.876 -1.5453 7.7165, -1.7018 -1.7351 7.7165, -1.5085 -1.9053 7.7165, -1.2983 -2.0541 7.7165, -1.0735 -2.1799 7.7165, -0.8366 -2.2811 7.7165, -0.5904 -2.3566 7.7165, -0.3375 -2.4057 7.7165, -0.0809 -2.4277 7.7165, 0.1766 -2.4224 7.7165, 0.4321 -2.3899 7.7165, 0.6827 -2.3305 7.7165, 0.9256 -2.2449 7.7165, 1.1581 -2.134 7.7165, 1.3776 -1.9992 7.7165, 1.5815 -1.8419 7.7165, 1.7677 -1.6638 7.7165, 1.9339 -1.4671 7.7165, 2.0784 -1.2539 7.7165, 2.1994 -1.0265 7.7165, 1.904 1.4444 7.7655, 1.7403 1.6381 7.7655, 1.5571 1.8134 7.7655, 1.3563 1.9683 7.7655, 1.1402 2.1011 7.7655, 0.9113 2.2102 7.7655, 0.6721 2.2945 7.7655, 0.4254 2.3529 7.7655, 0.1738 2.385 7.7655, -0.0797 2.3902 7.7655, -0.3324 2.3685 7.7655, -0.5813 2.3202 7.7655, -0.8237 2.2458 7.7655, -1.0569 2.1462 7.7655, -1.2782 2.0224 7.7655, -1.4852 1.8759 7.7655, -1.6755 1.7083 7.7655, -1.847 1.5215 7.7655, -1.9977 1.3175 7.7655, -2.126 1.0988 7.7655, -2.2304 0.8677 7.7655, -2.3098 0.6269 7.7655, -2.3632 0.379 7.7655, -2.39 0.1268 7.7655, -2.39 -0.1268 7.7655, -2.3632 -0.379 7.7655, -2.3098 -0.6269 7.7655, -2.2304 -0.8677 7.7655, -2.126 -1.0988 7.7655, -1.9977 -1.3175 7.7655, -1.847 -1.5215 7.7655, -1.6755 -1.7083 7.7655, -1.4852 -1.8759 7.7655, -1.2782 -2.0224 7.7655, -1.0569 -2.1462 7.7655, -0.8237 -2.2458 7.7655, -0.5813 -2.3202 7.7655, -0.3324 -2.3685 7.7655, -0.0797 -2.3902 7.7655, 0.1738 -2.385 7.7655, 0.4254 -2.3529 7.7655, 0.6721 -2.2945 7.7655, 0.9113 -2.2102 7.7655, 1.1402 -2.1011 7.7655, 1.3563 -1.9683 7.7655, 1.5571 -1.8134 7.7655, 1.7403 -1.6381 7.7655, 1.904 -1.4444 7.7655, 2.0462 -1.2345 7.7655, 2.1654 -1.0107 7.7655, 1.865 1.4149 7.803, 1.7047 1.6046 7.803, 1.5252 1.7763 7.803, 1.3285 1.928 7.803, 1.1168 2.0581 7.803, 0.8926 2.165 7.803, 0.6583 2.2475 7.803, 0.4166 2.3048 7.803, 0.1702 2.3362 7.803, -0.0781 2.3413 7.803, -0.3256 2.3201 7.803, -0.5695 2.2727 7.803, -0.8069 2.1999 7.803, -1.0353 2.1023 7.803, -1.2521 1.981 7.803, -1.4549 1.8375 7.803, -1.6413 1.6733 7.803, -1.8093 1.4903 7.803, -1.9569 1.2906 7.803, -2.0826 1.0763 7.803, -2.1849 0.85 7.803, -2.2626 0.614 7.803, -2.3149 0.3712 7.803, -2.3412 0.1242 7.803, -2.3412 -0.1242 7.803, -2.3149 -0.3712 7.803, -2.2626 -0.614 7.803, -2.1849 -0.85 7.803, -2.0826 -1.0763 7.803, -1.9569 -1.2906 7.803, -1.8093 -1.4903 7.803, -1.6413 -1.6733 7.803, -1.4549 -1.8375 7.803, -1.2521 -1.981 7.803, -1.0353 -2.1023 7.803, -0.8069 -2.1999 7.803, -0.5695 -2.2727 7.803, -0.3256 -2.3201 7.803, -0.0781 -2.3413 7.803, 0.1702 -2.3362 7.803, 0.4166 -2.3048 7.803, 0.6583 -2.2475 7.803, 0.8926 -2.165 7.803, 1.1168 -2.0581 7.803, 1.3285 -1.928 7.803, 1.5252 -1.7763 7.803, 1.7047 -1.6046 7.803, 1.865 -1.4149 7.803, 2.0043 -1.2092 7.803, 2.1211 -0.99 7.803, 1.8196 1.3805 7.8266, 1.6632 1.5656 7.8266, 1.488 1.7331 7.8266, 1.2961 1.8811 7.8266, 1.0896 2.008 7.8266, 0.8709 2.1123 7.8266, 0.6423 2.1929 7.8266, 0.4065 2.2488 7.8266, 0.166 2.2794 7.8266, -0.0763 2.2843 7.8266, -0.3177 2.2636 7.8266, -0.5557 2.2175 7.8266, -0.7873 2.1464 7.8266, -1.0102 2.0511 7.8266, -1.2217 1.9328 7.8266, -1.4195 1.7928 7.8266, -1.6014 1.6326 7.8266, -1.7653 1.4541 7.8266, -1.9094 1.2592 7.8266, -2.032 1.0501 7.8266, -2.1318 0.8293 7.8266, -2.2076 0.5991 7.8266, -2.2586 0.3622 7.8266, -2.2843 0.1212 7.8266, -2.2843 -0.1212 7.8266, -2.2586 -0.3622 7.8266, -2.2076 -0.5991 7.8266, -2.1318 -0.8293 7.8266, -2.032 -1.0501 7.8266, -1.9094 -1.2592 7.8266, -1.7653 -1.4541 7.8266, -1.6014 -1.6326 7.8266, -1.4195 -1.7928 7.8266, -1.2217 -1.9328 7.8266, -1.0102 -2.0511 7.8266, -0.7873 -2.1464 7.8266, -0.5557 -2.2175 7.8266, -0.3177 -2.2636 7.8266, -0.0763 -2.2843 7.8266, 0.166 -2.2794 7.8266, 0.4065 -2.2488 7.8266, 0.6423 -2.1929 7.8266, 0.8709 -2.1123 7.8266, 1.0896 -2.008 7.8266, 1.2961 -1.8811 7.8266, 1.488 -1.7331 7.8266, 1.6632 -1.5656 7.8266, 1.8196 -1.3805 7.8266, 1.9555 -1.1798 7.8266, 2.0694 -0.9659 7.8266, 1.9032 1.1483 7.8346, 1.7709 1.3435 7.8346, 1.6186 1.5237 7.8346, 1.4482 1.6867 7.8346, 1.2614 1.8308 7.8346, 1.0604 1.9543 7.8346, 0.8475 2.0558 7.8346, 0.6251 2.1342 7.8346, 0.3955 2.1886 7.8346, 0.1616 2.2184 7.8346, -0.0743 2.2232 7.8346, -0.3093 2.2031 7.8346, -0.5408 2.1582 7.8346, -0.7663 2.089 7.8346, -0.9832 1.9963 7.8346, -1.1891 1.8811 7.8346, -1.3816 1.7449 7.8346, -1.5586 1.589 7.8346, -1.7181 1.4152 7.8346, -1.8583 1.2255 7.8346, -1.9777 1.0221 7.8346, -2.0748 0.8071 7.8346, -2.1486 0.5831 7.8346, -2.1983 0.3525 7.8346, -2.2232 0.1179 7.8346, -2.2232 -0.1179 7.8346, -2.1983 -0.3525 7.8346, -2.1486 -0.5831 7.8346, -2.0748 -0.8071 7.8346, -1.9777 -1.0221 7.8346, -1.8583 -1.2255 7.8346, -1.7181 -1.4152 7.8346, -1.5586 -1.589 7.8346, -1.3816 -1.7449 7.8346, -1.1891 -1.8811 7.8346, -0.9832 -1.9963 7.8346, -0.7663 -2.089 7.8346, -0.5408 -2.1582 7.8346, -0.3093 -2.2031 7.8346, -0.0743 -2.2232 7.8346, 0.1616 -2.2184 7.8346, 0.3955 -2.1886 7.8346, 0.6251 -2.1342 7.8346, 0.8475 -2.0558 7.8346, 1.0604 -1.9543 7.8346, 1.2614 -1.8308 7.8346, 1.4482 -1.6867 7.8346, 1.6186 -1.5237 7.8346, 1.7709 -1.3435 7.8346, 1.9032 -1.1483 7.8346, 2.014 -0.9401 7.8346, 0.65 -2.0029 7.8346, 0.3143 -2.0824 7.8346, -2.1012 -0.1725 7.8346, -2.1012 0.1725 7.8346, 1.907 -0.8902 7.8346, 1.7361 -1.1898 7.8346, -1.9338 -0.8394 7.8346, -1.7709 -1.1434 7.8346, -1.5605 -1.4168 7.8346, -2.0449 -0.5128 7.8346, 1.7361 1.1898 7.8346, 1.907 0.8902 7.8346, 1.2603 -1.6862 7.8346, 1.5186 -1.4575 7.8346, -1.5605 1.4168 7.8346, -1.7709 1.1434 7.8346, -1.9338 0.8394 7.8346, 1.5186 1.4575 7.8346, 1.2603 1.6862 7.8346, 0.9681 -1.8696 7.8346, -1.0212 -1.8433 7.8346, -0.7066 -1.9849 7.8346, -0.3732 -2.0733 7.8346, -2.0449 0.5128 7.8346, -1.0212 1.8433 7.8346, -1.3084 1.6522 7.8346, 0.3143 2.0824 7.8346, 0.65 2.0029 7.8346, -0.0298 -2.1061 7.8346, -1.3084 -1.6522 7.8346, -0.3732 2.0733 7.8346, -0.7066 1.9849 7.8346, -0.0298 2.1061 7.8346, 0.9681 1.8696 7.8346
            ]
        }
        coordIndex [
            0,1,2,-1,2,1,3,-1,2,3,4,-1,4,3,5,-1,4,5,6,-1,6,5,7,-1,6,7,8,-1,8,7,9,-1,8,9,10,-1,10,9,11,-1,10,11,12,-1,12,11,13,-1,12,13,14,-1,14,13,15,-1,14,15,16,-1,16,15,17,-1,16,17,18,-1,18,17,19,-1,18,19,20,-1,20,19,21,-1,20,21,22,-1,22,21,23,-1,22,23,24,-1,24,23,25,-1,24,25,26,-1,26,25,27,-1,26,27,28,-1,28,27,29,-1,28,29,30,-1,30,29,31,-1,30,31,32,-1,32,31,33,-1,32,33,34,-1,34,33,35,-1,34,35,36,-1,36,35,37,-1,36,37,38,-1,38,37,39,-1,38,39,40,-1,40,39,41,-1,40,41,42,-1,42,41,43,-1,42,43,44,-1,44,43,45,-1,44,45,46,-1,46,45,47,-1,46,47,48,-1,48,47,49,-1,48,49,50,-1,50,49,51,-1,50,51,52,-1,52,51,53,-1,52,53,54,-1,54,53,55,-1,54,55,56,-1,56,55,57,-1,56,57,58,-1,58,57,59,-1,58,59,60,-1,60,59,61,-1,60,61,62,-1,62,61,63,-1,62,63,64,-1,64,63,65,-1,64,65,66,-1,66,65,67,-1,35,33,68,-1,57,55,69,-1,25,70,27,-1,27,70,71,-1,27,71,29,-1,72,67,73,-1,73,67,65,-1,68,74,35,-1,35,74,75,-1,35,75,37,-1,37,75,76,-1,37,76,39,-1,71,77,29,-1,29,77,78,-1,29,78,31,-1,31,78,79,-1,31,79,33,-1,33,79,80,-1,33,80,68,-1,3,1,81,-1,21,82,23,-1,23,82,83,-1,23,83,25,-1,25,83,84,-1,25,84,70,-1,13,85,15,-1,15,85,86,-1,15,86,17,-1,11,87,13,-1,13,87,88,-1,13,88,85,-1,61,89,63,-1,63,89,90,-1,63,90,65,-1,65,90,91,-1,65,91,73,-1,69,92,57,-1,57,92,93,-1,57,93,59,-1,59,93,94,-1,59,94,61,-1,61,94,95,-1,61,95,89,-1,86,96,17,-1,17,96,97,-1,17,97,19,-1,19,97,98,-1,19,98,21,-1,21,98,99,-1,21,99,82,-1,7,100,9,-1,9,100,101,-1,9,101,11,-1,11,101,102,-1,11,102,87,-1,81,103,3,-1,3,103,104,-1,3,104,5,-1,5,104,105,-1,5,105,7,-1,7,105,106,-1,7,106,100,-1,51,107,53,-1,53,107,108,-1,53,108,55,-1,55,108,109,-1,55,109,69,-1,47,110,49,-1,49,110,111,-1,49,111,51,-1,51,111,112,-1,51,112,107,-1,76,113,39,-1,39,113,114,-1,39,114,41,-1,41,114,115,-1,41,115,43,-1,115,116,43,-1,43,116,117,-1,43,117,45,-1,45,117,118,-1,45,118,47,-1,47,118,119,-1,47,119,110,-1,120,121,122,-1,123,124,125,-1,126,127,128,-1,129,130,131,-1,132,133,134,-1,135,136,137,-1,138,139,140,-1,141,142,143,-1,144,145,146,-1,147,148,149,-1,150,151,152,-1,153,154,155,-1,156,157,158,-1,159,160,161,-1,162,163,164,-1,165,166,167,-1,168,169,170,-1,171,172,173,-1,174,175,176,-1,177,178,179,-1,180,181,182,-1,73,91,183,-1,183,91,184,-1,183,184,185,-1,185,184,186,-1,185,186,187,-1,187,186,188,-1,187,188,189,-1,189,188,190,-1,189,190,191,-1,191,190,182,-1,89,95,192,-1,192,95,193,-1,192,193,194,-1,194,193,195,-1,194,195,196,-1,196,195,197,-1,196,197,198,-1,198,197,199,-1,198,199,200,-1,200,199,179,-1,108,107,201,-1,201,107,202,-1,201,202,203,-1,203,202,204,-1,203,204,205,-1,205,204,206,-1,205,206,207,-1,207,206,208,-1,207,208,209,-1,209,208,167,-1,111,110,210,-1,210,110,211,-1,210,211,212,-1,212,211,213,-1,212,213,214,-1,214,213,215,-1,214,215,216,-1,216,215,217,-1,216,217,218,-1,218,217,164,-1,117,116,219,-1,219,116,220,-1,219,220,221,-1,221,220,222,-1,221,222,223,-1,223,222,224,-1,223,224,225,-1,225,224,226,-1,225,226,227,-1,227,226,161,-1,114,113,228,-1,228,113,229,-1,228,229,230,-1,230,229,231,-1,230,231,232,-1,232,231,233,-1,232,233,234,-1,234,233,235,-1,234,235,236,-1,236,235,158,-1,79,78,237,-1,237,78,238,-1,237,238,239,-1,239,238,240,-1,239,240,241,-1,241,240,242,-1,241,242,243,-1,243,242,244,-1,243,244,245,-1,245,244,146,-1,71,70,246,-1,246,70,247,-1,246,247,248,-1,248,247,249,-1,248,249,250,-1,250,249,251,-1,250,251,252,-1,252,251,253,-1,252,253,254,-1,254,253,143,-1,82,99,255,-1,255,99,256,-1,255,256,257,-1,257,256,258,-1,257,258,259,-1,259,258,260,-1,259,260,261,-1,261,260,262,-1,261,262,263,-1,263,262,140,-1,97,96,264,-1,264,96,265,-1,264,265,266,-1,266,265,267,-1,266,267,268,-1,268,267,269,-1,268,269,270,-1,270,269,271,-1,270,271,272,-1,272,271,137,-1,101,100,273,-1,273,100,274,-1,273,274,275,-1,275,274,276,-1,275,276,277,-1,277,276,278,-1,277,278,279,-1,279,278,280,-1,279,280,281,-1,281,280,125,-1,105,104,282,-1,282,104,283,-1,282,283,284,-1,284,283,285,-1,284,285,286,-1,286,285,287,-1,286,287,288,-1,288,287,289,-1,288,289,290,-1,290,289,122,-1,72,73,291,-1,291,73,183,-1,291,183,292,-1,292,183,185,-1,292,185,293,-1,293,185,187,-1,293,187,294,-1,294,187,189,-1,294,189,295,-1,295,189,191,-1,295,191,296,-1,296,191,297,-1,182,181,191,-1,191,181,298,-1,191,298,297,-1,299,180,300,-1,300,180,182,-1,300,182,301,-1,301,182,190,-1,301,190,302,-1,302,190,188,-1,302,188,303,-1,303,188,186,-1,303,186,304,-1,304,186,184,-1,304,184,90,-1,90,184,91,-1,90,89,304,-1,304,89,192,-1,304,192,303,-1,303,192,194,-1,303,194,302,-1,302,194,196,-1,302,196,301,-1,301,196,198,-1,301,198,300,-1,300,198,200,-1,300,200,299,-1,299,200,305,-1,179,178,200,-1,200,178,306,-1,200,306,305,-1,307,177,308,-1,308,177,179,-1,308,179,309,-1,309,179,199,-1,309,199,310,-1,310,199,197,-1,310,197,311,-1,311,197,195,-1,311,195,312,-1,312,195,193,-1,312,193,94,-1,94,193,95,-1,94,93,312,-1,312,93,313,-1,312,313,311,-1,311,313,314,-1,311,314,310,-1,310,314,315,-1,310,315,309,-1,309,315,316,-1,309,316,308,-1,308,316,176,-1,308,176,307,-1,307,176,175,-1,172,174,173,-1,173,174,176,-1,173,176,317,-1,317,176,316,-1,317,316,318,-1,318,316,315,-1,318,315,319,-1,319,315,314,-1,319,314,320,-1,320,314,313,-1,320,313,92,-1,92,313,93,-1,169,171,170,-1,170,171,173,-1,170,173,321,-1,321,173,317,-1,321,317,322,-1,322,317,318,-1,322,318,323,-1,323,318,319,-1,323,319,324,-1,324,319,320,-1,324,320,69,-1,69,320,92,-1,325,168,326,-1,326,168,170,-1,326,170,327,-1,327,170,321,-1,327,321,328,-1,328,321,322,-1,328,322,329,-1,329,322,323,-1,329,323,330,-1,330,323,324,-1,330,324,109,-1,109,324,69,-1,109,108,330,-1,330,108,201,-1,330,201,329,-1,329,201,203,-1,329,203,328,-1,328,203,205,-1,328,205,327,-1,327,205,207,-1,327,207,326,-1,326,207,209,-1,326,209,325,-1,325,209,331,-1,167,166,209,-1,209,166,332,-1,209,332,331,-1,333,165,334,-1,334,165,167,-1,334,167,335,-1,335,167,208,-1,335,208,336,-1,336,208,206,-1,336,206,337,-1,337,206,204,-1,337,204,338,-1,338,204,202,-1,338,202,112,-1,112,202,107,-1,112,111,338,-1,338,111,210,-1,338,210,337,-1,337,210,212,-1,337,212,336,-1,336,212,214,-1,336,214,335,-1,335,214,216,-1,335,216,334,-1,334,216,218,-1,334,218,333,-1,333,218,339,-1,164,163,218,-1,218,163,340,-1,218,340,339,-1,341,162,342,-1,342,162,164,-1,342,164,343,-1,343,164,217,-1,343,217,344,-1,344,217,215,-1,344,215,345,-1,345,215,213,-1,345,213,346,-1,346,213,211,-1,346,211,119,-1,119,211,110,-1,119,118,346,-1,346,118,347,-1,346,347,345,-1,345,347,348,-1,345,348,344,-1,344,348,349,-1,344,349,343,-1,343,349,350,-1,343,350,342,-1,342,350,351,-1,342,351,341,-1,341,351,352,-1,118,117,347,-1,347,117,219,-1,347,219,348,-1,348,219,221,-1,348,221,349,-1,349,221,223,-1,349,223,350,-1,350,223,225,-1,350,225,351,-1,351,225,227,-1,351,227,352,-1,352,227,353,-1,161,160,227,-1,227,160,354,-1,227,354,353,-1,355,159,356,-1,356,159,161,-1,356,161,357,-1,357,161,226,-1,357,226,358,-1,358,226,224,-1,358,224,359,-1,359,224,222,-1,359,222,360,-1,360,222,220,-1,360,220,115,-1,115,220,116,-1,115,114,360,-1,360,114,228,-1,360,228,359,-1,359,228,230,-1,359,230,358,-1,358,230,232,-1,358,232,357,-1,357,232,234,-1,357,234,356,-1,356,234,236,-1,356,236,355,-1,355,236,361,-1,158,157,236,-1,236,157,362,-1,236,362,361,-1,363,156,364,-1,364,156,158,-1,364,158,365,-1,365,158,235,-1,365,235,366,-1,366,235,233,-1,366,233,367,-1,367,233,231,-1,367,231,368,-1,368,231,229,-1,368,229,76,-1,76,229,113,-1,76,75,368,-1,368,75,369,-1,368,369,367,-1,367,369,370,-1,367,370,366,-1,366,370,371,-1,366,371,365,-1,365,371,372,-1,365,372,364,-1,364,372,155,-1,364,155,363,-1,363,155,154,-1,151,153,152,-1,152,153,155,-1,152,155,373,-1,373,155,372,-1,373,372,374,-1,374,372,371,-1,374,371,375,-1,375,371,370,-1,375,370,376,-1,376,370,369,-1,376,369,74,-1,74,369,75,-1,148,150,149,-1,149,150,152,-1,149,152,377,-1,377,152,373,-1,377,373,378,-1,378,373,374,-1,378,374,379,-1,379,374,375,-1,379,375,380,-1,380,375,376,-1,380,376,68,-1,68,376,74,-1,381,147,382,-1,382,147,149,-1,382,149,383,-1,383,149,377,-1,383,377,384,-1,384,377,378,-1,384,378,385,-1,385,378,379,-1,385,379,386,-1,386,379,380,-1,386,380,80,-1,80,380,68,-1,80,79,386,-1,386,79,237,-1,386,237,385,-1,385,237,239,-1,385,239,384,-1,384,239,241,-1,384,241,383,-1,383,241,243,-1,383,243,382,-1,382,243,245,-1,382,245,381,-1,381,245,387,-1,146,145,245,-1,245,145,388,-1,245,388,387,-1,389,144,390,-1,390,144,146,-1,390,146,391,-1,391,146,244,-1,391,244,392,-1,392,244,242,-1,392,242,393,-1,393,242,240,-1,393,240,394,-1,394,240,238,-1,394,238,77,-1,77,238,78,-1,77,71,394,-1,394,71,246,-1,394,246,393,-1,393,246,248,-1,393,248,392,-1,392,248,250,-1,392,250,391,-1,391,250,252,-1,391,252,390,-1,390,252,254,-1,390,254,389,-1,389,254,395,-1,143,142,254,-1,254,142,396,-1,254,396,395,-1,397,141,398,-1,398,141,143,-1,398,143,399,-1,399,143,253,-1,399,253,400,-1,400,253,251,-1,400,251,401,-1,401,251,249,-1,401,249,402,-1,402,249,247,-1,402,247,84,-1,84,247,70,-1,84,83,402,-1,402,83,403,-1,402,403,401,-1,401,403,404,-1,401,404,400,-1,400,404,405,-1,400,405,399,-1,399,405,406,-1,399,406,398,-1,398,406,407,-1,398,407,397,-1,397,407,408,-1,83,82,403,-1,403,82,255,-1,403,255,404,-1,404,255,257,-1,404,257,405,-1,405,257,259,-1,405,259,406,-1,406,259,261,-1,406,261,407,-1,407,261,263,-1,407,263,408,-1,408,263,409,-1,140,139,263,-1,263,139,410,-1,263,410,409,-1,411,138,412,-1,412,138,140,-1,412,140,413,-1,413,140,262,-1,413,262,414,-1,414,262,260,-1,414,260,415,-1,415,260,258,-1,415,258,416,-1,416,258,256,-1,416,256,98,-1,98,256,99,-1,98,97,416,-1,416,97,264,-1,416,264,415,-1,415,264,266,-1,415,266,414,-1,414,266,268,-1,414,268,413,-1,413,268,270,-1,413,270,412,-1,412,270,272,-1,412,272,411,-1,411,272,417,-1,137,136,272,-1,272,136,418,-1,272,418,417,-1,419,135,420,-1,420,135,137,-1,420,137,421,-1,421,137,271,-1,421,271,422,-1,422,271,269,-1,422,269,423,-1,423,269,267,-1,423,267,424,-1,424,267,265,-1,424,265,86,-1,86,265,96,-1,86,85,424,-1,424,85,425,-1,424,425,423,-1,423,425,426,-1,423,426,422,-1,422,426,427,-1,422,427,421,-1,421,427,428,-1,421,428,420,-1,420,428,134,-1,420,134,419,-1,419,134,133,-1,130,132,131,-1,131,132,134,-1,131,134,429,-1,429,134,428,-1,429,428,430,-1,430,428,427,-1,430,427,431,-1,431,427,426,-1,431,426,432,-1,432,426,425,-1,432,425,88,-1,88,425,85,-1,127,129,128,-1,128,129,131,-1,128,131,433,-1,433,131,429,-1,433,429,434,-1,434,429,430,-1,434,430,435,-1,435,430,431,-1,435,431,436,-1,436,431,432,-1,436,432,87,-1,87,432,88,-1,437,126,438,-1,438,126,128,-1,438,128,439,-1,439,128,433,-1,439,433,440,-1,440,433,434,-1,440,434,441,-1,441,434,435,-1,441,435,442,-1,442,435,436,-1,442,436,102,-1,102,436,87,-1,102,101,442,-1,442,101,273,-1,442,273,441,-1,441,273,275,-1,441,275,440,-1,440,275,277,-1,440,277,439,-1,439,277,279,-1,439,279,438,-1,438,279,281,-1,438,281,437,-1,437,281,443,-1,125,124,281,-1,281,124,444,-1,281,444,443,-1,445,123,446,-1,446,123,125,-1,446,125,447,-1,447,125,280,-1,447,280,448,-1,448,280,278,-1,448,278,449,-1,449,278,276,-1,449,276,450,-1,450,276,274,-1,450,274,106,-1,106,274,100,-1,106,105,450,-1,450,105,282,-1,450,282,449,-1,449,282,284,-1,449,284,448,-1,448,284,286,-1,448,286,447,-1,447,286,288,-1,447,288,446,-1,446,288,290,-1,446,290,445,-1,445,290,451,-1,122,121,290,-1,290,121,452,-1,290,452,451,-1,453,120,454,-1,454,120,122,-1,454,122,455,-1,455,122,289,-1,455,289,456,-1,456,289,287,-1,456,287,457,-1,457,287,285,-1,457,285,458,-1,458,285,283,-1,458,283,103,-1,103,283,104,-1,103,81,458,-1,458,81,459,-1,458,459,457,-1,457,459,460,-1,457,460,456,-1,456,460,461,-1,456,461,455,-1,455,461,462,-1,455,462,454,-1,454,462,463,-1,454,463,453,-1,453,463,464,-1,465,296,466,-1,466,296,297,-1,466,297,467,-1,467,297,298,-1,467,298,468,-1,468,298,181,-1,468,181,469,-1,181,180,469,-1,469,180,299,-1,469,299,470,-1,470,299,305,-1,470,305,471,-1,471,305,306,-1,471,306,472,-1,472,306,178,-1,472,178,473,-1,473,178,177,-1,473,177,474,-1,474,177,307,-1,474,307,475,-1,307,175,475,-1,475,175,174,-1,475,174,476,-1,476,174,172,-1,476,172,477,-1,477,172,171,-1,477,171,478,-1,478,171,169,-1,478,169,479,-1,169,168,479,-1,479,168,325,-1,479,325,480,-1,480,325,331,-1,480,331,481,-1,481,331,332,-1,481,332,482,-1,482,332,166,-1,482,166,483,-1,483,166,165,-1,483,165,484,-1,484,165,333,-1,484,333,485,-1,333,339,485,-1,485,339,340,-1,485,340,486,-1,486,340,163,-1,486,163,487,-1,487,163,162,-1,487,162,488,-1,488,162,341,-1,488,341,489,-1,489,341,352,-1,489,352,490,-1,490,352,353,-1,490,353,491,-1,491,353,354,-1,491,354,492,-1,492,354,160,-1,492,160,493,-1,160,159,493,-1,493,159,355,-1,493,355,494,-1,494,355,361,-1,494,361,495,-1,495,361,362,-1,495,362,496,-1,496,362,157,-1,496,157,497,-1,497,157,156,-1,497,156,498,-1,498,156,363,-1,498,363,499,-1,363,154,499,-1,499,154,153,-1,499,153,500,-1,500,153,151,-1,500,151,501,-1,501,151,150,-1,501,150,502,-1,502,150,148,-1,502,148,503,-1,148,147,503,-1,503,147,381,-1,503,381,504,-1,504,381,387,-1,504,387,505,-1,505,387,388,-1,505,388,506,-1,506,388,145,-1,506,145,507,-1,145,144,507,-1,507,144,389,-1,507,389,508,-1,508,389,509,-1,389,395,509,-1,509,395,396,-1,509,396,510,-1,510,396,142,-1,510,142,511,-1,511,142,141,-1,511,141,512,-1,512,141,397,-1,512,397,513,-1,513,397,408,-1,513,408,514,-1,514,408,409,-1,514,409,515,-1,515,409,410,-1,515,410,516,-1,516,410,139,-1,516,139,517,-1,139,138,517,-1,517,138,411,-1,517,411,518,-1,518,411,417,-1,518,417,519,-1,519,417,418,-1,519,418,520,-1,520,418,136,-1,520,136,521,-1,136,135,521,-1,521,135,419,-1,521,419,522,-1,522,419,523,-1,419,133,523,-1,523,133,132,-1,523,132,524,-1,524,132,130,-1,524,130,525,-1,525,130,129,-1,525,129,526,-1,526,129,127,-1,526,127,527,-1,127,126,527,-1,527,126,437,-1,527,437,528,-1,528,437,443,-1,528,443,529,-1,529,443,444,-1,529,444,530,-1,530,444,124,-1,530,124,531,-1,531,124,123,-1,531,123,532,-1,532,123,445,-1,532,445,533,-1,464,534,453,-1,453,534,535,-1,453,535,120,-1,120,535,536,-1,120,536,121,-1,121,536,537,-1,121,537,452,-1,452,537,533,-1,452,533,451,-1,451,533,445,-1,538,539,540,-1,541,542,543,-1,542,465,466,-1,544,545,546,-1,546,545,547,-1,546,547,541,-1,544,546,548,-1,548,546,549,-1,548,549,550,-1,550,549,551,-1,550,551,552,-1,552,551,553,-1,552,553,554,-1,555,556,557,-1,557,556,558,-1,557,558,559,-1,559,558,560,-1,559,560,561,-1,561,560,562,-1,561,562,553,-1,553,562,563,-1,553,563,554,-1,555,557,564,-1,564,557,565,-1,564,565,566,-1,566,565,567,-1,566,567,568,-1,568,567,569,-1,568,569,570,-1,571,572,573,-1,573,572,574,-1,573,574,569,-1,569,574,575,-1,569,575,570,-1,576,577,578,-1,578,577,579,-1,578,579,580,-1,580,579,581,-1,580,581,571,-1,571,581,582,-1,571,582,572,-1,576,578,583,-1,583,578,584,-1,583,584,585,-1,585,584,586,-1,585,586,587,-1,587,586,588,-1,587,588,589,-1,590,591,592,-1,592,591,593,-1,592,593,594,-1,594,593,595,-1,594,595,596,-1,596,595,597,-1,596,597,588,-1,588,597,598,-1,588,598,589,-1,590,592,599,-1,599,592,600,-1,599,600,601,-1,601,600,602,-1,601,602,603,-1,603,602,604,-1,603,604,605,-1,540,539,604,-1,604,539,606,-1,604,606,605,-1,538,540,607,-1,607,540,608,-1,607,608,609,-1,609,608,610,-1,609,610,611,-1,611,610,612,-1,611,612,613,-1,614,615,616,-1,616,615,617,-1,616,617,618,-1,618,617,619,-1,618,619,620,-1,620,619,621,-1,620,621,612,-1,612,621,622,-1,612,622,613,-1,614,616,623,-1,623,616,624,-1,623,624,625,-1,625,624,626,-1,625,626,627,-1,627,626,628,-1,627,628,629,-1,630,631,632,-1,632,631,633,-1,632,633,634,-1,634,633,635,-1,634,635,636,-1,636,635,637,-1,636,637,638,-1,638,637,639,-1,638,639,628,-1,628,639,640,-1,628,640,629,-1,630,632,641,-1,641,632,642,-1,641,642,643,-1,643,642,644,-1,643,644,645,-1,645,644,646,-1,645,646,647,-1,648,649,650,-1,650,649,651,-1,650,651,652,-1,652,651,653,-1,652,653,654,-1,654,653,655,-1,654,655,646,-1,646,655,656,-1,646,656,647,-1,648,650,657,-1,657,650,658,-1,657,658,659,-1,659,658,660,-1,659,660,661,-1,661,660,662,-1,661,662,663,-1,664,665,666,-1,666,665,667,-1,666,667,662,-1,662,667,668,-1,662,668,663,-1,669,670,671,-1,671,670,672,-1,671,672,673,-1,673,672,674,-1,673,674,664,-1,664,674,675,-1,664,675,665,-1,669,671,676,-1,676,671,677,-1,676,677,678,-1,678,677,679,-1,678,679,680,-1,680,679,681,-1,680,681,682,-1,683,684,685,-1,685,684,686,-1,685,686,687,-1,687,686,688,-1,687,688,689,-1,689,688,690,-1,689,690,681,-1,681,690,691,-1,681,691,682,-1,683,685,692,-1,692,685,693,-1,692,693,694,-1,694,693,695,-1,694,695,696,-1,696,695,697,-1,696,697,698,-1,699,700,697,-1,697,700,701,-1,697,701,698,-1,702,703,704,-1,704,703,705,-1,704,705,706,-1,706,705,707,-1,706,707,708,-1,708,707,709,-1,708,709,699,-1,699,709,710,-1,699,710,700,-1,702,704,711,-1,711,704,712,-1,711,712,713,-1,713,712,714,-1,713,714,715,-1,715,714,716,-1,715,716,717,-1,718,719,720,-1,720,719,721,-1,720,721,722,-1,722,721,723,-1,722,723,724,-1,724,723,725,-1,724,725,716,-1,716,725,726,-1,716,726,717,-1,542,466,543,-1,543,466,467,-1,543,467,727,-1,727,467,468,-1,727,468,728,-1,728,468,469,-1,728,469,729,-1,729,469,470,-1,729,470,730,-1,730,470,471,-1,730,471,731,-1,731,471,472,-1,731,472,732,-1,732,472,473,-1,732,473,733,-1,733,473,474,-1,733,474,734,-1,734,474,475,-1,734,475,735,-1,735,475,476,-1,735,476,736,-1,736,476,477,-1,736,477,737,-1,737,477,478,-1,737,478,738,-1,738,478,479,-1,738,479,739,-1,739,479,480,-1,739,480,740,-1,740,480,481,-1,740,481,741,-1,741,481,482,-1,741,482,742,-1,742,482,483,-1,742,483,743,-1,743,483,484,-1,743,484,744,-1,744,484,485,-1,744,485,745,-1,745,485,486,-1,745,486,746,-1,746,486,487,-1,746,487,747,-1,747,487,488,-1,747,488,748,-1,748,488,489,-1,748,489,749,-1,749,489,490,-1,749,490,750,-1,750,490,491,-1,750,491,751,-1,751,491,492,-1,751,492,752,-1,752,492,493,-1,752,493,753,-1,753,493,494,-1,753,494,754,-1,754,494,495,-1,754,495,755,-1,755,495,496,-1,755,496,756,-1,756,496,497,-1,756,497,757,-1,757,497,498,-1,757,498,758,-1,758,498,499,-1,758,499,759,-1,759,499,500,-1,759,500,760,-1,760,500,501,-1,760,501,761,-1,761,501,502,-1,761,502,762,-1,762,502,503,-1,762,503,763,-1,763,503,504,-1,763,504,764,-1,764,504,505,-1,764,505,765,-1,765,505,506,-1,765,506,766,-1,766,506,507,-1,766,507,767,-1,767,507,508,-1,767,508,768,-1,768,508,509,-1,768,509,769,-1,769,509,510,-1,769,510,770,-1,770,510,511,-1,770,511,771,-1,771,511,512,-1,771,512,772,-1,772,512,513,-1,772,513,773,-1,773,513,514,-1,773,514,774,-1,774,514,515,-1,774,515,775,-1,775,515,516,-1,775,516,776,-1,776,516,517,-1,776,517,777,-1,777,517,518,-1,777,518,778,-1,778,518,519,-1,778,519,779,-1,779,519,520,-1,779,520,780,-1,780,520,521,-1,780,521,781,-1,781,521,522,-1,781,522,782,-1,782,522,523,-1,782,523,783,-1,783,523,524,-1,783,524,784,-1,784,524,525,-1,784,525,785,-1,785,525,526,-1,785,526,786,-1,786,526,527,-1,786,527,787,-1,787,527,528,-1,787,528,788,-1,788,528,529,-1,788,529,789,-1,789,529,530,-1,789,530,790,-1,790,530,531,-1,790,531,791,-1,791,531,532,-1,791,532,792,-1,792,532,533,-1,792,533,793,-1,793,533,537,-1,793,537,794,-1,794,537,536,-1,794,536,795,-1,795,536,535,-1,795,535,796,-1,796,535,534,-1,796,534,797,-1,541,543,546,-1,546,543,727,-1,546,727,549,-1,549,727,728,-1,549,728,551,-1,551,728,729,-1,551,729,553,-1,553,729,730,-1,553,730,561,-1,561,730,731,-1,561,731,559,-1,559,731,732,-1,559,732,557,-1,557,732,733,-1,557,733,565,-1,565,733,734,-1,565,734,567,-1,567,734,735,-1,567,735,569,-1,569,735,736,-1,569,736,573,-1,573,736,737,-1,573,737,571,-1,571,737,738,-1,571,738,580,-1,580,738,739,-1,580,739,578,-1,578,739,740,-1,578,740,584,-1,584,740,741,-1,584,741,586,-1,586,741,742,-1,586,742,588,-1,588,742,743,-1,588,743,596,-1,596,743,744,-1,596,744,594,-1,594,744,745,-1,594,745,592,-1,592,745,746,-1,592,746,600,-1,600,746,747,-1,600,747,602,-1,602,747,748,-1,602,748,604,-1,604,748,749,-1,604,749,540,-1,540,749,750,-1,540,750,608,-1,608,750,751,-1,608,751,610,-1,610,751,752,-1,610,752,612,-1,612,752,753,-1,612,753,620,-1,620,753,754,-1,620,754,618,-1,618,754,755,-1,618,755,616,-1,616,755,756,-1,616,756,624,-1,624,756,757,-1,624,757,626,-1,626,757,758,-1,626,758,628,-1,628,758,759,-1,628,759,638,-1,638,759,760,-1,638,760,636,-1,636,760,761,-1,636,761,634,-1,634,761,762,-1,634,762,632,-1,632,762,763,-1,632,763,642,-1,642,763,764,-1,642,764,644,-1,644,764,765,-1,644,765,646,-1,646,765,766,-1,646,766,654,-1,654,766,767,-1,654,767,652,-1,652,767,768,-1,652,768,650,-1,650,768,769,-1,650,769,658,-1,658,769,770,-1,658,770,660,-1,660,770,771,-1,660,771,662,-1,662,771,772,-1,662,772,666,-1,666,772,773,-1,666,773,664,-1,664,773,774,-1,664,774,673,-1,673,774,775,-1,673,775,671,-1,671,775,776,-1,671,776,677,-1,677,776,777,-1,677,777,679,-1,679,777,778,-1,679,778,681,-1,681,778,779,-1,681,779,689,-1,689,779,780,-1,689,780,687,-1,687,780,781,-1,687,781,685,-1,685,781,782,-1,685,782,693,-1,693,782,783,-1,693,783,695,-1,695,783,784,-1,695,784,697,-1,697,784,785,-1,697,785,699,-1,699,785,786,-1,699,786,708,-1,708,786,787,-1,708,787,706,-1,706,787,788,-1,706,788,704,-1,704,788,789,-1,704,789,712,-1,712,789,790,-1,712,790,714,-1,714,790,791,-1,714,791,716,-1,716,791,792,-1,716,792,724,-1,724,792,793,-1,724,793,722,-1,722,793,794,-1,722,794,720,-1,720,794,795,-1,720,795,798,-1,798,795,796,-1,798,796,799,-1,799,796,797,-1,799,797,800,-1,718,720,801,-1,801,720,798,-1,801,798,802,-1,802,798,799,-1,802,799,803,-1,803,799,800,-1,803,800,804,-1,805,806,807,-1,808,809,810,-1,811,812,813,-1,814,815,816,-1,817,818,819,-1,820,821,822,-1,823,824,825,-1,826,827,828,-1,829,830,831,-1,832,833,834,-1,835,836,837,-1,838,839,840,-1,841,842,843,-1,844,845,846,-1,803,804,847,-1,719,718,848,-1,717,726,849,-1,698,701,850,-1,684,683,851,-1,663,668,852,-1,649,648,853,-1,635,633,854,-1,629,640,855,-1,615,614,856,-1,605,606,857,-1,591,590,858,-1,570,575,859,-1,556,555,860,-1,547,545,861,-1,861,545,544,-1,861,544,548,-1,548,550,862,-1,862,550,552,-1,552,554,863,-1,863,554,563,-1,863,563,562,-1,562,560,864,-1,864,560,558,-1,556,860,558,-1,555,564,865,-1,865,564,566,-1,865,566,568,-1,570,859,568,-1,575,574,866,-1,866,574,572,-1,866,572,582,-1,582,581,867,-1,867,581,579,-1,579,577,868,-1,868,577,576,-1,868,576,583,-1,583,585,869,-1,869,585,587,-1,587,589,870,-1,870,589,598,-1,870,598,597,-1,597,595,871,-1,871,595,593,-1,591,858,593,-1,590,599,872,-1,872,599,601,-1,872,601,603,-1,605,857,603,-1,606,539,873,-1,873,539,538,-1,873,538,607,-1,607,609,874,-1,874,609,611,-1,611,613,875,-1,875,613,622,-1,875,622,621,-1,621,619,876,-1,876,619,617,-1,615,856,617,-1,614,623,877,-1,877,623,625,-1,877,625,627,-1,629,855,627,-1,640,639,878,-1,878,639,637,-1,878,637,635,-1,633,631,879,-1,879,631,630,-1,879,630,641,-1,641,643,880,-1,880,643,645,-1,645,647,881,-1,881,647,656,-1,881,656,655,-1,655,653,882,-1,882,653,651,-1,649,853,651,-1,648,657,883,-1,883,657,659,-1,883,659,661,-1,663,852,661,-1,668,667,884,-1,884,667,665,-1,884,665,675,-1,675,674,885,-1,885,674,672,-1,672,670,886,-1,886,670,669,-1,886,669,676,-1,676,678,887,-1,887,678,680,-1,680,682,888,-1,888,682,691,-1,888,691,690,-1,684,851,686,-1,690,688,889,-1,889,688,686,-1,683,692,890,-1,890,692,694,-1,890,694,696,-1,698,850,696,-1,701,700,891,-1,891,700,710,-1,891,710,709,-1,709,707,892,-1,892,707,705,-1,705,703,893,-1,893,703,702,-1,893,702,711,-1,711,713,894,-1,894,713,715,-1,717,849,715,-1,719,848,721,-1,726,725,895,-1,895,725,723,-1,895,723,721,-1,718,801,896,-1,896,801,802,-1,896,802,803,-1,897,898,899,-1,899,898,900,-1,547,861,901,-1,901,861,902,-1,901,902,903,-1,903,902,904,-1,903,904,905,-1,905,904,906,-1,905,906,907,-1,907,906,899,-1,907,899,908,-1,908,899,900,-1,908,900,909,-1,548,862,861,-1,861,862,910,-1,861,910,902,-1,902,910,911,-1,902,911,904,-1,904,911,912,-1,904,912,906,-1,906,912,846,-1,906,846,899,-1,899,846,845,-1,899,845,897,-1,913,914,915,-1,915,914,916,-1,552,863,862,-1,862,863,917,-1,862,917,910,-1,910,917,918,-1,910,918,911,-1,911,918,919,-1,911,919,912,-1,912,919,915,-1,912,915,846,-1,846,915,916,-1,846,916,844,-1,562,864,863,-1,863,864,920,-1,863,920,917,-1,917,920,921,-1,917,921,918,-1,918,921,922,-1,918,922,919,-1,919,922,843,-1,919,843,915,-1,915,843,842,-1,915,842,913,-1,923,924,925,-1,558,860,864,-1,864,860,926,-1,864,926,920,-1,920,926,927,-1,920,927,921,-1,921,927,928,-1,921,928,922,-1,922,928,923,-1,922,923,843,-1,843,923,925,-1,843,925,841,-1,929,930,931,-1,931,930,932,-1,555,865,860,-1,860,865,933,-1,860,933,926,-1,926,933,934,-1,926,934,927,-1,927,934,935,-1,927,935,928,-1,928,935,931,-1,928,931,923,-1,923,931,932,-1,923,932,924,-1,936,937,938,-1,568,859,865,-1,865,859,939,-1,865,939,933,-1,933,939,940,-1,933,940,934,-1,934,940,941,-1,934,941,935,-1,935,941,936,-1,935,936,931,-1,931,936,938,-1,931,938,929,-1,942,943,944,-1,944,943,945,-1,575,866,859,-1,859,866,946,-1,859,946,939,-1,939,946,947,-1,939,947,940,-1,940,947,948,-1,940,948,941,-1,941,948,944,-1,941,944,936,-1,936,944,945,-1,936,945,937,-1,582,867,866,-1,866,867,949,-1,866,949,946,-1,946,949,950,-1,946,950,947,-1,947,950,951,-1,947,951,948,-1,948,951,840,-1,948,840,944,-1,944,840,839,-1,944,839,942,-1,952,953,954,-1,954,953,955,-1,579,868,867,-1,867,868,956,-1,867,956,949,-1,949,956,957,-1,949,957,950,-1,950,957,958,-1,950,958,951,-1,951,958,954,-1,951,954,840,-1,840,954,955,-1,840,955,838,-1,583,869,868,-1,868,869,959,-1,868,959,956,-1,956,959,960,-1,956,960,957,-1,957,960,961,-1,957,961,958,-1,958,961,837,-1,958,837,954,-1,954,837,836,-1,954,836,952,-1,962,963,964,-1,964,963,965,-1,587,870,869,-1,869,870,966,-1,869,966,959,-1,959,966,967,-1,959,967,960,-1,960,967,968,-1,960,968,961,-1,961,968,964,-1,961,964,837,-1,837,964,965,-1,837,965,835,-1,597,871,870,-1,870,871,969,-1,870,969,966,-1,966,969,970,-1,966,970,967,-1,967,970,971,-1,967,971,968,-1,968,971,834,-1,968,834,964,-1,964,834,833,-1,964,833,962,-1,972,973,974,-1,593,858,871,-1,871,858,975,-1,871,975,969,-1,969,975,976,-1,969,976,970,-1,970,976,977,-1,970,977,971,-1,971,977,972,-1,971,972,834,-1,834,972,974,-1,834,974,832,-1,978,979,980,-1,980,979,981,-1,590,872,858,-1,858,872,982,-1,858,982,975,-1,975,982,983,-1,975,983,976,-1,976,983,984,-1,976,984,977,-1,977,984,980,-1,977,980,972,-1,972,980,981,-1,972,981,973,-1,985,986,987,-1,603,857,872,-1,872,857,988,-1,872,988,982,-1,982,988,989,-1,982,989,983,-1,983,989,990,-1,983,990,984,-1,984,990,985,-1,984,985,980,-1,980,985,987,-1,980,987,978,-1,991,992,993,-1,993,992,994,-1,606,873,857,-1,857,873,995,-1,857,995,988,-1,988,995,996,-1,988,996,989,-1,989,996,997,-1,989,997,990,-1,990,997,993,-1,990,993,985,-1,985,993,994,-1,985,994,986,-1,607,874,873,-1,873,874,998,-1,873,998,995,-1,995,998,999,-1,995,999,996,-1,996,999,1000,-1,996,1000,997,-1,997,1000,831,-1,997,831,993,-1,993,831,830,-1,993,830,991,-1,1001,1002,1003,-1,1003,1002,1004,-1,611,875,874,-1,874,875,1005,-1,874,1005,998,-1,998,1005,1006,-1,998,1006,999,-1,999,1006,1007,-1,999,1007,1000,-1,1000,1007,1003,-1,1000,1003,831,-1,831,1003,1004,-1,831,1004,829,-1,621,876,875,-1,875,876,1008,-1,875,1008,1005,-1,1005,1008,1009,-1,1005,1009,1006,-1,1006,1009,1010,-1,1006,1010,1007,-1,1007,1010,828,-1,1007,828,1003,-1,1003,828,827,-1,1003,827,1001,-1,1011,1012,1013,-1,617,856,876,-1,876,856,1014,-1,876,1014,1008,-1,1008,1014,1015,-1,1008,1015,1009,-1,1009,1015,1016,-1,1009,1016,1010,-1,1010,1016,1011,-1,1010,1011,828,-1,828,1011,1013,-1,828,1013,826,-1,1017,1018,1019,-1,1019,1018,1020,-1,614,877,856,-1,856,877,1021,-1,856,1021,1014,-1,1014,1021,1022,-1,1014,1022,1015,-1,1015,1022,1023,-1,1015,1023,1016,-1,1016,1023,1019,-1,1016,1019,1011,-1,1011,1019,1020,-1,1011,1020,1012,-1,1024,1025,1026,-1,627,855,877,-1,877,855,1027,-1,877,1027,1021,-1,1021,1027,1028,-1,1021,1028,1022,-1,1022,1028,1029,-1,1022,1029,1023,-1,1023,1029,1024,-1,1023,1024,1019,-1,1019,1024,1026,-1,1019,1026,1017,-1,1030,1031,1032,-1,1032,1031,1033,-1,640,878,855,-1,855,878,1034,-1,855,1034,1027,-1,1027,1034,1035,-1,1027,1035,1028,-1,1028,1035,1036,-1,1028,1036,1029,-1,1029,1036,1032,-1,1029,1032,1024,-1,1024,1032,1033,-1,1024,1033,1025,-1,635,854,878,-1,878,854,1037,-1,878,1037,1034,-1,1034,1037,1038,-1,1034,1038,1035,-1,1035,1038,1039,-1,1035,1039,1036,-1,1036,1039,1040,-1,1036,1040,1032,-1,1032,1040,1041,-1,1032,1041,1030,-1,1042,1043,1044,-1,1044,1043,1045,-1,633,879,854,-1,854,879,1046,-1,854,1046,1037,-1,1037,1046,1047,-1,1037,1047,1038,-1,1038,1047,1048,-1,1038,1048,1039,-1,1039,1048,1044,-1,1039,1044,1040,-1,1040,1044,1045,-1,1040,1045,1041,-1,641,880,879,-1,879,880,1049,-1,879,1049,1046,-1,1046,1049,1050,-1,1046,1050,1047,-1,1047,1050,1051,-1,1047,1051,1048,-1,1048,1051,825,-1,1048,825,1044,-1,1044,825,824,-1,1044,824,1042,-1,1052,1053,1054,-1,1054,1053,1055,-1,645,881,880,-1,880,881,1056,-1,880,1056,1049,-1,1049,1056,1057,-1,1049,1057,1050,-1,1050,1057,1058,-1,1050,1058,1051,-1,1051,1058,1054,-1,1051,1054,825,-1,825,1054,1055,-1,825,1055,823,-1,655,882,881,-1,881,882,1059,-1,881,1059,1056,-1,1056,1059,1060,-1,1056,1060,1057,-1,1057,1060,1061,-1,1057,1061,1058,-1,1058,1061,822,-1,1058,822,1054,-1,1054,822,821,-1,1054,821,1052,-1,1062,1063,1064,-1,651,853,882,-1,882,853,1065,-1,882,1065,1059,-1,1059,1065,1066,-1,1059,1066,1060,-1,1060,1066,1067,-1,1060,1067,1061,-1,1061,1067,1062,-1,1061,1062,822,-1,822,1062,1064,-1,822,1064,820,-1,1068,1069,1070,-1,1070,1069,1071,-1,648,883,853,-1,853,883,1072,-1,853,1072,1065,-1,1065,1072,1073,-1,1065,1073,1066,-1,1066,1073,1074,-1,1066,1074,1067,-1,1067,1074,1070,-1,1067,1070,1062,-1,1062,1070,1071,-1,1062,1071,1063,-1,1075,1076,1077,-1,661,852,883,-1,883,852,1078,-1,883,1078,1072,-1,1072,1078,1079,-1,1072,1079,1073,-1,1073,1079,1080,-1,1073,1080,1074,-1,1074,1080,1075,-1,1074,1075,1070,-1,1070,1075,1077,-1,1070,1077,1068,-1,1081,1082,1083,-1,1083,1082,1084,-1,668,884,852,-1,852,884,1085,-1,852,1085,1078,-1,1078,1085,1086,-1,1078,1086,1079,-1,1079,1086,1087,-1,1079,1087,1080,-1,1080,1087,1083,-1,1080,1083,1075,-1,1075,1083,1084,-1,1075,1084,1076,-1,675,885,884,-1,884,885,1088,-1,884,1088,1085,-1,1085,1088,1089,-1,1085,1089,1086,-1,1086,1089,1090,-1,1086,1090,1087,-1,1087,1090,819,-1,1087,819,1083,-1,1083,819,818,-1,1083,818,1081,-1,1091,1092,1093,-1,1093,1092,1094,-1,672,886,885,-1,885,886,1095,-1,885,1095,1088,-1,1088,1095,1096,-1,1088,1096,1089,-1,1089,1096,1097,-1,1089,1097,1090,-1,1090,1097,1093,-1,1090,1093,819,-1,819,1093,1094,-1,819,1094,817,-1,676,887,886,-1,886,887,1098,-1,886,1098,1095,-1,1095,1098,1099,-1,1095,1099,1096,-1,1096,1099,1100,-1,1096,1100,1097,-1,1097,1100,816,-1,1097,816,1093,-1,1093,816,815,-1,1093,815,1091,-1,1101,1102,1103,-1,1103,1102,1104,-1,680,888,887,-1,887,888,1105,-1,887,1105,1098,-1,1098,1105,1106,-1,1098,1106,1099,-1,1099,1106,1107,-1,1099,1107,1100,-1,1100,1107,1103,-1,1100,1103,816,-1,816,1103,1104,-1,816,1104,814,-1,690,889,888,-1,888,889,1108,-1,888,1108,1105,-1,1105,1108,1109,-1,1105,1109,1106,-1,1106,1109,1110,-1,1106,1110,1107,-1,1107,1110,813,-1,1107,813,1103,-1,1103,813,812,-1,1103,812,1101,-1,1111,1112,1113,-1,686,851,889,-1,889,851,1114,-1,889,1114,1108,-1,1108,1114,1115,-1,1108,1115,1109,-1,1109,1115,1116,-1,1109,1116,1110,-1,1110,1116,1111,-1,1110,1111,813,-1,813,1111,1113,-1,813,1113,811,-1,1117,1118,1119,-1,1119,1118,1120,-1,683,890,851,-1,851,890,1121,-1,851,1121,1114,-1,1114,1121,1122,-1,1114,1122,1115,-1,1115,1122,1123,-1,1115,1123,1116,-1,1116,1123,1119,-1,1116,1119,1111,-1,1111,1119,1120,-1,1111,1120,1112,-1,1124,1125,1126,-1,696,850,890,-1,890,850,1127,-1,890,1127,1121,-1,1121,1127,1128,-1,1121,1128,1122,-1,1122,1128,1129,-1,1122,1129,1123,-1,1123,1129,1124,-1,1123,1124,1119,-1,1119,1124,1126,-1,1119,1126,1117,-1,1130,1131,1132,-1,1132,1131,1133,-1,701,891,850,-1,850,891,1134,-1,850,1134,1127,-1,1127,1134,1135,-1,1127,1135,1128,-1,1128,1135,1136,-1,1128,1136,1129,-1,1129,1136,1132,-1,1129,1132,1124,-1,1124,1132,1133,-1,1124,1133,1125,-1,709,892,891,-1,891,892,1137,-1,891,1137,1134,-1,1134,1137,1138,-1,1134,1138,1135,-1,1135,1138,1139,-1,1135,1139,1136,-1,1136,1139,810,-1,1136,810,1132,-1,1132,810,809,-1,1132,809,1130,-1,1140,1141,1142,-1,1142,1141,1143,-1,705,893,892,-1,892,893,1144,-1,892,1144,1137,-1,1137,1144,1145,-1,1137,1145,1138,-1,1138,1145,1146,-1,1138,1146,1139,-1,1139,1146,1142,-1,1139,1142,810,-1,810,1142,1143,-1,810,1143,808,-1,711,894,893,-1,893,894,1147,-1,893,1147,1144,-1,1144,1147,1148,-1,1144,1148,1145,-1,1145,1148,1149,-1,1145,1149,1146,-1,1146,1149,807,-1,1146,807,1142,-1,1142,807,806,-1,1142,806,1140,-1,1150,1151,1152,-1,715,849,894,-1,894,849,1153,-1,894,1153,1147,-1,1147,1153,1154,-1,1147,1154,1148,-1,1148,1154,1155,-1,1148,1155,1149,-1,1149,1155,1150,-1,1149,1150,807,-1,807,1150,1152,-1,807,1152,805,-1,1156,1157,1158,-1,1158,1157,1159,-1,726,895,849,-1,849,895,1160,-1,849,1160,1153,-1,1153,1160,1161,-1,1153,1161,1154,-1,1154,1161,1162,-1,1154,1162,1155,-1,1155,1162,1158,-1,1155,1158,1150,-1,1150,1158,1159,-1,1150,1159,1151,-1,1163,1164,1165,-1,721,848,895,-1,895,848,1166,-1,895,1166,1160,-1,1160,1166,1167,-1,1160,1167,1161,-1,1161,1167,1168,-1,1161,1168,1162,-1,1162,1168,1163,-1,1162,1163,1158,-1,1158,1163,1165,-1,1158,1165,1156,-1,1169,1170,1171,-1,1171,1170,1172,-1,718,896,848,-1,848,896,1173,-1,848,1173,1166,-1,1166,1173,1174,-1,1166,1174,1167,-1,1167,1174,1175,-1,1167,1175,1168,-1,1168,1175,1171,-1,1168,1171,1163,-1,1163,1171,1172,-1,1163,1172,1164,-1,803,847,896,-1,896,847,1176,-1,896,1176,1173,-1,1173,1176,1177,-1,1173,1177,1174,-1,1174,1177,1178,-1,1174,1178,1175,-1,1175,1178,1179,-1,1175,1179,1171,-1,1171,1179,1180,-1,1171,1180,1169,-1,1181,1182,1183,-1,1182,1184,1185,-1,1184,909,900,-1,1184,900,1185,-1,1185,900,898,-1,1185,898,1186,-1,898,897,1186,-1,1186,897,845,-1,1186,845,1187,-1,845,844,1187,-1,1187,844,916,-1,1187,916,1188,-1,1188,916,914,-1,1188,914,1189,-1,1189,914,913,-1,1189,913,1190,-1,1190,913,842,-1,842,841,1190,-1,1190,841,925,-1,1190,925,1191,-1,1191,925,924,-1,1191,924,1192,-1,1192,924,932,-1,1192,932,1193,-1,1193,932,930,-1,930,929,1193,-1,1193,929,938,-1,1193,938,1194,-1,1194,938,937,-1,1194,937,1195,-1,1195,937,945,-1,1195,945,1196,-1,1196,945,943,-1,943,942,1196,-1,1196,942,839,-1,1196,839,1197,-1,839,838,1197,-1,1197,838,955,-1,1197,955,1198,-1,1198,955,953,-1,1198,953,1199,-1,953,952,1199,-1,1199,952,836,-1,1199,836,1200,-1,836,835,1200,-1,1200,835,965,-1,1200,965,1201,-1,1201,965,963,-1,1201,963,1202,-1,1202,963,962,-1,1202,962,1203,-1,1203,962,833,-1,833,832,1203,-1,1203,832,974,-1,1203,974,1204,-1,1204,974,973,-1,1204,973,1205,-1,1205,973,981,-1,1205,981,1206,-1,1206,981,979,-1,979,978,1206,-1,1206,978,987,-1,1206,987,1207,-1,1207,987,986,-1,1207,986,1208,-1,986,994,1208,-1,1208,994,992,-1,1208,992,1209,-1,992,991,1209,-1,1209,991,830,-1,1209,830,1210,-1,830,829,1210,-1,1210,829,1004,-1,1210,1004,1211,-1,1211,1004,1002,-1,1211,1002,1212,-1,1212,1002,1001,-1,1212,1001,1213,-1,1213,1001,827,-1,827,826,1213,-1,1213,826,1013,-1,1213,1013,1214,-1,1214,1013,1012,-1,1214,1012,1215,-1,1215,1012,1020,-1,1215,1020,1216,-1,1216,1020,1018,-1,1018,1017,1216,-1,1216,1017,1026,-1,1216,1026,1217,-1,1217,1026,1025,-1,1217,1025,1218,-1,1218,1025,1033,-1,1218,1033,1219,-1,1219,1033,1031,-1,1031,1030,1219,-1,1219,1030,1041,-1,1219,1041,1220,-1,1220,1041,1045,-1,1220,1045,1221,-1,1221,1045,1043,-1,1221,1043,1222,-1,1043,1042,1222,-1,1222,1042,824,-1,1222,824,1223,-1,824,823,1223,-1,1223,823,1055,-1,1223,1055,1224,-1,1224,1055,1053,-1,1224,1053,1225,-1,1225,1053,1052,-1,1225,1052,1226,-1,1226,1052,821,-1,821,820,1226,-1,1226,820,1064,-1,1226,1064,1227,-1,1227,1064,1063,-1,1227,1063,1228,-1,1228,1063,1071,-1,1228,1071,1229,-1,1229,1071,1069,-1,1069,1068,1229,-1,1229,1068,1077,-1,1229,1077,1230,-1,1230,1077,1076,-1,1230,1076,1231,-1,1231,1076,1084,-1,1231,1084,1232,-1,1232,1084,1082,-1,1082,1081,1232,-1,1232,1081,818,-1,1232,818,1233,-1,818,817,1233,-1,1233,817,1094,-1,1233,1094,1234,-1,1234,1094,1092,-1,1234,1092,1235,-1,1092,1091,1235,-1,1235,1091,815,-1,1235,815,1236,-1,815,814,1236,-1,1236,814,1104,-1,1236,1104,1237,-1,1237,1104,1102,-1,1237,1102,1238,-1,1238,1102,1101,-1,1238,1101,1239,-1,1239,1101,812,-1,812,811,1239,-1,1239,811,1113,-1,1239,1113,1240,-1,1240,1113,1112,-1,1240,1112,1241,-1,1241,1112,1120,-1,1241,1120,1242,-1,1242,1120,1118,-1,1118,1117,1242,-1,1242,1117,1126,-1,1242,1126,1243,-1,1243,1126,1125,-1,1243,1125,1244,-1,1125,1133,1244,-1,1244,1133,1131,-1,1244,1131,1245,-1,1131,1130,1245,-1,1245,1130,809,-1,1245,809,1246,-1,809,808,1246,-1,1246,808,1143,-1,1246,1143,1247,-1,1247,1143,1141,-1,1247,1141,1248,-1,1248,1141,1140,-1,1248,1140,1249,-1,1249,1140,806,-1,806,805,1249,-1,1249,805,1152,-1,1249,1152,1250,-1,1250,1152,1151,-1,1250,1151,1251,-1,1251,1151,1159,-1,1251,1159,1252,-1,1252,1159,1157,-1,1157,1156,1252,-1,1252,1156,1165,-1,1252,1165,1253,-1,1253,1165,1164,-1,1253,1164,1254,-1,1254,1164,1172,-1,1254,1172,1255,-1,1255,1172,1170,-1,1170,1169,1255,-1,1255,1169,1180,-1,1255,1180,1256,-1,1182,1185,1183,-1,1183,1185,1186,-1,1183,1186,1257,-1,1257,1186,1187,-1,1257,1187,1258,-1,1258,1187,1188,-1,1258,1188,1259,-1,1259,1188,1189,-1,1259,1189,1260,-1,1260,1189,1190,-1,1260,1190,1261,-1,1261,1190,1191,-1,1261,1191,1262,-1,1262,1191,1192,-1,1262,1192,1263,-1,1263,1192,1193,-1,1263,1193,1264,-1,1264,1193,1194,-1,1264,1194,1265,-1,1265,1194,1195,-1,1265,1195,1266,-1,1266,1195,1196,-1,1266,1196,1267,-1,1267,1196,1197,-1,1267,1197,1268,-1,1268,1197,1198,-1,1268,1198,1269,-1,1269,1198,1199,-1,1269,1199,1270,-1,1270,1199,1200,-1,1270,1200,1271,-1,1271,1200,1201,-1,1271,1201,1272,-1,1272,1201,1202,-1,1272,1202,1273,-1,1273,1202,1203,-1,1273,1203,1274,-1,1274,1203,1204,-1,1274,1204,1275,-1,1275,1204,1205,-1,1275,1205,1276,-1,1276,1205,1206,-1,1276,1206,1277,-1,1277,1206,1207,-1,1277,1207,1278,-1,1278,1207,1208,-1,1278,1208,1279,-1,1279,1208,1209,-1,1279,1209,1280,-1,1280,1209,1210,-1,1280,1210,1281,-1,1281,1210,1211,-1,1281,1211,1282,-1,1282,1211,1212,-1,1282,1212,1283,-1,1283,1212,1213,-1,1283,1213,1284,-1,1284,1213,1214,-1,1284,1214,1285,-1,1285,1214,1215,-1,1285,1215,1286,-1,1286,1215,1216,-1,1286,1216,1287,-1,1287,1216,1217,-1,1287,1217,1288,-1,1288,1217,1218,-1,1288,1218,1289,-1,1289,1218,1219,-1,1289,1219,1290,-1,1290,1219,1220,-1,1290,1220,1291,-1,1291,1220,1221,-1,1291,1221,1292,-1,1292,1221,1222,-1,1292,1222,1293,-1,1293,1222,1223,-1,1293,1223,1294,-1,1294,1223,1224,-1,1294,1224,1295,-1,1295,1224,1225,-1,1295,1225,1296,-1,1296,1225,1226,-1,1296,1226,1297,-1,1297,1226,1227,-1,1297,1227,1298,-1,1298,1227,1228,-1,1298,1228,1299,-1,1299,1228,1229,-1,1299,1229,1300,-1,1300,1229,1230,-1,1300,1230,1301,-1,1301,1230,1231,-1,1301,1231,1302,-1,1302,1231,1232,-1,1302,1232,1303,-1,1303,1232,1233,-1,1303,1233,1304,-1,1304,1233,1234,-1,1304,1234,1305,-1,1305,1234,1235,-1,1305,1235,1306,-1,1306,1235,1236,-1,1306,1236,1307,-1,1307,1236,1237,-1,1307,1237,1308,-1,1308,1237,1238,-1,1308,1238,1309,-1,1309,1238,1239,-1,1309,1239,1310,-1,1310,1239,1240,-1,1310,1240,1311,-1,1311,1240,1241,-1,1311,1241,1312,-1,1312,1241,1242,-1,1312,1242,1313,-1,1313,1242,1243,-1,1313,1243,1314,-1,1314,1243,1244,-1,1314,1244,1315,-1,1315,1244,1245,-1,1315,1245,1316,-1,1316,1245,1246,-1,1316,1246,1317,-1,1317,1246,1247,-1,1317,1247,1318,-1,1318,1247,1248,-1,1318,1248,1319,-1,1319,1248,1249,-1,1319,1249,1320,-1,1320,1249,1250,-1,1320,1250,1321,-1,1321,1250,1251,-1,1321,1251,1322,-1,1322,1251,1252,-1,1322,1252,1323,-1,1323,1252,1253,-1,1323,1253,1324,-1,1324,1253,1254,-1,1324,1254,1325,-1,1325,1254,1255,-1,1325,1255,1326,-1,1326,1255,1256,-1,1326,1256,1327,-1,1181,1183,1328,-1,1328,1183,1257,-1,1328,1257,1329,-1,1329,1257,1258,-1,1329,1258,1330,-1,1330,1258,1259,-1,1330,1259,1331,-1,1331,1259,1260,-1,1331,1260,1332,-1,1332,1260,1261,-1,1332,1261,1333,-1,1333,1261,1262,-1,1333,1262,1334,-1,1334,1262,1263,-1,1334,1263,1335,-1,1335,1263,1264,-1,1335,1264,1336,-1,1336,1264,1265,-1,1336,1265,1337,-1,1337,1265,1266,-1,1337,1266,1338,-1,1338,1266,1267,-1,1338,1267,1339,-1,1339,1267,1268,-1,1339,1268,1340,-1,1340,1268,1269,-1,1340,1269,1341,-1,1341,1269,1270,-1,1341,1270,1342,-1,1342,1270,1271,-1,1342,1271,1343,-1,1343,1271,1272,-1,1343,1272,1344,-1,1344,1272,1273,-1,1344,1273,1345,-1,1345,1273,1274,-1,1345,1274,1346,-1,1346,1274,1275,-1,1346,1275,1347,-1,1347,1275,1276,-1,1347,1276,1348,-1,1348,1276,1277,-1,1348,1277,1349,-1,1349,1277,1278,-1,1349,1278,1350,-1,1350,1278,1279,-1,1350,1279,1351,-1,1351,1279,1280,-1,1351,1280,1352,-1,1352,1280,1281,-1,1352,1281,1353,-1,1353,1281,1282,-1,1353,1282,1354,-1,1354,1282,1283,-1,1354,1283,1355,-1,1355,1283,1284,-1,1355,1284,1356,-1,1356,1284,1285,-1,1356,1285,1357,-1,1357,1285,1286,-1,1357,1286,1358,-1,1358,1286,1287,-1,1358,1287,1359,-1,1359,1287,1288,-1,1359,1288,1360,-1,1360,1288,1289,-1,1360,1289,1361,-1,1361,1289,1290,-1,1361,1290,1362,-1,1362,1290,1291,-1,1362,1291,1363,-1,1363,1291,1292,-1,1363,1292,1364,-1,1364,1292,1293,-1,1364,1293,1365,-1,1365,1293,1294,-1,1365,1294,1366,-1,1366,1294,1295,-1,1366,1295,1367,-1,1367,1295,1296,-1,1367,1296,1368,-1,1368,1296,1297,-1,1368,1297,1369,-1,1369,1297,1298,-1,1369,1298,1370,-1,1370,1298,1299,-1,1370,1299,1371,-1,1371,1299,1300,-1,1371,1300,1372,-1,1372,1300,1301,-1,1372,1301,1373,-1,1373,1301,1302,-1,1373,1302,1374,-1,1374,1302,1303,-1,1374,1303,1375,-1,1375,1303,1304,-1,1375,1304,1376,-1,1376,1304,1305,-1,1376,1305,1377,-1,1377,1305,1306,-1,1377,1306,1378,-1,1378,1306,1307,-1,1378,1307,1379,-1,1379,1307,1308,-1,1379,1308,1380,-1,1380,1308,1309,-1,1380,1309,1381,-1,1381,1309,1310,-1,1381,1310,1382,-1,1382,1310,1311,-1,1382,1311,1383,-1,1383,1311,1312,-1,1383,1312,1384,-1,1384,1312,1313,-1,1384,1313,1385,-1,1385,1313,1314,-1,1385,1314,1386,-1,1386,1314,1315,-1,1386,1315,1387,-1,1387,1315,1316,-1,1387,1316,1388,-1,1388,1316,1317,-1,1388,1317,1389,-1,1389,1317,1318,-1,1389,1318,1390,-1,1390,1318,1319,-1,1390,1319,1391,-1,1391,1319,1320,-1,1391,1320,1392,-1,1392,1320,1321,-1,1392,1321,1393,-1,1393,1321,1322,-1,1393,1322,1394,-1,1394,1322,1323,-1,1394,1323,1395,-1,1395,1323,1324,-1,1395,1324,1396,-1,1396,1324,1325,-1,1396,1325,1397,-1,1397,1325,1326,-1,1397,1326,1398,-1,1398,1326,1327,-1,1398,1327,1399,-1,1400,1401,1402,-1,1401,1403,1404,-1,1403,1405,1406,-1,1405,1407,1408,-1,1407,1409,1410,-1,1411,1412,1413,-1,1413,1412,1414,-1,1413,1414,1415,-1,1415,1414,1410,-1,1415,1410,1416,-1,1416,1410,1409,-1,1416,1409,1417,-1,1411,1418,1412,-1,1412,1418,1419,-1,1412,1419,1420,-1,1420,1419,1421,-1,1420,1421,1422,-1,1422,1421,1423,-1,1422,1423,1424,-1,1424,1423,1425,-1,1425,1426,1424,-1,1424,1426,1427,-1,1424,1427,1428,-1,1428,1427,1429,-1,1428,1429,1430,-1,1430,1429,1431,-1,1430,1431,1432,-1,1432,1431,1433,-1,1433,1434,1432,-1,1432,1434,1435,-1,1432,1435,1436,-1,1435,1437,1436,-1,1436,1437,1438,-1,1436,1438,1439,-1,1439,1438,1440,-1,1439,1440,1441,-1,1441,1440,1442,-1,1441,1442,1443,-1,1443,1442,1444,-1,1444,1445,1443,-1,1443,1445,1446,-1,1443,1446,1447,-1,1447,1446,1448,-1,1447,1448,1449,-1,1449,1448,1450,-1,1449,1450,1451,-1,1451,1450,1452,-1,1452,1453,1451,-1,1451,1453,1454,-1,1451,1454,1455,-1,1455,1454,1456,-1,1455,1456,1457,-1,1457,1456,1458,-1,1457,1458,1459,-1,1459,1458,1460,-1,1459,1460,1461,-1,1461,1460,1462,-1,1462,1463,1461,-1,1461,1463,1464,-1,1461,1464,1465,-1,1465,1464,1466,-1,1465,1466,1467,-1,1467,1466,1468,-1,1467,1468,1469,-1,1469,1468,1470,-1,1470,1471,1469,-1,1469,1471,1472,-1,1469,1472,1473,-1,1473,1472,1474,-1,1473,1474,1475,-1,1475,1474,1476,-1,1475,1476,1477,-1,1477,1476,1478,-1,1478,1479,1477,-1,1477,1479,1480,-1,1477,1480,1481,-1,1480,1482,1481,-1,1481,1482,1483,-1,1481,1483,1484,-1,1484,1483,1485,-1,1484,1485,1486,-1,1486,1485,1487,-1,1486,1487,1488,-1,1488,1487,1489,-1,1489,1490,1488,-1,1488,1490,1491,-1,1488,1491,1492,-1,1492,1491,1493,-1,1492,1493,1494,-1,1494,1493,1495,-1,1494,1495,1496,-1,1496,1495,1497,-1,1497,1498,1496,-1,1496,1498,1499,-1,1496,1499,1500,-1,1500,1499,1501,-1,1500,1501,1502,-1,1502,1501,1503,-1,1502,1503,1504,-1,1504,1503,1505,-1,1504,1505,1506,-1,1506,1505,1507,-1,1507,1508,1506,-1,1506,1508,1509,-1,1506,1509,1510,-1,1510,1509,1511,-1,1510,1511,1512,-1,1512,1511,1513,-1,1512,1513,1514,-1,1514,1513,1515,-1,1515,1516,1514,-1,1514,1516,1517,-1,1514,1517,1518,-1,1518,1517,1519,-1,1518,1519,1520,-1,1519,1521,1520,-1,1520,1521,1522,-1,1520,1522,1523,-1,1522,1524,1523,-1,1523,1524,1525,-1,1523,1525,1526,-1,1525,1527,1526,-1,1526,1527,1528,-1,1526,1528,1529,-1,1529,1528,1530,-1,1529,1530,1531,-1,1531,1530,1532,-1,1531,1532,1533,-1,1533,1532,1534,-1,1534,1535,1533,-1,1533,1535,1536,-1,1533,1536,1537,-1,1537,1536,1538,-1,1537,1538,1539,-1,1539,1538,1540,-1,1539,1540,1541,-1,1541,1540,1542,-1,1542,1543,1541,-1,1541,1543,1544,-1,1541,1544,1545,-1,1407,1410,1408,-1,1408,1410,1414,-1,1408,1414,1546,-1,1546,1414,1412,-1,1546,1412,1547,-1,1547,1412,1420,-1,1547,1420,1548,-1,1548,1420,1422,-1,1548,1422,1549,-1,1549,1422,1424,-1,1549,1424,1550,-1,1550,1424,1428,-1,1550,1428,1551,-1,1551,1428,1430,-1,1551,1430,1552,-1,1552,1430,1432,-1,1552,1432,1553,-1,1553,1432,1436,-1,1553,1436,1554,-1,1554,1436,1439,-1,1554,1439,1555,-1,1555,1439,1441,-1,1555,1441,1556,-1,1556,1441,1443,-1,1556,1443,1557,-1,1557,1443,1447,-1,1557,1447,1558,-1,1558,1447,1449,-1,1558,1449,1559,-1,1559,1449,1451,-1,1559,1451,1560,-1,1560,1451,1455,-1,1560,1455,1561,-1,1561,1455,1457,-1,1561,1457,1562,-1,1562,1457,1459,-1,1562,1459,1563,-1,1563,1459,1461,-1,1563,1461,1564,-1,1564,1461,1465,-1,1564,1465,1565,-1,1565,1465,1467,-1,1565,1467,1566,-1,1566,1467,1469,-1,1566,1469,1567,-1,1567,1469,1473,-1,1567,1473,1568,-1,1568,1473,1475,-1,1568,1475,1569,-1,1569,1475,1477,-1,1569,1477,1570,-1,1570,1477,1481,-1,1570,1481,1571,-1,1571,1481,1484,-1,1571,1484,1572,-1,1572,1484,1486,-1,1572,1486,1573,-1,1573,1486,1488,-1,1573,1488,1574,-1,1574,1488,1492,-1,1574,1492,1575,-1,1575,1492,1494,-1,1575,1494,1576,-1,1576,1494,1496,-1,1576,1496,1577,-1,1577,1496,1500,-1,1577,1500,1578,-1,1578,1500,1502,-1,1578,1502,1579,-1,1579,1502,1504,-1,1579,1504,1580,-1,1580,1504,1506,-1,1580,1506,1581,-1,1581,1506,1510,-1,1581,1510,1582,-1,1582,1510,1512,-1,1582,1512,1583,-1,1583,1512,1514,-1,1583,1514,1584,-1,1584,1514,1518,-1,1584,1518,1585,-1,1585,1518,1520,-1,1585,1520,1586,-1,1586,1520,1523,-1,1586,1523,1587,-1,1587,1523,1526,-1,1587,1526,1588,-1,1588,1526,1529,-1,1588,1529,1589,-1,1589,1529,1531,-1,1589,1531,1590,-1,1590,1531,1533,-1,1590,1533,1591,-1,1591,1533,1537,-1,1591,1537,1592,-1,1592,1537,1539,-1,1592,1539,1593,-1,1593,1539,1541,-1,1593,1541,1594,-1,1594,1541,1545,-1,1594,1545,1595,-1,1405,1408,1406,-1,1406,1408,1546,-1,1406,1546,1596,-1,1596,1546,1547,-1,1596,1547,1597,-1,1597,1547,1548,-1,1597,1548,1598,-1,1598,1548,1549,-1,1598,1549,1599,-1,1599,1549,1550,-1,1599,1550,1600,-1,1600,1550,1551,-1,1600,1551,1601,-1,1601,1551,1552,-1,1601,1552,1602,-1,1602,1552,1553,-1,1602,1553,1603,-1,1603,1553,1554,-1,1603,1554,1604,-1,1604,1554,1555,-1,1604,1555,1605,-1,1605,1555,1556,-1,1605,1556,1606,-1,1606,1556,1557,-1,1606,1557,1607,-1,1607,1557,1558,-1,1607,1558,1608,-1,1608,1558,1559,-1,1608,1559,1609,-1,1609,1559,1560,-1,1609,1560,1610,-1,1610,1560,1561,-1,1610,1561,1611,-1,1611,1561,1562,-1,1611,1562,1612,-1,1612,1562,1563,-1,1612,1563,1613,-1,1613,1563,1564,-1,1613,1564,1614,-1,1614,1564,1565,-1,1614,1565,1615,-1,1615,1565,1566,-1,1615,1566,1616,-1,1616,1566,1567,-1,1616,1567,1617,-1,1617,1567,1568,-1,1617,1568,1618,-1,1618,1568,1569,-1,1618,1569,1619,-1,1619,1569,1570,-1,1619,1570,1620,-1,1620,1570,1571,-1,1620,1571,1621,-1,1621,1571,1572,-1,1621,1572,1622,-1,1622,1572,1573,-1,1622,1573,1623,-1,1623,1573,1574,-1,1623,1574,1624,-1,1624,1574,1575,-1,1624,1575,1625,-1,1625,1575,1576,-1,1625,1576,1626,-1,1626,1576,1577,-1,1626,1577,1627,-1,1627,1577,1578,-1,1627,1578,1628,-1,1628,1578,1579,-1,1628,1579,1629,-1,1629,1579,1580,-1,1629,1580,1630,-1,1630,1580,1581,-1,1630,1581,1631,-1,1631,1581,1582,-1,1631,1582,1632,-1,1632,1582,1583,-1,1632,1583,1633,-1,1633,1583,1584,-1,1633,1584,1634,-1,1634,1584,1585,-1,1634,1585,1635,-1,1635,1585,1586,-1,1635,1586,1636,-1,1636,1586,1587,-1,1636,1587,1637,-1,1637,1587,1588,-1,1637,1588,1638,-1,1638,1588,1589,-1,1638,1589,1639,-1,1639,1589,1590,-1,1639,1590,1640,-1,1640,1590,1591,-1,1640,1591,1641,-1,1641,1591,1592,-1,1641,1592,1642,-1,1642,1592,1593,-1,1642,1593,1643,-1,1643,1593,1594,-1,1643,1594,1644,-1,1644,1594,1595,-1,1644,1595,1645,-1,1403,1406,1404,-1,1404,1406,1596,-1,1404,1596,1646,-1,1646,1596,1597,-1,1646,1597,1647,-1,1647,1597,1598,-1,1647,1598,1648,-1,1648,1598,1599,-1,1648,1599,1649,-1,1649,1599,1600,-1,1649,1600,1650,-1,1650,1600,1601,-1,1650,1601,1651,-1,1651,1601,1602,-1,1651,1602,1652,-1,1652,1602,1603,-1,1652,1603,1653,-1,1653,1603,1604,-1,1653,1604,1654,-1,1654,1604,1605,-1,1654,1605,1655,-1,1655,1605,1606,-1,1655,1606,1656,-1,1656,1606,1607,-1,1656,1607,1657,-1,1657,1607,1608,-1,1657,1608,1658,-1,1658,1608,1609,-1,1658,1609,1659,-1,1659,1609,1610,-1,1659,1610,1660,-1,1660,1610,1611,-1,1660,1611,1661,-1,1661,1611,1612,-1,1661,1612,1662,-1,1662,1612,1613,-1,1662,1613,1663,-1,1663,1613,1614,-1,1663,1614,1664,-1,1664,1614,1615,-1,1664,1615,1665,-1,1665,1615,1616,-1,1665,1616,1666,-1,1666,1616,1617,-1,1666,1617,1667,-1,1667,1617,1618,-1,1667,1618,1668,-1,1668,1618,1619,-1,1668,1619,1669,-1,1669,1619,1620,-1,1669,1620,1670,-1,1670,1620,1621,-1,1670,1621,1671,-1,1671,1621,1622,-1,1671,1622,1672,-1,1672,1622,1623,-1,1672,1623,1673,-1,1673,1623,1624,-1,1673,1624,1674,-1,1674,1624,1625,-1,1674,1625,1675,-1,1675,1625,1626,-1,1675,1626,1676,-1,1676,1626,1627,-1,1676,1627,1677,-1,1677,1627,1628,-1,1677,1628,1678,-1,1678,1628,1629,-1,1678,1629,1679,-1,1679,1629,1630,-1,1679,1630,1680,-1,1680,1630,1631,-1,1680,1631,1681,-1,1681,1631,1632,-1,1681,1632,1682,-1,1682,1632,1633,-1,1682,1633,1683,-1,1683,1633,1634,-1,1683,1634,1684,-1,1684,1634,1635,-1,1684,1635,1685,-1,1685,1635,1636,-1,1685,1636,1686,-1,1686,1636,1637,-1,1686,1637,1687,-1,1687,1637,1638,-1,1687,1638,1688,-1,1688,1638,1639,-1,1688,1639,1689,-1,1689,1639,1640,-1,1689,1640,1690,-1,1690,1640,1641,-1,1690,1641,1691,-1,1691,1641,1642,-1,1691,1642,1692,-1,1692,1642,1643,-1,1692,1643,1693,-1,1693,1643,1644,-1,1693,1644,1694,-1,1694,1644,1645,-1,1694,1645,1695,-1,1401,1404,1402,-1,1402,1404,1646,-1,1402,1646,1696,-1,1696,1646,1647,-1,1696,1647,1697,-1,1697,1647,1648,-1,1697,1648,1698,-1,1698,1648,1649,-1,1698,1649,1699,-1,1699,1649,1650,-1,1699,1650,1700,-1,1700,1650,1651,-1,1700,1651,1701,-1,1701,1651,1652,-1,1701,1652,1702,-1,1702,1652,1653,-1,1702,1653,1703,-1,1703,1653,1654,-1,1703,1654,1704,-1,1704,1654,1655,-1,1704,1655,1705,-1,1705,1655,1656,-1,1705,1656,1706,-1,1706,1656,1657,-1,1706,1657,1707,-1,1707,1657,1658,-1,1707,1658,1708,-1,1708,1658,1659,-1,1708,1659,1709,-1,1709,1659,1660,-1,1709,1660,1710,-1,1710,1660,1661,-1,1710,1661,1711,-1,1711,1661,1662,-1,1711,1662,1712,-1,1712,1662,1663,-1,1712,1663,1713,-1,1713,1663,1664,-1,1713,1664,1714,-1,1714,1664,1665,-1,1714,1665,1715,-1,1715,1665,1666,-1,1715,1666,1716,-1,1716,1666,1667,-1,1716,1667,1717,-1,1717,1667,1668,-1,1717,1668,1718,-1,1718,1668,1669,-1,1718,1669,1719,-1,1719,1669,1670,-1,1719,1670,1720,-1,1720,1670,1671,-1,1720,1671,1721,-1,1721,1671,1672,-1,1721,1672,1722,-1,1722,1672,1673,-1,1722,1673,1723,-1,1723,1673,1674,-1,1723,1674,1724,-1,1724,1674,1675,-1,1724,1675,1725,-1,1725,1675,1676,-1,1725,1676,1726,-1,1726,1676,1677,-1,1726,1677,1727,-1,1727,1677,1678,-1,1727,1678,1728,-1,1728,1678,1679,-1,1728,1679,1729,-1,1729,1679,1680,-1,1729,1680,1730,-1,1730,1680,1681,-1,1730,1681,1731,-1,1731,1681,1682,-1,1731,1682,1732,-1,1732,1682,1683,-1,1732,1683,1733,-1,1733,1683,1684,-1,1733,1684,1734,-1,1734,1684,1685,-1,1734,1685,1735,-1,1735,1685,1686,-1,1735,1686,1736,-1,1736,1686,1687,-1,1736,1687,1737,-1,1737,1687,1688,-1,1737,1688,1738,-1,1738,1688,1689,-1,1738,1689,1739,-1,1739,1689,1690,-1,1739,1690,1740,-1,1740,1690,1691,-1,1740,1691,1741,-1,1741,1691,1692,-1,1741,1692,1742,-1,1742,1692,1693,-1,1742,1693,1743,-1,1743,1693,1694,-1,1743,1694,1744,-1,1744,1694,1695,-1,1744,1695,1745,-1,1400,1402,1746,-1,1746,1402,1696,-1,1746,1696,1747,-1,1747,1696,1697,-1,1747,1697,1748,-1,1748,1697,1698,-1,1748,1698,1749,-1,1749,1698,1699,-1,1749,1699,1750,-1,1750,1699,1700,-1,1750,1700,1751,-1,1751,1700,1701,-1,1751,1701,1752,-1,1752,1701,1702,-1,1752,1702,1753,-1,1753,1702,1703,-1,1753,1703,1754,-1,1754,1703,1704,-1,1754,1704,1755,-1,1755,1704,1705,-1,1755,1705,1756,-1,1756,1705,1706,-1,1756,1706,1757,-1,1757,1706,1707,-1,1757,1707,1758,-1,1758,1707,1708,-1,1758,1708,1759,-1,1759,1708,1709,-1,1759,1709,1760,-1,1760,1709,1710,-1,1760,1710,1761,-1,1761,1710,1711,-1,1761,1711,1762,-1,1762,1711,1712,-1,1762,1712,1763,-1,1763,1712,1713,-1,1763,1713,1764,-1,1764,1713,1714,-1,1764,1714,1765,-1,1765,1714,1715,-1,1765,1715,1766,-1,1766,1715,1716,-1,1766,1716,1767,-1,1767,1716,1717,-1,1767,1717,1768,-1,1768,1717,1718,-1,1768,1718,1769,-1,1769,1718,1719,-1,1769,1719,1770,-1,1770,1719,1720,-1,1770,1720,1771,-1,1771,1720,1721,-1,1771,1721,1772,-1,1772,1721,1722,-1,1772,1722,1773,-1,1773,1722,1723,-1,1773,1723,1774,-1,1774,1723,1724,-1,1774,1724,1775,-1,1775,1724,1725,-1,1775,1725,1776,-1,1776,1725,1726,-1,1776,1726,1777,-1,1777,1726,1727,-1,1777,1727,1778,-1,1778,1727,1728,-1,1778,1728,1779,-1,1779,1728,1729,-1,1779,1729,1780,-1,1780,1729,1730,-1,1780,1730,1781,-1,1781,1730,1731,-1,1781,1731,1782,-1,1782,1731,1732,-1,1782,1732,1783,-1,1783,1732,1733,-1,1783,1733,1784,-1,1784,1733,1734,-1,1784,1734,1785,-1,1785,1734,1735,-1,1785,1735,1786,-1,1786,1735,1736,-1,1786,1736,1787,-1,1787,1736,1737,-1,1787,1737,1788,-1,1788,1737,1738,-1,1788,1738,1789,-1,1789,1738,1739,-1,1789,1739,1790,-1,1790,1739,1740,-1,1790,1740,1791,-1,1791,1740,1741,-1,1791,1741,1792,-1,1792,1741,1742,-1,1792,1742,1793,-1,1793,1742,1743,-1,1793,1743,1794,-1,1794,1743,1744,-1,1794,1744,1795,-1,1795,1744,1745,-1,1795,1745,1796,-1,1797,1798,1787,-1,1799,1800,1770,-1,1796,1801,1795,-1,1795,1801,1802,-1,1803,1775,1804,-1,1804,1775,1776,-1,1804,1776,1805,-1,1770,1771,1799,-1,1799,1771,1772,-1,1799,1772,1806,-1,1806,1772,1773,-1,1806,1773,1803,-1,1803,1773,1774,-1,1803,1774,1775,-1,1807,1808,1400,-1,1809,1792,1810,-1,1810,1792,1793,-1,1810,1793,1802,-1,1802,1793,1794,-1,1802,1794,1795,-1,1811,1764,1812,-1,1812,1764,1765,-1,1812,1765,1813,-1,1400,1746,1807,-1,1807,1746,1747,-1,1807,1747,1814,-1,1814,1747,1748,-1,1814,1748,1815,-1,1787,1788,1797,-1,1797,1788,1789,-1,1797,1789,1816,-1,1816,1789,1790,-1,1816,1790,1809,-1,1809,1790,1791,-1,1809,1791,1792,-1,1817,1781,1818,-1,1818,1781,1782,-1,1818,1782,1819,-1,1765,1766,1813,-1,1813,1766,1767,-1,1813,1767,1820,-1,1820,1767,1768,-1,1820,1768,1800,-1,1800,1768,1769,-1,1800,1769,1770,-1,1821,1761,1822,-1,1822,1761,1762,-1,1822,1762,1811,-1,1811,1762,1763,-1,1811,1763,1764,-1,1823,1824,1753,-1,1782,1783,1819,-1,1819,1783,1784,-1,1819,1784,1825,-1,1825,1784,1785,-1,1825,1785,1798,-1,1798,1785,1786,-1,1798,1786,1787,-1,1776,1777,1805,-1,1805,1777,1778,-1,1805,1778,1826,-1,1826,1778,1779,-1,1826,1779,1817,-1,1817,1779,1780,-1,1817,1780,1781,-1,1827,1758,1828,-1,1828,1758,1759,-1,1828,1759,1821,-1,1821,1759,1760,-1,1821,1760,1761,-1,1753,1754,1823,-1,1823,1754,1755,-1,1823,1755,1829,-1,1829,1755,1756,-1,1829,1756,1827,-1,1827,1756,1757,-1,1827,1757,1758,-1,1748,1749,1815,-1,1815,1749,1750,-1,1815,1750,1830,-1,1830,1750,1751,-1,1830,1751,1824,-1,1824,1751,1752,-1,1824,1752,1753,-1,
        ]
    }
}
Shape{
    appearance Appearance {
        material  Material 	{
            diffuseColor 1.0 1.0 1.0
            specularColor 0.8784313725490196 0.8784313725490196 0.8784313725490196
            ambientIntensity 1.0
            transparency 0.0
            shininess 0.5
        }
    }
    geometry IndexedFaceSet {
        ccw TRUE
        solid FALSE
        coord DEF co Coordinate {
            point [
                1.0396 -1.8361 7.7953, 1.0341 -1.834 7.7953, 1.0341 -1.8339 7.7953, 1.0682 -1.8142 7.7953, 1.0682 -1.8143 7.7953, 1.0674 -1.8201 7.7953, 1.0651 -1.8255 7.7953, 1.0614 -1.8302 7.7953, 1.0568 -1.8338 7.7953, 1.0513 -1.836 7.7953, 1.0455 -1.8368 7.7953, -2.1083 -0.0197 7.7953, -2.1126 -0.0166 7.7953, -2.1082 -0.0197 7.7953, -2.1162 -0.0126 7.7953, -2.1186 -0.0079 7.7953, -2.1199 -0.0027 7.7953, -2.1199 0.0027 7.7953, -2.1186 0.0079 7.7953, -2.1083 0.0197 7.7953, -2.1082 0.0197 7.7953, -2.1126 0.0166 7.7953, -2.1162 0.0126 7.7953, -2.1083 0.0197 7.7559, -2.1126 0.0166 7.7559, -2.1162 0.0126 7.7559, -2.1186 0.0079 7.7559, -2.1199 0.0027 7.7559, -2.1199 -0.0027 7.7559, -2.1186 -0.0079 7.7559, -2.1162 -0.0126 7.7559, -2.1126 -0.0166 7.7559, -2.1083 -0.0197 7.7559, -0.0133 0.0197 7.7559, -0.0133 0.0197 7.7953, 1.0341 1.8339 7.7953, 1.0341 1.834 7.7559, 1.0341 1.834 7.7953, 1.0682 1.8143 7.7559, 1.0682 1.8143 7.7953, 1.0693 1.8192 7.7559, 1.0693 1.8192 7.7953, 1.0691 1.8242 7.7559, 1.0691 1.8242 7.7953, 1.0676 1.829 7.7559, 1.0676 1.829 7.7953, 1.065 1.8333 7.7559, 1.065 1.8333 7.7953, 1.0614 1.8368 7.7559, 1.0614 1.8368 7.7953, 1.0571 1.8393 7.7559, 1.0571 1.8393 7.7953, 1.0522 1.8407 7.7559, 1.0522 1.8407 7.7953, 1.0472 1.8408 7.7559, 1.0472 1.8408 7.7953, 1.0423 1.8396 7.7559, 1.0423 1.8396 7.7953, 1.0379 1.8373 7.7559, 1.0379 1.8373 7.7953, 1.0682 1.8142 7.7953, 0.0208 -0.0 7.7559, 0.0208 -0.0 7.7953, 1.0682 -1.8143 7.7559, 1.0341 -1.834 7.7559, 1.0396 -1.8361 7.7559, 1.0455 -1.8368 7.7559, 1.0513 -1.836 7.7559, 1.0568 -1.8338 7.7559, 1.0614 -1.8302 7.7559, 1.0651 -1.8255 7.7559, 1.0674 -1.8201 7.7559, -0.0133 -0.0197 7.7559, -0.0133 -0.0197 7.7953
            ]
        }
        coordIndex [
            0,1,2,-1,3,4,2,-1,2,4,5,-1,2,5,6,-1,6,7,2,-1,2,7,8,-1,2,8,0,-1,0,8,9,-1,0,9,10,-1,11,12,13,-1,13,12,14,-1,13,14,15,-1,15,16,13,-1,13,16,17,-1,13,17,18,-1,19,20,21,-1,21,20,13,-1,21,13,22,-1,22,13,18,-1,23,19,24,-1,24,19,21,-1,24,21,25,-1,25,21,22,-1,25,22,26,-1,26,22,18,-1,26,18,27,-1,27,18,17,-1,27,17,28,-1,28,17,16,-1,28,16,29,-1,29,16,15,-1,29,15,30,-1,30,15,14,-1,30,14,31,-1,31,14,12,-1,31,12,32,-1,32,12,11,-1,19,23,20,-1,20,23,33,-1,20,33,34,-1,34,33,35,-1,35,33,36,-1,35,36,37,-1,38,39,40,-1,40,39,41,-1,40,41,42,-1,42,41,43,-1,42,43,44,-1,44,43,45,-1,44,45,46,-1,46,45,47,-1,46,47,48,-1,48,47,49,-1,48,49,50,-1,50,49,51,-1,50,51,52,-1,52,51,53,-1,52,53,54,-1,54,53,55,-1,54,55,56,-1,56,55,57,-1,56,57,58,-1,58,57,59,-1,58,59,36,-1,36,59,37,-1,39,38,60,-1,60,38,61,-1,60,61,62,-1,62,61,3,-1,3,61,63,-1,3,63,4,-1,64,1,65,-1,65,1,0,-1,65,0,66,-1,66,0,10,-1,66,10,67,-1,67,10,9,-1,67,9,68,-1,68,9,8,-1,68,8,69,-1,69,8,7,-1,69,7,70,-1,70,7,6,-1,70,6,71,-1,71,6,5,-1,71,5,63,-1,63,5,4,-1,1,64,2,-1,2,64,72,-1,2,72,73,-1,73,72,13,-1,13,72,32,-1,13,32,11,-1,26,27,61,-1,31,32,72,-1,26,61,25,-1,27,28,61,-1,61,28,29,-1,61,29,30,-1,44,46,61,-1,61,46,48,-1,48,50,61,-1,61,50,52,-1,61,52,54,-1,30,31,61,-1,61,31,72,-1,61,72,63,-1,63,72,64,-1,63,64,71,-1,71,64,70,-1,66,67,65,-1,65,67,68,-1,65,68,64,-1,64,68,69,-1,64,69,70,-1,33,23,61,-1,61,23,24,-1,61,24,25,-1,38,40,61,-1,61,40,42,-1,61,42,44,-1,36,33,58,-1,58,33,61,-1,58,61,56,-1,56,61,54,-1,57,55,60,-1,60,55,53,-1,60,53,51,-1,51,49,60,-1,60,49,47,-1,60,47,45,-1,35,37,60,-1,60,37,59,-1,60,59,57,-1,45,43,60,-1,60,43,41,-1,60,41,39,-1,
        ]
    }
}
Shape{
    appearance Appearance {
        material  Material 	{
            diffuseColor 0.7686274509803922 0.7686274509803922 0.7686274509803922
            specularColor 0.615686274509804 0.615686274509804 0.615686274509804
            ambientIntensity 0.7686
            transparency 0.0
            shininess 0.5
        }
    }
    geometry IndexedFaceSet {
        ccw TRUE
        solid FALSE
        coord DEF co Coordinate {
            point [
                -1.1043 0.0 0.0, -1.1003 -0.0306 -1.378, -1.1003 -0.0306 0.0, -1.0885 -0.0591 -1.378, -1.0885 -0.0591 0.0, -1.0697 -0.0835 -1.378, -1.0697 -0.0835 0.0, -1.0453 -0.1023 -1.378, -1.0453 -0.1023 0.0, -1.0168 -0.1141 -1.378, -1.0168 -0.1141 0.0, -0.9862 -0.1181 -1.378, -0.9862 -0.1181 0.0, -0.9557 -0.1141 -1.378, -0.9557 -0.1141 0.0, -0.9272 -0.1023 -1.378, -0.9272 -0.1023 0.0, -0.9027 -0.0835 -1.378, -0.9027 -0.0835 0.0, -0.8839 -0.0591 -1.378, -0.8839 -0.0591 0.0, -0.8721 -0.0306 -1.378, -0.8721 -0.0306 0.0, -0.8681 0.0 -1.378, -0.8681 0.0 0.0, -0.8721 0.0306 -1.378, -0.8721 0.0306 0.0, -0.8839 0.0591 -1.378, -0.8839 0.0591 0.0, -0.9027 0.0835 -1.378, -0.9027 0.0835 0.0, -0.9272 0.1023 -1.378, -0.9272 0.1023 0.0, -0.9557 0.1141 -1.378, -0.9557 0.1141 0.0, -0.9862 0.1181 -1.378, -0.9862 0.1181 0.0, -1.0168 0.1141 -1.378, -1.0168 0.1141 0.0, -1.0453 0.1023 -1.378, -1.0453 0.1023 0.0, -1.0697 0.0835 -1.378, -1.0697 0.0835 0.0, -1.0885 0.0591 -1.378, -1.0885 0.0591 0.0, -1.1003 0.0306 -1.378, -1.1003 0.0306 0.0, -1.1043 0.0 -1.378, -0.9862 0.0 -1.378, 0.8642 0.0 0.0, 0.8682 -0.0306 -1.378, 0.8682 -0.0306 0.0, 0.88 -0.0591 -1.378, 0.88 -0.0591 0.0, 0.8988 -0.0835 -1.378, 0.8988 -0.0835 0.0, 0.9232 -0.1023 -1.378, 0.9232 -0.1023 0.0, 0.9517 -0.1141 -1.378, 0.9517 -0.1141 0.0, 0.9823 -0.1181 -1.378, 0.9823 -0.1181 0.0, 1.0129 -0.1141 -1.378, 1.0129 -0.1141 0.0, 1.0413 -0.1023 -1.378, 1.0413 -0.1023 0.0, 1.0658 -0.0835 -1.378, 1.0658 -0.0835 0.0, 1.0846 -0.0591 -1.378, 1.0846 -0.0591 0.0, 1.0964 -0.0306 -1.378, 1.0964 -0.0306 0.0, 1.1004 0.0 -1.378, 1.1004 0.0 0.0, 1.0964 0.0306 -1.378, 1.0964 0.0306 0.0, 1.0846 0.0591 -1.378, 1.0846 0.0591 0.0, 1.0658 0.0835 -1.378, 1.0658 0.0835 0.0, 1.0413 0.1023 -1.378, 1.0413 0.1023 0.0, 1.0129 0.1141 -1.378, 1.0129 0.1141 0.0, 0.9823 0.1181 -1.378, 0.9823 0.1181 0.0, 0.9517 0.1141 -1.378, 0.9517 0.1141 0.0, 0.9232 0.1023 -1.378, 0.9232 0.1023 0.0, 0.8988 0.0835 -1.378, 0.8988 0.0835 0.0, 0.88 0.0591 -1.378, 0.88 0.0591 0.0, 0.8682 0.0306 -1.378, 0.8682 0.0306 0.0, 0.8642 0.0 -1.378, 0.9823 0.0 -1.378
            ]
        }
        coordIndex [
            0,1,2,-1,2,1,3,-1,2,3,4,-1,4,3,5,-1,4,5,6,-1,6,5,7,-1,6,7,8,-1,8,7,9,-1,8,9,10,-1,10,9,11,-1,10,11,12,-1,12,11,13,-1,12,13,14,-1,14,13,15,-1,14,15,16,-1,16,15,17,-1,16,17,18,-1,18,17,19,-1,18,19,20,-1,20,19,21,-1,20,21,22,-1,22,21,23,-1,22,23,24,-1,24,23,25,-1,24,25,26,-1,26,25,27,-1,26,27,28,-1,28,27,29,-1,28,29,30,-1,30,29,31,-1,30,31,32,-1,32,31,33,-1,32,33,34,-1,34,33,35,-1,34,35,36,-1,36,35,37,-1,36,37,38,-1,38,37,39,-1,38,39,40,-1,40,39,41,-1,40,41,42,-1,42,41,43,-1,42,43,44,-1,44,43,45,-1,44,45,46,-1,46,45,47,-1,46,47,0,-1,0,47,1,-1,27,25,48,-1,48,25,23,-1,48,23,21,-1,33,31,48,-1,48,31,29,-1,48,29,27,-1,39,37,48,-1,48,37,35,-1,48,35,33,-1,45,43,48,-1,48,43,41,-1,48,41,39,-1,3,1,48,-1,48,1,47,-1,48,47,45,-1,9,7,48,-1,48,7,5,-1,48,5,3,-1,15,13,48,-1,48,13,11,-1,48,11,9,-1,21,19,48,-1,48,19,17,-1,48,17,15,-1,49,50,51,-1,51,50,52,-1,51,52,53,-1,53,52,54,-1,53,54,55,-1,55,54,56,-1,55,56,57,-1,57,56,58,-1,57,58,59,-1,59,58,60,-1,59,60,61,-1,61,60,62,-1,61,62,63,-1,63,62,64,-1,63,64,65,-1,65,64,66,-1,65,66,67,-1,67,66,68,-1,67,68,69,-1,69,68,70,-1,69,70,71,-1,71,70,72,-1,71,72,73,-1,73,72,74,-1,73,74,75,-1,75,74,76,-1,75,76,77,-1,77,76,78,-1,77,78,79,-1,79,78,80,-1,79,80,81,-1,81,80,82,-1,81,82,83,-1,83,82,84,-1,83,84,85,-1,85,84,86,-1,85,86,87,-1,87,86,88,-1,87,88,89,-1,89,88,90,-1,89,90,91,-1,91,90,92,-1,91,92,93,-1,93,92,94,-1,93,94,95,-1,95,94,96,-1,95,96,49,-1,49,96,50,-1,76,74,97,-1,97,74,72,-1,97,72,70,-1,82,80,97,-1,97,80,78,-1,97,78,76,-1,88,86,97,-1,97,86,84,-1,97,84,82,-1,94,92,97,-1,97,92,90,-1,97,90,88,-1,52,50,97,-1,97,50,96,-1,97,96,94,-1,58,56,97,-1,97,56,54,-1,97,54,52,-1,64,62,97,-1,97,62,60,-1,97,60,58,-1,70,68,97,-1,97,68,66,-1,97,66,64,-1,
        ]
    }
}
Shape{
    appearance Appearance {
        material  Material 	{
            diffuseColor 1.0 1.0 1.0
            specularColor 0.8784313725490196 0.8784313725490196 0.8784313725490196
            ambientIntensity 1.0
            transparency 0.0
            shininess 0.5
        }
    }
    geometry IndexedFaceSet {
        ccw TRUE
        solid FALSE
        coord DEF co Coordinate {
            point [
                0.1039 2.4587 2.7337, 0.1039 2.4584 2.7337, 0.081 2.4592 2.7651, 0.081 2.4596 2.7651, 0.0665 2.4597 2.801, 0.0665 2.4601 2.801, 0.061 2.4598 2.8416, 0.061 2.4602 2.8416, 0.2078 2.4521 2.6832, 0.2078 2.4517 2.6832, 0.2006 2.4522 2.6847, 0.1699 2.455 2.691, 0.1699 2.4546 2.691, 0.135 2.4568 2.7077, 0.135 2.4572 2.7077, 0.275 2.4454 2.6837, 0.275 2.445 2.6837, 0.3078 2.4415 2.7192, 0.3078 2.4411 2.7192, 0.3068 2.4412 2.7107, 0.3068 2.4416 2.7107, 0.3038 2.4416 2.703, 0.3038 2.442 2.703, 0.2989 2.4422 2.6958, 0.2989 2.4426 2.6958, 0.2963 2.4425 2.6931, 0.2963 2.4429 2.6931, 0.2889 2.4434 2.6878, 0.2889 2.4438 2.6878, 0.2814 2.4443 2.6848, 0.2814 2.4447 2.6848, 0.2722 2.4457 2.7543, 0.2722 2.4453 2.7543, 0.2811 2.4443 2.7532, 0.2811 2.4447 2.7532, 0.2889 2.4434 2.7502, 0.2889 2.4438 2.7502, 0.2959 2.4425 2.7453, 0.2959 2.4429 2.7453, 0.3007 2.4419 2.7401, 0.3007 2.4423 2.7401, 0.3051 2.4414 2.7324, 0.3051 2.4418 2.7324, 0.3075 2.4411 2.7237, 0.3075 2.4415 2.7237, 0.2654 2.4465 2.7531, 0.2654 2.4461 2.7531, 0.2677 2.4458 2.7534, 0.2677 2.4462 2.7535, 0.2712 2.4454 2.7541, 0.2711 2.4458 2.7542, 0.2142 2.4515 2.7527, 0.2142 2.4511 2.7527, 0.2006 2.4523 2.7552, 0.1936 2.4532 2.7565, 0.1936 2.4528 2.7565, 0.1735 2.4548 2.7657, 0.1735 2.4544 2.7657, 0.1566 2.4559 2.7793, 0.1566 2.4555 2.7793, 0.1551 2.456 2.7809, 0.1551 2.4556 2.7809, 0.1425 2.4568 2.7985, 0.1425 2.4564 2.7985, 0.1345 2.4572 2.8188, 0.1345 2.4568 2.8188, 0.1316 2.4574 2.8409, 0.1316 2.457 2.8409, 0.1981 2.4529 2.9275, 0.2198 2.451 2.9304, 0.2006 2.4523 2.9279, 0.2198 2.4506 2.9304, 0.1981 2.4525 2.9275, 0.1783 2.454 2.9197, 0.1783 2.4544 2.9197, 0.1607 2.4552 2.9073, 0.1607 2.4556 2.9073, 0.1478 2.4561 2.8926, 0.1478 2.4565 2.8926, 0.1373 2.4567 2.8729, 0.1373 2.4571 2.8729, 0.1321 2.457 2.851, 0.1321 2.4574 2.851, 0.2289 2.4502 2.9304, 0.2289 2.4498 2.9304, 0.3873 2.4301 3.0739, 0.3873 2.4297 3.0739, 0.3486 2.4355 3.0689, 0.3486 2.4359 3.0689, 0.313 2.4404 3.0549, 0.313 2.4408 3.0549, 0.2812 2.4443 3.0325, 0.2812 2.4447 3.0325, 0.2785 2.4446 3.0299, 0.2785 2.445 3.0299, 0.253 2.4474 2.9991, 0.253 2.4478 2.9991, 0.2356 2.4491 2.9623, 0.2356 2.4495 2.9623, 0.5406 2.4005 2.9657, 0.5406 2.4001 2.9657, 0.5229 2.404 3.0016, 0.5229 2.4044 3.0016, 0.4972 2.4095 3.0319, 0.4972 2.4099 3.0319, 0.4665 2.4156 3.054, 0.4665 2.416 3.054, 0.4292 2.4226 3.0688, 0.4292 2.423 3.0688, 0.429 2.423 3.0688, 0.6008 2.3861 2.9832, 0.6008 2.3857 2.9832, 0.574 2.3923 2.9797, 0.574 2.3927 2.9797, 0.5655 2.3943 2.9765, 0.5486 2.3987 2.9701, 0.5486 2.3983 2.9701, 0.7155 2.3541 2.8701, 0.7155 2.3537 2.8701, 0.7119 2.3548 2.8977, 0.7119 2.3552 2.8977, 0.7019 2.3578 2.923, 0.7019 2.3582 2.923, 0.686 2.3625 2.9456, 0.686 2.3629 2.9456, 0.6664 2.3681 2.9628, 0.6664 2.3685 2.9628, 0.6409 2.3752 2.9761, 0.6409 2.3756 2.9761, 0.6128 2.3826 2.9826, 0.6128 2.383 2.9826, 0.6479 2.3737 2.7649, 0.6479 2.3733 2.7649, 0.6726 2.3663 2.7804, 0.6726 2.3668 2.7804, 0.6929 2.3605 2.8015, 0.6929 2.3609 2.8015, 0.7062 2.3565 2.8246, 0.7062 2.3569 2.8246, 0.7111 2.3554 2.8382, 0.7111 2.355 2.8383, 0.7142 2.3545 2.8525, 0.7142 2.3541 2.8525, 0.5676 2.3942 2.8361, 0.5404 2.4005 2.8393, 0.5655 2.3943 2.8364, 0.5404 2.4001 2.8393, 0.5676 2.3938 2.8361, 0.5928 2.3877 2.8267, 0.5928 2.3881 2.8267, 0.6162 2.3817 2.8107, 0.6162 2.3821 2.8107, 0.6352 2.3767 2.7893, 0.6352 2.3771 2.7893, 0.4552 2.4182 2.8, 0.4552 2.4178 2.8, 0.475 2.414 2.8182, 0.475 2.4144 2.8182, 0.4991 2.4091 2.8314, 0.4991 2.4095 2.8314, 0.5265 2.4032 2.8384, 0.5265 2.4036 2.8384, 0.3021 2.4422 2.8786, 0.3021 2.4418 2.8786, 0.4289 2.4223 2.8135, 0.2672 2.4463 2.818, 0.2672 2.4459 2.818, 0.4272 2.4233 2.7349, 0.4272 2.4229 2.7349, 0.4273 2.4233 2.7235, 0.4273 2.4229 2.7235, 0.542 2.4002 2.6104, 0.542 2.3998 2.6104, 0.5144 2.4058 2.6136, 0.5144 2.4063 2.6136, 0.4889 2.4112 2.6232, 0.4889 2.4116 2.6232, 0.4661 2.4157 2.6389, 0.4661 2.4161 2.6389, 0.4486 2.419 2.6582, 0.4486 2.4194 2.6582, 0.4349 2.4215 2.6835, 0.4349 2.4219 2.6835, 0.429 2.423 2.7074, 0.428 2.4228 2.7115, 0.428 2.4232 2.7115, 0.6496 2.3732 2.6886, 0.6496 2.3728 2.6886, 0.6383 2.3759 2.6641, 0.6383 2.3763 2.6641, 0.6215 2.3803 2.6431, 0.6215 2.3807 2.6431, 0.5994 2.386 2.6261, 0.5994 2.3864 2.6261, 0.5732 2.3925 2.6149, 0.5732 2.3929 2.6149, 0.5655 2.3943 2.6137, 0.5463 2.3992 2.6105, 0.5463 2.3988 2.6105, 0.7403 2.3464 2.7439, 0.7403 2.346 2.7439, 0.705 2.3569 2.7134, 0.705 2.3573 2.7134, 0.664 2.3688 2.693, 0.664 2.3692 2.693, 0.7872 2.3311 2.8684, 0.7872 2.3306 2.8684, 0.782 2.3324 2.8237, 0.782 2.3328 2.8237, 0.766 2.3377 2.7812, 0.766 2.3381 2.7812, 0.7328 2.3488 2.9978, 0.7328 2.3484 2.9978, 0.7604 2.3395 2.9629, 0.7604 2.34 2.9629, 0.7789 2.3334 2.922, 0.7789 2.3339 2.922, 0.7868 2.3308 2.8793, 0.7868 2.3312 2.8793, 0.6015 2.3859 3.0515, 0.6015 2.3855 3.0515, 0.6464 2.3737 3.0463, 0.6464 2.3741 3.0463, 0.6887 2.3617 3.0302, 0.6887 2.3621 3.0302, 0.7251 2.3508 3.005, 0.7251 2.3512 3.005, 0.5753 2.3924 3.049, 0.5753 2.392 3.049, 0.5884 2.3887 3.0503, 0.5884 2.3891 3.0503, 0.5655 2.3943 3.0603, 0.5518 2.3979 3.0761, 0.5518 2.3975 3.0761, 0.5248 2.404 3.0988, 0.5248 2.4036 3.0988, 0.3879 2.4299 3.1422, 0.3879 2.4295 3.1422, 0.429 2.4229 3.1375, 0.4439 2.4199 3.1358, 0.4439 2.4203 3.1358, 0.4965 2.4096 3.116, 0.4965 2.41 3.116, 0.2335 2.4497 3.0819, 0.2335 2.4493 3.0819, 0.282 2.4442 3.1153, 0.282 2.4446 3.1153, 0.3388 2.4369 3.1364, 0.3388 2.4373 3.1364, 0.2006 2.4522 3.0433, 0.196 2.4531 3.0378, 0.196 2.4527 3.0378, 0.1726 2.4548 2.9915, 0.1726 2.4544 2.9915, 0.0659 2.4597 2.8788, 0.0659 2.4601 2.8788, 0.0796 2.4593 2.9137, 0.0796 2.4597 2.9137, 0.1026 2.4584 2.9462, 0.1026 2.4588 2.9462, 0.1333 2.4569 2.9726, 0.1333 2.4573 2.9726, 0.1671 2.4548 2.9896, 0.1671 2.4552 2.9896, 0.5426 2.4 2.6788, 0.5426 2.3996 2.6788, 0.5446 2.3992 2.6788, 0.5446 2.3996 2.6788, 0.5548 2.3968 2.6806, 0.5548 2.3972 2.6806, 0.565 2.3944 2.685, 0.565 2.3948 2.685, 0.5737 2.3923 2.6918, 0.5737 2.3927 2.6918, 0.5802 2.3908 2.6999, 0.5802 2.3912 2.6999, 0.5846 2.3897 2.7095, 0.5846 2.3901 2.7095, 0.5866 2.3892 2.7202, 0.5866 2.3896 2.7202, 0.586 2.3894 2.7313, 0.586 2.3898 2.7313, 0.5846 2.3901 2.7368, 0.5846 2.3897 2.7368, 0.5825 2.3906 2.742, 0.5825 2.3902 2.742, 0.5766 2.3916 2.7514, 0.5766 2.392 2.7514, 0.5721 2.3927 2.7561, 0.5721 2.3931 2.7561, 0.5631 2.3949 2.7624, 0.5631 2.3953 2.7624, 0.5531 2.3972 2.7662, 0.5531 2.3976 2.7662, 0.542 2.3997 2.7676, 0.542 2.4002 2.7676, 0.5325 2.4019 2.7665, 0.5325 2.4023 2.7665, 0.522 2.4042 2.7626, 0.522 2.4046 2.7626, 0.5129 2.4062 2.7564, 0.5129 2.4066 2.7564, 0.5056 2.4077 2.7481, 0.5056 2.4081 2.7481, 0.5007 2.4087 2.7387, 0.5007 2.4091 2.7387, 0.4982 2.4093 2.7282, 0.4982 2.4097 2.7282, 0.4982 2.4093 2.7177, 0.4982 2.4097 2.7177, 0.501 2.4087 2.7068, 0.501 2.4091 2.7068, 0.5064 2.4075 2.6971, 0.5064 2.4079 2.6971, 0.5126 2.4062 2.6902, 0.5126 2.4066 2.6902, 0.5213 2.4043 2.684, 0.5213 2.4047 2.684, 0.5312 2.4022 2.6801, 0.5312 2.4026 2.6801, 0.2899 2.4437 2.739
            ]
        }
        coordIndex [
            0,1,2,-1,0,2,3,-1,3,2,4,-1,3,4,5,-1,5,4,6,-1,5,6,7,-1,8,9,10,-1,8,10,11,-1,10,12,11,-1,11,12,13,-1,11,13,14,-1,14,13,1,-1,14,1,0,-1,8,15,9,-1,9,15,16,-1,17,18,19,-1,17,19,20,-1,20,19,21,-1,20,21,22,-1,22,21,23,-1,22,23,24,-1,24,23,25,-1,24,25,26,-1,26,25,27,-1,26,27,28,-1,28,27,29,-1,28,29,30,-1,30,29,16,-1,30,16,15,-1,31,32,33,-1,31,33,34,-1,34,33,35,-1,34,35,36,-1,36,35,37,-1,36,37,38,-1,38,37,39,-1,38,39,40,-1,40,39,41,-1,40,41,42,-1,42,41,43,-1,42,43,44,-1,44,43,18,-1,44,18,17,-1,45,46,47,-1,45,47,48,-1,48,47,49,-1,48,49,50,-1,50,49,32,-1,50,32,31,-1,45,51,46,-1,46,51,52,-1,52,51,53,-1,53,51,54,-1,53,54,55,-1,55,54,56,-1,55,56,57,-1,57,56,58,-1,57,58,59,-1,59,58,60,-1,59,60,61,-1,61,60,62,-1,61,62,63,-1,63,62,64,-1,63,64,65,-1,65,64,66,-1,65,66,67,-1,68,69,70,-1,70,69,71,-1,70,72,68,-1,68,72,73,-1,68,73,74,-1,74,73,75,-1,74,75,76,-1,76,75,77,-1,76,77,78,-1,78,77,79,-1,78,79,80,-1,80,79,81,-1,80,81,82,-1,82,81,67,-1,82,67,66,-1,69,83,71,-1,71,83,84,-1,85,86,87,-1,85,87,88,-1,88,87,89,-1,88,89,90,-1,90,89,91,-1,90,91,92,-1,92,91,93,-1,92,93,94,-1,94,93,95,-1,94,95,96,-1,96,95,97,-1,96,97,98,-1,98,97,84,-1,98,84,83,-1,99,100,101,-1,99,101,102,-1,102,101,103,-1,102,103,104,-1,104,103,105,-1,104,105,106,-1,106,105,107,-1,106,107,108,-1,86,85,107,-1,107,85,109,-1,107,109,108,-1,110,111,112,-1,110,112,113,-1,113,112,114,-1,113,114,115,-1,114,116,115,-1,115,116,100,-1,115,100,99,-1,117,118,119,-1,117,119,120,-1,120,119,121,-1,120,121,122,-1,122,121,123,-1,122,123,124,-1,124,123,125,-1,124,125,126,-1,126,125,127,-1,126,127,128,-1,128,127,129,-1,128,129,130,-1,130,129,111,-1,130,111,110,-1,131,132,133,-1,131,133,134,-1,134,133,135,-1,134,135,136,-1,136,135,137,-1,136,137,138,-1,138,137,139,-1,139,137,140,-1,139,140,141,-1,140,142,141,-1,141,142,118,-1,141,118,117,-1,143,144,145,-1,145,144,146,-1,145,147,143,-1,143,147,148,-1,143,148,149,-1,149,148,150,-1,149,150,151,-1,151,150,152,-1,151,152,153,-1,153,152,132,-1,153,132,131,-1,154,155,156,-1,154,156,157,-1,157,156,158,-1,157,158,159,-1,159,158,160,-1,159,160,161,-1,161,160,146,-1,161,146,144,-1,162,163,164,-1,164,163,155,-1,164,155,154,-1,162,165,163,-1,163,165,166,-1,165,167,166,-1,166,167,168,-1,167,169,168,-1,168,169,170,-1,171,172,173,-1,171,173,174,-1,174,173,175,-1,174,175,176,-1,176,175,177,-1,176,177,178,-1,178,177,179,-1,178,179,180,-1,180,179,181,-1,180,181,182,-1,182,181,183,-1,183,181,184,-1,183,184,185,-1,185,184,170,-1,185,170,169,-1,186,187,188,-1,186,188,189,-1,189,188,190,-1,189,190,191,-1,191,190,192,-1,191,192,193,-1,193,192,194,-1,193,194,195,-1,195,194,196,-1,195,196,197,-1,196,198,197,-1,197,198,172,-1,197,172,171,-1,199,200,201,-1,199,201,202,-1,202,201,203,-1,202,203,204,-1,204,203,187,-1,204,187,186,-1,205,206,207,-1,205,207,208,-1,208,207,209,-1,208,209,210,-1,210,209,200,-1,210,200,199,-1,211,212,213,-1,211,213,214,-1,214,213,215,-1,214,215,216,-1,216,215,217,-1,216,217,218,-1,218,217,206,-1,218,206,205,-1,219,220,221,-1,219,221,222,-1,222,221,223,-1,222,223,224,-1,224,223,225,-1,224,225,226,-1,226,225,212,-1,226,212,211,-1,227,228,229,-1,227,229,230,-1,230,229,220,-1,230,220,219,-1,228,227,231,-1,231,227,232,-1,231,232,233,-1,233,232,234,-1,233,234,235,-1,236,237,238,-1,238,237,239,-1,238,239,240,-1,240,239,241,-1,240,241,242,-1,242,241,235,-1,242,235,234,-1,243,244,245,-1,243,245,246,-1,246,245,247,-1,246,247,248,-1,248,247,237,-1,248,237,236,-1,244,243,249,-1,249,243,250,-1,249,250,251,-1,251,250,252,-1,251,252,253,-1,7,6,254,-1,7,254,255,-1,255,254,256,-1,255,256,257,-1,257,256,258,-1,257,258,259,-1,259,258,260,-1,259,260,261,-1,261,260,262,-1,261,262,263,-1,263,262,253,-1,263,253,252,-1,264,265,266,-1,264,266,267,-1,267,266,268,-1,267,268,269,-1,269,268,270,-1,269,270,271,-1,271,270,272,-1,271,272,273,-1,273,272,274,-1,273,274,275,-1,275,274,276,-1,275,276,277,-1,277,276,278,-1,277,278,279,-1,279,278,280,-1,279,280,281,-1,281,280,282,-1,282,280,283,-1,282,283,284,-1,283,285,284,-1,284,285,286,-1,284,286,287,-1,287,286,288,-1,287,288,289,-1,289,288,290,-1,289,290,291,-1,291,290,292,-1,291,292,293,-1,293,292,294,-1,293,294,295,-1,295,294,296,-1,295,296,297,-1,297,296,298,-1,297,298,299,-1,299,298,300,-1,299,300,301,-1,301,300,302,-1,301,302,303,-1,303,302,304,-1,303,304,305,-1,305,304,306,-1,305,306,307,-1,307,306,308,-1,307,308,309,-1,309,308,310,-1,309,310,311,-1,311,310,312,-1,311,312,313,-1,313,312,314,-1,313,314,315,-1,315,314,316,-1,315,316,317,-1,317,316,318,-1,317,318,319,-1,319,318,265,-1,319,265,264,-1,189,191,131,-1,83,69,252,-1,252,69,68,-1,252,68,263,-1,263,68,74,-1,263,74,261,-1,261,74,259,-1,74,76,259,-1,259,76,78,-1,259,78,257,-1,257,78,80,-1,257,80,255,-1,255,80,82,-1,255,82,7,-1,7,82,66,-1,7,66,5,-1,5,66,64,-1,5,64,3,-1,3,64,62,-1,3,62,0,-1,62,60,0,-1,0,60,58,-1,0,58,14,-1,14,58,56,-1,14,56,11,-1,11,56,54,-1,11,54,8,-1,8,54,51,-1,8,51,15,-1,15,51,45,-1,15,45,30,-1,50,31,320,-1,320,38,40,-1,31,34,320,-1,320,34,36,-1,320,36,38,-1,40,42,320,-1,320,42,44,-1,320,44,50,-1,50,44,17,-1,50,17,20,-1,20,22,50,-1,50,22,24,-1,50,24,26,-1,45,48,30,-1,30,48,50,-1,30,50,28,-1,28,50,26,-1,92,94,243,-1,243,94,250,-1,250,94,96,-1,250,96,252,-1,252,96,98,-1,252,98,83,-1,297,299,154,-1,297,154,295,-1,305,164,303,-1,303,164,154,-1,303,154,301,-1,301,154,299,-1,273,191,271,-1,271,191,193,-1,271,193,269,-1,269,193,195,-1,269,195,267,-1,267,195,197,-1,267,197,264,-1,264,197,171,-1,264,171,319,-1,319,171,174,-1,319,174,317,-1,317,174,176,-1,317,176,315,-1,315,176,178,-1,315,178,313,-1,313,178,180,-1,313,180,311,-1,311,180,182,-1,311,182,309,-1,309,182,183,-1,309,183,307,-1,273,275,191,-1,191,275,277,-1,191,277,131,-1,131,277,279,-1,131,279,281,-1,281,282,131,-1,131,282,284,-1,131,284,153,-1,153,284,287,-1,153,287,151,-1,151,287,289,-1,151,289,149,-1,149,289,291,-1,149,291,143,-1,143,291,293,-1,159,161,293,-1,293,161,144,-1,293,144,143,-1,295,154,293,-1,293,154,157,-1,293,157,159,-1,106,234,104,-1,104,234,232,-1,104,232,102,-1,102,232,227,-1,102,227,99,-1,92,243,90,-1,90,243,246,-1,90,246,88,-1,88,246,248,-1,88,248,85,-1,85,248,236,-1,85,236,109,-1,109,236,238,-1,109,238,108,-1,108,238,240,-1,108,240,106,-1,106,240,242,-1,106,242,234,-1,134,136,199,-1,199,136,210,-1,210,136,138,-1,210,138,208,-1,138,139,208,-1,208,139,141,-1,208,141,205,-1,205,141,117,-1,205,117,218,-1,218,117,120,-1,218,120,216,-1,216,120,214,-1,214,120,122,-1,214,122,211,-1,211,122,124,-1,211,124,226,-1,226,124,126,-1,226,126,224,-1,224,126,222,-1,222,126,128,-1,222,128,219,-1,128,130,219,-1,219,130,110,-1,219,110,230,-1,230,110,113,-1,230,113,227,-1,227,113,115,-1,227,115,99,-1,199,202,134,-1,134,202,204,-1,134,204,131,-1,131,204,186,-1,131,186,189,-1,167,183,169,-1,169,183,185,-1,165,162,167,-1,167,162,164,-1,167,164,183,-1,183,164,305,-1,183,305,307,-1,
        ]
    }
}
Shape{
    appearance Appearance {
        material  Material 	{
            diffuseColor 0.0 0.0 0.0
            specularColor 0.0 0.0 0.0
            ambientIntensity 0.0
            transparency 0.0
            shininess 0.5
        }
    }
    geometry IndexedFaceSet {
        ccw TRUE
        solid FALSE
        coord DEF co Coordinate {
            point [
                0.5215 2.4043 2.7372, 0.5129 2.4062 2.7564, 0.522 2.4042 2.7626, 0.4982 2.4093 2.7282, 0.4982 2.4093 2.7177, 0.501 2.4087 2.7068, 0.5007 2.4087 2.7387, 0.5056 2.4077 2.7481, 0.5325 2.4019 2.7665, 0.542 2.3997 2.7676, 0.5531 2.3972 2.7662, 0.5631 2.3949 2.7624, 0.5721 2.3927 2.7561, 0.5766 2.3916 2.7514, 0.5825 2.3902 2.742, 0.5802 2.3908 2.6999, 0.5737 2.3923 2.6918, 0.5646 2.3945 2.7078, 0.565 2.3944 2.685, 0.5846 2.3897 2.7368, 0.586 2.3894 2.7313, 0.5866 2.3892 2.7202, 0.5846 2.3897 2.7095, 0.5548 2.3968 2.6806, 0.5446 2.3992 2.6788, 0.5426 2.3996 2.6788, 0.5312 2.4022 2.6801, 0.5213 2.4043 2.684, 0.5126 2.4062 2.6902, 0.5064 2.4075 2.6971
            ]
        }
        coordIndex [
            0,1,2,-1,3,0,4,-1,4,0,5,-1,3,6,0,-1,0,6,7,-1,0,7,1,-1,2,8,0,-1,0,8,9,-1,0,9,10,-1,10,11,0,-1,0,11,12,-1,0,12,5,-1,5,12,13,-1,5,13,14,-1,15,16,17,-1,17,16,18,-1,17,19,20,-1,20,21,17,-1,17,21,22,-1,17,22,15,-1,18,23,17,-1,17,23,24,-1,17,24,25,-1,25,26,17,-1,17,26,27,-1,17,27,28,-1,14,19,5,-1,5,19,17,-1,5,17,29,-1,29,17,28,-1,
        ]
    }
}
Shape{
    appearance Appearance {
        material  Material 	{
            diffuseColor 1.0 1.0 1.0
            specularColor 0.8784313725490196 0.8784313725490196 0.8784313725490196
            ambientIntensity 1.0
            transparency 0.0
            shininess 0.5
        }
    }
    geometry IndexedFaceSet {
        ccw TRUE
        solid FALSE
        coord DEF co Coordinate {
            point [
                -0.7135 2.3559 2.9313, -0.6907 2.3627 2.9315, -0.7135 2.3555 2.9313, -0.6907 2.3623 2.9315, -0.6746 2.3673 2.9754, -0.6746 2.3669 2.9754, -0.608 2.3852 2.9758, -0.608 2.3848 2.9758, -0.5923 2.3892 2.9321, -0.5923 2.3888 2.9321, -0.5694 2.3947 2.9323, -0.5694 2.3943 2.9323, -0.6315 2.3791 3.092, -0.6315 2.3787 3.092, -0.6537 2.3732 3.0919, -0.6537 2.3728 3.0919, -0.6391 2.3767 3.0603, -0.6391 2.3771 3.0603, -0.6146 2.3831 2.9939, -0.6146 2.3835 2.9939, -0.6402 2.3764 3.0651, -0.6402 2.3768 3.0651, -0.6418 2.376 3.0715, -0.6418 2.3764 3.0715, -0.6422 2.3759 3.0715, -0.6422 2.3763 3.0715, -0.6437 2.3755 3.0647, -0.6437 2.3759 3.0647, -0.6447 2.3752 3.0602, -0.6447 2.3756 3.0602, -0.6684 2.3687 2.9935, -0.6684 2.3691 2.9935
            ]
        }
        coordIndex [
            0,1,2,-1,2,1,3,-1,1,4,3,-1,3,4,5,-1,4,6,5,-1,5,6,7,-1,6,8,7,-1,7,8,9,-1,8,10,9,-1,9,10,11,-1,10,12,11,-1,11,12,13,-1,12,14,13,-1,13,14,15,-1,14,0,15,-1,15,0,2,-1,16,17,18,-1,18,17,19,-1,17,16,20,-1,17,20,21,-1,21,20,22,-1,21,22,23,-1,24,25,22,-1,22,25,23,-1,25,24,26,-1,25,26,27,-1,27,26,28,-1,27,28,29,-1,30,31,28,-1,28,31,29,-1,18,19,30,-1,30,19,31,-1,19,6,31,-1,31,6,4,-1,17,12,19,-1,19,12,10,-1,19,10,6,-1,6,10,8,-1,17,21,12,-1,12,21,23,-1,12,23,14,-1,14,23,25,-1,14,25,27,-1,27,29,14,-1,14,29,31,-1,14,31,0,-1,0,31,4,-1,0,4,1,-1,
        ]
    }
}
Shape{
    appearance Appearance {
        material  Material 	{
            diffuseColor 0.0 0.0 0.0
            specularColor 0.0 0.0 0.0
            ambientIntensity 0.0
            transparency 0.0
            shininess 0.5
        }
    }
    geometry IndexedFaceSet {
        ccw TRUE
        solid FALSE
        coord DEF co Coordinate {
            point [
                -0.6146 2.3831 2.9939, -0.6684 2.3687 2.9935, -0.6391 2.3767 3.0603, -0.6447 2.3752 3.0602, -0.6402 2.3764 3.0651, -0.6437 2.3755 3.0647, -0.6418 2.376 3.0715, -0.6422 2.3759 3.0715
            ]
        }
        coordIndex [
            0,1,2,-1,2,1,3,-1,2,3,4,-1,4,3,5,-1,4,5,6,-1,6,5,7,-1,
        ]
    }
}
Shape{
    appearance Appearance {
        material  Material 	{
            diffuseColor 1.0 1.0 1.0
            specularColor 0.8784313725490196 0.8784313725490196 0.8784313725490196
            ambientIntensity 1.0
            transparency 0.0
            shininess 0.5
        }
    }
    geometry IndexedFaceSet {
        ccw TRUE
        solid FALSE
        coord DEF co Coordinate {
            point [
                -0.1553 2.4562 2.6995, -0.1552 2.4563 2.6812, -0.1553 2.4558 2.6995, -0.1552 2.4559 2.6812, -0.0898 2.4595 2.6999, -0.0898 2.4591 2.6999, -0.0902 2.4594 2.7538, -0.0902 2.459 2.7538, -0.1475 2.4567 2.7534, -0.1475 2.4563 2.7534, -0.1476 2.4567 2.7717, -0.1476 2.4563 2.7717, -0.0903 2.4594 2.7721, -0.0903 2.459 2.7721, -0.0907 2.4594 2.8234, -0.0907 2.459 2.8234, -0.1525 2.4564 2.8229, -0.1525 2.456 2.8229, -0.1527 2.4564 2.8414, -0.1527 2.456 2.8414, -0.0702 2.4601 2.8419, -0.0702 2.4597 2.8419, -0.069 2.4601 2.6818, -0.069 2.4597 2.6818, -0.2668 2.4467 2.754, -0.2668 2.4463 2.754, -0.2652 2.4465 2.7699, -0.2652 2.4469 2.7699, -0.262 2.4468 2.7788, -0.262 2.4472 2.7788, -0.2579 2.4473 2.7852, -0.2579 2.4477 2.7852, -0.2525 2.4478 2.7903, -0.2525 2.4482 2.7903, -0.2458 2.4485 2.7941, -0.2458 2.4489 2.7941, -0.2373 2.4494 2.7966, -0.2373 2.4497 2.7966, -0.2257 2.4504 2.7977, -0.2257 2.4508 2.7977, -0.2663 2.4468 2.6804, -0.2663 2.4464 2.6804, -0.2462 2.4489 2.6806, -0.2462 2.4485 2.6806, -0.2463 2.4489 2.6982, -0.2463 2.4485 2.6982, -0.2458 2.4489 2.6982, -0.2458 2.4485 2.6982, -0.2106 2.4522 2.6781, -0.2106 2.4518 2.6781, -0.221 2.4509 2.6792, -0.221 2.4513 2.6792, -0.2291 2.4501 2.6821, -0.2291 2.4505 2.6821, -0.2362 2.4495 2.6867, -0.2362 2.4499 2.6867, -0.2426 2.4488 2.6935, -0.2426 2.4492 2.6935, -0.1842 2.4543 2.6873, -0.1842 2.4539 2.6873, -0.191 2.4534 2.6825, -0.191 2.4538 2.6825, -0.1986 2.4528 2.6796, -0.1986 2.4532 2.6796, -0.1746 2.455 2.7117, -0.1746 2.4546 2.7117, -0.1755 2.4545 2.7026, -0.1755 2.4549 2.7026, -0.1779 2.4543 2.6958, -0.1779 2.4547 2.6958, -0.1797 2.4546 2.6925, -0.1797 2.4542 2.6925, -0.1822 2.4544 2.6897, -0.182 2.454 2.6896, -0.2128 2.452 2.7487, -0.2128 2.4516 2.7487, -0.1972 2.4529 2.745, -0.1972 2.4533 2.745, -0.1887 2.4535 2.7406, -0.1887 2.4539 2.7406, -0.1826 2.454 2.7353, -0.1826 2.4544 2.7353, -0.1787 2.4543 2.7295, -0.1787 2.4547 2.7295, -0.1759 2.4545 2.7224, -0.1759 2.4549 2.7224, -0.2467 2.4488 2.7533, -0.2467 2.4484 2.7533, -0.2237 2.451 2.7814, -0.2237 2.4506 2.7814, -0.2305 2.45 2.7807, -0.2305 2.4504 2.7807, -0.2352 2.4496 2.779, -0.2352 2.4499 2.779, -0.2387 2.4492 2.7767, -0.2387 2.4496 2.7767, -0.2417 2.4489 2.7734, -0.2417 2.4493 2.7734, -0.2441 2.4487 2.7693, -0.2441 2.4491 2.7693, -0.2461 2.4485 2.7621, -0.2461 2.4489 2.7621, -0.1862 2.4541 2.7678, -0.1862 2.4537 2.7678, -0.1991 2.4527 2.776, -0.1991 2.4531 2.776, -0.2116 2.4517 2.7802, -0.2116 2.4521 2.7802, -0.1863 2.4541 2.7873, -0.1863 2.4537 2.7873, -0.2055 2.4522 2.7954, -0.2055 2.4526 2.7954, -0.1906 2.4534 2.7898, -0.1906 2.4538 2.7898, -0.2466 2.4484 2.7379, -0.2466 2.4488 2.7379, -0.2198 2.451 2.7345, -0.2198 2.4514 2.7345, -0.2465 2.4484 2.727, -0.2465 2.4488 2.727, -0.2465 2.4484 2.7256, -0.2465 2.4488 2.7256, -0.2451 2.4486 2.7167, -0.2451 2.449 2.7167, -0.2422 2.4489 2.7096, -0.2422 2.4493 2.7096, -0.2378 2.4493 2.7037, -0.2378 2.4497 2.7037, -0.2352 2.4495 2.7013, -0.2352 2.4499 2.7013, -0.2295 2.4501 2.6975, -0.2295 2.4505 2.6975, -0.2234 2.4506 2.6953, -0.2234 2.451 2.6953, -0.2159 2.4513 2.6945, -0.2159 2.4517 2.6945, -0.2092 2.4519 2.6953, -0.2092 2.4523 2.6953, -0.2046 2.4523 2.697, -0.2046 2.4527 2.697, -0.2007 2.4526 2.6998, -0.2007 2.453 2.6998, -0.199 2.4527 2.7015, -0.199 2.4531 2.7015, -0.1967 2.4529 2.7049, -0.1967 2.4533 2.7049, -0.1954 2.453 2.7086, -0.1954 2.4534 2.7086, -0.1949 2.4531 2.7132, -0.1949 2.4534 2.7132, -0.1951 2.453 2.7164, -0.1951 2.4534 2.7164, -0.1961 2.453 2.7209, -0.1961 2.4534 2.7209, -0.1979 2.4528 2.7247, -0.1979 2.4532 2.7247, -0.2004 2.4526 2.7276, -0.2004 2.453 2.7276, -0.203 2.4524 2.7296, -0.203 2.4528 2.7296, -0.2078 2.452 2.7318, -0.2078 2.4524 2.7318
            ]
        }
        coordIndex [
            0,1,2,-1,2,1,3,-1,4,0,5,-1,5,0,2,-1,6,4,7,-1,7,4,5,-1,8,6,9,-1,9,6,7,-1,10,8,11,-1,11,8,9,-1,12,10,13,-1,13,10,11,-1,14,12,15,-1,15,12,13,-1,16,14,17,-1,17,14,15,-1,18,16,19,-1,19,16,17,-1,20,18,21,-1,21,18,19,-1,22,20,23,-1,23,20,21,-1,1,22,3,-1,3,22,23,-1,1,0,22,-1,22,0,4,-1,8,10,6,-1,6,10,12,-1,16,18,14,-1,14,18,20,-1,14,20,12,-1,12,20,22,-1,12,22,6,-1,6,22,4,-1,24,25,26,-1,24,26,27,-1,27,26,28,-1,27,28,29,-1,29,28,30,-1,29,30,31,-1,31,30,32,-1,31,32,33,-1,33,32,34,-1,33,34,35,-1,35,34,36,-1,35,36,37,-1,37,36,38,-1,37,38,39,-1,24,40,25,-1,25,40,41,-1,40,42,41,-1,41,42,43,-1,42,44,43,-1,43,44,45,-1,44,46,45,-1,45,46,47,-1,48,49,50,-1,48,50,51,-1,51,50,52,-1,51,52,53,-1,53,52,54,-1,53,54,55,-1,55,54,56,-1,55,56,57,-1,57,56,47,-1,57,47,46,-1,58,59,60,-1,58,60,61,-1,61,60,62,-1,61,62,63,-1,63,62,49,-1,63,49,48,-1,64,65,66,-1,64,66,67,-1,67,66,68,-1,67,68,69,-1,69,68,70,-1,70,68,71,-1,70,71,72,-1,71,73,72,-1,72,73,59,-1,72,59,58,-1,74,75,76,-1,74,76,77,-1,77,76,78,-1,77,78,79,-1,79,78,80,-1,79,80,81,-1,81,80,82,-1,81,82,83,-1,83,82,84,-1,83,84,85,-1,85,84,65,-1,85,65,64,-1,74,86,75,-1,75,86,87,-1,88,89,90,-1,88,90,91,-1,91,90,92,-1,91,92,93,-1,93,92,94,-1,93,94,95,-1,95,94,96,-1,95,96,97,-1,97,96,98,-1,97,98,99,-1,99,98,100,-1,99,100,101,-1,101,100,87,-1,101,87,86,-1,102,103,104,-1,102,104,105,-1,105,104,106,-1,105,106,107,-1,107,106,89,-1,107,89,88,-1,102,108,103,-1,103,108,109,-1,39,38,110,-1,39,110,111,-1,111,110,112,-1,111,112,113,-1,113,112,109,-1,113,109,108,-1,114,115,116,-1,116,115,117,-1,118,119,114,-1,114,119,115,-1,119,118,120,-1,119,120,121,-1,121,120,122,-1,121,122,123,-1,123,122,124,-1,123,124,125,-1,125,124,126,-1,125,126,127,-1,127,126,128,-1,127,128,129,-1,129,128,130,-1,129,130,131,-1,131,130,132,-1,131,132,133,-1,133,132,134,-1,133,134,135,-1,135,134,136,-1,135,136,137,-1,137,136,138,-1,137,138,139,-1,139,138,140,-1,139,140,141,-1,141,140,142,-1,141,142,143,-1,143,142,144,-1,143,144,145,-1,145,144,146,-1,145,146,147,-1,147,146,148,-1,147,148,149,-1,149,148,150,-1,149,150,151,-1,151,150,152,-1,151,152,153,-1,153,152,154,-1,153,154,155,-1,155,154,156,-1,155,156,157,-1,157,156,158,-1,157,158,159,-1,159,158,160,-1,159,160,161,-1,161,160,116,-1,161,116,117,-1,86,24,101,-1,101,24,27,-1,101,27,99,-1,99,27,29,-1,99,29,97,-1,97,29,31,-1,97,31,95,-1,95,31,33,-1,95,33,93,-1,93,33,35,-1,93,35,91,-1,91,35,37,-1,91,37,88,-1,88,37,39,-1,88,39,107,-1,107,39,111,-1,107,111,105,-1,105,111,113,-1,105,113,102,-1,102,113,108,-1,143,58,141,-1,141,58,61,-1,141,61,139,-1,139,61,63,-1,139,63,137,-1,137,63,48,-1,137,48,135,-1,135,48,51,-1,135,51,133,-1,133,51,53,-1,133,53,131,-1,145,70,143,-1,143,70,72,-1,143,72,58,-1,86,74,159,-1,159,74,77,-1,159,77,157,-1,157,77,79,-1,157,79,155,-1,155,79,81,-1,155,81,153,-1,153,81,83,-1,153,83,151,-1,151,83,85,-1,151,85,149,-1,149,85,64,-1,149,64,147,-1,147,64,67,-1,147,67,145,-1,145,67,69,-1,145,69,70,-1,119,121,24,-1,159,161,86,-1,86,161,117,-1,86,117,24,-1,24,117,115,-1,24,115,119,-1,44,123,125,-1,44,125,46,-1,53,55,131,-1,131,55,57,-1,131,57,129,-1,129,57,46,-1,129,46,127,-1,127,46,125,-1,42,40,44,-1,44,40,24,-1,44,24,123,-1,123,24,121,-1,
        ]
    }
}
Shape{
    appearance Appearance {
        material  Material 	{
            diffuseColor 0.0 0.0 0.0
            specularColor 0.0 0.0 0.0
            ambientIntensity 0.0
            transparency 0.0
            shininess 0.5
        }
    }
    geometry IndexedFaceSet {
        ccw TRUE
        solid FALSE
        coord DEF co Coordinate {
            point [
                -0.2465 2.4484 2.7256, -0.2465 2.4484 2.727, -0.2004 2.4526 2.7276, -0.2451 2.4486 2.7167, -0.1979 2.4528 2.7247, -0.2422 2.4489 2.7096, -0.2256 2.4504 2.6979, -0.2159 2.4513 2.6945, -0.2234 2.4506 2.6953, -0.1967 2.4529 2.7049, -0.199 2.4527 2.7015, -0.2352 2.4495 2.7013, -0.1961 2.453 2.7209, -0.1951 2.453 2.7164, -0.2378 2.4493 2.7037, -0.1949 2.4531 2.7132, -0.1954 2.453 2.7086, -0.2007 2.4526 2.6998, -0.2046 2.4523 2.697, -0.2092 2.4519 2.6953, -0.2295 2.4501 2.6975, -0.2466 2.4484 2.7379, -0.2198 2.451 2.7345, -0.2078 2.452 2.7318, -0.203 2.4524 2.7296
            ]
        }
        coordIndex [
            0,1,2,-1,0,2,3,-1,3,2,4,-1,3,4,5,-1,6,7,8,-1,9,10,11,-1,4,12,5,-1,5,12,13,-1,5,13,14,-1,14,13,15,-1,14,15,11,-1,11,15,16,-1,11,16,9,-1,17,18,6,-1,6,18,19,-1,6,19,7,-1,10,17,11,-1,11,17,6,-1,11,6,20,-1,20,6,8,-1,1,21,22,-1,22,23,1,-1,1,23,24,-1,1,24,2,-1,
        ]
    }
}
Shape{
    appearance Appearance {
        material  Material 	{
            diffuseColor 1.0 1.0 1.0
            specularColor 0.8784313725490196 0.8784313725490196 0.8784313725490196
            ambientIntensity 1.0
            transparency 0.0
            shininess 0.5
        }
    }
    geometry IndexedFaceSet {
        ccw TRUE
        solid FALSE
        coord DEF co Coordinate {
            point [
                -0.3265 2.4395 2.6937, -0.3265 2.4391 2.6937, -0.3132 2.4409 2.6954, -0.3132 2.4413 2.6954, -0.3007 2.4424 2.7004, -0.3007 2.4428 2.7004, -0.2936 2.4433 2.7049, -0.2936 2.4437 2.7049, -0.2935 2.4437 2.6842, -0.2935 2.4433 2.6842, -0.3068 2.4417 2.6794, -0.3068 2.4421 2.6794, -0.3244 2.4394 2.6773, -0.3244 2.4398 2.6773, -0.3408 2.4372 2.6789, -0.3408 2.4376 2.6789, -0.3518 2.4356 2.6826, -0.3518 2.436 2.6826, -0.3578 2.4348 2.6861, -0.3578 2.4352 2.6861, -0.3636 2.4339 2.6911, -0.3636 2.4343 2.6911, -0.3674 2.4333 2.6964, -0.3674 2.4337 2.6964, -0.3699 2.433 2.7027, -0.3699 2.4334 2.7027, -0.3709 2.4328 2.7108, -0.3709 2.4332 2.7108, -0.3701 2.4329 2.7183, -0.3701 2.4333 2.7183, -0.368 2.4332 2.7242, -0.368 2.4336 2.7242, -0.3643 2.4338 2.7297, -0.3643 2.4342 2.7297, -0.3596 2.4345 2.734, -0.3596 2.4349 2.734, -0.3463 2.4364 2.7415, -0.3463 2.4368 2.7415, -0.3386 2.4375 2.7447, -0.3386 2.4379 2.7447, -0.3262 2.4392 2.7502, -0.3262 2.4396 2.7502, -0.3191 2.4401 2.7547, -0.3191 2.4405 2.7547, -0.3172 2.4404 2.7569, -0.3172 2.4408 2.7569, -0.3158 2.4405 2.7596, -0.3158 2.4409 2.7596, -0.315 2.4406 2.7627, -0.315 2.441 2.7627, -0.3148 2.4407 2.7654, -0.3148 2.4411 2.7654, -0.3152 2.4406 2.7686, -0.3152 2.441 2.7686, -0.3162 2.4405 2.7713, -0.3162 2.4409 2.7713, -0.318 2.4403 2.7738, -0.318 2.4407 2.7738, -0.321 2.4399 2.7765, -0.321 2.4403 2.7765, -0.3255 2.4393 2.7788, -0.3255 2.4397 2.7788, -0.3309 2.4385 2.7802, -0.3309 2.4389 2.7802, -0.3368 2.4377 2.7806, -0.3368 2.4381 2.7806, -0.3507 2.4358 2.7788, -0.3507 2.4362 2.7788, -0.3621 2.4341 2.7744, -0.3621 2.4345 2.7744, -0.3659 2.4336 2.7721, -0.3659 2.434 2.7721, -0.366 2.434 2.7916, -0.366 2.4336 2.7916, -0.3519 2.4356 2.7957, -0.3519 2.436 2.7957, -0.3389 2.4374 2.7969, -0.3389 2.4378 2.7969, -0.3238 2.4395 2.7953, -0.3238 2.4399 2.7953, -0.3128 2.4409 2.7914, -0.3128 2.4413 2.7914, -0.3072 2.4416 2.788, -0.3072 2.442 2.788, -0.3012 2.4424 2.7827, -0.3012 2.4428 2.7827, -0.2974 2.4428 2.7773, -0.2974 2.4432 2.7773, -0.295 2.4431 2.7709, -0.295 2.4435 2.7709, -0.2942 2.4432 2.7637, -0.2942 2.4436 2.7637, -0.295 2.4431 2.7559, -0.295 2.4435 2.7559, -0.2971 2.4429 2.7498, -0.2971 2.4433 2.7498, -0.2997 2.4425 2.7456, -0.2997 2.4429 2.7456, -0.303 2.4421 2.7421, -0.303 2.4425 2.7421, -0.3124 2.441 2.7358, -0.3124 2.4414 2.7358, -0.3243 2.4394 2.7303, -0.3243 2.4398 2.7303, -0.3374 2.4377 2.7247, -0.3374 2.4381 2.7247, -0.3452 2.4366 2.7199, -0.3452 2.437 2.7199, -0.3477 2.4362 2.7173, -0.3477 2.4366 2.7173, -0.3492 2.436 2.7146, -0.3492 2.4364 2.7146, -0.3501 2.4359 2.7115, -0.3501 2.4363 2.7115, -0.3503 2.4358 2.709, -0.3503 2.4362 2.709, -0.3499 2.4359 2.7051, -0.3499 2.4363 2.7051, -0.3488 2.4361 2.7023, -0.3488 2.4365 2.7023, -0.348 2.4366 2.701, -0.348 2.4362 2.7009, -0.347 2.4367 2.6997, -0.347 2.4363 2.6997, -0.3447 2.4366 2.6977, -0.3447 2.437 2.6977, -0.3429 2.4369 2.6966, -0.3429 2.4373 2.6966, -0.3377 2.4376 2.6947, -0.3377 2.438 2.6947, -0.3274 2.439 2.6937, -0.3274 2.4394 2.6937, -0.4302 2.4235 2.9333, -0.4313 2.4233 3.0934, -0.4302 2.4231 2.9333, -0.4313 2.4229 3.0934, -0.477 2.4147 3.0931, -0.477 2.4143 3.0931, -0.5374 2.4021 3.0715, -0.5374 2.4017 3.0715, -0.5345 2.4023 3.0734, -0.5207 2.4057 3.083, -0.5207 2.4053 3.083, -0.5014 2.4094 3.0902, -0.5014 2.4098 3.0902, -0.5611 2.3967 3.0145, -0.5611 2.3963 3.0145, -0.5586 2.3968 3.0364, -0.5586 2.3972 3.0364, -0.5529 2.3982 3.0518, -0.5529 2.3986 3.0518, -0.5431 2.4004 3.0658, -0.5431 2.4008 3.0658, -0.5365 2.4023 2.955, -0.5365 2.4019 2.955, -0.5472 2.3995 2.9671, -0.5472 2.3999 2.9671, -0.5557 2.3975 2.9833, -0.5557 2.3979 2.9833, -0.5602 2.3965 3.0016, -0.5602 2.3969 3.0016, -0.5345 2.4023 2.9536, -0.5196 2.406 2.943, -0.5196 2.4056 2.943, -0.5012 2.4099 2.9361, -0.5012 2.4094 2.9361, -0.4742 2.4153 2.933, -0.4742 2.4149 2.933, -0.476 2.4149 3.0747, -0.476 2.4145 3.0747, -0.4969 2.4103 3.0722, -0.4969 2.4107 3.0722, -0.5107 2.4075 3.067, -0.5107 2.4079 3.067, -0.5221 2.405 3.0593, -0.5221 2.4054 3.0593, -0.5279 2.4038 3.0533, -0.5279 2.4042 3.0533, -0.5337 2.4025 3.0439, -0.5337 2.4029 3.0439, -0.5378 2.4016 3.0314, -0.5378 2.402 3.0314, -0.5394 2.4012 3.0141, -0.5394 2.4016 3.0141, -0.5388 2.4013 3.0045, -0.5388 2.4018 3.0045, -0.5357 2.402 2.9897, -0.5357 2.4024 2.9897, -0.5302 2.4033 2.9778, -0.5302 2.4037 2.9778, -0.5219 2.4051 2.9676, -0.5219 2.4055 2.9676, -0.5199 2.4055 2.9658, -0.5199 2.4059 2.9658, -0.5095 2.4077 2.9587, -0.5095 2.4081 2.9587, -0.4962 2.4105 2.9537, -0.4962 2.4109 2.9537, -0.4742 2.4149 2.9512, -0.4742 2.4153 2.9512, -0.451 2.4193 2.9514, -0.451 2.4197 2.9514, -0.4518 2.4192 3.0749, -0.4518 2.4196 3.0749
            ]
        }
        coordIndex [
            0,1,2,-1,0,2,3,-1,3,2,4,-1,3,4,5,-1,5,4,6,-1,5,6,7,-1,8,7,9,-1,9,7,6,-1,8,9,10,-1,8,10,11,-1,11,10,12,-1,11,12,13,-1,13,12,14,-1,13,14,15,-1,15,14,16,-1,15,16,17,-1,17,16,18,-1,17,18,19,-1,19,18,20,-1,19,20,21,-1,21,20,22,-1,21,22,23,-1,23,22,24,-1,23,24,25,-1,25,24,26,-1,25,26,27,-1,27,26,28,-1,27,28,29,-1,29,28,30,-1,29,30,31,-1,31,30,32,-1,31,32,33,-1,33,32,34,-1,33,34,35,-1,35,34,36,-1,35,36,37,-1,37,36,38,-1,37,38,39,-1,39,38,40,-1,39,40,41,-1,41,40,42,-1,41,42,43,-1,43,42,44,-1,43,44,45,-1,45,44,46,-1,45,46,47,-1,47,46,48,-1,47,48,49,-1,49,48,50,-1,49,50,51,-1,51,50,52,-1,51,52,53,-1,53,52,54,-1,53,54,55,-1,55,54,56,-1,55,56,57,-1,57,56,58,-1,57,58,59,-1,59,58,60,-1,59,60,61,-1,61,60,62,-1,61,62,63,-1,63,62,64,-1,63,64,65,-1,65,64,66,-1,65,66,67,-1,67,66,68,-1,67,68,69,-1,69,68,70,-1,69,70,71,-1,72,71,73,-1,73,71,70,-1,72,73,74,-1,72,74,75,-1,75,74,76,-1,75,76,77,-1,77,76,78,-1,77,78,79,-1,79,78,80,-1,79,80,81,-1,81,80,82,-1,81,82,83,-1,83,82,84,-1,83,84,85,-1,85,84,86,-1,85,86,87,-1,87,86,88,-1,87,88,89,-1,89,88,90,-1,89,90,91,-1,91,90,92,-1,91,92,93,-1,93,92,94,-1,93,94,95,-1,95,94,96,-1,95,96,97,-1,97,96,98,-1,97,98,99,-1,99,98,100,-1,99,100,101,-1,101,100,102,-1,101,102,103,-1,103,102,104,-1,103,104,105,-1,105,104,106,-1,105,106,107,-1,107,106,108,-1,107,108,109,-1,109,108,110,-1,109,110,111,-1,111,110,112,-1,111,112,113,-1,113,112,114,-1,113,114,115,-1,115,114,116,-1,115,116,117,-1,117,116,118,-1,117,118,119,-1,119,118,120,-1,120,118,121,-1,120,121,122,-1,121,123,122,-1,122,123,124,-1,122,124,125,-1,125,124,126,-1,125,126,127,-1,127,126,128,-1,127,128,129,-1,129,128,130,-1,129,130,131,-1,131,130,1,-1,131,1,0,-1,105,37,39,-1,105,39,103,-1,103,39,41,-1,103,41,101,-1,37,105,35,-1,35,105,107,-1,35,107,33,-1,33,107,109,-1,33,109,31,-1,31,109,111,-1,31,111,29,-1,29,111,113,-1,29,113,27,-1,27,113,115,-1,27,115,25,-1,25,115,117,-1,25,117,23,-1,23,117,119,-1,23,119,21,-1,21,119,120,-1,21,120,19,-1,19,120,122,-1,19,122,17,-1,122,125,17,-1,17,125,127,-1,17,127,15,-1,127,129,15,-1,15,129,131,-1,15,131,13,-1,13,131,0,-1,13,0,11,-1,11,0,3,-1,11,3,8,-1,8,3,5,-1,8,5,7,-1,101,41,99,-1,99,41,43,-1,99,43,97,-1,97,43,45,-1,97,45,95,-1,95,45,47,-1,95,47,93,-1,93,47,49,-1,93,49,91,-1,91,49,51,-1,91,51,89,-1,89,51,53,-1,89,53,87,-1,87,53,55,-1,87,55,85,-1,85,55,83,-1,83,55,57,-1,83,57,81,-1,81,57,59,-1,81,59,79,-1,59,61,79,-1,79,61,63,-1,79,63,77,-1,77,63,65,-1,77,65,75,-1,75,65,67,-1,75,67,72,-1,72,67,69,-1,72,69,71,-1,132,133,134,-1,134,133,135,-1,133,136,135,-1,135,136,137,-1,138,139,140,-1,138,140,141,-1,140,142,141,-1,141,142,143,-1,141,143,144,-1,144,143,137,-1,144,137,136,-1,145,146,147,-1,145,147,148,-1,148,147,149,-1,148,149,150,-1,150,149,151,-1,150,151,152,-1,152,151,139,-1,152,139,138,-1,153,154,155,-1,153,155,156,-1,156,155,157,-1,156,157,158,-1,158,157,159,-1,158,159,160,-1,160,159,146,-1,160,146,145,-1,154,153,161,-1,161,153,162,-1,161,162,163,-1,163,162,164,-1,163,164,165,-1,165,164,166,-1,165,166,167,-1,166,132,167,-1,167,132,134,-1,168,169,170,-1,168,170,171,-1,171,170,172,-1,171,172,173,-1,173,172,174,-1,173,174,175,-1,175,174,176,-1,175,176,177,-1,177,176,178,-1,177,178,179,-1,179,178,180,-1,179,180,181,-1,181,180,182,-1,181,182,183,-1,183,182,184,-1,183,184,185,-1,185,184,186,-1,185,186,187,-1,187,186,188,-1,187,188,189,-1,189,188,190,-1,189,190,191,-1,191,190,192,-1,191,192,193,-1,193,192,194,-1,193,194,195,-1,195,194,196,-1,195,196,197,-1,197,196,198,-1,197,198,199,-1,200,201,198,-1,198,201,199,-1,202,203,200,-1,200,203,201,-1,169,168,202,-1,202,168,203,-1,189,191,153,-1,153,191,193,-1,153,193,162,-1,162,193,195,-1,162,195,164,-1,164,195,197,-1,164,197,166,-1,166,197,199,-1,166,199,132,-1,132,199,201,-1,132,201,133,-1,133,201,203,-1,133,203,136,-1,136,203,168,-1,136,168,144,-1,144,168,171,-1,144,171,141,-1,141,171,173,-1,141,173,138,-1,138,173,175,-1,138,175,152,-1,152,175,177,-1,152,177,150,-1,150,177,179,-1,150,179,148,-1,148,179,181,-1,148,181,145,-1,145,181,183,-1,145,183,160,-1,160,183,185,-1,160,185,158,-1,158,185,187,-1,158,187,156,-1,156,187,189,-1,156,189,153,-1,
        ]
    }
}
Shape{
    appearance Appearance {
        material  Material 	{
            diffuseColor 0.0 0.0 0.0
            specularColor 0.0 0.0 0.0
            ambientIntensity 0.0
            transparency 0.0
            shininess 0.5
        }
    }
    geometry IndexedFaceSet {
        ccw TRUE
        solid FALSE
        coord DEF co Coordinate {
            point [
                -0.5095 2.4077 2.9587, -0.5199 2.4055 2.9658, -0.476 2.4145 3.0747, -0.4962 2.4105 2.9537, -0.5219 2.4051 2.9676, -0.5302 2.4033 2.9778, -0.5357 2.402 2.9897, -0.5221 2.405 3.0593, -0.5308 2.4031 3.0367, -0.5279 2.4038 3.0533, -0.5337 2.4025 3.0439, -0.5388 2.4013 3.0045, -0.5394 2.4012 3.0141, -0.5378 2.4016 3.0314, -0.5107 2.4075 3.067, -0.4969 2.4103 3.0722, -0.4518 2.4192 3.0749, -0.451 2.4193 2.9514, -0.4742 2.4149 2.9512
            ]
        }
        coordIndex [
            0,1,2,-1,0,2,3,-1,1,4,2,-1,2,4,5,-1,2,5,6,-1,7,8,9,-1,9,8,10,-1,6,11,2,-1,2,11,12,-1,2,12,8,-1,8,12,13,-1,8,13,10,-1,7,14,8,-1,8,14,15,-1,8,15,2,-1,16,17,2,-1,2,17,18,-1,2,18,3,-1,
        ]
    }
}
Shape{
    appearance Appearance {
        material  Material 	{
            diffuseColor 1.0 1.0 1.0
            specularColor 0.8784313725490196 0.8784313725490196 0.8784313725490196
            ambientIntensity 1.0
            transparency 0.0
            shininess 0.5
        }
    }
    geometry IndexedFaceSet {
        ccw TRUE
        solid FALSE
        coord DEF co Coordinate {
            point [
                -0.4 2.4286 2.9518, -0.3999 2.4286 2.9335, -0.4 2.4282 2.9518, -0.3999 2.4282 2.9335, -0.3346 2.4384 2.9522, -0.3346 2.438 2.9522, -0.335 2.4384 3.0061, -0.335 2.438 3.0061, -0.3922 2.4299 3.0057, -0.3922 2.4295 3.0057, -0.3924 2.4299 3.024, -0.3924 2.4295 3.024, -0.3351 2.4384 3.0244, -0.3351 2.438 3.0244, -0.3355 2.4383 3.0757, -0.3355 2.4379 3.0757, -0.3973 2.4291 3.0753, -0.3973 2.4287 3.0753, -0.3974 2.429 3.0937, -0.3974 2.4286 3.0937, -0.3149 2.441 3.0943, -0.3149 2.4406 3.0943, -0.3138 2.4412 2.9341, -0.3138 2.4408 2.9341, -0.2374 2.4497 2.932, -0.2374 2.4493 2.932, -0.2618 2.4469 2.9341, -0.2618 2.4473 2.9341, -0.279 2.445 2.9396, -0.279 2.4454 2.9396, -0.2818 2.4447 2.941, -0.2818 2.4451 2.941, -0.2819 2.445 2.9608, -0.2819 2.4447 2.9608, -0.268 2.4462 2.9544, -0.268 2.4466 2.9544, -0.2502 2.4481 2.9508, -0.2502 2.4485 2.9508, -0.2405 2.449 2.9504, -0.2405 2.4494 2.9504, -0.2254 2.4505 2.9522, -0.2254 2.4509 2.9522, -0.2138 2.4515 2.9565, -0.2138 2.4519 2.9565, -0.2033 2.4524 2.9638, -0.2033 2.4528 2.9638, -0.1995 2.4527 2.9675, -0.1995 2.4531 2.9675, -0.1917 2.4533 2.9785, -0.1917 2.4537 2.9785, -0.1866 2.4537 2.9914, -0.1866 2.4541 2.9914, -0.1842 2.4539 3.0075, -0.1842 2.4543 3.0075, -0.1841 2.4539 3.0133, -0.1841 2.4543 3.0133, -0.1868 2.4537 3.0351, -0.1868 2.4541 3.0351, -0.1923 2.4533 3.0489, -0.1923 2.4537 3.0489, -0.2001 2.4526 3.06, -0.2001 2.453 3.06, -0.2013 2.4525 3.0613, -0.2013 2.4529 3.0613, -0.2121 2.4516 3.0702, -0.2121 2.452 3.0702, -0.2247 2.4505 3.076, -0.2247 2.4509 3.076, -0.2386 2.4492 3.0786, -0.2386 2.4496 3.0786, -0.245 2.4486 3.0788, -0.245 2.449 3.0788, -0.2647 2.4466 3.0763, -0.2647 2.447 3.0763, -0.2808 2.4448 3.0698, -0.2808 2.4452 3.0698, -0.2827 2.4446 3.069, -0.2827 2.445 3.069, -0.2828 2.4449 3.0906, -0.2828 2.4445 3.0906, -0.2685 2.4462 3.0952, -0.2685 2.4465 3.0952, -0.2481 2.4483 3.0972, -0.2481 2.4487 3.0972, -0.2449 2.4486 3.0975, -0.2449 2.449 3.0975, -0.2219 2.4508 3.0948, -0.2219 2.4512 3.0948, -0.2051 2.4522 3.0885, -0.2051 2.4526 3.0885, -0.1895 2.4535 3.0777, -0.1895 2.4539 3.0777, -0.186 2.4537 3.0743, -0.186 2.4541 3.0743, -0.1757 2.4545 3.0616, -0.1757 2.4549 3.0616, -0.1689 2.455 3.0473, -0.1674 2.4555 3.0443, -0.1674 2.4551 3.0443, -0.163 2.4554 3.024, -0.163 2.4557 3.024, -0.1624 2.4554 3.0122, -0.1624 2.4558 3.0122, -0.1653 2.4552 2.9864, -0.1653 2.4556 2.9864, -0.1689 2.455 2.977, -0.1717 2.4552 2.9696, -0.1717 2.4548 2.9696, -0.1811 2.4541 2.9558, -0.1811 2.4545 2.9558, -0.1825 2.454 2.9542, -0.1825 2.4544 2.9542, -0.1941 2.4531 2.9442, -0.1941 2.4535 2.9442, -0.2089 2.4519 2.9367, -0.2089 2.4523 2.9367, -0.226 2.4504 2.9327, -0.226 2.4508 2.9327, -0.1554 2.4562 2.9535, -0.1553 2.4562 2.9352, -0.1554 2.4558 2.9535, -0.1553 2.4558 2.9352, -0.0916 2.4594 2.954, -0.0916 2.459 2.954, -0.0926 2.4594 3.0958, -0.0926 2.459 3.0958, -0.072 2.46 3.096, -0.072 2.4596 3.096, -0.0708 2.4601 2.9358, -0.0708 2.4597 2.9358, -0.4709 2.4159 2.7933, -0.4917 2.4118 2.7932, -0.4709 2.4155 2.7933, -0.4917 2.4114 2.7932, -0.4391 2.4219 2.7074, -0.4391 2.4215 2.7074, -0.4376 2.4218 2.7021, -0.4376 2.4222 2.7021, -0.4366 2.4219 2.6982, -0.4366 2.4223 2.6982, -0.436 2.4224 2.6982, -0.436 2.422 2.6982, -0.4336 2.4229 2.7076, -0.4336 2.4225 2.7076, -0.4044 2.4279 2.7938, -0.4044 2.4275 2.7938, -0.3819 2.4315 2.794, -0.3819 2.4311 2.794, -0.426 2.4242 2.6795, -0.426 2.4238 2.6795, -0.417 2.4258 2.6588, -0.417 2.4254 2.6588, -0.4131 2.426 2.6516, -0.4131 2.4264 2.6516, -0.4093 2.4267 2.6475, -0.4093 2.4271 2.6475, -0.4056 2.4273 2.6449, -0.4056 2.4277 2.6449, -0.4012 2.428 2.6433, -0.4012 2.4284 2.6433, -0.3964 2.4288 2.6428, -0.3964 2.4292 2.6428, -0.3891 2.43 2.6438, -0.3891 2.4304 2.6438, -0.385 2.4306 2.6452, -0.385 2.431 2.6452, -0.3849 2.4311 2.6273, -0.3849 2.4307 2.6273, -0.3934 2.4293 2.6258, -0.3934 2.4297 2.6258, -0.3978 2.4286 2.6256, -0.3978 2.429 2.6256, -0.4059 2.4272 2.6265, -0.4059 2.4276 2.6265, -0.4139 2.4259 2.6294, -0.4139 2.4263 2.6294, -0.4209 2.4247 2.6343, -0.4209 2.4251 2.6343, -0.4221 2.4245 2.6357, -0.4221 2.4249 2.6357, -0.4297 2.4232 2.6443, -0.4297 2.4236 2.6443, -0.4389 2.4215 2.6619, -0.4389 2.4219 2.6619, -0.5988 2.3876 2.6963, -0.5986 2.3876 2.6781, -0.5988 2.3872 2.6963, -0.5986 2.3872 2.6781, -0.5333 2.4026 2.6968, -0.5333 2.403 2.6968, -0.5345 2.4023 2.6968, -0.5337 2.4029 2.7506, -0.5337 2.4025 2.7506, -0.591 2.3891 2.7502, -0.591 2.3895 2.7502, -0.5345 2.4023 2.7506, -0.5911 2.3895 2.7686, -0.5911 2.3891 2.7686, -0.5338 2.4029 2.769, -0.5345 2.4023 2.769, -0.5338 2.4025 2.769, -0.5342 2.4028 2.8202, -0.5342 2.4024 2.8202, -0.596 2.3878 2.8198, -0.596 2.3883 2.8198, -0.5345 2.4023 2.8202, -0.5961 2.3882 2.8382, -0.5961 2.3878 2.8382, -0.5137 2.4068 2.8388, -0.5137 2.4072 2.8388, -0.5345 2.402 2.8386, -0.5125 2.4075 2.6787, -0.5125 2.4071 2.6787, -0.5345 2.402 2.6785, -0.6289 2.3798 2.6778, -0.63 2.3795 2.838, -0.6289 2.3794 2.6778, -0.63 2.3791 2.838, -0.6757 2.367 2.8376, -0.6757 2.3666 2.8376, -0.7361 2.349 2.816, -0.7361 2.3486 2.816, -0.7194 2.3537 2.8276, -0.7194 2.3541 2.8276, -0.7001 2.3595 2.8348, -0.7001 2.3599 2.8348, -0.7599 2.3414 2.759, -0.7599 2.341 2.759, -0.7593 2.3416 2.7701, -0.7593 2.3412 2.7701, -0.7574 2.3422 2.7809, -0.7574 2.3418 2.7809, -0.7516 2.3437 2.7963, -0.7516 2.3441 2.7963, -0.7418 2.3468 2.8103, -0.7418 2.3472 2.8103, -0.7353 2.3492 2.6995, -0.7353 2.3488 2.6995, -0.7459 2.3455 2.7116, -0.7459 2.3459 2.7116, -0.7545 2.3427 2.7278, -0.7545 2.3432 2.7278, -0.759 2.3413 2.7461, -0.759 2.3417 2.7461, -0.6729 2.3678 2.6775, -0.6729 2.3674 2.6775, -0.7 2.3596 2.6806, -0.7 2.36 2.6806, -0.7183 2.3541 2.6876, -0.7183 2.3545 2.6876, -0.6748 2.3673 2.8192, -0.6748 2.3669 2.8192, -0.6957 2.3608 2.8167, -0.6957 2.3612 2.8167, -0.7095 2.3567 2.8116, -0.7095 2.3571 2.8116, -0.7209 2.3533 2.8038, -0.7209 2.3537 2.8038, -0.7266 2.3515 2.7978, -0.7266 2.3519 2.7978, -0.7324 2.3497 2.7884, -0.7324 2.3501 2.7884, -0.7365 2.3484 2.7759, -0.7365 2.3488 2.7759, -0.7381 2.3479 2.7586, -0.7381 2.3483 2.7586, -0.7376 2.3481 2.749, -0.7376 2.3485 2.749, -0.7344 2.3491 2.7342, -0.7344 2.3495 2.7342, -0.7289 2.3508 2.7223, -0.7289 2.3512 2.7223, -0.7207 2.3533 2.7121, -0.7207 2.3537 2.7121, -0.7187 2.3539 2.7103, -0.7187 2.3544 2.7103, -0.7082 2.3571 2.7032, -0.7082 2.3575 2.7032, -0.6949 2.361 2.6982, -0.6949 2.3615 2.6982, -0.6729 2.3674 2.6958, -0.6729 2.3678 2.6958, -0.6497 2.3738 2.6959, -0.6497 2.3743 2.6959, -0.6506 2.3736 2.8194, -0.6506 2.374 2.8194
            ]
        }
        coordIndex [
            0,1,2,-1,2,1,3,-1,4,0,5,-1,5,0,2,-1,6,4,7,-1,7,4,5,-1,8,6,9,-1,9,6,7,-1,10,8,11,-1,11,8,9,-1,12,10,13,-1,13,10,11,-1,14,12,15,-1,15,12,13,-1,16,14,17,-1,17,14,15,-1,18,16,19,-1,19,16,17,-1,20,18,21,-1,21,18,19,-1,22,20,23,-1,23,20,21,-1,1,22,3,-1,3,22,23,-1,1,0,22,-1,22,0,4,-1,8,10,6,-1,6,10,12,-1,16,18,14,-1,14,18,20,-1,14,20,12,-1,12,20,22,-1,12,22,6,-1,6,22,4,-1,24,25,26,-1,24,26,27,-1,27,26,28,-1,27,28,29,-1,29,28,30,-1,29,30,31,-1,32,31,33,-1,33,31,30,-1,32,33,34,-1,32,34,35,-1,35,34,36,-1,35,36,37,-1,37,36,38,-1,37,38,39,-1,39,38,40,-1,39,40,41,-1,41,40,42,-1,41,42,43,-1,43,42,44,-1,43,44,45,-1,45,44,46,-1,45,46,47,-1,47,46,48,-1,47,48,49,-1,49,48,50,-1,49,50,51,-1,51,50,52,-1,51,52,53,-1,53,52,54,-1,53,54,55,-1,55,54,56,-1,55,56,57,-1,57,56,58,-1,57,58,59,-1,59,58,60,-1,59,60,61,-1,61,60,62,-1,61,62,63,-1,63,62,64,-1,63,64,65,-1,65,64,66,-1,65,66,67,-1,67,66,68,-1,67,68,69,-1,69,68,70,-1,69,70,71,-1,71,70,72,-1,71,72,73,-1,73,72,74,-1,73,74,75,-1,75,74,76,-1,75,76,77,-1,78,77,79,-1,79,77,76,-1,78,79,80,-1,78,80,81,-1,81,80,82,-1,81,82,83,-1,83,82,84,-1,83,84,85,-1,85,84,86,-1,85,86,87,-1,87,86,88,-1,87,88,89,-1,89,88,90,-1,89,90,91,-1,91,90,92,-1,91,92,93,-1,93,92,94,-1,93,94,95,-1,95,94,96,-1,95,96,97,-1,96,98,97,-1,97,98,99,-1,97,99,100,-1,100,99,101,-1,100,101,102,-1,102,101,103,-1,102,103,104,-1,104,103,105,-1,104,105,106,-1,105,107,106,-1,106,107,108,-1,106,108,109,-1,109,108,110,-1,109,110,111,-1,111,110,112,-1,111,112,113,-1,113,112,114,-1,113,114,115,-1,115,114,116,-1,115,116,117,-1,117,116,25,-1,117,25,24,-1,31,32,29,-1,29,32,35,-1,29,35,27,-1,27,35,37,-1,27,37,24,-1,24,37,39,-1,24,39,117,-1,117,39,41,-1,117,41,115,-1,115,41,43,-1,115,43,113,-1,113,43,45,-1,113,45,111,-1,111,45,47,-1,111,47,109,-1,109,47,49,-1,109,49,106,-1,106,49,104,-1,104,49,51,-1,104,51,102,-1,51,53,102,-1,102,53,55,-1,102,55,100,-1,100,55,57,-1,100,57,97,-1,97,57,95,-1,95,57,59,-1,95,59,93,-1,59,61,93,-1,93,61,63,-1,93,63,91,-1,91,63,65,-1,91,65,89,-1,89,65,87,-1,87,65,67,-1,87,67,85,-1,77,78,75,-1,75,78,81,-1,75,81,73,-1,73,81,83,-1,73,83,71,-1,71,83,85,-1,71,85,69,-1,69,85,67,-1,118,119,120,-1,120,119,121,-1,122,118,123,-1,123,118,120,-1,124,122,125,-1,125,122,123,-1,126,124,127,-1,127,124,125,-1,128,126,129,-1,129,126,127,-1,119,128,121,-1,121,128,129,-1,124,126,122,-1,122,126,128,-1,122,128,118,-1,118,128,119,-1,130,131,132,-1,132,131,133,-1,134,130,135,-1,135,130,132,-1,134,135,136,-1,134,136,137,-1,137,136,138,-1,137,138,139,-1,140,139,141,-1,141,139,138,-1,142,140,143,-1,143,140,141,-1,144,142,145,-1,145,142,143,-1,146,144,147,-1,147,144,145,-1,148,146,149,-1,149,146,147,-1,150,148,151,-1,151,148,149,-1,150,151,152,-1,150,152,153,-1,153,152,154,-1,153,154,155,-1,155,154,156,-1,155,156,157,-1,157,156,158,-1,157,158,159,-1,159,158,160,-1,159,160,161,-1,161,160,162,-1,161,162,163,-1,163,162,164,-1,163,164,165,-1,166,165,167,-1,167,165,164,-1,166,167,168,-1,166,168,169,-1,169,168,170,-1,169,170,171,-1,171,170,172,-1,171,172,173,-1,173,172,174,-1,173,174,175,-1,175,174,176,-1,175,176,177,-1,177,176,178,-1,177,178,179,-1,179,178,180,-1,179,180,181,-1,181,180,182,-1,181,182,183,-1,131,183,133,-1,133,183,182,-1,131,130,183,-1,183,130,134,-1,183,134,137,-1,181,183,148,-1,148,150,181,-1,181,150,153,-1,181,153,179,-1,179,153,155,-1,165,166,163,-1,163,166,169,-1,163,169,161,-1,161,169,171,-1,161,171,159,-1,159,171,173,-1,159,173,157,-1,157,173,175,-1,157,175,155,-1,155,175,177,-1,155,177,179,-1,144,146,142,-1,142,146,148,-1,142,148,140,-1,140,148,183,-1,140,183,139,-1,139,183,137,-1,184,185,186,-1,186,185,187,-1,188,189,190,-1,190,189,184,-1,190,184,186,-1,191,189,192,-1,192,189,188,-1,193,194,195,-1,195,194,191,-1,195,191,192,-1,196,194,197,-1,197,194,193,-1,196,197,198,-1,198,197,199,-1,198,199,200,-1,201,198,202,-1,202,198,200,-1,203,204,205,-1,205,204,201,-1,205,201,202,-1,206,204,207,-1,207,204,203,-1,208,209,210,-1,210,209,206,-1,210,206,207,-1,211,209,212,-1,212,209,208,-1,187,185,213,-1,213,185,211,-1,213,211,212,-1,185,184,211,-1,211,184,189,-1,194,196,191,-1,191,196,198,-1,204,206,201,-1,201,206,209,-1,201,209,198,-1,198,209,211,-1,198,211,191,-1,191,211,189,-1,214,215,216,-1,216,215,217,-1,215,218,217,-1,217,218,219,-1,220,221,222,-1,220,222,223,-1,223,222,224,-1,223,224,225,-1,225,224,219,-1,225,219,218,-1,226,227,228,-1,228,227,229,-1,228,229,230,-1,229,231,230,-1,230,231,232,-1,230,232,233,-1,233,232,234,-1,233,234,235,-1,235,234,221,-1,235,221,220,-1,236,237,238,-1,236,238,239,-1,239,238,240,-1,239,240,241,-1,241,240,242,-1,241,242,243,-1,243,242,227,-1,243,227,226,-1,244,245,246,-1,244,246,247,-1,247,246,248,-1,247,248,249,-1,249,248,237,-1,249,237,236,-1,244,214,245,-1,245,214,216,-1,250,251,252,-1,250,252,253,-1,253,252,254,-1,253,254,255,-1,255,254,256,-1,255,256,257,-1,257,256,258,-1,257,258,259,-1,259,258,260,-1,259,260,261,-1,261,260,262,-1,261,262,263,-1,263,262,264,-1,263,264,265,-1,265,264,266,-1,265,266,267,-1,267,266,268,-1,267,268,269,-1,269,268,270,-1,269,270,271,-1,271,270,272,-1,271,272,273,-1,273,272,274,-1,273,274,275,-1,275,274,276,-1,275,276,277,-1,277,276,278,-1,277,278,279,-1,279,278,280,-1,279,280,281,-1,282,283,280,-1,280,283,281,-1,284,285,282,-1,282,285,283,-1,251,250,284,-1,284,250,285,-1,265,267,243,-1,243,267,241,-1,241,267,269,-1,241,269,239,-1,239,269,271,-1,239,271,236,-1,271,273,236,-1,236,273,275,-1,236,275,249,-1,249,275,277,-1,249,277,247,-1,247,277,279,-1,247,279,244,-1,244,279,281,-1,244,281,214,-1,214,281,283,-1,214,283,215,-1,215,283,285,-1,215,285,218,-1,218,285,250,-1,218,250,225,-1,225,250,253,-1,225,253,223,-1,223,253,255,-1,223,255,220,-1,220,255,257,-1,220,257,235,-1,235,257,259,-1,235,259,233,-1,233,259,261,-1,233,261,230,-1,230,261,263,-1,230,263,228,-1,228,263,265,-1,228,265,226,-1,226,265,243,-1,
        ]
    }
}
Shape{
    appearance Appearance {
        material  Material 	{
            diffuseColor 0.0 0.0 0.0
            specularColor 0.0 0.0 0.0
            ambientIntensity 0.0
            transparency 0.0
            shininess 0.5
        }
    }
    geometry IndexedFaceSet {
        ccw TRUE
        solid FALSE
        coord DEF co Coordinate {
            point [
                -0.7082 2.3571 2.7032, -0.7187 2.3539 2.7103, -0.6748 2.3669 2.8192, -0.6949 2.361 2.6982, -0.7207 2.3533 2.7121, -0.7289 2.3508 2.7223, -0.7344 2.3491 2.7342, -0.7209 2.3533 2.8038, -0.7295 2.3506 2.7812, -0.7266 2.3515 2.7978, -0.7324 2.3497 2.7884, -0.7376 2.3481 2.749, -0.7381 2.3479 2.7586, -0.7365 2.3484 2.7759, -0.7095 2.3567 2.8116, -0.6957 2.3608 2.8167, -0.6506 2.3736 2.8194, -0.6497 2.3738 2.6959, -0.6729 2.3674 2.6958
            ]
        }
        coordIndex [
            0,1,2,-1,0,2,3,-1,1,4,2,-1,2,4,5,-1,2,5,6,-1,7,8,9,-1,9,8,10,-1,6,11,2,-1,2,11,12,-1,2,12,8,-1,8,12,13,-1,8,13,10,-1,7,14,8,-1,8,14,15,-1,8,15,2,-1,16,17,2,-1,2,17,18,-1,2,18,3,-1,
        ]
    }
}
Shape{
    appearance Appearance {
        material  Material 	{
            diffuseColor 1.0 1.0 1.0
            specularColor 0.8784313725490196 0.8784313725490196 0.8784313725490196
            ambientIntensity 1.0
            transparency 0.0
            shininess 0.5
        }
    }
    geometry IndexedFaceSet {
        ccw TRUE
        solid FALSE
        coord DEF co Coordinate {
            point [
                -0.9122 2.2865 2.6758, -0.8894 2.2955 2.676, -0.9122 2.2861 2.6758, -0.8894 2.295 2.676, -0.8882 2.2955 2.6792, -0.8734 2.3016 2.7199, -0.8734 2.3012 2.7199, -0.8067 2.3257 2.7204, -0.8067 2.3253 2.7204, -0.791 2.3311 2.6767, -0.791 2.3307 2.6767, -0.7682 2.3387 2.6768, -0.7682 2.3383 2.6768, -0.8303 2.3174 2.8366, -0.8303 2.317 2.8366, -0.8524 2.3094 2.8364, -0.8524 2.309 2.8364, -0.8882 2.2953 2.7404, -0.8378 2.3143 2.8048, -0.8378 2.3147 2.8048, -0.8134 2.323 2.7384, -0.8134 2.3234 2.7384, -0.839 2.3139 2.8097, -0.839 2.3143 2.8097, -0.8405 2.3133 2.816, -0.8405 2.3138 2.816, -0.841 2.3132 2.816, -0.841 2.3136 2.816, -0.8424 2.3126 2.8093, -0.8424 2.3131 2.8093, -0.8434 2.3123 2.8048, -0.8434 2.3127 2.8048, -0.8671 2.3035 2.738, -0.8671 2.3039 2.738
            ]
        }
        coordIndex [
            0,1,2,-1,2,1,3,-1,3,1,4,-1,4,1,5,-1,4,5,6,-1,5,7,6,-1,6,7,8,-1,7,9,8,-1,8,9,10,-1,9,11,10,-1,10,11,12,-1,11,13,12,-1,12,13,14,-1,13,15,14,-1,14,15,16,-1,16,15,17,-1,17,15,0,-1,17,0,2,-1,18,19,20,-1,20,19,21,-1,19,18,22,-1,19,22,23,-1,23,22,24,-1,23,24,25,-1,26,27,24,-1,24,27,25,-1,27,26,28,-1,27,28,29,-1,29,28,30,-1,29,30,31,-1,32,33,30,-1,30,33,31,-1,20,21,32,-1,32,21,33,-1,21,7,33,-1,33,7,5,-1,19,13,21,-1,21,13,11,-1,21,11,7,-1,7,11,9,-1,19,23,13,-1,13,23,25,-1,13,25,15,-1,15,25,27,-1,15,27,29,-1,29,31,15,-1,15,31,33,-1,15,33,0,-1,0,33,5,-1,0,5,1,-1,
        ]
    }
}
Shape{
    appearance Appearance {
        material  Material 	{
            diffuseColor 0.0 0.0 0.0
            specularColor 0.0 0.0 0.0
            ambientIntensity 0.0
            transparency 0.0
            shininess 0.5
        }
    }
    geometry IndexedFaceSet {
        ccw TRUE
        solid FALSE
        coord DEF co Coordinate {
            point [
                -0.8134 2.323 2.7384, -0.8671 2.3035 2.738, -0.8378 2.3143 2.8048, -0.8434 2.3123 2.8048, -0.839 2.3139 2.8097, -0.8424 2.3126 2.8093, -0.8405 2.3133 2.816, -0.841 2.3132 2.816
            ]
        }
        coordIndex [
            0,1,2,-1,2,1,3,-1,2,3,4,-1,4,3,5,-1,4,5,6,-1,6,5,7,-1,
        ]
    }
}