#VRML V2.0 utf8
# 3D model generated by easyeda2kicad.py (https://github.com/uPesy/easyeda2kicad.py)

Shape{
    appearance Appearance {
        material  Material 	{
            diffuseColor 0.20784313725490197 0.20784313725490197 0.20784313725490197
            specularColor 0.01568627450980392 0.01568627450980392 0.01568627450980392
            ambientIntensity 0.298
            transparency 0.0
            shininess 0.5
        }
    }
    geometry IndexedFaceSet {
        ccw TRUE
        solid FALSE
        coord DEF co Coordinate {
            point [
                0.7874 1.1785 4.0157, 0.7874 -1.1785 4.0157, 0.7874 -1.1785 4.0157, 0.7874 1.1785 4.0157, 0.8991 -1.0956 4.0157, 1.0022 -1.0022 4.0157, 1.3563 0.4114 4.0157, 1.3901 -0.2765 4.0157, 1.4105 -0.1389 4.0157, 1.0956 0.8991 4.0157, 1.0022 1.0022 4.0157, 0.8991 1.0956 4.0157, 1.0956 -0.8991 4.0157, 1.1785 -0.7874 4.0157, 1.25 0.6681 4.0157, 1.25 -0.6681 4.0157, 1.3094 -0.5424 4.0157, 1.3094 0.5424 4.0157, 1.3563 -0.4114 4.0157, 1.1785 0.7874 4.0157, 1.4173 0.0 4.0157, 1.4105 0.1389 4.0157, 1.3901 0.2765 4.0157
            ]
        }
        coordIndex [
            0,1,2,-1,0,2,3,-1,3,2,4,-1,3,4,5,-1,6,7,8,-1,9,10,5,-1,5,10,11,-1,5,11,3,-1,12,13,14,-1,14,13,15,-1,14,15,16,-1,6,17,7,-1,7,17,14,-1,7,14,18,-1,18,14,16,-1,12,14,5,-1,5,14,19,-1,5,19,9,-1,20,21,8,-1,8,21,22,-1,8,22,6,-1,
        ]
    }
}
Shape{
    appearance Appearance {
        material  Material 	{
            diffuseColor 0.6666666666666666 0.6666666666666666 0.6666666666666666
            specularColor 0.4666666666666667 0.4666666666666667 0.4666666666666667
            ambientIntensity 0.6667
            transparency 0.0
            shininess 0.5
        }
    }
    geometry IndexedFaceSet {
        ccw TRUE
        solid FALSE
        coord DEF co Coordinate {
            point [
                0.055 -1.5738 0.315, -0.1646 -1.5662 0.315, 0.6102 -0.187 0.315, -0.381 -1.528 0.315, 1.5595 -0.2192 0.315, 1.5138 -0.4341 0.315, 0.7283 -0.187 0.315, -0.1646 1.5662 0.315, 0.055 1.5738 0.315, 0.6102 0.187 0.315, 1.4387 -0.6405 0.315, 1.3355 -0.8345 0.315, 1.2064 -1.0123 0.315, 1.0537 -1.1703 0.315, 0.8806 -1.3056 0.315, 0.6903 -1.4154 0.315, 0.4866 -1.4977 0.315, 0.2735 -1.5509 0.315, 1.4387 0.6405 0.315, 1.5138 0.4341 0.315, 0.7283 0.187 0.315, 1.5595 0.2192 0.315, 1.5748 0.0 0.315, 0.2735 1.5509 0.315, 0.4866 1.4977 0.315, 0.6903 1.4154 0.315, 1.2064 1.0123 0.315, 1.3355 0.8345 0.315, 0.8806 1.3056 0.315, 1.0537 1.1703 0.315, -0.5899 -1.4601 0.315, -0.7874 -1.3638 0.315, -0.6102 -0.187 0.315, -0.9695 -1.241 0.315, -0.6102 0.187 0.315, -1.1328 1.094 0.315, -0.9695 1.241 0.315, -1.1328 -1.094 0.315, -1.274 -0.9256 0.315, -0.7283 -0.187 0.315, -1.3905 -0.7393 0.315, -1.4798 -0.5386 0.315, -0.7874 1.3638 0.315, -0.5899 1.4601 0.315, -0.381 1.528 0.315, -1.5404 0.3274 0.315, -1.4798 0.5386 0.315, -0.7283 0.187 0.315, -1.3905 0.7393 0.315, -1.274 0.9256 0.315, -1.5404 -0.3274 0.315, -1.571 -0.1099 0.315, -1.571 0.1099 0.315, -0.5424 1.3094 4.0157, -0.6681 1.25 4.0157, 0.6681 -1.25 4.0157, 0.7874 -1.1785 4.0157, 0.7874 1.1785 4.0157, 0.6681 1.25 4.0157, -0.4114 -1.3563 4.0157, -0.2765 -1.3901 4.0157, -0.1389 -1.4105 4.0157, -0.8991 1.0956 4.0157, -1.0956 -0.8991 4.0157, -0.7874 1.1785 4.0157, -1.0022 -1.0022 4.0157, -0.8991 -1.0956 4.0157, -0.7874 -1.1785 4.0157, -0.6681 -1.25 4.0157, -0.5424 -1.3094 4.0157, 0.5424 1.3094 4.0157, 0.4114 1.3563 4.0157, 0.2765 1.3901 4.0157, -1.3563 0.4114 4.0157, -1.3901 0.2765 4.0157, -1.4105 0.1389 4.0157, 0.0 -1.4173 4.0157, 0.1389 -1.4105 4.0157, 0.2765 -1.3901 4.0157, 0.4114 -1.3563 4.0157, 0.5424 -1.3094 4.0157, 0.1389 1.4105 4.0157, 0.0 1.4173 4.0157, -0.1389 1.4105 4.0157, -1.0022 1.0022 4.0157, -1.0956 0.8991 4.0157, -1.1785 0.7874 4.0157, -1.4173 -0.0 4.0157, -1.4105 -0.1389 4.0157, -1.1785 -0.7874 4.0157, -1.25 -0.6681 4.0157, -1.25 0.6681 4.0157, -1.3094 0.5424 4.0157, -1.3094 -0.5424 4.0157, -1.3901 -0.2765 4.0157, -1.3563 -0.4114 4.0157, -0.2765 1.3901 4.0157, -0.4114 1.3563 4.0157, 1.3341 0.8337 3.8583, 1.3049 0.8719 3.899, 1.3889 0.7424 3.8583, 1.3841 0.7398 3.899, 1.4373 0.6399 3.8583, 1.45 0.6006 3.899, 1.4549 0.6027 3.8583, 1.5019 0.4556 3.899, 1.507 0.4571 3.8583, 1.3094 0.8749 3.8583, 1.2173 0.999 3.8583, 1.2132 0.9956 3.899, 1.2058 1.0118 3.8583, 1.1098 1.1098 3.899, 1.1136 1.1136 3.8583, 0.9956 1.2132 3.899, 1.0525 1.1689 3.8583, 0.8749 1.3094 3.8583, 0.8719 1.3049 3.899, 0.8804 1.3053 3.8583, 0.999 1.2173 3.8583, 0.4862 1.4966 3.8583, 0.4556 1.5019 3.899, 0.6027 1.4549 3.8583, 0.6006 1.45 3.899, 0.6896 1.4138 3.8583, 0.7398 1.3841 3.899, 0.7424 1.3889 3.8583, 0.4571 1.507 3.8583, 0.3072 1.5445 3.8583, 0.3062 1.5393 3.899, 0.2733 1.5496 3.8583, 0.1538 1.5619 3.899, 0.1544 1.5672 3.8583, 0.0 1.5694 3.899, 0.0549 1.5721 3.8583, 0.0 1.5748 3.8583, -0.1544 1.5672 3.8583, -0.1538 1.5619 3.899, -0.1645 1.5657 3.8583, -0.3062 1.5393 3.899, -0.3072 1.5445 3.8583, -0.3805 1.5262 3.8583, -0.4556 1.5019 3.899, -0.4571 1.507 3.8583, -0.5897 1.4596 3.8583, -0.6006 1.45 3.899, -0.6027 1.4549 3.8583, -0.7424 1.3889 3.8583, -0.7398 1.3841 3.899, -0.7865 1.3624 3.8583, -0.8719 1.3049 3.899, -0.8749 1.3094 3.8583, -0.9956 1.2132 3.899, -0.9687 1.2398 3.8583, -0.999 1.2173 3.8583, -1.1136 1.1136 3.8583, -1.1098 1.1098 3.899, -1.132 1.0932 3.8583, -1.2132 0.9956 3.899, -1.2173 0.999 3.8583, -1.3049 0.8719 3.899, -1.2726 0.9246 3.8583, -1.3094 0.8749 3.8583, -1.3889 0.7424 3.8583, -1.3841 0.7398 3.899, -1.3903 0.7393 3.8583, -1.45 0.6006 3.899, -1.4549 0.6027 3.8583, -1.4781 0.538 3.8583, -1.5019 0.4556 3.899, -1.507 0.4571 3.8583, -1.5395 0.3272 3.8583, -1.5393 0.3062 3.899, -1.5445 0.3072 3.8583, -1.5672 0.1544 3.8583, -1.5619 0.1538 3.899, -1.5694 0.1098 3.8583, -1.5694 -0.0 3.899, -1.5748 -0.0 3.8583, -1.5619 -0.1538 3.899, -1.5694 -0.1098 3.8583, -1.5672 -0.1544 3.8583, -1.5445 -0.3072 3.8583, -1.5393 -0.3062 3.899, -1.5395 -0.3272 3.8583, -1.5019 -0.4556 3.899, -1.507 -0.4571 3.8583, -1.45 -0.6006 3.899, -1.4781 -0.538 3.8583, -1.4549 -0.6027 3.8583, -1.3903 -0.7393 3.8583, -1.3841 -0.7398 3.899, -1.3889 -0.7424 3.8583, -1.3094 -0.8749 3.8583, -1.3049 -0.8719 3.899, -1.2726 -0.9246 3.8583, -1.2132 -0.9956 3.899, -1.2173 -0.999 3.8583, -1.1098 -1.1098 3.899, -1.132 -1.0932 3.8583, -1.1136 -1.1136 3.8583, -0.999 -1.2173 3.8583, -0.9956 -1.2132 3.899, -0.9687 -1.2398 3.8583, -0.8719 -1.3049 3.899, -0.8749 -1.3094 3.8583, -0.7398 -1.3841 3.899, -0.7865 -1.3624 3.8583, -0.7424 -1.3889 3.8583, -0.6027 -1.4549 3.8583, -0.6006 -1.45 3.899, -0.5897 -1.4596 3.8583, -0.4556 -1.5019 3.899, -0.4571 -1.507 3.8583, -0.3062 -1.5393 3.899, -0.3805 -1.5262 3.8583, -0.3072 -1.5445 3.8583, -0.1645 -1.5657 3.8583, -0.1538 -1.5619 3.899, -0.1544 -1.5672 3.8583, 0.0 -1.5748 3.8583, 0.0 -1.5694 3.899, 0.0549 -1.5721 3.8583, 0.1538 -1.5619 3.899, 0.1544 -1.5672 3.8583, 0.3062 -1.5393 3.899, 0.2733 -1.5496 3.8583, 0.3072 -1.5445 3.8583, 0.4571 -1.507 3.8583, 0.4556 -1.5019 3.899, 0.4862 -1.4966 3.8583, 0.6006 -1.45 3.899, 0.6027 -1.4549 3.8583, 0.7398 -1.3841 3.899, 0.6896 -1.4138 3.8583, 0.7424 -1.3889 3.8583, 0.8749 -1.3094 3.8583, 0.8719 -1.3049 3.899, 0.8804 -1.3053 3.8583, 0.9956 -1.2132 3.899, 0.999 -1.2173 3.8583, 1.0525 -1.1689 3.8583, 1.1098 -1.1098 3.899, 1.1136 -1.1136 3.8583, 1.2058 -1.0118 3.8583, 1.2132 -0.9956 3.899, 1.2173 -0.999 3.8583, 1.3094 -0.8749 3.8583, 1.3049 -0.8719 3.899, 1.3341 -0.8337 3.8583, 1.3841 -0.7398 3.899, 1.3889 -0.7424 3.8583, 1.45 -0.6006 3.899, 1.4373 -0.6399 3.8583, 1.4549 -0.6027 3.8583, 1.507 -0.4571 3.8583, 1.5019 -0.4556 3.899, 1.5128 -0.4338 3.8583, 1.5393 -0.3062 3.899, 1.5445 -0.3072 3.8583, 1.5619 -0.1538 3.899, 1.5576 -0.2189 3.8583, 1.5672 -0.1544 3.8583, 1.5748 0.0 3.8583, 1.5694 0.0 3.899, 1.5672 0.1544 3.8583, 1.5619 0.1538 3.899, 1.5576 0.2189 3.8583, 1.5393 0.3062 3.899, 1.5445 0.3072 3.8583, 1.5128 0.4338 3.8583, 0.8632 1.2919 3.937, 0.9857 1.201 3.937, 1.0986 1.0986 3.937, 1.201 0.9857 3.937, 1.2919 0.8632 3.937, 1.3702 0.7324 3.937, 1.4354 0.5946 3.937, 1.4868 0.451 3.937, 1.5239 0.3031 3.937, 1.5462 0.1523 3.937, 1.5537 0.0 3.937, 1.5462 -0.1523 3.937, 1.5239 -0.3031 3.937, 1.4868 -0.451 3.937, 1.4354 -0.5946 3.937, 1.3702 -0.7324 3.937, 1.2919 -0.8632 3.937, 1.201 -0.9857 3.937, 1.0986 -1.0986 3.937, 0.9857 -1.201 3.937, 0.8632 -1.2919 3.937, 0.7324 -1.3702 3.937, 0.5946 -1.4354 3.937, 0.451 -1.4868 3.937, 0.3031 -1.5239 3.937, 0.1523 -1.5462 3.937, 0.0 -1.5537 3.937, -0.1523 -1.5462 3.937, -0.3031 -1.5239 3.937, -0.451 -1.4868 3.937, -0.5946 -1.4354 3.937, -0.7324 -1.3702 3.937, -0.8632 -1.2919 3.937, -0.9857 -1.201 3.937, -1.0986 -1.0986 3.937, -1.201 -0.9857 3.937, -1.2919 -0.8632 3.937, -1.3702 -0.7324 3.937, -1.4354 -0.5946 3.937, -1.4868 -0.451 3.937, -1.5239 -0.3031 3.937, -1.5462 -0.1523 3.937, -1.5537 -0.0 3.937, -1.5462 0.1523 3.937, -1.5239 0.3031 3.937, -1.4868 0.451 3.937, -1.4354 0.5946 3.937, -1.3702 0.7324 3.937, -1.2919 0.8632 3.937, -1.201 0.9857 3.937, -1.0986 1.0986 3.937, -0.9857 1.201 3.937, -0.8632 1.2919 3.937, -0.7324 1.3702 3.937, -0.5946 1.4354 3.937, -0.451 1.4868 3.937, -0.3031 1.5239 3.937, -0.1523 1.5462 3.937, 0.0 1.5537 3.937, 0.1523 1.5462 3.937, 0.3031 1.5239 3.937, 0.451 1.4868 3.937, 0.5946 1.4354 3.937, 0.7324 1.3702 3.937, 0.8493 1.271 3.9696, 0.9698 1.1817 3.9696, 1.0809 1.0809 3.9696, 1.1817 0.9698 3.9696, 1.271 0.8493 3.9696, 1.3482 0.7206 3.9696, 1.4123 0.585 3.9696, 1.4629 0.4438 3.9696, 1.4993 0.2982 3.9696, 1.5213 0.1498 3.9696, 1.5287 0.0 3.9696, 1.5213 -0.1498 3.9696, 1.4993 -0.2982 3.9696, 1.4629 -0.4438 3.9696, 1.4123 -0.585 3.9696, 1.3482 -0.7206 3.9696, 1.271 -0.8493 3.9696, 1.1817 -0.9698 3.9696, 1.0809 -1.0809 3.9696, 0.9698 -1.1817 3.9696, 0.8493 -1.271 3.9696, 0.7206 -1.3482 3.9696, 0.585 -1.4123 3.9696, 0.4438 -1.4629 3.9696, 0.2982 -1.4993 3.9696, 0.1498 -1.5213 3.9696, 0.0 -1.5287 3.9696, -0.1498 -1.5213 3.9696, -0.2982 -1.4993 3.9696, -0.4438 -1.4629 3.9696, -0.585 -1.4123 3.9696, -0.7206 -1.3482 3.9696, -0.8493 -1.271 3.9696, -0.9698 -1.1817 3.9696, -1.0809 -1.0809 3.9696, -1.1817 -0.9698 3.9696, -1.271 -0.8493 3.9696, -1.3482 -0.7206 3.9696, -1.4123 -0.585 3.9696, -1.4629 -0.4438 3.9696, -1.4993 -0.2982 3.9696, -1.5213 -0.1498 3.9696, -1.5287 -0.0 3.9696, -1.5213 0.1498 3.9696, -1.4993 0.2982 3.9696, -1.4629 0.4438 3.9696, -1.4123 0.585 3.9696, -1.3482 0.7206 3.9696, -1.271 0.8493 3.9696, -1.1817 0.9698 3.9696, -1.0809 1.0809 3.9696, -0.9698 1.1817 3.9696, -0.8493 1.271 3.9696, -0.7206 1.3482 3.9696, -0.585 1.4123 3.9696, -0.4438 1.4629 3.9696, -0.2982 1.4993 3.9696, -0.1498 1.5213 3.9696, 0.0 1.5287 3.9696, 0.1498 1.5213 3.9696, 0.2982 1.4993 3.9696, 0.4438 1.4629 3.9696, 0.585 1.4123 3.9696, 0.7206 1.3482 3.9696, 0.8312 1.2439 3.9946, 0.9491 1.1565 3.9946, 1.0579 1.0579 3.9946, 1.1565 0.9491 3.9946, 1.2439 0.8312 3.9946, 1.3194 0.7052 3.9946, 1.3822 0.5725 3.9946, 1.4316 0.4343 3.9946, 1.4673 0.2919 3.9946, 1.4889 0.1466 3.9946, 1.4961 0.0 3.9946, 1.4889 -0.1466 3.9946, 1.4673 -0.2919 3.9946, 1.4316 -0.4343 3.9946, 1.3822 -0.5725 3.9946, 1.3194 -0.7052 3.9946, 1.2439 -0.8312 3.9946, 1.1565 -0.9491 3.9946, 1.0579 -1.0579 3.9946, 0.9491 -1.1565 3.9946, 0.8312 -1.2439 3.9946, 0.7052 -1.3194 3.9946, 0.5725 -1.3822 3.9946, 0.4343 -1.4316 3.9946, 0.2919 -1.4673 3.9946, 0.1466 -1.4889 3.9946, 0.0 -1.4961 3.9946, -0.1466 -1.4889 3.9946, -0.2919 -1.4673 3.9946, -0.4343 -1.4316 3.9946, -0.5725 -1.3822 3.9946, -0.7052 -1.3194 3.9946, -0.8312 -1.2439 3.9946, -0.9491 -1.1565 3.9946, -1.0579 -1.0579 3.9946, -1.1565 -0.9491 3.9946, -1.2439 -0.8312 3.9946, -1.3194 -0.7052 3.9946, -1.3822 -0.5725 3.9946, -1.4316 -0.4343 3.9946, -1.4673 -0.2919 3.9946, -1.4889 -0.1466 3.9946, -1.4961 -0.0 3.9946, -1.4889 0.1466 3.9946, -1.4673 0.2919 3.9946, -1.4316 0.4343 3.9946, -1.3822 0.5725 3.9946, -1.3194 0.7052 3.9946, -1.2439 0.8312 3.9946, -1.1565 0.9491 3.9946, -1.0579 1.0579 3.9946, -0.9491 1.1565 3.9946, -0.8312 1.2439 3.9946, -0.7052 1.3194 3.9946, -0.5725 1.3822 3.9946, -0.4343 1.4316 3.9946, -0.2919 1.4673 3.9946, -0.1466 1.4889 3.9946, 0.0 1.4961 3.9946, 0.1466 1.4889 3.9946, 0.2919 1.4673 3.9946, 0.4343 1.4316 3.9946, 0.5725 1.3822 3.9946, 0.7052 1.3194 3.9946, 0.8101 1.2124 4.0104, 0.925 1.1271 4.0104, 1.031 1.031 4.0104, 1.1271 0.925 4.0104, 1.2124 0.8101 4.0104, 1.2859 0.6873 4.0104, 1.3471 0.558 4.0104, 1.3953 0.4233 4.0104, 1.4301 0.2845 4.0104, 1.4511 0.1429 4.0104, 1.4581 0.0 4.0104, 1.4511 -0.1429 4.0104, 1.4301 -0.2845 4.0104, 1.3953 -0.4233 4.0104, 1.3471 -0.558 4.0104, 1.2859 -0.6873 4.0104, 1.2124 -0.8101 4.0104, 1.1271 -0.925 4.0104, 1.031 -1.031 4.0104, 0.925 -1.1271 4.0104, 0.8101 -1.2124 4.0104, 0.6873 -1.2859 4.0104, 0.558 -1.3471 4.0104, 0.4233 -1.3953 4.0104, 0.2845 -1.4301 4.0104, 0.1429 -1.4511 4.0104, 0.0 -1.4581 4.0104, -0.1429 -1.4511 4.0104, -0.2845 -1.4301 4.0104, -0.4233 -1.3953 4.0104, -0.558 -1.3471 4.0104, -0.6873 -1.2859 4.0104, -0.8101 -1.2124 4.0104, -0.925 -1.1271 4.0104, -1.031 -1.031 4.0104, -1.1271 -0.925 4.0104, -1.2124 -0.8101 4.0104, -1.2859 -0.6873 4.0104, -1.3471 -0.558 4.0104, -1.3953 -0.4233 4.0104, -1.4301 -0.2845 4.0104, -1.4511 -0.1429 4.0104, -1.4581 -0.0 4.0104, -1.4511 0.1429 4.0104, -1.4301 0.2845 4.0104, -1.3953 0.4233 4.0104, -1.3471 0.558 4.0104, -1.2859 0.6873 4.0104, -1.2124 0.8101 4.0104, -1.1271 0.925 4.0104, -1.031 1.031 4.0104, -0.925 1.1271 4.0104, -0.8101 1.2124 4.0104, -0.6873 1.2859 4.0104, -0.558 1.3471 4.0104, -0.4233 1.3953 4.0104, -0.2845 1.4301 4.0104, -0.1429 1.4511 4.0104, 0.0 1.4581 4.0104, 0.1429 1.4511 4.0104, 0.2845 1.4301 4.0104, 0.4233 1.3953 4.0104, 0.558 1.3471 4.0104, 0.6873 1.2859 4.0104, 0.7874 1.1785 4.0157, 0.8991 1.0956 4.0157, 1.0022 1.0022 4.0157, 1.0956 0.8991 4.0157, 1.1785 0.7874 4.0157, 1.25 0.6681 4.0157, 1.3094 0.5424 4.0157, 1.3563 0.4114 4.0157, 1.3901 0.2765 4.0157, 1.4105 0.1389 4.0157, 1.4173 0.0 4.0157, 1.4105 -0.1389 4.0157, 1.3901 -0.2765 4.0157, 1.3563 -0.4114 4.0157, 1.3094 -0.5424 4.0157, 1.25 -0.6681 4.0157, 1.1785 -0.7874 4.0157, 1.0956 -0.8991 4.0157, 1.0022 -1.0022 4.0157, 0.8991 -1.0956 4.0157, 0.7874 -1.1785 4.0157, 1.5672 -0.1544 1.5091, 1.5748 0.0 1.5091, 1.5672 0.1544 1.5091, 1.5576 0.2189 1.5091, 1.5445 0.3072 1.5091, 1.5128 0.4338 1.5091, 1.507 0.4571 1.5091, 1.4549 0.6027 1.5091, 1.4373 0.6399 1.5091, 1.3889 0.7424 1.5091, 1.3341 0.8337 1.5091, 1.3094 0.8749 1.5091, 1.2173 0.999 1.5091, 1.2058 1.0118 1.5091, 1.1136 1.1136 1.5091, 1.0525 1.1689 1.5091, 0.999 1.2173 1.5091, 0.8804 1.3053 1.5091, 0.8749 1.3094 1.5091, 0.7424 1.3889 1.5091, 0.6896 1.4138 1.5091, 0.6027 1.4549 1.5091, 0.4862 1.4966 1.5091, 0.4571 1.507 1.5091, 0.3072 1.5445 1.5091, 0.2733 1.5496 1.5091, 0.1544 1.5672 1.5091, 0.0549 1.5721 1.5091, 0.0 1.5748 1.5091, -0.1544 1.5672 1.5091, -0.1645 1.5657 1.5091, -0.3072 1.5445 1.5091, -0.3805 1.5262 1.5091, -0.4571 1.507 1.5091, -0.5897 1.4596 1.5091, -0.6027 1.4549 1.5091, -0.7424 1.3889 1.5091, -0.7865 1.3624 1.5091, -0.8749 1.3094 1.5091, -0.9687 1.2398 1.5091, -0.999 1.2173 1.5091, -1.1136 1.1136 1.5091, -1.132 1.0932 1.5091, -1.2173 0.999 1.5091, -1.2726 0.9246 1.5091, -1.3094 0.8749 1.5091, -1.3889 0.7424 1.5091, -1.3903 0.7393 1.5091, -1.4549 0.6027 1.5091, -1.4781 0.538 1.5091, -1.507 0.4571 1.5091, -1.5395 0.3272 1.5091, -1.5445 0.3072 1.5091, -1.5672 0.1544 1.5091, -1.5694 0.1098 1.5091, -1.5748 -0.0 1.5091, -1.5694 -0.1098 1.5091, -1.5672 -0.1544 1.5091, -1.5445 -0.3072 1.5091, -1.5395 -0.3272 1.5091, -1.507 -0.4571 1.5091, -1.4781 -0.538 1.5091, -1.4549 -0.6027 1.5091, -1.3903 -0.7393 1.5091, -1.3889 -0.7424 1.5091, -1.3094 -0.8749 1.5091, -1.2726 -0.9246 1.5091, -1.2173 -0.999 1.5091, -1.132 -1.0932 1.5091, -1.1136 -1.1136 1.5091, -0.999 -1.2173 1.5091, -0.9687 -1.2398 1.5091, -0.8749 -1.3094 1.5091, -0.7865 -1.3624 1.5091, -0.7424 -1.3889 1.5091, -0.6027 -1.4549 1.5091, -0.5897 -1.4596 1.5091, -0.4571 -1.507 1.5091, -0.3805 -1.5262 1.5091, -0.3072 -1.5445 1.5091, -0.1645 -1.5657 1.5091, -0.1544 -1.5672 1.5091, 0.0 -1.5748 1.5091, 0.0549 -1.5721 1.5091, 0.1544 -1.5672 1.5091, 0.2733 -1.5496 1.5091, 0.3072 -1.5445 1.5091, 0.4571 -1.507 1.5091, 0.4862 -1.4966 1.5091, 0.6027 -1.4549 1.5091, 0.6896 -1.4138 1.5091, 0.7424 -1.3889 1.5091, 0.8749 -1.3094 1.5091, 0.8804 -1.3053 1.5091, 0.999 -1.2173 1.5091, 1.0525 -1.1689 1.5091, 1.1136 -1.1136 1.5091, 1.2058 -1.0118 1.5091, 1.2173 -0.999 1.5091, 1.3094 -0.8749 1.5091, 1.3341 -0.8337 1.5091, 1.3889 -0.7424 1.5091, 1.4373 -0.6399 1.5091, 1.4549 -0.6027 1.5091, 1.507 -0.4571 1.5091, 1.5128 -0.4338 1.5091, 1.5445 -0.3072 1.5091, 1.5576 -0.2189 1.5091, 1.3851 -0.7404 1.4729, 1.1106 -1.1106 1.4729, 0.8726 -1.3059 1.4729, 0.601 -1.451 1.4729, 0.1539 -1.563 1.4729, -0.3064 -1.5404 1.4729, -0.4559 -1.503 1.4729, -0.601 -1.451 1.4729, -0.8726 -1.3059 1.4729, -1.2141 -0.9964 1.4729, -1.451 -0.601 1.4729, -1.503 -0.4559 1.4729, -1.5404 -0.3064 1.4729, -1.5706 -0.0 1.4729, -1.503 0.4559 1.4729, -1.3851 0.7404 1.4729, -1.2141 0.9964 1.4729, -0.8726 1.3059 1.4729, -0.4559 1.503 1.4729, -0.1539 1.563 1.4729, 0.1539 1.563 1.4729, 0.601 1.451 1.4729, 0.9964 1.2141 1.4729, 1.1106 1.1106 1.4729, 1.2141 0.9964 1.4729, 1.3851 0.7404 1.4729, 1.3596 -0.5834 1.3647, 1.3676 -0.5665 1.3647, 1.3967 -0.5785 1.3831, 1.2935 -0.7179 1.3647, 1.3055 -0.6978 1.3647, 1.3333 -0.7127 1.3831, -0.2239 -1.4615 1.3647, -0.1451 -1.4732 1.3647, -0.1482 -1.5045 1.3831, -0.3706 -1.4314 1.3647, -0.2888 -1.4519 1.3647, -0.2949 -1.4827 1.3831, -0.5136 -1.3866 1.3647, -0.4297 -1.4166 1.3647, -0.4389 -1.4467 1.3831, -0.6512 -1.3276 1.3647, -0.5665 -1.3676 1.3647, -0.5785 -1.3967 1.3831, -0.7822 -1.2549 1.3647, -0.6978 -1.3055 1.3647, -0.7127 -1.3333 1.3831, -0.9052 -1.1694 1.3647, -0.8224 -1.2308 1.3647, -0.8399 -1.257 1.3831, -1.019 -1.0719 1.3647, -0.9391 -1.1443 1.3647, -0.9591 -1.1686 1.3831, -1.1223 -0.9634 1.3647, -1.0467 -1.0467 1.3647, -1.069 -1.069 1.3831, -1.2141 -0.845 1.3647, -1.1443 -0.9391 1.3647, -1.1686 -0.9591 1.3831, -1.2935 -0.7179 1.3647, -1.2308 -0.8224 1.3647, -1.257 -0.8399 1.3831, -1.3596 -0.5834 1.3647, -1.3055 -0.6978 1.3647, -1.3333 -0.7127 1.3831, -1.4118 -0.4429 1.3647, -1.3676 -0.5665 1.3647, -1.3967 -0.5785 1.3831, -1.4496 -0.2979 1.3647, -1.4166 -0.4297 1.3647, -1.4467 -0.4389 1.3831, -1.4725 -0.1497 1.3647, -1.4519 -0.2888 1.3647, -1.4827 -0.2949 1.3831, -1.4725 0.1497 1.3647, -1.4732 0.1451 1.3647, -1.5045 0.1482 1.3831, -1.4496 0.2979 1.3647, -1.4519 0.2888 1.3647, -1.4827 0.2949 1.3831, -1.4118 0.4429 1.3647, -1.4166 0.4297 1.3647, -1.4467 0.4389 1.3831, -1.3596 0.5834 1.3647, -1.3676 0.5665 1.3647, -1.3967 0.5785 1.3831, -1.2935 0.7179 1.3647, -1.3055 0.6978 1.3647, -1.3333 0.7127 1.3831, 0.2239 1.4615 1.3647, 0.1451 1.4732 1.3647, 0.1482 1.5045 1.3831, 0.3706 1.4314 1.3647, 0.2888 1.4519 1.3647, 0.2949 1.4827 1.3831, 0.5136 1.3866 1.3647, 0.4297 1.4166 1.3647, 0.4389 1.4467 1.3831, 0.6512 1.3276 1.3647, 0.5665 1.3676 1.3647, 0.5785 1.3967 1.3831, 0.7822 1.2549 1.3647, 0.6978 1.3055 1.3647, 0.7127 1.3333 1.3831, 0.9052 1.1694 1.3647, 0.8224 1.2308 1.3647, 0.8399 1.257 1.3831, 1.019 1.0719 1.3647, 0.9391 1.1443 1.3647, 0.9591 1.1686 1.3831, 1.1223 0.9634 1.3647, 1.0467 1.0467 1.3647, 1.069 1.069 1.3831, 1.2141 0.845 1.3647, 1.1443 0.9391 1.3647, 1.1686 0.9591 1.3831, 1.2935 0.7179 1.3647, 1.2308 0.8224 1.3647, 1.257 0.8399 1.3831, 1.3596 0.5834 1.3647, 1.3055 0.6978 1.3647, 1.3333 0.7127 1.3831, 1.4118 0.4429 1.3647, 1.3676 0.5665 1.3647, 1.3967 0.5785 1.3831, 1.4496 0.2979 1.3647, 1.4166 0.4297 1.3647, 1.4467 0.4389 1.3831, 0.0 1.4803 1.3647, -0.0749 1.4766 1.3647, -0.1482 1.5045 1.3831, -0.1451 1.4732 1.3647, -0.2239 1.4615 1.3647, -0.2949 1.4827 1.3831, -0.2888 1.4519 1.3647, -0.3706 1.4314 1.3647, -0.4389 1.4467 1.3831, -0.4297 1.4166 1.3647, -0.5136 1.3866 1.3647, -0.5785 1.3967 1.3831, -0.5665 1.3676 1.3647, -0.6512 1.3276 1.3647, -0.7127 1.3333 1.3831, -0.6978 1.3055 1.3647, -0.7822 1.2549 1.3647, -0.8399 1.257 1.3831, -0.8224 1.2308 1.3647, -0.9052 1.1694 1.3647, -0.9591 1.1686 1.3831, -0.9391 1.1443 1.3647, -1.019 1.0719 1.3647, -1.069 1.069 1.3831, -1.0467 1.0467 1.3647, -1.1223 0.9634 1.3647, -1.1686 0.9591 1.3831, -1.1443 0.9391 1.3647, -1.2141 0.845 1.3647, -1.257 0.8399 1.3831, -1.2308 0.8224 1.3647, 0.0 -1.4803 1.3647, 0.0749 -1.4766 1.3647, 0.1482 -1.5045 1.3831, 0.1451 -1.4732 1.3647, 0.2239 -1.4615 1.3647, 0.2949 -1.4827 1.3831, 0.2888 -1.4519 1.3647, 0.3706 -1.4314 1.3647, 0.4389 -1.4467 1.3831, 0.4297 -1.4166 1.3647, 0.5136 -1.3866 1.3647, 0.5785 -1.3967 1.3831, 0.5665 -1.3676 1.3647, 0.6512 -1.3276 1.3647, 0.7127 -1.3333 1.3831, 0.6978 -1.3055 1.3647, 0.7822 -1.2549 1.3647, 0.8399 -1.257 1.3831, 0.8224 -1.2308 1.3647, 0.9052 -1.1694 1.3647, 0.9591 -1.1686 1.3831, 0.9391 -1.1443 1.3647, 1.019 -1.0719 1.3647, 1.069 -1.069 1.3831, 1.0467 -1.0467 1.3647, 1.1223 -0.9634 1.3647, 1.1686 -0.9591 1.3831, 1.1443 -0.9391 1.3647, 1.2141 -0.845 1.3647, 1.257 -0.8399 1.3831, 1.2308 -0.8224 1.3647, 1.4118 -0.4429 1.3647, 1.4166 -0.4297 1.3647, 1.4467 -0.4389 1.3831, 1.4496 -0.2979 1.3647, 1.4827 -0.2949 1.3831, 1.4519 -0.2888 1.3647, 1.4725 -0.1497 1.3647, 1.5045 -0.1482 1.3831, 1.4519 0.2888 1.3647, 1.4827 0.2949 1.3831, 1.4725 0.1497 1.3647, 1.5045 0.1482 1.3831, 1.4732 0.1451 1.3647, 1.5118 0.0 1.3831, 1.4803 0.0 1.3647, 1.4732 -0.1451 1.3647, 1.5087 0.3001 1.4082, 1.5308 0.1508 1.4082, 1.5382 0.0 1.4082, 1.5308 -0.1508 1.4082, 1.5087 -0.3001 1.4082, 1.472 -0.4465 1.4082, 1.5282 0.304 1.4386, 1.5507 0.1527 1.4386, 1.5582 0.0 1.4386, 1.5507 -0.1527 1.4386, 1.5282 -0.304 1.4386, 1.4911 -0.4523 1.4386, 1.5404 0.3064 1.4729, 1.563 0.1539 1.4729, 1.4211 0.5887 1.4082, 1.3566 0.7251 1.4082, 1.4396 0.5963 1.4386, 1.3742 0.7345 1.4386, 1.451 0.601 1.4729, 0.7251 1.3566 1.4082, 0.5887 1.4211 1.4082, 0.7345 1.3742 1.4386, 0.5963 1.4396 1.4386, 0.7404 1.3851 1.4729, 0.3001 1.5087 1.4082, 0.1508 1.5308 1.4082, 0.304 1.5282 1.4386, 0.1527 1.5507 1.4386, 0.3064 1.5404 1.4729, -0.3001 1.5087 1.4082, -0.4465 1.472 1.4082, -0.304 1.5282 1.4386, -0.4523 1.4911 1.4386, -0.3064 1.5404 1.4729, -0.7251 1.3566 1.4082, -0.8546 1.279 1.4082, -0.7345 1.3742 1.4386, -0.8657 1.2956 1.4386, -0.7404 1.3851 1.4729, -1.0877 1.0877 1.4082, -1.1891 0.9758 1.4082, -1.1018 1.1018 1.4386, -1.2045 0.9885 1.4386, -1.1106 1.1106 1.4729, -1.4211 0.5887 1.4082, -1.472 0.4465 1.4082, -1.4396 0.5963 1.4386, -1.4911 0.4523 1.4386, -1.451 0.601 1.4729, -1.4803 -0.0 1.3647, -1.5118 -0.0 1.3831, -1.5308 0.1508 1.4082, -1.5382 -0.0 1.4082, -1.5507 0.1527 1.4386, -1.5582 -0.0 1.4386, -1.563 0.1539 1.4729, -1.279 -0.8546 1.4082, -1.1891 -0.9758 1.4082, -1.2956 -0.8657 1.4386, -1.2045 -0.9885 1.4386, -1.3059 -0.8726 1.4729, -0.9758 -1.1891 1.4082, -0.8546 -1.279 1.4082, -0.9885 -1.2045 1.4386, -0.8657 -1.2956 1.4386, -0.9964 -1.2141 1.4729, -0.0749 -1.4766 1.3647, 0.0 -1.5118 1.3831, 0.0 -1.5382 1.4082, 0.1508 -1.5308 1.4082, 0.0 -1.5582 1.4386, 0.1527 -1.5507 1.4386, 0.0 -1.5706 1.4729, 0.4465 -1.472 1.4082, 0.5887 -1.4211 1.4082, 0.4523 -1.4911 1.4386, 0.5963 -1.4396 1.4386, 0.4559 -1.503 1.4729, 0.9758 -1.1891 1.4082, 1.0877 -1.0877 1.4082, 0.9885 -1.2045 1.4386, 1.1018 -1.1018 1.4386, 0.9964 -1.2141 1.4729, 1.279 -0.8546 1.4082, 1.3566 -0.7251 1.4082, 1.2956 -0.8657 1.4386, 1.3742 -0.7345 1.4386, 1.3059 -0.8726 1.4729, 1.5706 0.0 1.4729, 1.563 -0.1539 1.4729, 1.5404 -0.3064 1.4729, 1.503 -0.4559 1.4729, 1.503 0.4559 1.4729, 1.4911 0.4523 1.4386, 1.472 0.4465 1.4082, 1.3059 0.8726 1.4729, 1.2956 0.8657 1.4386, 1.279 0.8546 1.4082, 1.1891 0.9758 1.4082, 1.2045 0.9885 1.4386, 1.1018 1.1018 1.4386, 1.0877 1.0877 1.4082, 0.9885 1.2045 1.4386, 0.9758 1.1891 1.4082, 0.8726 1.3059 1.4729, 0.8657 1.2956 1.4386, 0.8546 1.279 1.4082, 0.4559 1.503 1.4729, 0.4523 1.4911 1.4386, 0.4465 1.472 1.4082, 0.0 1.5706 1.4729, 0.0 1.5582 1.4386, 0.0 1.5382 1.4082, 0.0 1.5118 1.3831, 0.0749 1.4766 1.3647, -0.1508 1.5308 1.4082, -0.1527 1.5507 1.4386, -0.601 1.451 1.4729, -0.5963 1.4396 1.4386, -0.5887 1.4211 1.4082, -0.9964 1.2141 1.4729, -0.9885 1.2045 1.4386, -0.9758 1.1891 1.4082, -1.3059 0.8726 1.4729, -1.2956 0.8657 1.4386, -1.279 0.8546 1.4082, -1.3566 0.7251 1.4082, -1.3742 0.7345 1.4386, -1.5404 0.3064 1.4729, -1.5282 0.304 1.4386, -1.5087 0.3001 1.4082, -1.563 -0.1539 1.4729, -1.5507 -0.1527 1.4386, -1.5308 -0.1508 1.4082, -1.5045 -0.1482 1.3831, -1.4732 -0.1451 1.3647, -1.5087 -0.3001 1.4082, -1.5282 -0.304 1.4386, -1.4911 -0.4523 1.4386, -1.472 -0.4465 1.4082, -1.4396 -0.5963 1.4386, -1.4211 -0.5887 1.4082, -1.3851 -0.7404 1.4729, -1.3742 -0.7345 1.4386, -1.3566 -0.7251 1.4082, -1.1106 -1.1106 1.4729, -1.1018 -1.1018 1.4386, -1.0877 -1.0877 1.4082, -0.7404 -1.3851 1.4729, -0.7345 -1.3742 1.4386, -0.7251 -1.3566 1.4082, -0.5887 -1.4211 1.4082, -0.5963 -1.4396 1.4386, -0.4523 -1.4911 1.4386, -0.4465 -1.472 1.4082, -0.304 -1.5282 1.4386, -0.3001 -1.5087 1.4082, -0.1539 -1.563 1.4729, -0.1527 -1.5507 1.4386, -0.1508 -1.5308 1.4082, 0.3064 -1.5404 1.4729, 0.304 -1.5282 1.4386, 0.3001 -1.5087 1.4082, 0.7404 -1.3851 1.4729, 0.7345 -1.3742 1.4386, 0.7251 -1.3566 1.4082, 0.8546 -1.279 1.4082, 0.8657 -1.2956 1.4386, 1.2141 -0.9964 1.4729, 1.2045 -0.9885 1.4386, 1.1891 -0.9758 1.4082, 1.451 -0.601 1.4729, 1.4396 -0.5963 1.4386, 1.4211 -0.5887 1.4082, 1.4257 -0.145 1.3372, 1.4038 -0.2885 1.3372, 1.3674 -0.429 1.3372, 1.317 -0.5651 1.3372, 1.253 -0.6955 1.3372, 1.1762 -0.8187 1.3372, 0.7581 -1.2162 1.3372, 0.6311 -1.2866 1.3372, 0.4977 -1.3439 1.3372, 0.3592 -1.3873 1.3372, 0.217 -1.4166 1.3372, 0.0726 -1.4313 1.3372, -1.4257 0.145 1.3372, -1.4038 0.2885 1.3372, -1.3674 0.429 1.3372, -1.317 0.5651 1.3372, -1.253 0.6955 1.3372, -1.1762 0.8187 1.3372, -0.7581 1.2162 1.3372, -0.6311 1.2866 1.3372, -0.4977 1.3439 1.3372, -0.3592 1.3873 1.3372, -0.217 1.4166 1.3372, -0.0726 1.4313 1.3372, 0.9874 -1.0387 0.9592, 1.0874 -0.9335 0.9592, 1.0573 -0.9077 0.9969, -0.9874 1.0387 0.9592, -1.0874 0.9335 0.9592, -1.0573 0.9077 0.9969, 0.8215 -1.2295 0.9317, 0.9061 -1.1706 0.9317, 0.8772 -1.1333 0.9592, 0.697 -1.304 0.9317, 0.783 -1.2563 0.9317, 0.7581 -1.2162 0.9592, 0.5658 -1.366 0.9317, 0.6519 -1.329 0.9317, 0.6311 -1.2866 0.9592, 0.4292 -1.4148 0.9317, 0.5141 -1.3882 0.9317, 0.4977 -1.3439 0.9592, 0.2884 -1.45 0.9317, 0.371 -1.4331 0.9317, 0.3592 -1.3873 0.9592, 0.1449 -1.4713 0.9317, 0.2242 -1.4632 0.9317, 0.217 -1.4166 0.9592, 0.0 -1.4784 0.9317, 0.075 -1.4784 0.9317, 0.0726 -1.4313 0.9592, -0.1449 -1.4713 0.9317, -0.075 -1.4784 0.9317, -0.0726 -1.4313 0.9592, -0.2884 -1.45 0.9317, -0.2242 -1.4632 0.9317, -0.217 -1.4166 0.9592, -0.4292 -1.4148 0.9317, -0.371 -1.4331 0.9317, -0.3592 -1.3873 0.9592, -0.5658 -1.366 0.9317, -0.5141 -1.3882 0.9317, -0.4977 -1.3439 0.9592, -0.697 -1.304 0.9317, -0.6519 -1.329 0.9317, -0.6311 -1.2866 0.9592, -0.8215 -1.2295 0.9317, -0.783 -1.2563 0.9317, -0.7581 -1.2162 0.9592, -0.9381 -1.1431 0.9317, -0.9061 -1.1706 0.9317, -0.8772 -1.1333 0.9592, -1.0457 -1.0458 0.9317, -1.0199 -1.0729 0.9317, -0.9874 -1.0387 0.9592, -1.1433 -0.9383 0.9317, -1.1232 -0.9642 0.9317, -1.0874 -0.9335 0.9592, -0.8215 1.2295 0.9317, -0.9061 1.1706 0.9317, -0.8772 1.1333 0.9592, -0.697 1.304 0.9317, -0.783 1.2563 0.9317, -0.7581 1.2162 0.9592, -0.5658 1.366 0.9317, -0.6519 1.329 0.9317, -0.6311 1.2866 0.9592, -0.4292 1.4148 0.9317, -0.5141 1.3882 0.9317, -0.4977 1.3439 0.9592, -0.2884 1.45 0.9317, -0.371 1.4331 0.9317, -0.3592 1.3873 0.9592, -0.1449 1.4713 0.9317, -0.2242 1.4632 0.9317, -0.217 1.4166 0.9592, 0.0 1.4784 0.9317, -0.075 1.4784 0.9317, -0.0726 1.4313 0.9592, 0.1449 1.4713 0.9317, 0.075 1.4784 0.9317, 0.0726 1.4313 0.9592, 0.2884 1.45 0.9317, 0.2242 1.4632 0.9317, 0.217 1.4166 0.9592, 0.4292 1.4148 0.9317, 0.371 1.4331 0.9317, 0.3592 1.3873 0.9592, 0.5658 1.366 0.9317, 0.5141 1.3882 0.9317, 0.4977 1.3439 0.9592, 0.697 1.304 0.9317, 0.6519 1.329 0.9317, 0.6311 1.2866 0.9592, 0.8215 1.2295 0.9317, 0.783 1.2563 0.9317, 0.7581 1.2162 0.9592, 0.9381 1.1431 0.9317, 0.9061 1.1706 0.9317, 0.8772 1.1333 0.9592, 1.0457 1.0458 0.9317, 1.0199 1.0729 0.9317, 0.9874 1.0387 0.9592, 1.1433 0.9383 0.9317, 1.1232 0.9642 0.9317, 1.0874 0.9335 0.9592, 1.4331 0.0 0.9592, 1.4803 0.0 0.9317, 1.473 0.1451 0.9317, 1.4727 0.1498 0.9317, 1.4257 0.145 0.9592, 1.4514 0.2887 0.9317, 1.45 0.298 0.9317, 1.4038 0.2885 0.9592, 1.4159 0.4296 0.9317, 1.4124 0.4432 0.9317, 1.3674 0.429 0.9592, 1.3669 0.5662 0.9317, 1.3603 0.5838 0.9317, 1.317 0.5651 0.9592, 1.3046 0.6974 0.9317, 1.2943 0.7184 0.9317, 1.253 0.6955 0.9592, 1.2299 0.8218 0.9317, 1.215 0.8457 0.9317, 1.1762 0.8187 0.9592, -0.9381 1.1431 0.9317, -1.0199 1.0729 0.9317, -1.0457 1.0458 0.9317, -1.1232 0.9642 0.9317, -1.1433 0.9383 0.9317, -1.1762 0.8187 0.9592, -1.215 0.8457 0.9317, -1.2299 0.8218 0.9317, -1.253 0.6955 0.9592, -1.2943 0.7184 0.9317, -1.3046 0.6974 0.9317, -1.317 0.5651 0.9592, -1.3603 0.5838 0.9317, -1.3669 0.5662 0.9317, -1.3674 0.429 0.9592, -1.4124 0.4432 0.9317, -1.4159 0.4296 0.9317, -1.4038 0.2885 0.9592, -1.45 0.298 0.9317, -1.4514 0.2887 0.9317, -1.4257 0.145 0.9592, -1.4727 0.1498 0.9317, -1.473 0.1451 0.9317, -1.4331 -0.0 0.9592, -1.4803 -0.0 0.9317, -1.473 -0.1451 0.9317, -1.4727 -0.1498 0.9317, -1.4257 -0.145 0.9592, -1.4514 -0.2887 0.9317, -1.45 -0.298 0.9317, -1.4038 -0.2885 0.9592, -1.4159 -0.4296 0.9317, -1.4124 -0.4432 0.9317, -1.3674 -0.429 0.9592, -1.3669 -0.5662 0.9317, -1.3603 -0.5838 0.9317, -1.317 -0.5651 0.9592, -1.3046 -0.6974 0.9317, -1.2943 -0.7184 0.9317, -1.253 -0.6955 0.9592, -1.2299 -0.8218 0.9317, -1.215 -0.8457 0.9317, -1.1762 -0.8187 0.9592, 0.9381 -1.1431 0.9317, 1.0199 -1.0729 0.9317, 1.0457 -1.0458 0.9317, 1.1232 -0.9642 0.9317, 1.1433 -0.9383 0.9317, 1.1762 -0.8187 0.9592, 1.215 -0.8457 0.9317, 1.2299 -0.8218 0.9317, 1.253 -0.6955 0.9592, 1.2943 -0.7184 0.9317, 1.3046 -0.6974 0.9317, 1.317 -0.5651 0.9592, 1.3603 -0.5838 0.9317, 1.3669 -0.5662 0.9317, 1.3674 -0.429 0.9592, 1.4124 -0.4432 0.9317, 1.4159 -0.4296 0.9317, 1.4038 -0.2885 0.9592, 1.45 -0.298 0.9317, 1.4514 -0.2887 0.9317, 1.4257 -0.145 0.9592, 1.4727 -0.1498 0.9317, 1.473 -0.1451 0.9317, -1.1191 0.7789 1.0426, -1.1437 0.796 0.9969, 1.1191 -0.7789 1.0426, 1.1437 -0.796 0.9969, -1.1759 0.6527 1.094, -1.1922 0.6617 1.0426, -1.2184 0.6762 0.9969, 1.1759 -0.6527 1.094, 1.1922 -0.6617 1.0426, 1.2184 -0.6762 0.9969, -1.2301 0.5279 1.1482, -1.2359 0.5304 1.094, -1.253 0.5377 1.0426, -1.2805 0.5495 0.9969, 1.2301 -0.5279 1.1482, 1.2359 -0.5304 1.094, 1.253 -0.5377 1.0426, 1.2805 -0.5495 0.9969, -1.2832 0.4026 1.2025, -1.2772 0.4007 1.1482, -1.2832 0.4026 1.094, -1.301 0.4082 1.0426, -1.3296 0.4172 0.9969, 1.2832 -0.4026 1.2025, 1.2772 -0.4007 1.1482, 1.2832 -0.4026 1.094, 1.301 -0.4082 1.0426, 1.3296 -0.4172 0.9969, -1.3356 0.2745 1.2539, -1.3174 0.2707 1.2025, -1.3112 0.2695 1.1482, -1.3174 0.2707 1.094, -1.3356 0.2745 1.0426, -1.3649 0.2805 0.9969, 1.3356 -0.2745 1.2539, 1.3174 -0.2707 1.2025, 1.3112 -0.2695 1.1482, 1.3174 -0.2707 1.094, 1.3356 -0.2745 1.0426, 1.3649 -0.2805 0.9969, -1.3863 0.141 1.2996, -1.3565 0.1379 1.2539, -1.338 0.1361 1.2025, -1.3317 0.1354 1.1482, -1.338 0.1361 1.094, -1.3565 0.1379 1.0426, -1.3863 0.141 0.9969, 1.3863 -0.141 1.2996, 1.3565 -0.1379 1.2539, 1.338 -0.1361 1.2025, 1.3317 -0.1354 1.1482, 1.338 -0.1361 1.094, 1.3565 -0.1379 1.0426, 1.3863 -0.141 0.9969, -1.4331 -0.0 1.3372, -1.3935 -0.0 1.2996, -1.3635 -0.0 1.2539, -1.3449 -0.0 1.2025, -1.3386 -0.0 1.1482, -1.3449 -0.0 1.094, -1.3635 -0.0 1.0426, -1.3935 -0.0 0.9969, 1.4331 0.0 1.3372, 1.3935 0.0 1.2996, 1.3635 0.0 1.2539, 1.3449 0.0 1.2025, 1.3386 0.0 1.1482, 1.3449 0.0 1.094, 1.3635 0.0 1.0426, 1.3935 0.0 0.9969, -0.9874 1.0387 1.3372, -0.8772 1.1333 1.3372, -0.8529 1.1019 1.2996, 0.9874 -1.0387 1.3372, 0.8772 -1.1333 1.3372, 0.8529 -1.1019 1.2996, 1.4257 0.145 1.3372, 1.3863 0.141 0.9969, 1.3565 0.1379 1.0426, 1.338 0.1361 1.094, 1.3317 0.1354 1.1482, 1.338 0.1361 1.2025, 1.3565 0.1379 1.2539, 1.3863 0.141 1.2996, 1.4038 0.2885 1.3372, 1.3649 0.2805 0.9969, 1.3356 0.2745 1.0426, 1.3174 0.2707 1.094, 1.3112 0.2695 1.1482, 1.3174 0.2707 1.2025, 1.3356 0.2745 1.2539, 1.3649 0.2805 1.2996, 1.3674 0.429 1.3372, 1.3296 0.4172 0.9969, 1.301 0.4082 1.0426, 1.2832 0.4026 1.094, 1.2772 0.4007 1.1482, 1.2832 0.4026 1.2025, 1.301 0.4082 1.2539, 1.3296 0.4172 1.2996, 1.317 0.5651 1.3372, 1.2805 0.5495 0.9969, 1.253 0.5377 1.0426, 1.2359 0.5304 1.094, 1.2301 0.5279 1.1482, 1.2359 0.5304 1.2025, 1.253 0.5377 1.2539, 1.2805 0.5495 1.2996, 1.253 0.6955 1.3372, 1.2184 0.6762 0.9969, 1.1922 0.6617 1.0426, 1.1759 0.6527 1.094, 1.1704 0.6496 1.1482, 1.1759 0.6527 1.2025, 1.1922 0.6617 1.2539, 1.2184 0.6762 1.2996, 1.1762 0.8187 1.3372, 1.1437 0.796 0.9969, 1.1191 0.7789 1.0426, 1.1038 0.7683 1.094, 1.0987 0.7647 1.1482, 1.1038 0.7683 1.2025, 1.1191 0.7789 1.2539, 1.1437 0.796 1.2996, 1.0874 0.9335 1.3372, 1.0573 0.9077 0.9969, 1.0346 0.8882 1.0426, 1.0205 0.876 1.094, 1.0157 0.8719 1.1482, 1.0205 0.876 1.2025, 1.0346 0.8882 1.2539, 1.0573 0.9077 1.2996, 0.9874 1.0387 1.3372, 0.96 1.01 0.9969, 0.9394 0.9883 1.0426, 0.9266 0.9748 1.094, 0.9222 0.9702 1.1482, 0.9266 0.9748 1.2025, 0.9394 0.9883 1.2539, 0.96 1.01 1.2996, 0.8772 1.1333 1.3372, 0.8529 1.1019 0.9969, 0.8346 1.0782 1.0426, 0.8232 1.0635 1.094, 0.8194 1.0585 1.1482, 0.8232 1.0635 1.2025, 0.8346 1.0782 1.2539, 0.8529 1.1019 1.2996, 0.7581 1.2162 1.3372, 0.7371 1.1826 0.9969, 0.7213 1.1571 1.0426, 0.7114 1.1413 1.094, 0.7081 1.136 1.1482, 0.7114 1.1413 1.2025, 0.7213 1.1571 1.2539, 0.7371 1.1826 1.2996, 0.6311 1.2866 1.3372, 0.6137 1.2511 0.9969, 0.6005 1.2242 1.0426, 0.5923 1.2075 1.094, 0.5895 1.2018 1.1482, 0.5923 1.2075 1.2025, 0.6005 1.2242 1.2539, 0.6137 1.2511 1.2996, 0.4977 1.3439 1.3372, 0.484 1.3067 0.9969, 0.4736 1.2787 1.0426, 0.4671 1.2612 1.094, 0.4649 1.2553 1.1482, 0.4671 1.2612 1.2025, 0.4736 1.2787 1.2539, 0.484 1.3067 1.2996, 0.3592 1.3873 1.3372, 0.3493 1.349 0.9969, 0.3418 1.32 1.0426, 0.3371 1.302 1.094, 0.3355 1.2959 1.1482, 0.3371 1.302 1.2025, 0.3418 1.32 1.2539, 0.3493 1.349 1.2996, 0.217 1.4166 1.3372, 0.211 1.3774 0.9969, 0.2065 1.3478 1.0426, 0.2037 1.3294 1.094, 0.2027 1.3231 1.1482, 0.2037 1.3294 1.2025, 0.2065 1.3478 1.2539, 0.211 1.3774 1.2996, 0.0726 1.4313 1.3372, 0.0706 1.3917 0.9969, 0.0691 1.3618 1.0426, 0.0681 1.3432 1.094, 0.0678 1.3369 1.1482, 0.0681 1.3432 1.2025, 0.0691 1.3618 1.2539, 0.0706 1.3917 1.2996, -0.0706 1.3917 0.9969, -0.0691 1.3618 1.0426, -0.0681 1.3432 1.094, -0.0678 1.3369 1.1482, -0.0681 1.3432 1.2025, -0.0691 1.3618 1.2539, -0.0706 1.3917 1.2996, -0.2065 1.3478 1.0426, -0.2037 1.3294 1.094, -0.2027 1.3231 1.1482, -0.2037 1.3294 1.2025, -0.2065 1.3478 1.2539, -0.211 1.3774 1.2996, -0.3371 1.302 1.094, -0.3355 1.2959 1.1482, -0.3371 1.302 1.2025, -0.3418 1.32 1.2539, -0.3493 1.349 1.2996, -0.4649 1.2553 1.1482, -0.4671 1.2612 1.2025, -0.4736 1.2787 1.2539, -0.484 1.3067 1.2996, -0.5923 1.2075 1.2025, -0.6005 1.2242 1.2539, -0.6137 1.2511 1.2996, -0.7213 1.1571 1.2539, -0.7371 1.1826 1.2996, -1.0874 0.9335 1.3372, -0.96 1.01 1.2996, -0.8346 1.0782 1.2539, -0.7114 1.1413 1.2025, -0.5895 1.2018 1.1482, -0.4671 1.2612 1.094, -0.3418 1.32 1.0426, -0.211 1.3774 0.9969, -1.0573 0.9077 1.2996, -0.9394 0.9883 1.2539, -0.8232 1.0635 1.2025, -0.7081 1.136 1.1482, -0.5923 1.2075 1.094, -0.4736 1.2787 1.0426, -0.3493 1.349 0.9969, -1.1437 0.796 1.2996, -1.0346 0.8882 1.2539, -0.9266 0.9748 1.2025, -0.8194 1.0585 1.1482, -0.7114 1.1413 1.094, -0.6005 1.2242 1.0426, -0.484 1.3067 0.9969, -1.2184 0.6762 1.2996, -1.1191 0.7789 1.2539, -1.0205 0.876 1.2025, -0.9222 0.9702 1.1482, -0.8232 1.0635 1.094, -0.7213 1.1571 1.0426, -0.6137 1.2511 0.9969, -1.2805 0.5495 1.2996, -1.1922 0.6617 1.2539, -1.1038 0.7683 1.2025, -1.0157 0.8719 1.1482, -0.9266 0.9748 1.094, -0.8346 1.0782 1.0426, -0.7371 1.1826 0.9969, -1.3296 0.4172 1.2996, -1.253 0.5377 1.2539, -1.1759 0.6527 1.2025, -1.0987 0.7647 1.1482, -1.0205 0.876 1.094, -0.9394 0.9883 1.0426, -0.8529 1.1019 0.9969, -1.3649 0.2805 1.2996, -1.301 0.4082 1.2539, -1.2359 0.5304 1.2025, -1.1704 0.6496 1.1482, -1.1038 0.7683 1.094, -1.0346 0.8882 1.0426, -0.96 1.01 0.9969, -1.4257 -0.145 1.3372, -1.3863 -0.141 0.9969, -1.3565 -0.1379 1.0426, -1.338 -0.1361 1.094, -1.3317 -0.1354 1.1482, -1.338 -0.1361 1.2025, -1.3565 -0.1379 1.2539, -1.3863 -0.141 1.2996, -1.4038 -0.2885 1.3372, -1.3649 -0.2805 0.9969, -1.3356 -0.2745 1.0426, -1.3174 -0.2707 1.094, -1.3112 -0.2695 1.1482, -1.3174 -0.2707 1.2025, -1.3356 -0.2745 1.2539, -1.3649 -0.2805 1.2996, -1.3674 -0.429 1.3372, -1.3296 -0.4172 0.9969, -1.301 -0.4082 1.0426, -1.2832 -0.4026 1.094, -1.2772 -0.4007 1.1482, -1.2832 -0.4026 1.2025, -1.301 -0.4082 1.2539, -1.3296 -0.4172 1.2996, -1.317 -0.5651 1.3372, -1.2805 -0.5495 0.9969, -1.253 -0.5377 1.0426, -1.2359 -0.5304 1.094, -1.2301 -0.5279 1.1482, -1.2359 -0.5304 1.2025, -1.253 -0.5377 1.2539, -1.2805 -0.5495 1.2996, -1.253 -0.6955 1.3372, -1.2184 -0.6762 0.9969, -1.1922 -0.6617 1.0426, -1.1759 -0.6527 1.094, -1.1704 -0.6496 1.1482, -1.1759 -0.6527 1.2025, -1.1922 -0.6617 1.2539, -1.2184 -0.6762 1.2996, -1.1762 -0.8187 1.3372, -1.1437 -0.796 0.9969, -1.1191 -0.7789 1.0426, -1.1038 -0.7683 1.094, -1.0987 -0.7647 1.1482, -1.1038 -0.7683 1.2025, -1.1191 -0.7789 1.2539, -1.1437 -0.796 1.2996, -1.0874 -0.9335 1.3372, -1.0573 -0.9077 0.9969, -1.0346 -0.8882 1.0426, -1.0205 -0.876 1.094, -1.0157 -0.8719 1.1482, -1.0205 -0.876 1.2025, -1.0346 -0.8882 1.2539, -1.0573 -0.9077 1.2996, -0.9874 -1.0387 1.3372, -0.96 -1.01 0.9969, -0.9394 -0.9883 1.0426, -0.9266 -0.9748 1.094, -0.9222 -0.9702 1.1482, -0.9266 -0.9748 1.2025, -0.9394 -0.9883 1.2539, -0.96 -1.01 1.2996, -0.8772 -1.1333 1.3372, -0.8529 -1.1019 0.9969, -0.8346 -1.0782 1.0426, -0.8232 -1.0635 1.094, -0.8194 -1.0585 1.1482, -0.8232 -1.0635 1.2025, -0.8346 -1.0782 1.2539, -0.8529 -1.1019 1.2996, -0.7581 -1.2162 1.3372, -0.7371 -1.1826 0.9969, -0.7213 -1.1571 1.0426, -0.7114 -1.1413 1.094, -0.7081 -1.136 1.1482, -0.7114 -1.1413 1.2025, -0.7213 -1.1571 1.2539, -0.7371 -1.1826 1.2996, -0.6311 -1.2866 1.3372, -0.6137 -1.2511 0.9969, -0.6005 -1.2242 1.0426, -0.5923 -1.2075 1.094, -0.5895 -1.2018 1.1482, -0.5923 -1.2075 1.2025, -0.6005 -1.2242 1.2539, -0.6137 -1.2511 1.2996, -0.4977 -1.3439 1.3372, -0.484 -1.3067 0.9969, -0.4736 -1.2787 1.0426, -0.4671 -1.2612 1.094, -0.4649 -1.2553 1.1482, -0.4671 -1.2612 1.2025, -0.4736 -1.2787 1.2539, -0.484 -1.3067 1.2996, -0.3592 -1.3873 1.3372, -0.3493 -1.349 0.9969, -0.3418 -1.32 1.0426, -0.3371 -1.302 1.094, -0.3355 -1.2959 1.1482, -0.3371 -1.302 1.2025, -0.3418 -1.32 1.2539, -0.3493 -1.349 1.2996, -0.217 -1.4166 1.3372, -0.211 -1.3774 0.9969, -0.2065 -1.3478 1.0426, -0.2037 -1.3294 1.094, -0.2027 -1.3231 1.1482, -0.2037 -1.3294 1.2025, -0.2065 -1.3478 1.2539, -0.211 -1.3774 1.2996, -0.0726 -1.4313 1.3372, -0.0706 -1.3917 0.9969, -0.0691 -1.3618 1.0426, -0.0681 -1.3432 1.094, -0.0678 -1.3369 1.1482, -0.0681 -1.3432 1.2025, -0.0691 -1.3618 1.2539, -0.0706 -1.3917 1.2996, 0.0706 -1.3917 0.9969, 0.0691 -1.3618 1.0426, 0.0681 -1.3432 1.094, 0.0678 -1.3369 1.1482, 0.0681 -1.3432 1.2025, 0.0691 -1.3618 1.2539, 0.0706 -1.3917 1.2996, 0.2065 -1.3478 1.0426, 0.2037 -1.3294 1.094, 0.2027 -1.3231 1.1482, 0.2037 -1.3294 1.2025, 0.2065 -1.3478 1.2539, 0.211 -1.3774 1.2996, 0.3371 -1.302 1.094, 0.3355 -1.2959 1.1482, 0.3371 -1.302 1.2025, 0.3418 -1.32 1.2539, 0.3493 -1.349 1.2996, 0.4649 -1.2553 1.1482, 0.4671 -1.2612 1.2025, 0.4736 -1.2787 1.2539, 0.484 -1.3067 1.2996, 0.5923 -1.2075 1.2025, 0.6005 -1.2242 1.2539, 0.6137 -1.2511 1.2996, 0.7213 -1.1571 1.2539, 0.7371 -1.1826 1.2996, 1.0874 -0.9335 1.3372, 0.96 -1.01 1.2996, 0.8346 -1.0782 1.2539, 0.7114 -1.1413 1.2025, 0.5895 -1.2018 1.1482, 0.4671 -1.2612 1.094, 0.3418 -1.32 1.0426, 0.211 -1.3774 0.9969, 1.0573 -0.9077 1.2996, 0.9394 -0.9883 1.2539, 0.8232 -1.0635 1.2025, 0.7081 -1.136 1.1482, 0.5923 -1.2075 1.094, 0.4736 -1.2787 1.0426, 0.3493 -1.349 0.9969, 1.1437 -0.796 1.2996, 1.0346 -0.8882 1.2539, 0.9266 -0.9748 1.2025, 0.8194 -1.0585 1.1482, 0.7114 -1.1413 1.094, 0.6005 -1.2242 1.0426, 0.484 -1.3067 0.9969, 1.2184 -0.6762 1.2996, 1.1191 -0.7789 1.2539, 1.0205 -0.876 1.2025, 0.9222 -0.9702 1.1482, 0.8232 -1.0635 1.094, 0.7213 -1.1571 1.0426, 0.6137 -1.2511 0.9969, 1.2805 -0.5495 1.2996, 1.1922 -0.6617 1.2539, 1.1038 -0.7683 1.2025, 1.0157 -0.8719 1.1482, 0.9266 -0.9748 1.094, 0.8346 -1.0782 1.0426, 0.7371 -1.1826 0.9969, 1.3296 -0.4172 1.2996, 1.253 -0.5377 1.2539, 1.1759 -0.6527 1.2025, 1.0987 -0.7647 1.1482, 1.0205 -0.876 1.094, 0.9394 -0.9883 1.0426, 0.8529 -1.1019 0.9969, 1.3649 -0.2805 1.2996, 1.301 -0.4082 1.2539, 1.2359 -0.5304 1.2025, 1.1704 -0.6496 1.1482, 1.1038 -0.7683 1.094, 1.0346 -0.8882 1.0426, 0.96 -1.01 0.9969, 1.4827 -0.2949 0.9134, 1.4467 -0.4389 0.9134, 1.3967 -0.5785 0.9134, 1.3333 -0.7127 0.9134, 1.257 -0.8399 0.9134, 1.1686 -0.9591 0.9134, 1.069 -1.069 0.9134, 0.9591 -1.1686 0.9134, 0.8399 -1.257 0.9134, 0.7127 -1.3333 0.9134, 0.5785 -1.3967 0.9134, 0.4389 -1.4467 0.9134, 0.2949 -1.4827 0.9134, 0.1482 -1.5045 0.9134, -0.4389 -1.4467 0.9134, -0.5785 -1.3967 0.9134, -0.7127 -1.3333 0.9134, -0.8399 -1.257 0.9134, -0.9591 -1.1686 0.9134, -1.069 -1.069 0.9134, -1.1686 -0.9591 0.9134, -1.257 -0.8399 0.9134, -1.3333 -0.7127 0.9134, -1.3967 -0.5785 0.9134, -1.4467 -0.4389 0.9134, -1.4827 -0.2949 0.9134, -1.5045 -0.1482 0.9134, -1.4827 0.2949 0.9134, -1.4467 0.4389 0.9134, -1.3967 0.5785 0.9134, -1.3333 0.7127 0.9134, -1.257 0.8399 0.9134, -1.1686 0.9591 0.9134, -1.069 1.069 0.9134, -0.9591 1.1686 0.9134, -0.8399 1.257 0.9134, -0.7127 1.3333 0.9134, -0.5785 1.3967 0.9134, -0.4389 1.4467 0.9134, -0.2949 1.4827 0.9134, -0.1482 1.5045 0.9134, 0.4389 1.4467 0.9134, 0.5785 1.3967 0.9134, 0.7127 1.3333 0.9134, 0.8399 1.257 0.9134, 0.9591 1.1686 0.9134, 1.069 1.069 0.9134, 1.1686 0.9591 0.9134, 1.257 0.8399 0.9134, 1.3333 0.7127 0.9134, 1.3967 0.5785 0.9134, 1.4467 0.4389 0.9134, 1.4827 0.2949 0.9134, 1.5045 0.1482 0.9134, 1.4911 0.4523 0.8578, 1.503 0.4559 0.8236, 1.451 0.601 0.8236, 1.5576 -0.2189 0.7874, 1.5672 -0.1544 0.7874, 1.563 -0.1539 0.8236, 1.4373 -0.6399 0.7874, 1.4549 -0.6027 0.7874, 1.451 -0.601 0.8236, 1.2058 -1.0118 0.7874, 1.2173 -0.999 0.7874, 1.2141 -0.9964 0.8236, 1.0525 -1.1689 0.7874, 1.1136 -1.1136 0.7874, 1.1106 -1.1106 0.8236, 0.8804 -1.3053 0.7874, 0.999 -1.2173 0.7874, 0.9964 -1.2141 0.8236, 0.6896 -1.4138 0.7874, 0.7424 -1.3889 0.7874, 0.7404 -1.3851 0.8236, 0.2733 -1.5496 0.7874, 0.3072 -1.5445 0.7874, 0.3064 -1.5404 0.8236, -0.1645 -1.5657 0.7874, -0.1544 -1.5672 0.7874, -0.1539 -1.563 0.8236, -0.5897 -1.4596 0.7874, -0.4571 -1.507 0.7874, -0.4559 -1.503 0.8236, -0.9687 -1.2398 0.7874, -0.8749 -1.3094 0.7874, -0.8726 -1.3059 0.8236, -1.2726 -0.9246 0.7874, -1.2173 -0.999 0.7874, -1.2141 -0.9964 0.8236, -1.3851 -0.7404 0.8236, -1.3889 -0.7424 0.7874, -1.3094 -0.8749 0.7874, -1.3903 -0.7393 0.7874, -1.5694 -0.1098 0.7874, -1.5672 -0.1544 0.7874, -1.563 -0.1539 0.8236, -1.5395 0.3272 0.7874, -1.5445 0.3072 0.7874, -1.5404 0.3064 0.8236, -1.4781 0.538 0.7874, -1.507 0.4571 0.7874, -1.503 0.4559 0.8236, -1.3903 0.7393 0.7874, -1.4549 0.6027 0.7874, -1.451 0.601 0.8236, -1.2726 0.9246 0.7874, -1.3094 0.8749 0.7874, -1.3059 0.8726 0.8236, -0.9687 1.2398 0.7874, -0.999 1.2173 0.7874, -0.9964 1.2141 0.8236, -0.5897 1.4596 0.7874, -0.6027 1.4549 0.7874, -0.601 1.451 0.8236, -0.3805 1.5262 0.7874, -0.4571 1.507 0.7874, -0.4559 1.503 0.8236, -0.1645 1.5657 0.7874, -0.3072 1.5445 0.7874, -0.3064 1.5404 0.8236, 0.0549 1.5721 0.7874, 0.0 1.5748 0.7874, 0.0 1.5706 0.8236, 0.6896 1.4138 0.7874, 0.6027 1.4549 0.7874, 0.601 1.451 0.8236, 0.8726 1.3059 0.8236, 0.8749 1.3094 0.7874, 0.7424 1.3889 0.7874, 0.8804 1.3053 0.7874, 1.2058 1.0118 0.7874, 1.1136 1.1136 0.7874, 1.1106 1.1106 0.8236, 1.4373 0.6399 0.7874, 1.3889 0.7424 0.7874, 1.3851 0.7404 0.8236, 1.5445 0.3072 0.7874, 1.5128 0.4338 0.7874, 1.507 0.4571 0.7874, 1.4549 0.6027 0.7874, 1.3341 0.8337 0.7874, 1.3059 0.8726 0.8236, 1.3094 0.8749 0.7874, 1.2173 0.999 0.7874, 1.2141 0.9964 0.8236, 1.0525 1.1689 0.7874, 0.9964 1.2141 0.8236, 0.999 1.2173 0.7874, 0.7404 1.3851 0.8236, 0.4862 1.4966 0.7874, 0.4559 1.503 0.8236, 0.4571 1.507 0.7874, 0.3072 1.5445 0.7874, 0.3064 1.5404 0.8236, 0.2733 1.5496 0.7874, 0.1544 1.5672 0.7874, -0.8749 1.3094 0.7874, -1.2173 0.999 0.7874, -1.5748 -0.0 0.7874, -1.5395 -0.3272 0.7874, -1.507 -0.4571 0.7874, -1.503 -0.4559 0.8236, -1.451 -0.601 0.8236, -1.4911 -0.4523 0.8578, -1.4781 -0.538 0.7874, -1.4549 -0.6027 0.7874, -1.3059 -0.8726 0.8236, -1.132 -1.0932 0.7874, -1.1106 -1.1106 0.8236, -1.1136 -1.1136 0.7874, -0.999 -1.2173 0.7874, -0.9964 -1.2141 0.8236, -0.7865 -1.3624 0.7874, -0.7404 -1.3851 0.8236, -0.7424 -1.3889 0.7874, -0.6027 -1.4549 0.7874, -0.601 -1.451 0.8236, -0.3805 -1.5262 0.7874, -0.3064 -1.5404 0.8236, -0.3072 -1.5445 0.7874, 0.1544 -1.5672 0.7874, 0.6027 -1.4549 0.7874, 1.3889 -0.7424 0.7874, 1.5445 -0.3072 0.7874, 1.5576 0.2189 0.7874, 1.5404 0.3064 0.8236, 1.5282 0.304 0.8578, 1.5087 0.3001 0.8883, -1.5445 -0.3072 0.7874, -1.5404 -0.3064 0.8236, -1.5282 -0.304 0.8578, -1.5087 -0.3001 0.8883, 1.5672 0.1544 0.7874, 1.563 0.1539 0.8236, 1.5507 0.1527 0.8578, 1.5308 0.1508 0.8883, -1.5507 -0.1527 0.8578, -1.5308 -0.1508 0.8883, 0.1508 1.5308 0.8883, 0.1482 1.5045 0.9134, 0.2949 1.4827 0.9134, -0.1508 -1.5308 0.8883, -0.1482 -1.5045 0.9134, -0.2949 -1.4827 0.9134, 1.5748 0.0 0.7874, 1.5706 0.0 0.8236, 1.5582 0.0 0.8578, 1.5382 0.0 0.8883, 1.5118 0.0 0.9134, 1.4396 0.5963 0.8578, 1.472 0.4465 0.8883, 1.3742 0.7345 0.8578, 1.4211 0.5887 0.8883, 1.2956 0.8657 0.8578, 1.3566 0.7251 0.8883, 1.2045 0.9885 0.8578, 1.279 0.8546 0.8883, 1.1018 1.1018 0.8578, 1.1891 0.9758 0.8883, 0.9885 1.2045 0.8578, 1.0877 1.0877 0.8883, 0.8657 1.2956 0.8578, 0.9758 1.1891 0.8883, 0.7345 1.3742 0.8578, 0.8546 1.279 0.8883, 0.5963 1.4396 0.8578, 0.7251 1.3566 0.8883, 0.4523 1.4911 0.8578, 0.5887 1.4211 0.8883, 0.1539 1.563 0.8236, 0.304 1.5282 0.8578, 0.4465 1.472 0.8883, 0.1527 1.5507 0.8578, 0.3001 1.5087 0.8883, 0.0 1.5118 0.9134, 0.0 1.5382 0.8883, 0.0 1.5582 0.8578, -0.1508 1.5308 0.8883, -0.1527 1.5507 0.8578, -0.1539 1.563 0.8236, -0.1544 1.5672 0.7874, -0.3001 1.5087 0.8883, -0.304 1.5282 0.8578, -0.4465 1.472 0.8883, -0.4523 1.4911 0.8578, -0.5887 1.4211 0.8883, -0.5963 1.4396 0.8578, -0.7251 1.3566 0.8883, -0.7345 1.3742 0.8578, -0.7404 1.3851 0.8236, -0.7424 1.3889 0.7874, -0.8546 1.279 0.8883, -0.8657 1.2956 0.8578, -0.8726 1.3059 0.8236, -0.7865 1.3624 0.7874, -0.9758 1.1891 0.8883, -0.9885 1.2045 0.8578, -1.0877 1.0877 0.8883, -1.1018 1.1018 0.8578, -1.1106 1.1106 0.8236, -1.1136 1.1136 0.7874, -1.1891 0.9758 0.8883, -1.2045 0.9885 0.8578, -1.2141 0.9964 0.8236, -1.132 1.0932 0.7874, -1.279 0.8546 0.8883, -1.2956 0.8657 0.8578, -1.3566 0.7251 0.8883, -1.3742 0.7345 0.8578, -1.3851 0.7404 0.8236, -1.3889 0.7424 0.7874, -1.4211 0.5887 0.8883, -1.4396 0.5963 0.8578, -1.472 0.4465 0.8883, -1.4911 0.4523 0.8578, -1.5087 0.3001 0.8883, -1.5282 0.304 0.8578, -1.5045 0.1482 0.9134, -1.5308 0.1508 0.8883, -1.5507 0.1527 0.8578, -1.563 0.1539 0.8236, -1.5672 0.1544 0.7874, -1.5694 0.1098 0.7874, -1.5706 -0.0 0.8236, -1.5582 -0.0 0.8578, -1.5382 -0.0 0.8883, -1.5118 -0.0 0.9134, -1.4396 -0.5963 0.8578, -1.472 -0.4465 0.8883, -1.3742 -0.7345 0.8578, -1.4211 -0.5887 0.8883, -1.2956 -0.8657 0.8578, -1.3566 -0.7251 0.8883, -1.2045 -0.9885 0.8578, -1.279 -0.8546 0.8883, -1.1018 -1.1018 0.8578, -1.1891 -0.9758 0.8883, -0.9885 -1.2045 0.8578, -1.0877 -1.0877 0.8883, -0.8657 -1.2956 0.8578, -0.9758 -1.1891 0.8883, -0.7345 -1.3742 0.8578, -0.8546 -1.279 0.8883, -0.5963 -1.4396 0.8578, -0.7251 -1.3566 0.8883, -0.4523 -1.4911 0.8578, -0.5887 -1.4211 0.8883, -0.304 -1.5282 0.8578, -0.4465 -1.472 0.8883, -0.1527 -1.5507 0.8578, -0.3001 -1.5087 0.8883, 0.0 -1.5118 0.9134, 0.0 -1.5382 0.8883, 0.0 -1.5582 0.8578, 0.0 -1.5706 0.8236, 0.0 -1.5748 0.7874, 0.1508 -1.5308 0.8883, 0.1527 -1.5507 0.8578, 0.1539 -1.563 0.8236, 0.0549 -1.5721 0.7874, 0.3001 -1.5087 0.8883, 0.304 -1.5282 0.8578, 0.4465 -1.472 0.8883, 0.4523 -1.4911 0.8578, 0.4559 -1.503 0.8236, 0.4571 -1.507 0.7874, 0.5887 -1.4211 0.8883, 0.5963 -1.4396 0.8578, 0.601 -1.451 0.8236, 0.4862 -1.4966 0.7874, 0.7251 -1.3566 0.8883, 0.7345 -1.3742 0.8578, 0.8546 -1.279 0.8883, 0.8657 -1.2956 0.8578, 0.8726 -1.3059 0.8236, 0.8749 -1.3094 0.7874, 0.9758 -1.1891 0.8883, 0.9885 -1.2045 0.8578, 1.0877 -1.0877 0.8883, 1.1018 -1.1018 0.8578, 1.1891 -0.9758 0.8883, 1.2045 -0.9885 0.8578, 1.279 -0.8546 0.8883, 1.2956 -0.8657 0.8578, 1.3059 -0.8726 0.8236, 1.3094 -0.8749 0.7874, 1.3566 -0.7251 0.8883, 1.3742 -0.7345 0.8578, 1.3851 -0.7404 0.8236, 1.3341 -0.8337 0.7874, 1.4211 -0.5887 0.8883, 1.4396 -0.5963 0.8578, 1.472 -0.4465 0.8883, 1.4911 -0.4523 0.8578, 1.503 -0.4559 0.8236, 1.507 -0.4571 0.7874, 1.5087 -0.3001 0.8883, 1.5282 -0.304 0.8578, 1.5404 -0.3064 0.8236, 1.5128 -0.4338 0.7874, 1.5045 -0.1482 0.9134, 1.5308 -0.1508 0.8883, 1.5507 -0.1527 0.8578, -1.7913 -0.187 0.1181, -0.7677 -0.187 0.1181, -1.7913 0.187 0.1181, -0.7677 0.187 0.1181, -1.7913 -0.187 0.0, -1.7913 0.187 0.0, -0.7677 -0.187 0.0, -0.7677 0.187 0.0, -0.727 0.187 0.0054, -0.727 -0.187 0.0054, -0.689 0.187 0.0211, -0.689 -0.187 0.0211, -0.6564 0.187 0.0461, -0.6564 -0.187 0.0461, -0.6313 0.187 0.0787, -0.6313 -0.187 0.0787, -0.6156 0.187 0.1167, -0.6156 -0.187 0.1167, -0.6102 0.187 0.1575, -0.6102 -0.187 0.1575, -0.7283 -0.187 0.1575, -0.7283 0.187 0.1575, -0.7297 -0.187 0.1473, -0.7297 0.187 0.1473, -0.7336 -0.187 0.1378, -0.7336 0.187 0.1378, -0.7399 -0.187 0.1296, -0.7399 0.187 0.1296, -0.748 -0.187 0.1234, -0.748 0.187 0.1234, -0.7575 -0.187 0.1195, -0.7575 0.187 0.1195, 0.7677 -0.187 0.1181, 1.7913 -0.187 0.1181, 0.7677 0.187 0.1181, 1.7913 0.187 0.1181, 0.7575 -0.187 0.1195, 0.7575 0.187 0.1195, 0.748 -0.187 0.1234, 0.748 0.187 0.1234, 0.7399 -0.187 0.1296, 0.7399 0.187 0.1296, 0.7336 -0.187 0.1378, 0.7336 0.187 0.1378, 0.7297 -0.187 0.1473, 0.7297 0.187 0.1473, 0.7283 -0.187 0.1575, 0.7283 0.187 0.1575, 0.6102 -0.187 0.1575, 0.6102 0.187 0.1575, 0.6156 0.187 0.1167, 0.6156 -0.187 0.1167, 0.6313 0.187 0.0787, 0.6313 -0.187 0.0787, 0.6564 0.187 0.0461, 0.6564 -0.187 0.0461, 0.689 0.187 0.0211, 0.689 -0.187 0.0211, 0.727 0.187 0.0054, 0.727 -0.187 0.0054, 0.7677 0.187 0.0, 0.7677 -0.187 0.0, 1.7913 -0.187 0.0, 1.7913 0.187 0.0
            ]
        }
        coordIndex [
            0,1,2,-1,2,1,3,-1,4,5,6,-1,7,8,9,-1,5,10,6,-1,6,10,11,-1,6,11,2,-1,2,11,12,-1,12,13,2,-1,2,13,14,-1,2,14,15,-1,15,16,2,-1,2,16,17,-1,2,17,0,-1,18,19,20,-1,20,19,21,-1,20,21,6,-1,6,21,22,-1,6,22,4,-1,8,23,9,-1,9,23,24,-1,9,24,25,-1,9,26,20,-1,20,26,27,-1,20,27,18,-1,25,28,9,-1,9,28,29,-1,9,29,26,-1,30,31,32,-1,32,31,33,-1,34,9,32,-1,32,9,2,-1,32,2,30,-1,30,2,3,-1,35,36,34,-1,33,37,32,-1,32,37,38,-1,32,38,39,-1,39,38,40,-1,39,40,41,-1,36,42,34,-1,34,42,43,-1,34,43,9,-1,9,43,44,-1,9,44,7,-1,45,46,47,-1,47,46,48,-1,47,48,34,-1,34,48,49,-1,34,49,35,-1,41,50,39,-1,39,50,51,-1,39,51,47,-1,47,51,52,-1,47,52,45,-1,53,54,55,-1,56,57,55,-1,55,57,58,-1,59,60,54,-1,54,60,61,-1,62,63,64,-1,64,63,54,-1,63,65,54,-1,54,65,66,-1,54,66,67,-1,67,68,54,-1,54,68,69,-1,54,69,59,-1,58,70,55,-1,55,70,71,-1,55,71,72,-1,73,74,63,-1,63,74,75,-1,61,76,54,-1,54,76,77,-1,54,77,78,-1,78,79,54,-1,54,79,80,-1,54,80,55,-1,72,81,55,-1,55,81,82,-1,55,82,83,-1,62,84,63,-1,63,84,85,-1,63,85,86,-1,75,87,63,-1,63,87,88,-1,63,88,89,-1,89,88,90,-1,86,91,63,-1,63,91,92,-1,63,92,73,-1,90,88,93,-1,93,88,94,-1,93,94,95,-1,83,96,55,-1,55,96,97,-1,55,97,53,-1,98,99,100,-1,100,99,101,-1,100,101,102,-1,102,101,103,-1,102,103,104,-1,104,103,105,-1,104,105,106,-1,98,107,99,-1,99,107,108,-1,99,108,109,-1,109,108,110,-1,109,110,111,-1,111,110,112,-1,111,112,113,-1,113,112,114,-1,115,116,117,-1,117,116,113,-1,117,113,118,-1,118,113,114,-1,119,120,121,-1,121,120,122,-1,121,122,123,-1,123,122,124,-1,123,124,125,-1,119,126,120,-1,120,126,127,-1,120,127,128,-1,128,127,129,-1,128,129,130,-1,130,129,131,-1,130,131,132,-1,132,131,133,-1,133,134,132,-1,132,134,135,-1,132,135,136,-1,136,135,137,-1,136,137,138,-1,137,139,138,-1,138,139,140,-1,138,140,141,-1,140,142,141,-1,141,142,143,-1,141,143,144,-1,143,145,144,-1,144,145,146,-1,144,146,147,-1,147,146,148,-1,147,148,149,-1,149,148,150,-1,149,150,151,-1,151,150,152,-1,152,153,151,-1,151,153,154,-1,151,154,155,-1,155,154,156,-1,155,156,157,-1,157,156,158,-1,157,158,159,-1,159,158,160,-1,160,161,159,-1,159,161,162,-1,159,162,163,-1,163,162,164,-1,163,164,165,-1,164,166,165,-1,165,166,167,-1,165,167,168,-1,167,169,168,-1,168,169,170,-1,168,170,171,-1,170,172,171,-1,171,172,173,-1,171,173,174,-1,174,173,175,-1,174,175,176,-1,176,175,177,-1,176,177,178,-1,178,177,179,-1,179,180,178,-1,178,180,181,-1,178,181,182,-1,182,181,183,-1,182,183,184,-1,184,183,185,-1,184,185,186,-1,186,185,187,-1,187,188,186,-1,186,188,189,-1,186,189,190,-1,189,191,190,-1,190,191,192,-1,190,192,193,-1,193,192,194,-1,193,194,195,-1,195,194,196,-1,195,196,197,-1,197,196,198,-1,198,199,197,-1,197,199,200,-1,197,200,201,-1,201,200,202,-1,201,202,203,-1,203,202,204,-1,203,204,205,-1,205,204,206,-1,206,207,205,-1,205,207,208,-1,205,208,209,-1,209,208,210,-1,209,210,211,-1,211,210,212,-1,211,212,213,-1,213,212,214,-1,214,215,213,-1,213,215,216,-1,213,216,217,-1,216,218,217,-1,217,218,219,-1,217,219,220,-1,220,219,221,-1,220,221,222,-1,222,221,223,-1,222,223,224,-1,224,223,225,-1,225,226,224,-1,224,226,227,-1,224,227,228,-1,228,227,229,-1,228,229,230,-1,230,229,231,-1,230,231,232,-1,232,231,233,-1,233,234,232,-1,232,234,235,-1,232,235,236,-1,236,235,237,-1,236,237,238,-1,237,239,238,-1,238,239,240,-1,238,240,241,-1,240,242,241,-1,241,242,243,-1,241,243,244,-1,243,245,244,-1,244,245,246,-1,244,246,247,-1,247,246,248,-1,247,248,249,-1,249,248,250,-1,249,250,251,-1,251,250,252,-1,252,253,251,-1,251,253,254,-1,251,254,255,-1,255,254,256,-1,255,256,257,-1,257,256,258,-1,257,258,259,-1,259,258,260,-1,260,261,259,-1,259,261,262,-1,259,262,263,-1,263,262,264,-1,263,264,265,-1,265,264,266,-1,265,266,267,-1,267,266,268,-1,267,268,105,-1,105,268,269,-1,105,269,106,-1,116,270,271,-1,116,271,113,-1,113,271,272,-1,113,272,111,-1,111,272,273,-1,111,273,109,-1,109,273,274,-1,109,274,99,-1,99,274,275,-1,99,275,101,-1,101,275,276,-1,101,276,103,-1,103,276,277,-1,103,277,105,-1,105,277,278,-1,105,278,267,-1,267,278,279,-1,267,279,265,-1,265,279,280,-1,265,280,263,-1,263,280,281,-1,263,281,259,-1,259,281,282,-1,259,282,257,-1,257,282,283,-1,257,283,255,-1,255,283,284,-1,255,284,251,-1,251,284,285,-1,251,285,249,-1,249,285,286,-1,249,286,247,-1,247,286,287,-1,247,287,244,-1,244,287,288,-1,244,288,241,-1,241,288,289,-1,241,289,238,-1,238,289,290,-1,238,290,236,-1,236,290,291,-1,236,291,232,-1,232,291,292,-1,232,292,230,-1,230,292,293,-1,230,293,228,-1,228,293,294,-1,228,294,224,-1,224,294,295,-1,224,295,222,-1,222,295,296,-1,222,296,220,-1,220,296,297,-1,220,297,217,-1,217,297,298,-1,217,298,213,-1,213,298,299,-1,213,299,211,-1,211,299,300,-1,211,300,209,-1,209,300,301,-1,209,301,205,-1,205,301,302,-1,205,302,203,-1,203,302,303,-1,203,303,201,-1,201,303,304,-1,201,304,197,-1,197,304,305,-1,197,305,195,-1,195,305,306,-1,195,306,193,-1,193,306,307,-1,193,307,190,-1,190,307,308,-1,190,308,186,-1,186,308,309,-1,186,309,184,-1,184,309,310,-1,184,310,182,-1,182,310,311,-1,182,311,178,-1,178,311,312,-1,178,312,176,-1,176,312,313,-1,176,313,174,-1,174,313,314,-1,174,314,171,-1,171,314,315,-1,171,315,168,-1,168,315,316,-1,168,316,165,-1,165,316,317,-1,165,317,163,-1,163,317,318,-1,163,318,159,-1,159,318,319,-1,159,319,157,-1,157,319,320,-1,157,320,155,-1,155,320,321,-1,155,321,151,-1,151,321,322,-1,151,322,149,-1,149,322,323,-1,149,323,147,-1,147,323,324,-1,147,324,144,-1,144,324,325,-1,144,325,141,-1,141,325,326,-1,141,326,138,-1,138,326,327,-1,138,327,136,-1,136,327,328,-1,136,328,132,-1,132,328,329,-1,132,329,130,-1,130,329,330,-1,130,330,128,-1,128,330,331,-1,128,331,120,-1,120,331,332,-1,120,332,122,-1,122,332,333,-1,122,333,124,-1,270,334,335,-1,270,335,271,-1,271,335,336,-1,271,336,272,-1,272,336,337,-1,272,337,273,-1,273,337,338,-1,273,338,274,-1,274,338,339,-1,274,339,275,-1,275,339,340,-1,275,340,276,-1,276,340,341,-1,276,341,277,-1,277,341,342,-1,277,342,278,-1,278,342,343,-1,278,343,279,-1,279,343,344,-1,279,344,280,-1,280,344,345,-1,280,345,281,-1,281,345,346,-1,281,346,282,-1,282,346,347,-1,282,347,283,-1,283,347,348,-1,283,348,284,-1,284,348,349,-1,284,349,285,-1,285,349,350,-1,285,350,286,-1,286,350,351,-1,286,351,287,-1,287,351,352,-1,287,352,288,-1,288,352,353,-1,288,353,289,-1,289,353,354,-1,289,354,290,-1,290,354,355,-1,290,355,291,-1,291,355,356,-1,291,356,292,-1,292,356,357,-1,292,357,293,-1,293,357,358,-1,293,358,294,-1,294,358,359,-1,294,359,295,-1,295,359,360,-1,295,360,296,-1,296,360,361,-1,296,361,297,-1,297,361,362,-1,297,362,298,-1,298,362,363,-1,298,363,299,-1,299,363,364,-1,299,364,300,-1,300,364,365,-1,300,365,301,-1,301,365,366,-1,301,366,302,-1,302,366,367,-1,302,367,303,-1,303,367,368,-1,303,368,304,-1,304,368,369,-1,304,369,305,-1,305,369,370,-1,305,370,306,-1,306,370,371,-1,306,371,307,-1,307,371,372,-1,307,372,308,-1,308,372,373,-1,308,373,309,-1,309,373,374,-1,309,374,310,-1,310,374,375,-1,310,375,311,-1,311,375,376,-1,311,376,312,-1,312,376,377,-1,312,377,313,-1,313,377,378,-1,313,378,314,-1,314,378,379,-1,314,379,315,-1,315,379,380,-1,315,380,316,-1,316,380,381,-1,316,381,317,-1,317,381,382,-1,317,382,318,-1,318,382,383,-1,318,383,319,-1,319,383,384,-1,319,384,320,-1,320,384,385,-1,320,385,321,-1,321,385,386,-1,321,386,322,-1,322,386,387,-1,322,387,323,-1,323,387,388,-1,323,388,324,-1,324,388,389,-1,324,389,325,-1,325,389,390,-1,325,390,326,-1,326,390,391,-1,326,391,327,-1,327,391,392,-1,327,392,328,-1,328,392,393,-1,328,393,329,-1,329,393,394,-1,329,394,330,-1,330,394,395,-1,330,395,331,-1,331,395,396,-1,331,396,332,-1,332,396,397,-1,332,397,333,-1,334,398,399,-1,334,399,335,-1,335,399,400,-1,335,400,336,-1,336,400,401,-1,336,401,337,-1,337,401,402,-1,337,402,338,-1,338,402,403,-1,338,403,339,-1,339,403,404,-1,339,404,340,-1,340,404,405,-1,340,405,341,-1,341,405,406,-1,341,406,342,-1,342,406,407,-1,342,407,343,-1,343,407,408,-1,343,408,344,-1,344,408,409,-1,344,409,345,-1,345,409,410,-1,345,410,346,-1,346,410,411,-1,346,411,347,-1,347,411,412,-1,347,412,348,-1,348,412,413,-1,348,413,349,-1,349,413,414,-1,349,414,350,-1,350,414,415,-1,350,415,351,-1,351,415,416,-1,351,416,352,-1,352,416,417,-1,352,417,353,-1,353,417,418,-1,353,418,354,-1,354,418,419,-1,354,419,355,-1,355,419,420,-1,355,420,356,-1,356,420,421,-1,356,421,357,-1,357,421,422,-1,357,422,358,-1,358,422,423,-1,358,423,359,-1,359,423,424,-1,359,424,360,-1,360,424,425,-1,360,425,361,-1,361,425,426,-1,361,426,362,-1,362,426,427,-1,362,427,363,-1,363,427,428,-1,363,428,364,-1,364,428,429,-1,364,429,365,-1,365,429,430,-1,365,430,366,-1,366,430,431,-1,366,431,367,-1,367,431,432,-1,367,432,368,-1,368,432,433,-1,368,433,369,-1,369,433,434,-1,369,434,370,-1,370,434,435,-1,370,435,371,-1,371,435,436,-1,371,436,372,-1,372,436,437,-1,372,437,373,-1,373,437,438,-1,373,438,374,-1,374,438,439,-1,374,439,375,-1,375,439,440,-1,375,440,376,-1,376,440,441,-1,376,441,377,-1,377,441,442,-1,377,442,378,-1,378,442,443,-1,378,443,379,-1,379,443,444,-1,379,444,380,-1,380,444,445,-1,380,445,381,-1,381,445,446,-1,381,446,382,-1,382,446,447,-1,382,447,383,-1,383,447,448,-1,383,448,384,-1,384,448,449,-1,384,449,385,-1,385,449,450,-1,385,450,386,-1,386,450,451,-1,386,451,387,-1,387,451,452,-1,387,452,388,-1,388,452,453,-1,388,453,389,-1,389,453,454,-1,389,454,390,-1,390,454,455,-1,390,455,391,-1,391,455,456,-1,391,456,392,-1,392,456,457,-1,392,457,393,-1,393,457,458,-1,393,458,394,-1,394,458,459,-1,394,459,395,-1,395,459,460,-1,395,460,396,-1,396,460,461,-1,396,461,397,-1,398,462,463,-1,398,463,399,-1,399,463,464,-1,399,464,400,-1,400,464,465,-1,400,465,401,-1,401,465,466,-1,401,466,402,-1,402,466,467,-1,402,467,403,-1,403,467,468,-1,403,468,404,-1,404,468,469,-1,404,469,405,-1,405,469,470,-1,405,470,406,-1,406,470,471,-1,406,471,407,-1,407,471,472,-1,407,472,408,-1,408,472,473,-1,408,473,409,-1,409,473,474,-1,409,474,410,-1,410,474,475,-1,410,475,411,-1,411,475,476,-1,411,476,412,-1,412,476,477,-1,412,477,413,-1,413,477,478,-1,413,478,414,-1,414,478,479,-1,414,479,415,-1,415,479,480,-1,415,480,416,-1,416,480,481,-1,416,481,417,-1,417,481,482,-1,417,482,418,-1,418,482,483,-1,418,483,419,-1,419,483,484,-1,419,484,420,-1,420,484,485,-1,420,485,421,-1,421,485,486,-1,421,486,422,-1,422,486,487,-1,422,487,423,-1,423,487,488,-1,423,488,424,-1,424,488,489,-1,424,489,425,-1,425,489,490,-1,425,490,426,-1,426,490,491,-1,426,491,427,-1,427,491,492,-1,427,492,428,-1,428,492,493,-1,428,493,429,-1,429,493,494,-1,429,494,430,-1,430,494,495,-1,430,495,431,-1,431,495,496,-1,431,496,432,-1,432,496,497,-1,432,497,433,-1,433,497,498,-1,433,498,434,-1,434,498,499,-1,434,499,435,-1,435,499,500,-1,435,500,436,-1,436,500,501,-1,436,501,437,-1,437,501,502,-1,437,502,438,-1,438,502,503,-1,438,503,439,-1,439,503,504,-1,439,504,440,-1,440,504,505,-1,440,505,441,-1,441,505,506,-1,441,506,442,-1,442,506,507,-1,442,507,443,-1,443,507,508,-1,443,508,444,-1,444,508,509,-1,444,509,445,-1,445,509,510,-1,445,510,446,-1,446,510,511,-1,446,511,447,-1,447,511,512,-1,447,512,448,-1,448,512,513,-1,448,513,449,-1,449,513,514,-1,449,514,450,-1,450,514,515,-1,450,515,451,-1,451,515,516,-1,451,516,452,-1,452,516,517,-1,452,517,453,-1,453,517,518,-1,453,518,454,-1,454,518,519,-1,454,519,455,-1,455,519,520,-1,455,520,456,-1,456,520,521,-1,456,521,457,-1,457,521,522,-1,457,522,458,-1,458,522,523,-1,458,523,459,-1,459,523,524,-1,459,524,460,-1,460,524,525,-1,460,525,461,-1,58,57,462,-1,483,80,484,-1,484,80,79,-1,484,79,485,-1,485,79,78,-1,485,78,486,-1,486,78,77,-1,486,77,487,-1,487,77,76,-1,487,76,488,-1,488,76,61,-1,488,61,489,-1,489,61,60,-1,489,60,490,-1,490,60,59,-1,490,59,491,-1,491,59,69,-1,491,69,492,-1,492,69,68,-1,492,68,493,-1,493,68,67,-1,493,67,494,-1,494,67,66,-1,494,66,495,-1,495,66,65,-1,495,65,496,-1,496,65,63,-1,496,63,497,-1,497,63,89,-1,497,89,498,-1,498,89,90,-1,498,90,499,-1,499,90,93,-1,499,93,500,-1,500,93,95,-1,500,95,501,-1,501,95,94,-1,501,94,502,-1,502,94,88,-1,502,88,503,-1,503,88,87,-1,503,87,504,-1,504,87,75,-1,504,75,505,-1,505,75,74,-1,505,74,506,-1,506,74,73,-1,506,73,507,-1,507,73,92,-1,507,92,508,-1,508,92,91,-1,508,91,509,-1,509,91,86,-1,509,86,510,-1,510,86,85,-1,510,85,511,-1,511,85,84,-1,511,84,512,-1,512,84,62,-1,512,62,513,-1,513,62,64,-1,513,64,514,-1,514,64,54,-1,514,54,515,-1,515,54,53,-1,515,53,516,-1,516,53,97,-1,516,97,517,-1,517,97,96,-1,517,96,518,-1,518,96,83,-1,518,83,519,-1,519,83,82,-1,519,82,520,-1,520,82,81,-1,520,81,521,-1,521,81,72,-1,521,72,522,-1,522,72,71,-1,522,71,523,-1,523,71,70,-1,523,70,524,-1,524,70,58,-1,524,58,525,-1,525,58,462,-1,525,462,461,-1,461,462,398,-1,461,398,397,-1,397,398,334,-1,397,334,333,-1,333,334,270,-1,333,270,124,-1,124,270,116,-1,124,116,125,-1,125,116,115,-1,57,526,462,-1,462,526,527,-1,462,527,463,-1,463,527,528,-1,463,528,464,-1,464,528,529,-1,464,529,465,-1,465,529,530,-1,465,530,466,-1,466,530,531,-1,466,531,467,-1,467,531,532,-1,467,532,468,-1,468,532,533,-1,468,533,469,-1,469,533,534,-1,469,534,470,-1,470,534,535,-1,470,535,471,-1,471,535,536,-1,471,536,472,-1,472,536,537,-1,472,537,473,-1,473,537,538,-1,473,538,474,-1,474,538,539,-1,474,539,475,-1,475,539,540,-1,475,540,476,-1,476,540,541,-1,476,541,477,-1,477,541,542,-1,477,542,478,-1,478,542,543,-1,478,543,479,-1,479,543,544,-1,479,544,480,-1,480,544,545,-1,480,545,481,-1,481,545,546,-1,481,546,482,-1,482,546,56,-1,482,56,483,-1,483,56,55,-1,483,55,80,-1,261,547,262,-1,262,547,548,-1,262,548,264,-1,264,548,549,-1,264,549,266,-1,266,549,550,-1,266,550,268,-1,268,550,551,-1,268,551,269,-1,269,551,552,-1,269,552,106,-1,106,552,553,-1,106,553,104,-1,104,553,554,-1,104,554,102,-1,102,554,555,-1,102,555,100,-1,100,555,556,-1,100,556,98,-1,98,556,557,-1,98,557,107,-1,107,557,558,-1,107,558,108,-1,108,558,559,-1,108,559,110,-1,110,559,560,-1,110,560,112,-1,112,560,561,-1,112,561,114,-1,114,561,562,-1,114,562,118,-1,118,562,563,-1,118,563,117,-1,117,563,564,-1,117,564,115,-1,115,564,565,-1,115,565,125,-1,125,565,566,-1,125,566,123,-1,123,566,567,-1,123,567,121,-1,121,567,568,-1,121,568,119,-1,119,568,569,-1,119,569,126,-1,126,569,570,-1,126,570,127,-1,127,570,571,-1,127,571,129,-1,129,571,572,-1,129,572,131,-1,131,572,573,-1,131,573,133,-1,133,573,574,-1,133,574,134,-1,134,574,575,-1,134,575,135,-1,135,575,576,-1,135,576,137,-1,137,576,577,-1,137,577,139,-1,139,577,578,-1,139,578,140,-1,140,578,579,-1,140,579,142,-1,142,579,580,-1,142,580,143,-1,143,580,581,-1,143,581,145,-1,145,581,582,-1,145,582,146,-1,146,582,583,-1,146,583,148,-1,148,583,584,-1,148,584,150,-1,150,584,585,-1,150,585,152,-1,152,585,586,-1,152,586,153,-1,153,586,587,-1,153,587,154,-1,154,587,588,-1,154,588,156,-1,156,588,589,-1,156,589,158,-1,158,589,590,-1,158,590,160,-1,160,590,591,-1,160,591,161,-1,161,591,592,-1,161,592,162,-1,162,592,593,-1,162,593,164,-1,164,593,594,-1,164,594,166,-1,166,594,595,-1,166,595,167,-1,167,595,596,-1,167,596,169,-1,169,596,597,-1,169,597,170,-1,170,597,598,-1,170,598,172,-1,172,598,599,-1,172,599,173,-1,173,599,600,-1,173,600,175,-1,175,600,601,-1,175,601,177,-1,177,601,602,-1,177,602,179,-1,179,602,603,-1,179,603,180,-1,180,603,604,-1,180,604,181,-1,181,604,605,-1,181,605,183,-1,183,605,606,-1,183,606,185,-1,185,606,607,-1,185,607,187,-1,187,607,608,-1,187,608,188,-1,188,608,609,-1,188,609,189,-1,189,609,610,-1,189,610,191,-1,191,610,611,-1,191,611,192,-1,192,611,612,-1,192,612,194,-1,194,612,613,-1,194,613,196,-1,196,613,614,-1,196,614,198,-1,198,614,615,-1,198,615,199,-1,199,615,616,-1,199,616,200,-1,200,616,617,-1,200,617,202,-1,202,617,618,-1,202,618,204,-1,204,618,619,-1,204,619,206,-1,206,619,620,-1,206,620,207,-1,207,620,621,-1,207,621,208,-1,208,621,622,-1,208,622,210,-1,210,622,623,-1,210,623,212,-1,212,623,624,-1,212,624,214,-1,214,624,625,-1,214,625,215,-1,215,625,626,-1,215,626,216,-1,216,626,627,-1,216,627,218,-1,218,627,628,-1,218,628,219,-1,219,628,629,-1,219,629,221,-1,221,629,630,-1,221,630,223,-1,223,630,631,-1,223,631,225,-1,225,631,632,-1,225,632,226,-1,226,632,633,-1,226,633,227,-1,227,633,634,-1,227,634,229,-1,229,634,635,-1,229,635,231,-1,231,635,636,-1,231,636,233,-1,233,636,637,-1,233,637,234,-1,234,637,638,-1,234,638,235,-1,235,638,639,-1,235,639,237,-1,237,639,640,-1,237,640,239,-1,239,640,641,-1,239,641,240,-1,240,641,642,-1,240,642,242,-1,242,642,643,-1,242,643,243,-1,243,643,644,-1,243,644,245,-1,245,644,645,-1,245,645,246,-1,246,645,646,-1,246,646,248,-1,248,646,647,-1,248,647,250,-1,250,647,648,-1,250,648,252,-1,252,648,649,-1,252,649,253,-1,253,649,650,-1,253,650,254,-1,254,650,651,-1,254,651,256,-1,256,651,652,-1,256,652,258,-1,258,652,653,-1,258,653,260,-1,260,653,654,-1,260,654,261,-1,261,654,547,-1,649,648,655,-1,644,643,656,-1,640,639,657,-1,637,636,658,-1,632,631,659,-1,627,626,660,-1,625,624,661,-1,623,622,662,-1,620,619,663,-1,615,614,664,-1,610,609,665,-1,608,607,666,-1,606,605,667,-1,603,602,668,-1,598,597,669,-1,594,593,670,-1,591,590,671,-1,586,585,672,-1,581,580,673,-1,577,576,674,-1,574,573,675,-1,569,568,676,-1,564,563,677,-1,562,561,678,-1,560,559,679,-1,557,556,680,-1,681,682,683,-1,684,685,686,-1,687,688,689,-1,690,691,692,-1,693,694,695,-1,696,697,698,-1,699,700,701,-1,702,703,704,-1,705,706,707,-1,708,709,710,-1,711,712,713,-1,714,715,716,-1,717,718,719,-1,720,721,722,-1,723,724,725,-1,726,727,728,-1,729,730,731,-1,732,733,734,-1,735,736,737,-1,738,739,740,-1,741,742,743,-1,744,745,746,-1,747,748,749,-1,750,751,752,-1,753,754,755,-1,756,757,758,-1,759,760,761,-1,762,763,764,-1,765,766,767,-1,768,769,770,-1,771,772,773,-1,774,775,776,-1,777,778,779,-1,780,781,782,-1,783,784,785,-1,786,787,788,-1,789,790,791,-1,792,793,794,-1,795,796,797,-1,798,799,800,-1,801,802,803,-1,804,805,806,-1,807,808,809,-1,810,811,812,-1,741,743,813,-1,814,815,816,-1,817,818,819,-1,820,821,822,-1,823,824,825,-1,826,827,828,-1,829,830,831,-1,832,833,834,-1,835,836,837,-1,838,839,840,-1,841,842,843,-1,684,686,844,-1,845,846,847,-1,847,846,848,-1,847,848,849,-1,848,850,849,-1,849,850,851,-1,849,851,852,-1,853,854,855,-1,855,854,856,-1,855,856,857,-1,857,856,858,-1,857,858,859,-1,859,858,852,-1,859,852,860,-1,860,852,851,-1,854,861,862,-1,854,862,856,-1,856,862,863,-1,856,863,858,-1,858,863,864,-1,858,864,852,-1,852,864,865,-1,852,865,849,-1,849,865,866,-1,849,866,847,-1,861,867,868,-1,861,868,862,-1,862,868,869,-1,862,869,863,-1,863,869,870,-1,863,870,864,-1,864,870,871,-1,864,871,865,-1,865,871,872,-1,865,872,866,-1,867,873,874,-1,778,774,779,-1,779,774,776,-1,779,776,875,-1,875,776,876,-1,875,876,877,-1,877,876,878,-1,877,878,879,-1,879,878,680,-1,757,753,758,-1,758,753,755,-1,758,755,880,-1,880,755,881,-1,880,881,882,-1,882,881,883,-1,882,883,884,-1,884,883,676,-1,748,744,749,-1,749,744,746,-1,749,746,885,-1,885,746,886,-1,885,886,887,-1,887,886,888,-1,887,888,889,-1,889,888,675,-1,787,789,788,-1,788,789,791,-1,788,791,890,-1,890,791,891,-1,890,891,892,-1,892,891,893,-1,892,893,894,-1,894,893,673,-1,796,798,797,-1,797,798,800,-1,797,800,895,-1,895,800,896,-1,895,896,897,-1,897,896,898,-1,897,898,899,-1,899,898,672,-1,805,807,806,-1,806,807,809,-1,806,809,900,-1,900,809,901,-1,900,901,902,-1,902,901,903,-1,902,903,904,-1,904,903,671,-1,739,735,740,-1,740,735,737,-1,740,737,905,-1,905,737,906,-1,905,906,907,-1,907,906,908,-1,907,908,909,-1,909,908,669,-1,730,910,731,-1,731,910,911,-1,731,911,912,-1,912,911,913,-1,912,913,914,-1,914,913,915,-1,914,915,916,-1,916,915,668,-1,715,711,716,-1,716,711,713,-1,716,713,917,-1,917,713,918,-1,917,918,919,-1,919,918,920,-1,919,920,921,-1,921,920,664,-1,706,702,707,-1,707,702,704,-1,707,704,922,-1,922,704,923,-1,922,923,924,-1,924,923,925,-1,924,925,926,-1,926,925,663,-1,927,814,928,-1,928,814,816,-1,928,816,929,-1,929,816,930,-1,929,930,931,-1,931,930,932,-1,931,932,933,-1,933,932,659,-1,821,823,822,-1,822,823,825,-1,822,825,934,-1,934,825,935,-1,934,935,936,-1,936,935,937,-1,936,937,938,-1,938,937,658,-1,833,835,834,-1,834,835,837,-1,834,837,939,-1,939,837,940,-1,939,940,941,-1,941,940,942,-1,941,942,943,-1,943,942,656,-1,842,844,843,-1,843,844,686,-1,843,686,944,-1,944,686,945,-1,944,945,946,-1,946,945,947,-1,946,947,948,-1,948,947,655,-1,867,874,868,-1,868,874,949,-1,868,949,869,-1,869,949,950,-1,869,950,870,-1,870,950,951,-1,870,951,871,-1,871,951,952,-1,871,952,872,-1,550,874,551,-1,551,874,873,-1,551,873,552,-1,553,552,953,-1,953,552,873,-1,953,873,954,-1,954,873,867,-1,954,867,955,-1,955,867,861,-1,955,861,782,-1,782,861,854,-1,782,854,780,-1,780,854,853,-1,781,777,782,-1,782,777,779,-1,782,779,955,-1,955,779,875,-1,955,875,954,-1,954,875,877,-1,954,877,953,-1,953,877,879,-1,953,879,553,-1,553,879,554,-1,680,556,879,-1,879,556,555,-1,879,555,554,-1,558,557,956,-1,956,557,680,-1,956,680,957,-1,957,680,878,-1,957,878,958,-1,958,878,876,-1,958,876,773,-1,773,876,776,-1,773,776,771,-1,771,776,775,-1,772,768,773,-1,773,768,770,-1,773,770,958,-1,958,770,959,-1,958,959,957,-1,957,959,960,-1,957,960,956,-1,956,960,679,-1,956,679,558,-1,558,679,559,-1,561,560,678,-1,678,560,679,-1,678,679,961,-1,961,679,960,-1,961,960,962,-1,962,960,959,-1,962,959,767,-1,767,959,770,-1,767,770,765,-1,765,770,769,-1,563,562,677,-1,677,562,678,-1,677,678,963,-1,963,678,961,-1,963,961,964,-1,964,961,962,-1,964,962,764,-1,764,962,767,-1,764,767,762,-1,762,767,766,-1,565,564,965,-1,965,564,677,-1,965,677,966,-1,966,677,963,-1,966,963,967,-1,967,963,964,-1,967,964,761,-1,761,964,764,-1,761,764,759,-1,759,764,763,-1,760,756,761,-1,761,756,758,-1,761,758,967,-1,967,758,880,-1,967,880,966,-1,966,880,882,-1,966,882,965,-1,965,882,884,-1,965,884,565,-1,565,884,566,-1,676,568,884,-1,884,568,567,-1,884,567,566,-1,570,569,968,-1,968,569,676,-1,968,676,969,-1,969,676,883,-1,969,883,970,-1,970,883,881,-1,970,881,752,-1,752,881,755,-1,752,755,750,-1,750,755,754,-1,751,747,752,-1,752,747,749,-1,752,749,970,-1,970,749,885,-1,970,885,969,-1,969,885,887,-1,969,887,968,-1,968,887,889,-1,968,889,570,-1,570,889,571,-1,675,573,889,-1,889,573,572,-1,889,572,571,-1,575,574,971,-1,971,574,675,-1,971,675,972,-1,972,675,888,-1,972,888,973,-1,973,888,886,-1,973,886,974,-1,974,886,746,-1,974,746,975,-1,975,746,745,-1,975,783,974,-1,974,783,785,-1,974,785,973,-1,973,785,976,-1,973,976,972,-1,972,976,977,-1,972,977,971,-1,971,977,674,-1,971,674,575,-1,575,674,576,-1,578,577,894,-1,894,577,674,-1,894,674,892,-1,892,674,977,-1,892,977,890,-1,890,977,976,-1,890,976,788,-1,788,976,785,-1,788,785,786,-1,786,785,784,-1,673,580,894,-1,894,580,579,-1,894,579,578,-1,582,581,978,-1,978,581,673,-1,978,673,979,-1,979,673,893,-1,979,893,980,-1,980,893,891,-1,980,891,794,-1,794,891,791,-1,794,791,792,-1,792,791,790,-1,793,795,794,-1,794,795,797,-1,794,797,980,-1,980,797,895,-1,980,895,979,-1,979,895,897,-1,979,897,978,-1,978,897,899,-1,978,899,582,-1,582,899,583,-1,672,585,899,-1,899,585,584,-1,899,584,583,-1,587,586,981,-1,981,586,672,-1,981,672,982,-1,982,672,898,-1,982,898,983,-1,983,898,896,-1,983,896,803,-1,803,896,800,-1,803,800,801,-1,801,800,799,-1,802,804,803,-1,803,804,806,-1,803,806,983,-1,983,806,900,-1,983,900,982,-1,982,900,902,-1,982,902,981,-1,981,902,904,-1,981,904,587,-1,587,904,588,-1,671,590,904,-1,904,590,589,-1,904,589,588,-1,592,591,984,-1,984,591,671,-1,984,671,985,-1,985,671,903,-1,985,903,986,-1,986,903,901,-1,986,901,812,-1,812,901,809,-1,812,809,810,-1,810,809,808,-1,811,813,812,-1,812,813,743,-1,812,743,986,-1,986,743,987,-1,986,987,985,-1,985,987,988,-1,985,988,984,-1,984,988,670,-1,984,670,592,-1,592,670,593,-1,595,594,909,-1,909,594,670,-1,909,670,907,-1,907,670,988,-1,907,988,905,-1,905,988,987,-1,905,987,740,-1,740,987,743,-1,740,743,738,-1,738,743,742,-1,669,597,909,-1,909,597,596,-1,909,596,595,-1,599,598,989,-1,989,598,669,-1,989,669,990,-1,990,669,908,-1,990,908,991,-1,991,908,906,-1,991,906,734,-1,734,906,737,-1,734,737,732,-1,732,737,736,-1,733,729,734,-1,734,729,731,-1,734,731,991,-1,991,731,912,-1,991,912,990,-1,990,912,914,-1,990,914,989,-1,989,914,916,-1,989,916,599,-1,599,916,600,-1,668,602,916,-1,916,602,601,-1,916,601,600,-1,604,603,992,-1,992,603,668,-1,992,668,993,-1,993,668,915,-1,993,915,994,-1,994,915,913,-1,994,913,995,-1,995,913,911,-1,995,911,996,-1,996,911,910,-1,996,726,995,-1,995,726,728,-1,995,728,994,-1,994,728,997,-1,994,997,993,-1,993,997,998,-1,993,998,992,-1,992,998,667,-1,992,667,604,-1,604,667,605,-1,607,606,666,-1,666,606,667,-1,666,667,999,-1,999,667,998,-1,999,998,1000,-1,1000,998,997,-1,1000,997,725,-1,725,997,728,-1,725,728,723,-1,723,728,727,-1,609,608,665,-1,665,608,666,-1,665,666,1001,-1,1001,666,999,-1,1001,999,1002,-1,1002,999,1000,-1,1002,1000,722,-1,722,1000,725,-1,722,725,720,-1,720,725,724,-1,611,610,1003,-1,1003,610,665,-1,1003,665,1004,-1,1004,665,1001,-1,1004,1001,1005,-1,1005,1001,1002,-1,1005,1002,719,-1,719,1002,722,-1,719,722,717,-1,717,722,721,-1,718,714,719,-1,719,714,716,-1,719,716,1005,-1,1005,716,917,-1,1005,917,1004,-1,1004,917,919,-1,1004,919,1003,-1,1003,919,921,-1,1003,921,611,-1,611,921,612,-1,664,614,921,-1,921,614,613,-1,921,613,612,-1,616,615,1006,-1,1006,615,664,-1,1006,664,1007,-1,1007,664,920,-1,1007,920,1008,-1,1008,920,918,-1,1008,918,710,-1,710,918,713,-1,710,713,708,-1,708,713,712,-1,709,705,710,-1,710,705,707,-1,710,707,1008,-1,1008,707,922,-1,1008,922,1007,-1,1007,922,924,-1,1007,924,1006,-1,1006,924,926,-1,1006,926,616,-1,616,926,617,-1,663,619,926,-1,926,619,618,-1,926,618,617,-1,621,620,1009,-1,1009,620,663,-1,1009,663,1010,-1,1010,663,925,-1,1010,925,1011,-1,1011,925,923,-1,1011,923,701,-1,701,923,704,-1,701,704,699,-1,699,704,703,-1,700,696,701,-1,701,696,698,-1,701,698,1011,-1,1011,698,1012,-1,1011,1012,1010,-1,1010,1012,1013,-1,1010,1013,1009,-1,1009,1013,662,-1,1009,662,621,-1,621,662,622,-1,624,623,661,-1,661,623,662,-1,661,662,1014,-1,1014,662,1013,-1,1014,1013,1015,-1,1015,1013,1012,-1,1015,1012,695,-1,695,1012,698,-1,695,698,693,-1,693,698,697,-1,626,625,660,-1,660,625,661,-1,660,661,1016,-1,1016,661,1014,-1,1016,1014,1017,-1,1017,1014,1015,-1,1017,1015,692,-1,692,1015,695,-1,692,695,690,-1,690,695,694,-1,628,627,1018,-1,1018,627,660,-1,1018,660,1019,-1,1019,660,1016,-1,1019,1016,1020,-1,1020,1016,1017,-1,1020,1017,689,-1,689,1017,692,-1,689,692,687,-1,687,692,691,-1,688,927,689,-1,689,927,928,-1,689,928,1020,-1,1020,928,929,-1,1020,929,1019,-1,1019,929,931,-1,1019,931,1018,-1,1018,931,933,-1,1018,933,628,-1,628,933,629,-1,659,631,933,-1,933,631,630,-1,933,630,629,-1,633,632,1021,-1,1021,632,659,-1,1021,659,1022,-1,1022,659,932,-1,1022,932,1023,-1,1023,932,930,-1,1023,930,819,-1,819,930,816,-1,819,816,817,-1,817,816,815,-1,818,820,819,-1,819,820,822,-1,819,822,1023,-1,1023,822,934,-1,1023,934,1022,-1,1022,934,936,-1,1022,936,1021,-1,1021,936,938,-1,1021,938,633,-1,633,938,634,-1,658,636,938,-1,938,636,635,-1,938,635,634,-1,638,637,1024,-1,1024,637,658,-1,1024,658,1025,-1,1025,658,937,-1,1025,937,1026,-1,1026,937,935,-1,1026,935,828,-1,828,935,825,-1,828,825,826,-1,826,825,824,-1,827,829,828,-1,828,829,831,-1,828,831,1026,-1,1026,831,1027,-1,1026,1027,1025,-1,1025,1027,1028,-1,1025,1028,1024,-1,1024,1028,657,-1,1024,657,638,-1,638,657,639,-1,641,640,943,-1,943,640,657,-1,943,657,941,-1,941,657,1028,-1,941,1028,939,-1,939,1028,1027,-1,939,1027,834,-1,834,1027,831,-1,834,831,832,-1,832,831,830,-1,656,643,943,-1,943,643,642,-1,943,642,641,-1,645,644,1029,-1,1029,644,656,-1,1029,656,1030,-1,1030,656,942,-1,1030,942,1031,-1,1031,942,940,-1,1031,940,840,-1,840,940,837,-1,840,837,838,-1,838,837,836,-1,839,841,840,-1,840,841,843,-1,840,843,1031,-1,1031,843,944,-1,1031,944,1030,-1,1030,944,946,-1,1030,946,1029,-1,1029,946,948,-1,1029,948,645,-1,645,948,646,-1,655,648,948,-1,948,648,647,-1,948,647,646,-1,650,649,1032,-1,1032,649,655,-1,1032,655,1033,-1,1033,655,947,-1,1033,947,1034,-1,1034,947,945,-1,1034,945,683,-1,683,945,686,-1,683,686,681,-1,681,686,685,-1,682,845,683,-1,683,845,847,-1,683,847,1034,-1,1034,847,866,-1,1034,866,1033,-1,1033,866,872,-1,1033,872,1032,-1,1032,872,952,-1,1032,952,650,-1,650,952,651,-1,550,549,874,-1,874,549,548,-1,874,548,949,-1,949,548,547,-1,949,547,950,-1,950,547,654,-1,950,654,951,-1,951,654,653,-1,951,653,952,-1,952,653,652,-1,952,652,651,-1,860,851,1035,-1,850,848,1036,-1,846,845,1037,-1,682,681,1038,-1,685,684,1039,-1,844,842,1040,-1,832,830,1041,-1,829,827,1042,-1,826,824,1043,-1,823,821,1044,-1,820,818,1045,-1,817,815,1046,-1,730,729,1047,-1,733,732,1048,-1,736,735,1049,-1,739,738,1050,-1,742,741,1051,-1,813,811,1052,-1,801,799,1053,-1,798,796,1054,-1,795,793,1055,-1,792,790,1056,-1,789,787,1057,-1,786,784,1058,-1,1059,1060,1061,-1,1062,1063,1064,-1,1065,1066,1067,-1,1068,1069,1070,-1,1071,1072,1073,-1,1074,1075,1076,-1,1077,1078,1079,-1,1080,1081,1082,-1,1083,1084,1085,-1,1086,1087,1088,-1,1089,1090,1091,-1,1092,1093,1094,-1,1095,1096,1097,-1,1098,1099,1100,-1,1101,1102,1103,-1,1104,1105,1106,-1,1107,1108,1109,-1,1110,1111,1112,-1,1113,1114,1115,-1,1116,1117,1118,-1,1119,1120,1121,-1,1122,1123,1124,-1,1125,1126,1127,-1,1128,1129,1130,-1,1131,1132,1133,-1,1134,1135,1136,-1,1137,1138,1139,-1,1140,1141,1142,-1,1143,1144,1145,-1,1146,1147,1148,-1,1149,1150,1151,-1,1152,1153,1154,-1,1155,1156,1157,-1,1158,1159,1160,-1,1161,1162,1163,-1,1163,1164,1165,-1,1165,1164,1166,-1,1166,1167,1168,-1,1168,1167,1169,-1,1169,1170,1171,-1,1171,1170,1172,-1,1172,1173,1174,-1,1174,1173,1175,-1,1175,1176,1177,-1,1177,1176,1178,-1,1178,1179,1180,-1,1180,1179,1158,-1,1155,1157,1159,-1,1152,1154,1156,-1,1149,1151,1153,-1,1146,1148,1150,-1,1143,1145,1147,-1,1140,1142,1144,-1,1137,1139,1141,-1,1134,1136,1138,-1,1181,1182,1062,-1,1062,1182,1183,-1,1062,1183,1063,-1,1063,1183,1184,-1,1063,1184,1185,-1,1186,1187,1188,-1,1189,1190,1191,-1,1192,1193,1194,-1,1195,1196,1197,-1,1198,1199,1200,-1,1201,1202,1203,-1,1204,1205,1206,-1,1206,1207,1208,-1,1208,1207,1209,-1,1209,1210,1211,-1,1211,1210,1212,-1,1212,1213,1214,-1,1214,1213,1215,-1,1215,1216,1217,-1,1217,1216,1218,-1,1218,1219,1220,-1,1220,1219,1221,-1,1221,1222,1223,-1,1223,1222,1110,-1,1107,1109,1111,-1,1104,1106,1108,-1,1101,1103,1105,-1,1098,1100,1102,-1,1095,1097,1099,-1,1092,1094,1096,-1,1089,1091,1093,-1,1086,1088,1090,-1,1224,1225,1059,-1,1059,1225,1226,-1,1059,1226,1060,-1,1060,1226,1227,-1,1060,1227,1228,-1,1229,1230,1231,-1,1232,1233,1234,-1,1235,1236,1237,-1,1238,1239,1240,-1,1241,1242,1243,-1,1244,1245,1246,-1,1247,1064,1248,-1,1248,1064,1063,-1,1248,1063,1186,-1,1186,1063,1185,-1,1186,1185,1187,-1,1249,1061,1250,-1,1250,1061,1060,-1,1250,1060,1229,-1,1229,1060,1228,-1,1229,1228,1230,-1,1251,1247,1252,-1,1252,1247,1248,-1,1252,1248,1253,-1,1253,1248,1186,-1,1253,1186,1189,-1,1189,1186,1188,-1,1189,1188,1190,-1,1254,1249,1255,-1,1255,1249,1250,-1,1255,1250,1256,-1,1256,1250,1229,-1,1256,1229,1232,-1,1232,1229,1231,-1,1232,1231,1233,-1,1257,1251,1258,-1,1258,1251,1252,-1,1258,1252,1259,-1,1259,1252,1253,-1,1259,1253,1260,-1,1260,1253,1189,-1,1260,1189,1192,-1,1192,1189,1191,-1,1192,1191,1193,-1,1261,1254,1262,-1,1262,1254,1255,-1,1262,1255,1263,-1,1263,1255,1256,-1,1263,1256,1264,-1,1264,1256,1232,-1,1264,1232,1235,-1,1235,1232,1234,-1,1235,1234,1236,-1,1265,1257,1266,-1,1266,1257,1258,-1,1266,1258,1267,-1,1267,1258,1259,-1,1267,1259,1268,-1,1268,1259,1260,-1,1268,1260,1269,-1,1269,1260,1192,-1,1269,1192,1195,-1,1195,1192,1194,-1,1195,1194,1196,-1,1270,1261,1271,-1,1271,1261,1262,-1,1271,1262,1272,-1,1272,1262,1263,-1,1272,1263,1273,-1,1273,1263,1264,-1,1273,1264,1274,-1,1274,1264,1235,-1,1274,1235,1238,-1,1238,1235,1237,-1,1238,1237,1239,-1,1275,1265,1276,-1,1276,1265,1266,-1,1276,1266,1277,-1,1277,1266,1267,-1,1277,1267,1278,-1,1278,1267,1268,-1,1278,1268,1279,-1,1279,1268,1269,-1,1279,1269,1280,-1,1280,1269,1195,-1,1280,1195,1198,-1,1198,1195,1197,-1,1198,1197,1199,-1,1281,1270,1282,-1,1282,1270,1271,-1,1282,1271,1283,-1,1283,1271,1272,-1,1283,1272,1284,-1,1284,1272,1273,-1,1284,1273,1285,-1,1285,1273,1274,-1,1285,1274,1286,-1,1286,1274,1238,-1,1286,1238,1241,-1,1241,1238,1240,-1,1241,1240,1242,-1,1287,1275,1288,-1,1288,1275,1276,-1,1288,1276,1289,-1,1289,1276,1277,-1,1289,1277,1290,-1,1290,1277,1278,-1,1290,1278,1291,-1,1291,1278,1279,-1,1291,1279,1292,-1,1292,1279,1280,-1,1292,1280,1293,-1,1293,1280,1198,-1,1293,1198,1201,-1,1201,1198,1200,-1,1201,1200,1202,-1,1294,1281,1295,-1,1295,1281,1282,-1,1295,1282,1296,-1,1296,1282,1283,-1,1296,1283,1297,-1,1297,1283,1284,-1,1297,1284,1298,-1,1298,1284,1285,-1,1298,1285,1299,-1,1299,1285,1286,-1,1299,1286,1300,-1,1300,1286,1241,-1,1300,1241,1244,-1,1244,1241,1243,-1,1244,1243,1245,-1,1301,1287,1302,-1,1302,1287,1288,-1,1302,1288,1303,-1,1303,1288,1289,-1,1303,1289,1304,-1,1304,1289,1290,-1,1304,1290,1305,-1,1305,1290,1291,-1,1305,1291,1306,-1,1306,1291,1292,-1,1306,1292,1307,-1,1307,1292,1293,-1,1307,1293,1308,-1,1308,1293,1201,-1,1308,1201,1204,-1,1204,1201,1203,-1,1204,1203,1205,-1,1309,1294,1310,-1,1310,1294,1295,-1,1310,1295,1311,-1,1311,1295,1296,-1,1311,1296,1312,-1,1312,1296,1297,-1,1312,1297,1313,-1,1313,1297,1298,-1,1313,1298,1314,-1,1314,1298,1299,-1,1314,1299,1315,-1,1315,1299,1300,-1,1315,1300,1316,-1,1316,1300,1244,-1,1316,1244,1161,-1,1161,1244,1246,-1,1161,1246,1162,-1,1317,1318,1319,-1,1320,1321,1322,-1,1323,855,857,-1,1163,1165,1161,-1,1161,1165,1324,-1,1161,1324,1316,-1,1316,1324,1325,-1,1316,1325,1315,-1,1315,1325,1326,-1,1315,1326,1314,-1,1314,1326,1327,-1,1314,1327,1313,-1,1313,1327,1328,-1,1313,1328,1312,-1,1312,1328,1329,-1,1312,1329,1311,-1,1311,1329,1330,-1,1311,1330,1310,-1,1310,1330,1323,-1,1310,1323,1309,-1,1309,1323,857,-1,1309,857,859,-1,1331,780,853,-1,1166,1168,1165,-1,1165,1168,1332,-1,1165,1332,1324,-1,1324,1332,1333,-1,1324,1333,1325,-1,1325,1333,1334,-1,1325,1334,1326,-1,1326,1334,1335,-1,1326,1335,1327,-1,1327,1335,1336,-1,1327,1336,1328,-1,1328,1336,1337,-1,1328,1337,1329,-1,1329,1337,1338,-1,1329,1338,1330,-1,1330,1338,1331,-1,1330,1331,1323,-1,1323,1331,853,-1,1323,853,855,-1,1339,777,781,-1,1169,1171,1168,-1,1168,1171,1340,-1,1168,1340,1332,-1,1332,1340,1341,-1,1332,1341,1333,-1,1333,1341,1342,-1,1333,1342,1334,-1,1334,1342,1343,-1,1334,1343,1335,-1,1335,1343,1344,-1,1335,1344,1336,-1,1336,1344,1345,-1,1336,1345,1337,-1,1337,1345,1346,-1,1337,1346,1338,-1,1338,1346,1339,-1,1338,1339,1331,-1,1331,1339,781,-1,1331,781,780,-1,1347,774,778,-1,1172,1174,1171,-1,1171,1174,1348,-1,1171,1348,1340,-1,1340,1348,1349,-1,1340,1349,1341,-1,1341,1349,1350,-1,1341,1350,1342,-1,1342,1350,1351,-1,1342,1351,1343,-1,1343,1351,1352,-1,1343,1352,1344,-1,1344,1352,1353,-1,1344,1353,1345,-1,1345,1353,1354,-1,1345,1354,1346,-1,1346,1354,1347,-1,1346,1347,1339,-1,1339,1347,778,-1,1339,778,777,-1,1355,771,775,-1,1175,1177,1174,-1,1174,1177,1356,-1,1174,1356,1348,-1,1348,1356,1357,-1,1348,1357,1349,-1,1349,1357,1358,-1,1349,1358,1350,-1,1350,1358,1359,-1,1350,1359,1351,-1,1351,1359,1360,-1,1351,1360,1352,-1,1352,1360,1361,-1,1352,1361,1353,-1,1353,1361,1362,-1,1353,1362,1354,-1,1354,1362,1355,-1,1354,1355,1347,-1,1347,1355,775,-1,1347,775,774,-1,1363,768,772,-1,1178,1180,1177,-1,1177,1180,1364,-1,1177,1364,1356,-1,1356,1364,1365,-1,1356,1365,1357,-1,1357,1365,1366,-1,1357,1366,1358,-1,1358,1366,1367,-1,1358,1367,1359,-1,1359,1367,1368,-1,1359,1368,1360,-1,1360,1368,1369,-1,1360,1369,1361,-1,1361,1369,1370,-1,1361,1370,1362,-1,1362,1370,1363,-1,1362,1363,1355,-1,1355,1363,772,-1,1355,772,771,-1,1371,765,769,-1,1158,1160,1180,-1,1180,1160,1372,-1,1180,1372,1364,-1,1364,1372,1373,-1,1364,1373,1365,-1,1365,1373,1374,-1,1365,1374,1366,-1,1366,1374,1375,-1,1366,1375,1367,-1,1367,1375,1376,-1,1367,1376,1368,-1,1368,1376,1377,-1,1368,1377,1369,-1,1369,1377,1378,-1,1369,1378,1370,-1,1370,1378,1371,-1,1370,1371,1363,-1,1363,1371,769,-1,1363,769,768,-1,1379,762,766,-1,1159,1157,1160,-1,1160,1157,1380,-1,1160,1380,1372,-1,1372,1380,1381,-1,1372,1381,1373,-1,1373,1381,1382,-1,1373,1382,1374,-1,1374,1382,1383,-1,1374,1383,1375,-1,1375,1383,1384,-1,1375,1384,1376,-1,1376,1384,1385,-1,1376,1385,1377,-1,1377,1385,1386,-1,1377,1386,1378,-1,1378,1386,1379,-1,1378,1379,1371,-1,1371,1379,766,-1,1371,766,765,-1,1387,759,763,-1,1156,1154,1157,-1,1157,1154,1388,-1,1157,1388,1380,-1,1380,1388,1389,-1,1380,1389,1381,-1,1381,1389,1390,-1,1381,1390,1382,-1,1382,1390,1391,-1,1382,1391,1383,-1,1383,1391,1392,-1,1383,1392,1384,-1,1384,1392,1393,-1,1384,1393,1385,-1,1385,1393,1394,-1,1385,1394,1386,-1,1386,1394,1387,-1,1386,1387,1379,-1,1379,1387,763,-1,1379,763,762,-1,1395,756,760,-1,1153,1151,1154,-1,1154,1151,1396,-1,1154,1396,1388,-1,1388,1396,1397,-1,1388,1397,1389,-1,1389,1397,1398,-1,1389,1398,1390,-1,1390,1398,1399,-1,1390,1399,1391,-1,1391,1399,1400,-1,1391,1400,1392,-1,1392,1400,1401,-1,1392,1401,1393,-1,1393,1401,1402,-1,1393,1402,1394,-1,1394,1402,1395,-1,1394,1395,1387,-1,1387,1395,760,-1,1387,760,759,-1,1403,753,757,-1,1150,1148,1151,-1,1151,1148,1404,-1,1151,1404,1396,-1,1396,1404,1405,-1,1396,1405,1397,-1,1397,1405,1406,-1,1397,1406,1398,-1,1398,1406,1407,-1,1398,1407,1399,-1,1399,1407,1408,-1,1399,1408,1400,-1,1400,1408,1409,-1,1400,1409,1401,-1,1401,1409,1410,-1,1401,1410,1402,-1,1402,1410,1403,-1,1402,1403,1395,-1,1395,1403,757,-1,1395,757,756,-1,1411,750,754,-1,1147,1145,1148,-1,1148,1145,1412,-1,1148,1412,1404,-1,1404,1412,1413,-1,1404,1413,1405,-1,1405,1413,1414,-1,1405,1414,1406,-1,1406,1414,1415,-1,1406,1415,1407,-1,1407,1415,1416,-1,1407,1416,1408,-1,1408,1416,1417,-1,1408,1417,1409,-1,1409,1417,1418,-1,1409,1418,1410,-1,1410,1418,1411,-1,1410,1411,1403,-1,1403,1411,754,-1,1403,754,753,-1,1419,747,751,-1,1144,1142,1145,-1,1145,1142,1420,-1,1145,1420,1412,-1,1412,1420,1421,-1,1412,1421,1413,-1,1413,1421,1422,-1,1413,1422,1414,-1,1414,1422,1423,-1,1414,1423,1415,-1,1415,1423,1424,-1,1415,1424,1416,-1,1416,1424,1425,-1,1416,1425,1417,-1,1417,1425,1426,-1,1417,1426,1418,-1,1418,1426,1419,-1,1418,1419,1411,-1,1411,1419,751,-1,1411,751,750,-1,1427,744,748,-1,1141,1139,1142,-1,1142,1139,1428,-1,1142,1428,1420,-1,1420,1428,1429,-1,1420,1429,1421,-1,1421,1429,1430,-1,1421,1430,1422,-1,1422,1430,1431,-1,1422,1431,1423,-1,1423,1431,1432,-1,1423,1432,1424,-1,1424,1432,1433,-1,1424,1433,1425,-1,1425,1433,1434,-1,1425,1434,1426,-1,1426,1434,1427,-1,1426,1427,1419,-1,1419,1427,748,-1,1419,748,747,-1,783,975,1435,-1,1435,975,745,-1,1138,1136,1139,-1,1139,1136,1436,-1,1139,1436,1428,-1,1428,1436,1437,-1,1428,1437,1429,-1,1429,1437,1438,-1,1429,1438,1430,-1,1430,1438,1439,-1,1430,1439,1431,-1,1431,1439,1440,-1,1431,1440,1432,-1,1432,1440,1441,-1,1432,1441,1433,-1,1433,1441,1442,-1,1433,1442,1434,-1,1434,1442,1435,-1,1434,1435,1427,-1,1427,1435,745,-1,1427,745,744,-1,1136,1443,1436,-1,1436,1443,1444,-1,1436,1444,1437,-1,1437,1444,1445,-1,1437,1445,1438,-1,1438,1445,1446,-1,1438,1446,1439,-1,1439,1446,1447,-1,1439,1447,1440,-1,1440,1447,1448,-1,1440,1448,1441,-1,1441,1448,1449,-1,1441,1449,1442,-1,1442,1449,1058,-1,1442,1058,1435,-1,1435,1058,784,-1,1435,784,783,-1,1443,1450,1444,-1,1444,1450,1451,-1,1444,1451,1445,-1,1445,1451,1452,-1,1445,1452,1446,-1,1446,1452,1453,-1,1446,1453,1447,-1,1447,1453,1454,-1,1447,1454,1448,-1,1448,1454,1455,-1,1448,1455,1449,-1,1449,1455,1057,-1,1449,1057,1058,-1,1058,1057,787,-1,1058,787,786,-1,1450,1456,1451,-1,1451,1456,1457,-1,1451,1457,1452,-1,1452,1457,1458,-1,1452,1458,1453,-1,1453,1458,1459,-1,1453,1459,1454,-1,1454,1459,1460,-1,1454,1460,1455,-1,1455,1460,1056,-1,1455,1056,1057,-1,1057,1056,790,-1,1057,790,789,-1,1456,1461,1457,-1,1457,1461,1462,-1,1457,1462,1458,-1,1458,1462,1463,-1,1458,1463,1459,-1,1459,1463,1464,-1,1459,1464,1460,-1,1460,1464,1055,-1,1460,1055,1056,-1,1056,1055,793,-1,1056,793,792,-1,1461,1465,1462,-1,1462,1465,1466,-1,1462,1466,1463,-1,1463,1466,1467,-1,1463,1467,1464,-1,1464,1467,1054,-1,1464,1054,1055,-1,1055,1054,796,-1,1055,796,795,-1,1465,1468,1466,-1,1466,1468,1469,-1,1466,1469,1467,-1,1467,1469,1053,-1,1467,1053,1054,-1,1054,1053,799,-1,1054,799,798,-1,1468,1319,1469,-1,1469,1319,1318,-1,1469,1318,1053,-1,1053,1318,802,-1,1053,802,801,-1,810,808,1470,-1,1470,808,1317,-1,1470,1317,1471,-1,1471,1317,1319,-1,1471,1319,1472,-1,1472,1319,1468,-1,1472,1468,1473,-1,1473,1468,1465,-1,1473,1465,1474,-1,1474,1465,1461,-1,1474,1461,1475,-1,1475,1461,1456,-1,1475,1456,1476,-1,1476,1456,1450,-1,1476,1450,1477,-1,1477,1450,1443,-1,1477,1443,1133,-1,1133,1443,1136,-1,1133,1136,1131,-1,1131,1136,1135,-1,808,807,1317,-1,1317,807,805,-1,1317,805,1318,-1,1318,805,804,-1,1318,804,802,-1,811,810,1052,-1,1052,810,1470,-1,1052,1470,1478,-1,1478,1470,1471,-1,1478,1471,1479,-1,1479,1471,1472,-1,1479,1472,1480,-1,1480,1472,1473,-1,1480,1473,1481,-1,1481,1473,1474,-1,1481,1474,1482,-1,1482,1474,1475,-1,1482,1475,1483,-1,1483,1475,1476,-1,1483,1476,1484,-1,1484,1476,1477,-1,1484,1477,1130,-1,1130,1477,1133,-1,1130,1133,1128,-1,1128,1133,1132,-1,741,813,1051,-1,1051,813,1052,-1,1051,1052,1485,-1,1485,1052,1478,-1,1485,1478,1486,-1,1486,1478,1479,-1,1486,1479,1487,-1,1487,1479,1480,-1,1487,1480,1488,-1,1488,1480,1481,-1,1488,1481,1489,-1,1489,1481,1482,-1,1489,1482,1490,-1,1490,1482,1483,-1,1490,1483,1491,-1,1491,1483,1484,-1,1491,1484,1127,-1,1127,1484,1130,-1,1127,1130,1125,-1,1125,1130,1129,-1,738,742,1050,-1,1050,742,1051,-1,1050,1051,1492,-1,1492,1051,1485,-1,1492,1485,1493,-1,1493,1485,1486,-1,1493,1486,1494,-1,1494,1486,1487,-1,1494,1487,1495,-1,1495,1487,1488,-1,1495,1488,1496,-1,1496,1488,1489,-1,1496,1489,1497,-1,1497,1489,1490,-1,1497,1490,1498,-1,1498,1490,1491,-1,1498,1491,1124,-1,1124,1491,1127,-1,1124,1127,1122,-1,1122,1127,1126,-1,735,739,1049,-1,1049,739,1050,-1,1049,1050,1499,-1,1499,1050,1492,-1,1499,1492,1500,-1,1500,1492,1493,-1,1500,1493,1501,-1,1501,1493,1494,-1,1501,1494,1502,-1,1502,1494,1495,-1,1502,1495,1503,-1,1503,1495,1496,-1,1503,1496,1504,-1,1504,1496,1497,-1,1504,1497,1505,-1,1505,1497,1498,-1,1505,1498,1121,-1,1121,1498,1124,-1,1121,1124,1119,-1,1119,1124,1123,-1,732,736,1048,-1,1048,736,1049,-1,1048,1049,1506,-1,1506,1049,1499,-1,1506,1499,1507,-1,1507,1499,1500,-1,1507,1500,1508,-1,1508,1500,1501,-1,1508,1501,1509,-1,1509,1501,1502,-1,1509,1502,1510,-1,1510,1502,1503,-1,1510,1503,1511,-1,1511,1503,1504,-1,1511,1504,1512,-1,1512,1504,1505,-1,1512,1505,1118,-1,1118,1505,1121,-1,1118,1121,1116,-1,1116,1121,1120,-1,729,733,1047,-1,1047,733,1048,-1,1047,1048,1513,-1,1513,1048,1506,-1,1513,1506,1514,-1,1514,1506,1507,-1,1514,1507,1515,-1,1515,1507,1508,-1,1515,1508,1516,-1,1516,1508,1509,-1,1516,1509,1517,-1,1517,1509,1510,-1,1517,1510,1518,-1,1518,1510,1511,-1,1518,1511,1519,-1,1519,1511,1512,-1,1519,1512,1115,-1,1115,1512,1118,-1,1115,1118,1113,-1,1113,1118,1117,-1,910,730,1301,-1,1301,730,1047,-1,1301,1047,1287,-1,1287,1047,1513,-1,1287,1513,1275,-1,1275,1513,1514,-1,1275,1514,1265,-1,1265,1514,1515,-1,1265,1515,1257,-1,1257,1515,1516,-1,1257,1516,1251,-1,1251,1516,1517,-1,1251,1517,1247,-1,1247,1517,1518,-1,1247,1518,1064,-1,1064,1518,1519,-1,1064,1519,1062,-1,1062,1519,1115,-1,1062,1115,1181,-1,1181,1115,1114,-1,1520,726,996,-1,1206,1208,1204,-1,1204,1208,1521,-1,1204,1521,1308,-1,1308,1521,1522,-1,1308,1522,1307,-1,1307,1522,1523,-1,1307,1523,1306,-1,1306,1523,1524,-1,1306,1524,1305,-1,1305,1524,1525,-1,1305,1525,1304,-1,1304,1525,1526,-1,1304,1526,1303,-1,1303,1526,1527,-1,1303,1527,1302,-1,1302,1527,1520,-1,1302,1520,1301,-1,1301,1520,996,-1,1301,996,910,-1,1528,723,727,-1,1209,1211,1208,-1,1208,1211,1529,-1,1208,1529,1521,-1,1521,1529,1530,-1,1521,1530,1522,-1,1522,1530,1531,-1,1522,1531,1523,-1,1523,1531,1532,-1,1523,1532,1524,-1,1524,1532,1533,-1,1524,1533,1525,-1,1525,1533,1534,-1,1525,1534,1526,-1,1526,1534,1535,-1,1526,1535,1527,-1,1527,1535,1528,-1,1527,1528,1520,-1,1520,1528,727,-1,1520,727,726,-1,1536,720,724,-1,1212,1214,1211,-1,1211,1214,1537,-1,1211,1537,1529,-1,1529,1537,1538,-1,1529,1538,1530,-1,1530,1538,1539,-1,1530,1539,1531,-1,1531,1539,1540,-1,1531,1540,1532,-1,1532,1540,1541,-1,1532,1541,1533,-1,1533,1541,1542,-1,1533,1542,1534,-1,1534,1542,1543,-1,1534,1543,1535,-1,1535,1543,1536,-1,1535,1536,1528,-1,1528,1536,724,-1,1528,724,723,-1,1544,717,721,-1,1215,1217,1214,-1,1214,1217,1545,-1,1214,1545,1537,-1,1537,1545,1546,-1,1537,1546,1538,-1,1538,1546,1547,-1,1538,1547,1539,-1,1539,1547,1548,-1,1539,1548,1540,-1,1540,1548,1549,-1,1540,1549,1541,-1,1541,1549,1550,-1,1541,1550,1542,-1,1542,1550,1551,-1,1542,1551,1543,-1,1543,1551,1544,-1,1543,1544,1536,-1,1536,1544,721,-1,1536,721,720,-1,1552,714,718,-1,1218,1220,1217,-1,1217,1220,1553,-1,1217,1553,1545,-1,1545,1553,1554,-1,1545,1554,1546,-1,1546,1554,1555,-1,1546,1555,1547,-1,1547,1555,1556,-1,1547,1556,1548,-1,1548,1556,1557,-1,1548,1557,1549,-1,1549,1557,1558,-1,1549,1558,1550,-1,1550,1558,1559,-1,1550,1559,1551,-1,1551,1559,1552,-1,1551,1552,1544,-1,1544,1552,718,-1,1544,718,717,-1,1560,711,715,-1,1221,1223,1220,-1,1220,1223,1561,-1,1220,1561,1553,-1,1553,1561,1562,-1,1553,1562,1554,-1,1554,1562,1563,-1,1554,1563,1555,-1,1555,1563,1564,-1,1555,1564,1556,-1,1556,1564,1565,-1,1556,1565,1557,-1,1557,1565,1566,-1,1557,1566,1558,-1,1558,1566,1567,-1,1558,1567,1559,-1,1559,1567,1560,-1,1559,1560,1552,-1,1552,1560,715,-1,1552,715,714,-1,1568,708,712,-1,1110,1112,1223,-1,1223,1112,1569,-1,1223,1569,1561,-1,1561,1569,1570,-1,1561,1570,1562,-1,1562,1570,1571,-1,1562,1571,1563,-1,1563,1571,1572,-1,1563,1572,1564,-1,1564,1572,1573,-1,1564,1573,1565,-1,1565,1573,1574,-1,1565,1574,1566,-1,1566,1574,1575,-1,1566,1575,1567,-1,1567,1575,1568,-1,1567,1568,1560,-1,1560,1568,712,-1,1560,712,711,-1,1576,705,709,-1,1111,1109,1112,-1,1112,1109,1577,-1,1112,1577,1569,-1,1569,1577,1578,-1,1569,1578,1570,-1,1570,1578,1579,-1,1570,1579,1571,-1,1571,1579,1580,-1,1571,1580,1572,-1,1572,1580,1581,-1,1572,1581,1573,-1,1573,1581,1582,-1,1573,1582,1574,-1,1574,1582,1583,-1,1574,1583,1575,-1,1575,1583,1576,-1,1575,1576,1568,-1,1568,1576,709,-1,1568,709,708,-1,1584,702,706,-1,1108,1106,1109,-1,1109,1106,1585,-1,1109,1585,1577,-1,1577,1585,1586,-1,1577,1586,1578,-1,1578,1586,1587,-1,1578,1587,1579,-1,1579,1587,1588,-1,1579,1588,1580,-1,1580,1588,1589,-1,1580,1589,1581,-1,1581,1589,1590,-1,1581,1590,1582,-1,1582,1590,1591,-1,1582,1591,1583,-1,1583,1591,1584,-1,1583,1584,1576,-1,1576,1584,706,-1,1576,706,705,-1,1592,699,703,-1,1105,1103,1106,-1,1106,1103,1593,-1,1106,1593,1585,-1,1585,1593,1594,-1,1585,1594,1586,-1,1586,1594,1595,-1,1586,1595,1587,-1,1587,1595,1596,-1,1587,1596,1588,-1,1588,1596,1597,-1,1588,1597,1589,-1,1589,1597,1598,-1,1589,1598,1590,-1,1590,1598,1599,-1,1590,1599,1591,-1,1591,1599,1592,-1,1591,1592,1584,-1,1584,1592,703,-1,1584,703,702,-1,1600,696,700,-1,1102,1100,1103,-1,1103,1100,1601,-1,1103,1601,1593,-1,1593,1601,1602,-1,1593,1602,1594,-1,1594,1602,1603,-1,1594,1603,1595,-1,1595,1603,1604,-1,1595,1604,1596,-1,1596,1604,1605,-1,1596,1605,1597,-1,1597,1605,1606,-1,1597,1606,1598,-1,1598,1606,1607,-1,1598,1607,1599,-1,1599,1607,1600,-1,1599,1600,1592,-1,1592,1600,700,-1,1592,700,699,-1,1608,693,697,-1,1099,1097,1100,-1,1100,1097,1609,-1,1100,1609,1601,-1,1601,1609,1610,-1,1601,1610,1602,-1,1602,1610,1611,-1,1602,1611,1603,-1,1603,1611,1612,-1,1603,1612,1604,-1,1604,1612,1613,-1,1604,1613,1605,-1,1605,1613,1614,-1,1605,1614,1606,-1,1606,1614,1615,-1,1606,1615,1607,-1,1607,1615,1608,-1,1607,1608,1600,-1,1600,1608,697,-1,1600,697,696,-1,1616,690,694,-1,1096,1094,1097,-1,1097,1094,1617,-1,1097,1617,1609,-1,1609,1617,1618,-1,1609,1618,1610,-1,1610,1618,1619,-1,1610,1619,1611,-1,1611,1619,1620,-1,1611,1620,1612,-1,1612,1620,1621,-1,1612,1621,1613,-1,1613,1621,1622,-1,1613,1622,1614,-1,1614,1622,1623,-1,1614,1623,1615,-1,1615,1623,1616,-1,1615,1616,1608,-1,1608,1616,694,-1,1608,694,693,-1,1624,687,691,-1,1093,1091,1094,-1,1094,1091,1625,-1,1094,1625,1617,-1,1617,1625,1626,-1,1617,1626,1618,-1,1618,1626,1627,-1,1618,1627,1619,-1,1619,1627,1628,-1,1619,1628,1620,-1,1620,1628,1629,-1,1620,1629,1621,-1,1621,1629,1630,-1,1621,1630,1622,-1,1622,1630,1631,-1,1622,1631,1623,-1,1623,1631,1624,-1,1623,1624,1616,-1,1616,1624,691,-1,1616,691,690,-1,814,927,1632,-1,1632,927,688,-1,1090,1088,1091,-1,1091,1088,1633,-1,1091,1633,1625,-1,1625,1633,1634,-1,1625,1634,1626,-1,1626,1634,1635,-1,1626,1635,1627,-1,1627,1635,1636,-1,1627,1636,1628,-1,1628,1636,1637,-1,1628,1637,1629,-1,1629,1637,1638,-1,1629,1638,1630,-1,1630,1638,1639,-1,1630,1639,1631,-1,1631,1639,1632,-1,1631,1632,1624,-1,1624,1632,688,-1,1624,688,687,-1,1088,1640,1633,-1,1633,1640,1641,-1,1633,1641,1634,-1,1634,1641,1642,-1,1634,1642,1635,-1,1635,1642,1643,-1,1635,1643,1636,-1,1636,1643,1644,-1,1636,1644,1637,-1,1637,1644,1645,-1,1637,1645,1638,-1,1638,1645,1646,-1,1638,1646,1639,-1,1639,1646,1046,-1,1639,1046,1632,-1,1632,1046,815,-1,1632,815,814,-1,1640,1647,1641,-1,1641,1647,1648,-1,1641,1648,1642,-1,1642,1648,1649,-1,1642,1649,1643,-1,1643,1649,1650,-1,1643,1650,1644,-1,1644,1650,1651,-1,1644,1651,1645,-1,1645,1651,1652,-1,1645,1652,1646,-1,1646,1652,1045,-1,1646,1045,1046,-1,1046,1045,818,-1,1046,818,817,-1,1647,1653,1648,-1,1648,1653,1654,-1,1648,1654,1649,-1,1649,1654,1655,-1,1649,1655,1650,-1,1650,1655,1656,-1,1650,1656,1651,-1,1651,1656,1657,-1,1651,1657,1652,-1,1652,1657,1044,-1,1652,1044,1045,-1,1045,1044,821,-1,1045,821,820,-1,1653,1658,1654,-1,1654,1658,1659,-1,1654,1659,1655,-1,1655,1659,1660,-1,1655,1660,1656,-1,1656,1660,1661,-1,1656,1661,1657,-1,1657,1661,1043,-1,1657,1043,1044,-1,1044,1043,824,-1,1044,824,823,-1,1658,1662,1659,-1,1659,1662,1663,-1,1659,1663,1660,-1,1660,1663,1664,-1,1660,1664,1661,-1,1661,1664,1042,-1,1661,1042,1043,-1,1043,1042,827,-1,1043,827,826,-1,1662,1665,1663,-1,1663,1665,1666,-1,1663,1666,1664,-1,1664,1666,1041,-1,1664,1041,1042,-1,1042,1041,830,-1,1042,830,829,-1,1665,1322,1666,-1,1666,1322,1321,-1,1666,1321,1041,-1,1041,1321,833,-1,1041,833,832,-1,841,839,1667,-1,1667,839,1320,-1,1667,1320,1668,-1,1668,1320,1322,-1,1668,1322,1669,-1,1669,1322,1665,-1,1669,1665,1670,-1,1670,1665,1662,-1,1670,1662,1671,-1,1671,1662,1658,-1,1671,1658,1672,-1,1672,1658,1653,-1,1672,1653,1673,-1,1673,1653,1647,-1,1673,1647,1674,-1,1674,1647,1640,-1,1674,1640,1085,-1,1085,1640,1088,-1,1085,1088,1083,-1,1083,1088,1087,-1,839,838,1320,-1,1320,838,836,-1,1320,836,1321,-1,1321,836,835,-1,1321,835,833,-1,842,841,1040,-1,1040,841,1667,-1,1040,1667,1675,-1,1675,1667,1668,-1,1675,1668,1676,-1,1676,1668,1669,-1,1676,1669,1677,-1,1677,1669,1670,-1,1677,1670,1678,-1,1678,1670,1671,-1,1678,1671,1679,-1,1679,1671,1672,-1,1679,1672,1680,-1,1680,1672,1673,-1,1680,1673,1681,-1,1681,1673,1674,-1,1681,1674,1082,-1,1082,1674,1085,-1,1082,1085,1080,-1,1080,1085,1084,-1,684,844,1039,-1,1039,844,1040,-1,1039,1040,1682,-1,1682,1040,1675,-1,1682,1675,1683,-1,1683,1675,1676,-1,1683,1676,1684,-1,1684,1676,1677,-1,1684,1677,1685,-1,1685,1677,1678,-1,1685,1678,1686,-1,1686,1678,1679,-1,1686,1679,1687,-1,1687,1679,1680,-1,1687,1680,1688,-1,1688,1680,1681,-1,1688,1681,1079,-1,1079,1681,1082,-1,1079,1082,1077,-1,1077,1082,1081,-1,681,685,1038,-1,1038,685,1039,-1,1038,1039,1689,-1,1689,1039,1682,-1,1689,1682,1690,-1,1690,1682,1683,-1,1690,1683,1691,-1,1691,1683,1684,-1,1691,1684,1692,-1,1692,1684,1685,-1,1692,1685,1693,-1,1693,1685,1686,-1,1693,1686,1694,-1,1694,1686,1687,-1,1694,1687,1695,-1,1695,1687,1688,-1,1695,1688,1076,-1,1076,1688,1079,-1,1076,1079,1074,-1,1074,1079,1078,-1,845,682,1037,-1,1037,682,1038,-1,1037,1038,1696,-1,1696,1038,1689,-1,1696,1689,1697,-1,1697,1689,1690,-1,1697,1690,1698,-1,1698,1690,1691,-1,1698,1691,1699,-1,1699,1691,1692,-1,1699,1692,1700,-1,1700,1692,1693,-1,1700,1693,1701,-1,1701,1693,1694,-1,1701,1694,1702,-1,1702,1694,1695,-1,1702,1695,1073,-1,1073,1695,1076,-1,1073,1076,1071,-1,1071,1076,1075,-1,848,846,1036,-1,1036,846,1037,-1,1036,1037,1703,-1,1703,1037,1696,-1,1703,1696,1704,-1,1704,1696,1697,-1,1704,1697,1705,-1,1705,1697,1698,-1,1705,1698,1706,-1,1706,1698,1699,-1,1706,1699,1707,-1,1707,1699,1700,-1,1707,1700,1708,-1,1708,1700,1701,-1,1708,1701,1709,-1,1709,1701,1702,-1,1709,1702,1070,-1,1070,1702,1073,-1,1070,1073,1068,-1,1068,1073,1072,-1,851,850,1035,-1,1035,850,1036,-1,1035,1036,1710,-1,1710,1036,1703,-1,1710,1703,1711,-1,1711,1703,1704,-1,1711,1704,1712,-1,1712,1704,1705,-1,1712,1705,1713,-1,1713,1705,1706,-1,1713,1706,1714,-1,1714,1706,1707,-1,1714,1707,1715,-1,1715,1707,1708,-1,1715,1708,1716,-1,1716,1708,1709,-1,1716,1709,1067,-1,1067,1709,1070,-1,1067,1070,1065,-1,1065,1070,1069,-1,859,860,1309,-1,1309,860,1035,-1,1309,1035,1294,-1,1294,1035,1710,-1,1294,1710,1281,-1,1281,1710,1711,-1,1281,1711,1270,-1,1270,1711,1712,-1,1270,1712,1261,-1,1261,1712,1713,-1,1261,1713,1254,-1,1254,1713,1714,-1,1254,1714,1249,-1,1249,1714,1715,-1,1249,1715,1061,-1,1061,1715,1716,-1,1061,1716,1059,-1,1059,1716,1067,-1,1059,1067,1224,-1,1224,1067,1066,-1,1245,1243,1717,-1,1242,1240,1718,-1,1239,1237,1719,-1,1236,1234,1720,-1,1233,1231,1721,-1,1230,1228,1722,-1,1227,1226,1723,-1,1225,1224,1724,-1,1066,1065,1725,-1,1069,1068,1726,-1,1072,1071,1727,-1,1075,1074,1728,-1,1078,1077,1729,-1,1081,1080,1730,-1,1093,1092,1731,-1,1096,1095,1732,-1,1099,1098,1733,-1,1102,1101,1734,-1,1105,1104,1735,-1,1108,1107,1736,-1,1111,1110,1737,-1,1222,1221,1738,-1,1219,1218,1739,-1,1216,1215,1740,-1,1213,1212,1741,-1,1210,1209,1742,-1,1207,1206,1743,-1,1202,1200,1744,-1,1199,1197,1745,-1,1196,1194,1746,-1,1193,1191,1747,-1,1190,1188,1748,-1,1187,1185,1749,-1,1184,1183,1750,-1,1182,1181,1751,-1,1114,1113,1752,-1,1117,1116,1753,-1,1120,1119,1754,-1,1123,1122,1755,-1,1126,1125,1756,-1,1129,1128,1757,-1,1141,1140,1758,-1,1144,1143,1759,-1,1147,1146,1760,-1,1150,1149,1761,-1,1153,1152,1762,-1,1156,1155,1763,-1,1159,1158,1764,-1,1179,1178,1765,-1,1176,1175,1766,-1,1173,1172,1767,-1,1170,1169,1768,-1,1167,1166,1769,-1,1164,1163,1770,-1,1771,1772,1773,-1,1774,1775,1776,-1,1777,1778,1779,-1,1780,1781,1782,-1,1783,1784,1785,-1,1786,1787,1788,-1,1789,1790,1791,-1,1792,1793,1794,-1,1795,1796,1797,-1,1798,1799,1800,-1,1801,1802,1803,-1,1804,1805,1806,-1,1807,1808,1809,-1,1808,1807,1810,-1,1811,1812,1813,-1,1814,1815,1816,-1,1817,1818,1819,-1,1820,1821,1822,-1,1823,1824,1825,-1,1826,1827,1828,-1,1829,1830,1831,-1,1832,1833,1834,-1,1835,1836,1837,-1,1838,1839,1840,-1,1841,1842,1843,-1,1844,1845,1846,-1,1845,1844,1847,-1,1848,1849,1850,-1,1851,1852,1853,-1,1854,1855,1772,-1,1855,1856,1772,-1,1772,1856,1857,-1,1772,1857,1773,-1,1773,1857,1851,-1,1852,1858,1859,-1,1859,1858,1860,-1,1859,1860,1861,-1,1862,1861,1848,-1,1849,1863,1864,-1,1864,1863,1865,-1,1864,1865,1847,-1,1866,1846,1841,-1,1842,1867,1868,-1,1868,1867,1869,-1,1868,1869,1870,-1,1871,1870,1872,-1,1838,1840,1873,-1,1826,1828,1874,-1,1823,1825,1875,-1,1811,1813,1876,-1,1877,1878,1879,-1,1879,1878,1880,-1,1879,1880,1881,-1,1878,1882,1880,-1,1880,1882,1883,-1,1880,1883,1810,-1,1884,1809,1804,-1,1805,1885,1886,-1,1886,1885,1887,-1,1886,1887,1888,-1,1889,1888,1801,-1,1802,1890,1891,-1,1891,1890,1892,-1,1891,1892,1893,-1,1894,1893,1798,-1,1799,1895,1896,-1,1896,1895,1897,-1,1896,1897,1795,-1,1792,1794,1898,-1,1789,1791,1899,-1,1777,1779,1900,-1,1774,1776,1901,-1,1902,1854,1903,-1,1903,1854,1772,-1,1903,1772,1904,-1,1904,1772,1771,-1,1904,1771,1905,-1,1906,1877,1907,-1,1907,1877,1879,-1,1907,1879,1908,-1,1908,1879,1881,-1,1908,1881,1909,-1,1910,1902,1911,-1,1911,1902,1903,-1,1911,1903,1912,-1,1912,1903,1904,-1,1912,1904,1913,-1,1913,1904,1905,-1,1913,1905,1770,-1,1812,1906,1813,-1,1813,1906,1907,-1,1813,1907,1914,-1,1914,1907,1908,-1,1914,1908,1915,-1,1915,1908,1909,-1,1915,1909,1743,-1,1916,1917,1918,-1,1919,1920,1921,-1,1922,1910,1923,-1,1923,1910,1911,-1,1923,1911,1924,-1,1924,1911,1912,-1,1924,1912,1925,-1,1925,1912,1913,-1,1925,1913,1926,-1,1926,1913,1770,-1,1926,1770,1162,-1,1162,1770,1163,-1,1851,1853,1773,-1,1773,1853,1927,-1,1773,1927,1771,-1,1771,1927,1928,-1,1771,1928,1905,-1,1905,1928,1769,-1,1905,1769,1770,-1,1770,1769,1166,-1,1770,1166,1164,-1,1852,1859,1853,-1,1853,1859,1929,-1,1853,1929,1927,-1,1927,1929,1930,-1,1927,1930,1928,-1,1928,1930,1768,-1,1928,1768,1769,-1,1769,1768,1169,-1,1769,1169,1167,-1,1861,1862,1859,-1,1859,1862,1931,-1,1859,1931,1929,-1,1929,1931,1932,-1,1929,1932,1930,-1,1930,1932,1767,-1,1930,1767,1768,-1,1768,1767,1172,-1,1768,1172,1170,-1,1848,1850,1862,-1,1862,1850,1933,-1,1862,1933,1931,-1,1931,1933,1934,-1,1931,1934,1932,-1,1932,1934,1766,-1,1932,1766,1767,-1,1767,1766,1175,-1,1767,1175,1173,-1,1849,1864,1850,-1,1850,1864,1935,-1,1850,1935,1933,-1,1933,1935,1936,-1,1933,1936,1934,-1,1934,1936,1765,-1,1934,1765,1766,-1,1766,1765,1178,-1,1766,1178,1176,-1,1847,1844,1864,-1,1864,1844,1937,-1,1864,1937,1935,-1,1935,1937,1938,-1,1935,1938,1936,-1,1936,1938,1764,-1,1936,1764,1765,-1,1765,1764,1158,-1,1765,1158,1179,-1,1846,1866,1844,-1,1844,1866,1939,-1,1844,1939,1937,-1,1937,1939,1940,-1,1937,1940,1938,-1,1938,1940,1763,-1,1938,1763,1764,-1,1764,1763,1155,-1,1764,1155,1159,-1,1841,1843,1866,-1,1866,1843,1941,-1,1866,1941,1939,-1,1939,1941,1942,-1,1939,1942,1940,-1,1940,1942,1762,-1,1940,1762,1763,-1,1763,1762,1152,-1,1763,1152,1156,-1,1842,1868,1843,-1,1843,1868,1943,-1,1843,1943,1941,-1,1941,1943,1944,-1,1941,1944,1942,-1,1942,1944,1761,-1,1942,1761,1762,-1,1762,1761,1149,-1,1762,1149,1153,-1,1870,1871,1868,-1,1868,1871,1945,-1,1868,1945,1943,-1,1943,1945,1946,-1,1943,1946,1944,-1,1944,1946,1760,-1,1944,1760,1761,-1,1761,1760,1146,-1,1761,1146,1150,-1,1872,1947,1871,-1,1871,1947,1948,-1,1871,1948,1945,-1,1945,1948,1949,-1,1945,1949,1946,-1,1946,1949,1759,-1,1946,1759,1760,-1,1760,1759,1143,-1,1760,1143,1147,-1,1947,1950,1948,-1,1948,1950,1951,-1,1948,1951,1949,-1,1949,1951,1758,-1,1949,1758,1759,-1,1759,1758,1140,-1,1759,1140,1144,-1,1950,1916,1951,-1,1951,1916,1918,-1,1951,1918,1758,-1,1758,1918,1137,-1,1758,1137,1141,-1,1132,1131,1952,-1,1952,1131,1917,-1,1952,1917,1953,-1,1953,1917,1916,-1,1953,1916,1954,-1,1954,1916,1950,-1,1954,1950,1840,-1,1840,1950,1947,-1,1840,1947,1873,-1,1873,1947,1872,-1,1131,1135,1917,-1,1917,1135,1134,-1,1917,1134,1918,-1,1918,1134,1138,-1,1918,1138,1137,-1,1128,1132,1757,-1,1757,1132,1952,-1,1757,1952,1955,-1,1955,1952,1953,-1,1955,1953,1956,-1,1956,1953,1954,-1,1956,1954,1957,-1,1957,1954,1840,-1,1957,1840,1958,-1,1958,1840,1839,-1,1125,1129,1756,-1,1756,1129,1757,-1,1756,1757,1959,-1,1959,1757,1955,-1,1959,1955,1960,-1,1960,1955,1956,-1,1960,1956,1837,-1,1837,1956,1957,-1,1837,1957,1835,-1,1835,1957,1958,-1,1122,1126,1755,-1,1755,1126,1756,-1,1755,1756,1961,-1,1961,1756,1959,-1,1961,1959,1962,-1,1962,1959,1960,-1,1962,1960,1834,-1,1834,1960,1837,-1,1834,1837,1832,-1,1832,1837,1836,-1,1119,1123,1754,-1,1754,1123,1755,-1,1754,1755,1963,-1,1963,1755,1961,-1,1963,1961,1964,-1,1964,1961,1962,-1,1964,1962,1831,-1,1831,1962,1834,-1,1831,1834,1829,-1,1829,1834,1833,-1,1116,1120,1753,-1,1753,1120,1754,-1,1753,1754,1965,-1,1965,1754,1963,-1,1965,1963,1966,-1,1966,1963,1964,-1,1966,1964,1967,-1,1967,1964,1831,-1,1967,1831,1968,-1,1968,1831,1830,-1,1113,1117,1752,-1,1752,1117,1753,-1,1752,1753,1969,-1,1969,1753,1965,-1,1969,1965,1970,-1,1970,1965,1966,-1,1970,1966,1971,-1,1971,1966,1967,-1,1971,1967,1972,-1,1972,1967,1968,-1,1181,1114,1751,-1,1751,1114,1752,-1,1751,1752,1973,-1,1973,1752,1969,-1,1973,1969,1974,-1,1974,1969,1970,-1,1974,1970,1828,-1,1828,1970,1971,-1,1828,1971,1874,-1,1874,1971,1972,-1,1183,1182,1750,-1,1750,1182,1751,-1,1750,1751,1975,-1,1975,1751,1973,-1,1975,1973,1976,-1,1976,1973,1974,-1,1976,1974,1977,-1,1977,1974,1828,-1,1977,1828,1978,-1,1978,1828,1827,-1,1185,1184,1749,-1,1749,1184,1750,-1,1749,1750,1979,-1,1979,1750,1975,-1,1979,1975,1980,-1,1980,1975,1976,-1,1980,1976,1981,-1,1981,1976,1977,-1,1981,1977,1982,-1,1982,1977,1978,-1,1188,1187,1748,-1,1748,1187,1749,-1,1748,1749,1983,-1,1983,1749,1979,-1,1983,1979,1984,-1,1984,1979,1980,-1,1984,1980,1825,-1,1825,1980,1981,-1,1825,1981,1875,-1,1875,1981,1982,-1,1191,1190,1747,-1,1747,1190,1748,-1,1747,1748,1985,-1,1985,1748,1983,-1,1985,1983,1986,-1,1986,1983,1984,-1,1986,1984,1987,-1,1987,1984,1825,-1,1987,1825,1988,-1,1988,1825,1824,-1,1194,1193,1746,-1,1746,1193,1747,-1,1746,1747,1989,-1,1989,1747,1985,-1,1989,1985,1990,-1,1990,1985,1986,-1,1990,1986,1822,-1,1822,1986,1987,-1,1822,1987,1820,-1,1820,1987,1988,-1,1197,1196,1745,-1,1745,1196,1746,-1,1745,1746,1991,-1,1991,1746,1989,-1,1991,1989,1992,-1,1992,1989,1990,-1,1992,1990,1819,-1,1819,1990,1822,-1,1819,1822,1817,-1,1817,1822,1821,-1,1200,1199,1744,-1,1744,1199,1745,-1,1744,1745,1993,-1,1993,1745,1991,-1,1993,1991,1994,-1,1994,1991,1992,-1,1994,1992,1816,-1,1816,1992,1819,-1,1816,1819,1814,-1,1814,1819,1818,-1,1203,1202,1995,-1,1995,1202,1744,-1,1995,1744,1996,-1,1996,1744,1993,-1,1996,1993,1997,-1,1997,1993,1994,-1,1997,1994,1998,-1,1998,1994,1816,-1,1998,1816,1999,-1,1999,1816,1815,-1,1999,2000,1998,-1,1998,2000,2001,-1,1998,2001,1997,-1,1997,2001,2002,-1,1997,2002,1996,-1,1996,2002,2003,-1,1996,2003,1995,-1,1995,2003,2004,-1,1995,2004,1203,-1,1203,2004,1205,-1,2000,1876,2001,-1,2001,1876,1813,-1,2001,1813,2002,-1,2002,1813,1914,-1,2002,1914,2003,-1,2003,1914,1915,-1,2003,1915,2004,-1,2004,1915,1743,-1,2004,1743,1205,-1,1205,1743,1206,-1,1810,1807,1880,-1,1880,1807,2005,-1,1880,2005,1881,-1,1881,2005,2006,-1,1881,2006,1909,-1,1909,2006,1742,-1,1909,1742,1743,-1,1743,1742,1209,-1,1743,1209,1207,-1,1809,1884,1807,-1,1807,1884,2007,-1,1807,2007,2005,-1,2005,2007,2008,-1,2005,2008,2006,-1,2006,2008,1741,-1,2006,1741,1742,-1,1742,1741,1212,-1,1742,1212,1210,-1,1804,1806,1884,-1,1884,1806,2009,-1,1884,2009,2007,-1,2007,2009,2010,-1,2007,2010,2008,-1,2008,2010,1740,-1,2008,1740,1741,-1,1741,1740,1215,-1,1741,1215,1213,-1,1805,1886,1806,-1,1806,1886,2011,-1,1806,2011,2009,-1,2009,2011,2012,-1,2009,2012,2010,-1,2010,2012,1739,-1,2010,1739,1740,-1,1740,1739,1218,-1,1740,1218,1216,-1,1888,1889,1886,-1,1886,1889,2013,-1,1886,2013,2011,-1,2011,2013,2014,-1,2011,2014,2012,-1,2012,2014,1738,-1,2012,1738,1739,-1,1739,1738,1221,-1,1739,1221,1219,-1,1801,1803,1889,-1,1889,1803,2015,-1,1889,2015,2013,-1,2013,2015,2016,-1,2013,2016,2014,-1,2014,2016,1737,-1,2014,1737,1738,-1,1738,1737,1110,-1,1738,1110,1222,-1,1802,1891,1803,-1,1803,1891,2017,-1,1803,2017,2015,-1,2015,2017,2018,-1,2015,2018,2016,-1,2016,2018,1736,-1,2016,1736,1737,-1,1737,1736,1107,-1,1737,1107,1111,-1,1893,1894,1891,-1,1891,1894,2019,-1,1891,2019,2017,-1,2017,2019,2020,-1,2017,2020,2018,-1,2018,2020,1735,-1,2018,1735,1736,-1,1736,1735,1104,-1,1736,1104,1108,-1,1798,1800,1894,-1,1894,1800,2021,-1,1894,2021,2019,-1,2019,2021,2022,-1,2019,2022,2020,-1,2020,2022,1734,-1,2020,1734,1735,-1,1735,1734,1101,-1,1735,1101,1105,-1,1799,1896,1800,-1,1800,1896,2023,-1,1800,2023,2021,-1,2021,2023,2024,-1,2021,2024,2022,-1,2022,2024,1733,-1,2022,1733,1734,-1,1734,1733,1098,-1,1734,1098,1102,-1,1795,1797,1896,-1,1896,1797,2025,-1,1896,2025,2023,-1,2023,2025,2026,-1,2023,2026,2024,-1,2024,2026,1732,-1,2024,1732,1733,-1,1733,1732,1095,-1,1733,1095,1099,-1,1797,2027,2025,-1,2025,2027,2028,-1,2025,2028,2026,-1,2026,2028,1731,-1,2026,1731,1732,-1,1732,1731,1092,-1,1732,1092,1096,-1,2027,1919,2028,-1,2028,1919,1921,-1,2028,1921,1731,-1,1731,1921,1089,-1,1731,1089,1093,-1,1084,1083,2029,-1,2029,1083,1920,-1,2029,1920,2030,-1,2030,1920,1919,-1,2030,1919,2031,-1,2031,1919,2027,-1,2031,2027,2032,-1,2032,2027,1797,-1,2032,1797,2033,-1,2033,1797,1796,-1,1083,1087,1920,-1,1920,1087,1086,-1,1920,1086,1921,-1,1921,1086,1090,-1,1921,1090,1089,-1,1080,1084,1730,-1,1730,1084,2029,-1,1730,2029,2034,-1,2034,2029,2030,-1,2034,2030,2035,-1,2035,2030,2031,-1,2035,2031,2036,-1,2036,2031,2032,-1,2036,2032,2037,-1,2037,2032,2033,-1,1077,1081,1729,-1,1729,1081,1730,-1,1729,1730,2038,-1,2038,1730,2034,-1,2038,2034,2039,-1,2039,2034,2035,-1,2039,2035,1794,-1,1794,2035,2036,-1,1794,2036,1898,-1,1898,2036,2037,-1,1074,1078,1728,-1,1728,1078,1729,-1,1728,1729,2040,-1,2040,1729,2038,-1,2040,2038,2041,-1,2041,2038,2039,-1,2041,2039,2042,-1,2042,2039,1794,-1,2042,1794,2043,-1,2043,1794,1793,-1,1071,1075,1727,-1,1727,1075,1728,-1,1727,1728,2044,-1,2044,1728,2040,-1,2044,2040,2045,-1,2045,2040,2041,-1,2045,2041,2046,-1,2046,2041,2042,-1,2046,2042,2047,-1,2047,2042,2043,-1,1068,1072,1726,-1,1726,1072,1727,-1,1726,1727,2048,-1,2048,1727,2044,-1,2048,2044,2049,-1,2049,2044,2045,-1,2049,2045,1791,-1,1791,2045,2046,-1,1791,2046,1899,-1,1899,2046,2047,-1,1065,1069,1725,-1,1725,1069,1726,-1,1725,1726,2050,-1,2050,1726,2048,-1,2050,2048,2051,-1,2051,2048,2049,-1,2051,2049,2052,-1,2052,2049,1791,-1,2052,1791,2053,-1,2053,1791,1790,-1,1224,1066,1724,-1,1724,1066,1725,-1,1724,1725,2054,-1,2054,1725,2050,-1,2054,2050,2055,-1,2055,2050,2051,-1,2055,2051,1788,-1,1788,2051,2052,-1,1788,2052,1786,-1,1786,2052,2053,-1,1226,1225,1723,-1,1723,1225,1724,-1,1723,1724,2056,-1,2056,1724,2054,-1,2056,2054,2057,-1,2057,2054,2055,-1,2057,2055,1785,-1,1785,2055,1788,-1,1785,1788,1783,-1,1783,1788,1787,-1,1228,1227,1722,-1,1722,1227,1723,-1,1722,1723,2058,-1,2058,1723,2056,-1,2058,2056,2059,-1,2059,2056,2057,-1,2059,2057,1782,-1,1782,2057,1785,-1,1782,1785,1780,-1,1780,1785,1784,-1,1231,1230,1721,-1,1721,1230,1722,-1,1721,1722,2060,-1,2060,1722,2058,-1,2060,2058,2061,-1,2061,2058,2059,-1,2061,2059,2062,-1,2062,2059,1782,-1,2062,1782,2063,-1,2063,1782,1781,-1,1234,1233,1720,-1,1720,1233,1721,-1,1720,1721,2064,-1,2064,1721,2060,-1,2064,2060,2065,-1,2065,2060,2061,-1,2065,2061,2066,-1,2066,2061,2062,-1,2066,2062,2067,-1,2067,2062,2063,-1,1237,1236,1719,-1,1719,1236,1720,-1,1719,1720,2068,-1,2068,1720,2064,-1,2068,2064,2069,-1,2069,2064,2065,-1,2069,2065,1779,-1,1779,2065,2066,-1,1779,2066,1900,-1,1900,2066,2067,-1,1240,1239,1718,-1,1718,1239,1719,-1,1718,1719,2070,-1,2070,1719,2068,-1,2070,2068,2071,-1,2071,2068,2069,-1,2071,2069,2072,-1,2072,2069,1779,-1,2072,1779,2073,-1,2073,1779,1778,-1,1243,1242,1717,-1,1717,1242,1718,-1,1717,1718,2074,-1,2074,1718,2070,-1,2074,2070,2075,-1,2075,2070,2071,-1,2075,2071,2076,-1,2076,2071,2072,-1,2076,2072,2077,-1,2077,2072,2073,-1,1246,1245,2078,-1,2078,1245,1717,-1,2078,1717,2079,-1,2079,1717,2074,-1,2079,2074,2080,-1,2080,2074,2075,-1,2080,2075,1776,-1,1776,2075,2076,-1,1776,2076,1901,-1,1901,2076,2077,-1,1775,1922,1776,-1,1776,1922,1923,-1,1776,1923,2080,-1,2080,1923,1924,-1,2080,1924,2079,-1,2079,1924,1925,-1,2079,1925,2078,-1,2078,1925,1926,-1,2078,1926,1246,-1,1246,1926,1162,-1,22,21,1910,-1,19,1854,21,-1,21,1854,1902,-1,21,1902,1910,-1,1851,1857,18,-1,18,1857,1856,-1,18,1856,19,-1,19,1856,1855,-1,19,1855,1854,-1,1851,18,1852,-1,1852,18,27,-1,1852,27,1858,-1,1858,27,1860,-1,1860,27,26,-1,1860,26,1861,-1,29,1849,26,-1,26,1849,1848,-1,26,1848,1861,-1,28,1865,29,-1,29,1865,1863,-1,29,1863,1849,-1,1841,1846,25,-1,25,1846,1845,-1,25,1845,28,-1,28,1845,1847,-1,28,1847,1865,-1,1841,25,1842,-1,1842,25,24,-1,1842,24,1867,-1,1867,24,1869,-1,1869,24,23,-1,1869,23,1870,-1,8,1873,23,-1,23,1873,1872,-1,23,1872,1870,-1,1835,1958,7,-1,7,1958,1839,-1,7,1839,8,-1,8,1839,1838,-1,8,1838,1873,-1,1835,7,1836,-1,1836,7,44,-1,1836,44,1832,-1,1832,44,1833,-1,1833,44,43,-1,1833,43,1829,-1,1829,43,1830,-1,1830,43,42,-1,1830,42,1968,-1,36,1874,42,-1,42,1874,1972,-1,42,1972,1968,-1,1982,1978,35,-1,35,1978,1827,-1,35,1827,36,-1,36,1827,1826,-1,36,1826,1874,-1,1982,35,1875,-1,1875,35,49,-1,1875,49,1823,-1,1823,49,1824,-1,1824,49,48,-1,1824,48,1988,-1,46,1821,48,-1,48,1821,1820,-1,48,1820,1988,-1,45,1818,46,-1,46,1818,1817,-1,46,1817,1821,-1,2000,1999,52,-1,52,1999,1815,-1,52,1815,45,-1,45,1815,1814,-1,45,1814,1818,-1,2000,52,1876,-1,1876,52,51,-1,1876,51,1811,-1,1811,51,1812,-1,1812,51,50,-1,1812,50,1906,-1,41,1878,50,-1,50,1878,1877,-1,50,1877,1906,-1,40,1883,41,-1,41,1883,1882,-1,41,1882,1878,-1,1804,1809,38,-1,38,1809,1808,-1,38,1808,40,-1,40,1808,1810,-1,40,1810,1883,-1,1804,38,1805,-1,1805,38,37,-1,1805,37,1885,-1,33,1888,37,-1,37,1888,1887,-1,37,1887,1885,-1,31,1802,33,-1,33,1802,1801,-1,33,1801,1888,-1,1798,1893,30,-1,30,1893,1892,-1,30,1892,31,-1,31,1892,1890,-1,31,1890,1802,-1,1798,30,1799,-1,1799,30,3,-1,1799,3,1895,-1,1895,3,1897,-1,1897,3,1,-1,1897,1,1795,-1,1795,1,1796,-1,1796,1,0,-1,1796,0,2033,-1,1793,1792,17,-1,17,1792,1898,-1,17,1898,0,-1,0,1898,2037,-1,0,2037,2033,-1,1793,17,2043,-1,2043,17,16,-1,2043,16,2047,-1,2047,16,1899,-1,1899,16,15,-1,1899,15,1789,-1,1789,15,1790,-1,1790,15,14,-1,1790,14,2053,-1,13,1787,14,-1,14,1787,1786,-1,14,1786,2053,-1,12,1784,13,-1,13,1784,1783,-1,13,1783,1787,-1,2067,2063,11,-1,11,2063,1781,-1,11,1781,12,-1,12,1781,1780,-1,12,1780,1784,-1,2067,11,1900,-1,1900,11,10,-1,1900,10,1777,-1,1777,10,1778,-1,1778,10,5,-1,1778,5,2073,-1,4,1901,5,-1,5,1901,2077,-1,5,2077,2073,-1,1910,1922,22,-1,22,1922,1775,-1,22,1775,4,-1,4,1775,1774,-1,4,1774,1901,-1,2081,2082,2083,-1,2083,2082,2084,-1,2085,2081,2086,-1,2086,2081,2083,-1,2087,2085,2088,-1,2088,2085,2086,-1,2087,2088,2089,-1,2087,2089,2090,-1,2090,2089,2091,-1,2090,2091,2092,-1,2092,2091,2093,-1,2092,2093,2094,-1,2094,2093,2095,-1,2094,2095,2096,-1,2096,2095,2097,-1,2096,2097,2098,-1,2098,2097,2099,-1,2098,2099,2100,-1,32,2100,34,-1,34,2100,2099,-1,2101,39,2102,-1,2102,39,47,-1,2101,2102,2103,-1,2103,2102,2104,-1,2103,2104,2105,-1,2105,2104,2106,-1,2105,2106,2107,-1,2107,2106,2108,-1,2107,2108,2109,-1,2109,2108,2110,-1,2109,2110,2111,-1,2111,2110,2112,-1,2111,2112,2082,-1,2082,2112,2084,-1,2081,2085,2082,-1,2082,2085,2087,-1,2082,2087,2111,-1,2111,2087,2090,-1,2111,2090,2109,-1,2109,2090,2092,-1,2109,2092,2107,-1,2107,2092,2094,-1,2107,2094,2105,-1,2105,2094,2096,-1,2105,2096,2103,-1,2103,2096,2098,-1,2103,2098,2101,-1,2101,2098,2100,-1,2101,2100,39,-1,39,2100,32,-1,47,34,2102,-1,2102,34,2099,-1,2102,2099,2104,-1,2104,2099,2097,-1,2104,2097,2106,-1,2106,2097,2095,-1,2106,2095,2108,-1,2108,2095,2093,-1,2108,2093,2110,-1,2110,2093,2091,-1,2110,2091,2112,-1,2112,2091,2089,-1,2112,2089,2084,-1,2084,2089,2088,-1,2084,2088,2083,-1,2083,2088,2086,-1,2113,2114,2115,-1,2115,2114,2116,-1,2113,2115,2117,-1,2117,2115,2118,-1,2117,2118,2119,-1,2119,2118,2120,-1,2119,2120,2121,-1,2121,2120,2122,-1,2121,2122,2123,-1,2123,2122,2124,-1,2123,2124,2125,-1,2125,2124,2126,-1,2125,2126,2127,-1,2127,2126,2128,-1,6,2127,20,-1,20,2127,2128,-1,2129,2,2130,-1,2130,2,9,-1,2129,2130,2131,-1,2129,2131,2132,-1,2132,2131,2133,-1,2132,2133,2134,-1,2134,2133,2135,-1,2134,2135,2136,-1,2136,2135,2137,-1,2136,2137,2138,-1,2138,2137,2139,-1,2138,2139,2140,-1,2140,2139,2141,-1,2140,2141,2142,-1,2143,2142,2144,-1,2144,2142,2141,-1,2114,2143,2116,-1,2116,2143,2144,-1,6,2,2127,-1,2127,2,2129,-1,2127,2129,2125,-1,2125,2129,2132,-1,2125,2132,2123,-1,2123,2132,2134,-1,2123,2134,2121,-1,2121,2134,2136,-1,2121,2136,2119,-1,2119,2136,2138,-1,2119,2138,2117,-1,2117,2138,2140,-1,2117,2140,2113,-1,2113,2140,2142,-1,2113,2142,2114,-1,2114,2142,2143,-1,2116,2144,2115,-1,2115,2144,2141,-1,2115,2141,2118,-1,2118,2141,2139,-1,2118,2139,2120,-1,2120,2139,2137,-1,2120,2137,2122,-1,2122,2137,2135,-1,2122,2135,2124,-1,2124,2135,2133,-1,2124,2133,2126,-1,2126,2133,2131,-1,2126,2131,2128,-1,2128,2131,2130,-1,2128,2130,20,-1,20,2130,9,-1,
        ]
    }
}
Shape{
    appearance Appearance {
        material  Material 	{
            diffuseColor 0.20784313725490197 0.20784313725490197 0.20784313725490197
            specularColor 0.01568627450980392 0.01568627450980392 0.01568627450980392
            ambientIntensity 0.298
            transparency 0.0
            shininess 0.5
        }
    }
    geometry IndexedFaceSet {
        ccw TRUE
        solid FALSE
        coord DEF co Coordinate {
            point [
                -0.5713 1.0354 0.0787, -0.773 1.0354 0.0787, -0.3763 1.0378 0.0787, -0.2449 0.9718 0.0787, -0.2449 1.015 0.0787, -0.2065 1.0378 0.0787, -0.4718 1.0017 0.0787, -0.5013 0.9705 0.0787, -0.2892 0.6863 0.0787, -0.2519 0.9757 0.0787, -0.3371 0.6801 0.0787, -0.3758 0.6845 0.0787, -0.2065 -1.6339 0.0787, -0.2449 0.6525 0.0787, -0.2449 0.7053 0.0787, -0.5713 0.9922 0.0787, -0.5222 0.933 0.0787, -0.534 0.8913 0.0787, -0.403 0.1083 0.0787, -0.4374 0.1531 0.0787, -0.773 0.6417 0.0787, -0.4823 0.1875 0.0787, -0.5345 0.2092 0.0787, -0.4017 1.0352 0.0787, -0.4401 1.0219 0.0787, -0.4053 0.6951 0.0787, -0.4325 0.7133 0.0787, -0.4563 0.7396 0.0787, -0.4849 0.8428 0.0787, -0.4809 0.8854 0.0787, -0.4702 0.9194 0.0787, -0.3829 0.9928 0.0787, -0.3459 0.997 0.0787, -0.4116 0.9822 0.0787, -0.4357 0.9658 0.0787, -0.4539 0.9466 0.0787, -0.2937 0.9912 0.0787, -0.5906 0.2165 0.0787, -1.6339 0.2165 0.0787, -0.4823 -0.1875 0.0787, -0.4374 -0.1531 0.0787, -0.403 -0.1083 0.0787, -0.4726 0.77 0.0787, -0.483 0.8121 0.0787, -0.7202 0.6417 0.0787, -0.7202 0.9922 0.0787, -0.495 0.71 0.0787, -0.46 0.6756 0.0787, -1.6339 -0.7677 0.0787, -1.6339 -0.2165 0.0787, -0.7677 -1.6339 0.0787, -0.5906 -0.2165 0.0787, -0.5345 -0.2092 0.0787, -0.5377 0.846 0.0787, -0.5327 0.7928 0.0787, -0.5178 0.7471 0.0787, -0.3814 -0.056 0.0787, -0.374 -0.0 0.0787, -0.3814 0.056 0.0787, -0.2904 0.6402 0.0787, -0.4227 0.6537 0.0787, -0.3788 0.6405 0.0787, -0.3375 0.6369 0.0787, -0.2868 1.0322 0.0787, -0.3266 1.0378 0.0787, -0.2065 1.6339 0.0787, -0.3424 1.04 0.0787, -0.3532 1.0402 0.0787, -1.6339 0.7677 0.0787, -1.3638 1.0378 0.0787, -0.7677 1.6339 0.0787, 0.0432 1.0354 0.0787, -0.168 1.0354 0.0787, 0.7634 1.0354 0.0787, 0.7236 0.925 0.0787, 0.5609 0.925 0.0787, 0.4368 0.8295 0.0787, 0.4369 0.8336 0.0787, 0.4657 1.0354 0.0787, 0.4316 0.8853 0.0787, 0.4177 0.9266 0.0787, 0.5233 1.0354 0.0787, 1.6339 1.0378 0.0787, 0.821 1.0354 0.0787, -0.168 0.6417 0.0787, 0.3953 0.962 0.0787, 0.3631 0.9931 0.0787, 0.3223 1.0172 0.0787, 0.4374 -0.1531 0.0787, 0.4823 -0.1875 0.0787, 0.0336 0.6849 0.0787, -0.1152 0.6849 0.0787, -0.1152 0.8146 0.0787, 0.403 -0.1083 0.0787, 0.5345 0.2092 0.0787, 0.4823 0.1875 0.0787, 0.6146 0.6417 0.0787, 0.403 0.1083 0.0787, 0.4374 0.1531 0.0787, 0.0336 0.6417 0.0787, -0.1152 0.8578 0.0787, -0.1152 0.9922 0.0787, 0.024 0.8578 0.0787, 0.0432 0.9922 0.0787, 0.12 0.6417 0.0787, 0.12 1.0354 0.0787, 0.2271 1.0354 0.0787, 0.2769 1.031 0.0787, 0.3814 0.056 0.0787, 0.374 0.0 0.0787, 0.3814 -0.056 0.0787, 1.6339 -0.2165 0.0787, 1.6339 -1.6339 0.0787, 0.5906 -0.2165 0.0787, 0.5345 -0.2092 0.0787, 0.4304 0.7794 0.0787, 0.4156 0.7408 0.0787, 0.024 0.8146 0.0787, 0.6674 0.6417 0.0787, 1.6339 0.2165 0.0787, 0.5906 0.2165 0.0787, 0.2311 0.6417 0.0787, 0.2853 0.6472 0.0787, 0.3315 0.6627 0.0787, 0.3712 0.6879 0.0787, 0.3933 0.7089 0.0787, 1.6339 1.6339 0.0787, 1.6339 1.6339 0.9317, 1.6339 -0.3937 0.9317, 1.6339 -1.6339 0.9317, 1.6339 -0.3937 0.315, 1.6339 0.3937 0.9317, 1.6339 0.3937 0.315, 1.6339 -0.2165 0.1575, 1.6339 0.2165 0.1575, -0.3937 1.5654 0.315, -0.3937 1.5654 0.5774, -0.5779 1.5072 0.315, -0.5779 1.5072 0.5774, -0.7539 1.4273 0.315, -0.7539 1.4273 0.5774, -0.919 1.327 0.315, -0.919 1.327 0.5774, -1.071 1.2077 0.315, -1.071 1.2077 0.5774, -1.2077 1.071 0.315, -1.2077 1.071 0.5774, -1.327 0.919 0.315, -1.327 0.919 0.5774, -1.4273 0.7539 0.315, -1.4273 0.7539 0.5774, -1.5072 0.5779 0.315, -1.5072 0.5779 0.5774, -1.5654 0.3937 0.315, -1.5654 0.3937 0.5774, -1.5654 -0.3937 0.315, -1.5654 -0.3937 0.5774, -1.5072 -0.5779 0.315, -1.5072 -0.5779 0.5774, -1.4273 -0.7539 0.315, -1.4273 -0.7539 0.5774, -1.327 -0.919 0.315, -1.327 -0.919 0.5774, -1.2077 -1.071 0.315, -1.2077 -1.071 0.5774, -1.071 -1.2077 0.315, -1.071 -1.2077 0.5774, -0.919 -1.327 0.315, -0.919 -1.327 0.5774, -0.7539 -1.4273 0.315, -0.7539 -1.4273 0.5774, -0.5779 -1.5072 0.315, -0.5779 -1.5072 0.5774, -0.3937 -1.5654 0.315, -0.3937 -1.5654 0.5774, -0.3937 -1.6339 0.315, -0.3937 -1.6339 0.5774, -0.7677 -1.6339 0.5774, 0.3937 -1.6339 0.315, 0.3937 -1.6339 0.9317, -1.6339 -0.7677 0.5774, -1.6339 -0.3937 0.5774, -1.6339 -0.3937 0.315, -1.6339 0.3937 0.5774, -1.6339 0.7677 0.5774, -1.6339 0.3937 0.315, -1.6339 -0.2165 0.1575, -1.6339 0.2165 0.1575, -0.7677 1.6339 0.5774, 0.3937 1.6339 0.315, 0.3937 1.6339 0.9317, -0.3937 1.6339 0.5774, -0.3937 1.6339 0.315, 1.5654 0.3937 0.315, 1.5654 0.3937 0.9317, 1.5072 0.5779 0.315, 1.5072 0.5779 0.9317, 1.4273 0.7539 0.315, 1.4273 0.7539 0.9317, 1.327 0.919 0.315, 1.327 0.919 0.9317, 1.2077 1.071 0.315, 1.2077 1.071 0.9317, 1.071 1.2077 0.315, 1.071 1.2077 0.9317, 0.919 1.327 0.315, 0.919 1.327 0.9317, 0.7539 1.4273 0.315, 0.7539 1.4273 0.9317, 0.5779 1.5072 0.315, 0.5779 1.5072 0.9317, 0.3937 1.5654 0.315, 0.3937 1.5654 0.9317, 0.3937 -1.5654 0.315, 0.3937 -1.5654 0.9317, 0.5779 -1.5072 0.315, 0.5779 -1.5072 0.9317, 0.7539 -1.4273 0.315, 0.7539 -1.4273 0.9317, 0.919 -1.327 0.315, 0.919 -1.327 0.9317, 1.071 -1.2077 0.315, 1.071 -1.2077 0.9317, 1.2077 -1.071 0.315, 1.2077 -1.071 0.9317, 1.327 -0.919 0.315, 1.327 -0.919 0.9317, 1.4273 -0.7539 0.315, 1.4273 -0.7539 0.9317, 1.5072 -0.5779 0.315, 1.5072 -0.5779 0.9317, 1.5654 -0.3937 0.315, 1.5654 -0.3937 0.9317, -0.5906 -0.2165 0.1575, -0.5906 0.2165 0.1575, -0.5345 0.2092 0.1575, -0.4823 0.1875 0.1575, -0.4374 0.1531 0.1575, -0.403 0.1083 0.1575, -0.3814 0.056 0.1575, -0.374 -0.0 0.1575, -0.3814 -0.056 0.1575, -0.403 -0.1083 0.1575, -0.4374 -0.1531 0.1575, -0.4823 -0.1875 0.1575, -0.5345 -0.2092 0.1575, 0.5906 0.2165 0.1575, 0.5906 -0.2165 0.1575, 0.5345 -0.2092 0.1575, 0.4823 -0.1875 0.1575, 0.4374 -0.1531 0.1575, 0.403 -0.1083 0.1575, 0.3814 -0.056 0.1575, 0.374 0.0 0.1575, 0.3814 0.056 0.1575, 0.403 0.1083 0.1575, 0.4374 0.1531 0.1575, 0.4823 0.1875 0.1575, 0.5345 0.2092 0.1575
            ]
        }
        coordIndex [
            0,1,2,-1,3,4,5,-1,6,7,0,-1,3,8,9,-1,9,8,10,-1,9,10,11,-1,12,13,14,-1,0,7,15,-1,15,7,16,-1,15,16,17,-1,18,19,20,-1,20,19,21,-1,20,21,22,-1,2,23,0,-1,0,23,24,-1,0,24,6,-1,11,25,9,-1,9,25,26,-1,9,26,27,-1,28,29,9,-1,9,29,30,-1,31,32,33,-1,33,32,34,-1,30,35,9,-1,9,35,34,-1,9,34,36,-1,36,34,32,-1,22,37,20,-1,20,37,38,-1,20,38,1,-1,39,40,12,-1,12,40,41,-1,27,42,9,-1,9,42,43,-1,9,43,28,-1,44,45,15,-1,20,44,18,-1,18,44,46,-1,18,46,47,-1,48,49,50,-1,50,49,51,-1,50,51,12,-1,12,51,52,-1,12,52,39,-1,17,53,15,-1,15,53,54,-1,15,54,44,-1,44,54,55,-1,44,55,46,-1,41,56,12,-1,12,56,57,-1,12,57,13,-1,13,57,58,-1,13,58,59,-1,47,60,18,-1,18,60,61,-1,18,61,58,-1,58,61,62,-1,58,62,59,-1,4,63,5,-1,5,63,64,-1,5,64,65,-1,64,66,65,-1,65,66,67,-1,65,67,2,-1,38,68,1,-1,1,68,69,-1,1,69,2,-1,2,69,70,-1,2,70,65,-1,71,72,5,-1,73,74,75,-1,76,77,78,-1,78,77,79,-1,78,79,80,-1,75,81,73,-1,73,81,82,-1,73,82,83,-1,72,84,5,-1,5,84,12,-1,5,12,3,-1,3,12,14,-1,3,14,8,-1,80,85,78,-1,78,85,86,-1,78,86,87,-1,88,89,12,-1,90,91,92,-1,88,12,93,-1,94,95,96,-1,97,84,98,-1,98,84,99,-1,98,99,95,-1,95,99,90,-1,100,101,102,-1,102,101,103,-1,104,71,105,-1,105,71,5,-1,105,5,106,-1,106,5,78,-1,106,78,107,-1,107,78,87,-1,97,108,84,-1,84,108,109,-1,84,109,12,-1,12,109,110,-1,12,110,93,-1,111,112,113,-1,113,112,12,-1,113,12,114,-1,114,12,89,-1,76,78,115,-1,115,78,96,-1,115,96,116,-1,117,102,104,-1,104,102,103,-1,104,103,71,-1,83,82,118,-1,118,82,119,-1,118,119,96,-1,96,119,120,-1,96,120,94,-1,92,117,90,-1,90,117,104,-1,90,104,95,-1,95,104,121,-1,95,121,122,-1,122,123,95,-1,95,123,124,-1,95,124,96,-1,96,124,125,-1,96,125,116,-1,81,78,82,-1,82,78,5,-1,82,5,126,-1,126,5,65,-1,82,126,127,-1,128,129,130,-1,130,129,112,-1,127,131,82,-1,82,131,132,-1,82,132,119,-1,112,111,130,-1,130,111,133,-1,130,133,132,-1,132,133,134,-1,132,134,119,-1,135,136,137,-1,137,136,138,-1,137,138,139,-1,139,138,140,-1,139,140,141,-1,141,140,142,-1,141,142,143,-1,143,142,144,-1,143,144,145,-1,145,144,146,-1,145,146,147,-1,147,146,148,-1,147,148,149,-1,149,148,150,-1,149,150,151,-1,151,150,152,-1,151,152,153,-1,153,152,154,-1,155,156,157,-1,157,156,158,-1,157,158,159,-1,159,158,160,-1,159,160,161,-1,161,160,162,-1,161,162,163,-1,163,162,164,-1,163,164,165,-1,165,164,166,-1,165,166,167,-1,167,166,168,-1,167,168,169,-1,169,168,170,-1,169,170,171,-1,171,170,172,-1,171,172,173,-1,173,172,174,-1,175,176,177,-1,177,50,175,-1,175,50,12,-1,175,12,178,-1,178,12,112,-1,178,112,179,-1,179,112,129,-1,180,48,177,-1,177,48,50,-1,180,181,48,-1,48,181,182,-1,183,184,185,-1,185,184,68,-1,49,48,186,-1,186,48,182,-1,186,182,187,-1,187,182,185,-1,187,185,38,-1,38,185,68,-1,188,70,184,-1,184,70,69,-1,184,69,68,-1,189,190,127,-1,188,191,70,-1,70,191,192,-1,70,192,65,-1,65,192,189,-1,65,189,126,-1,126,189,127,-1,135,192,136,-1,136,192,191,-1,175,173,176,-1,176,173,174,-1,155,182,156,-1,156,182,181,-1,185,153,183,-1,183,153,154,-1,193,194,195,-1,195,194,196,-1,195,196,197,-1,197,196,198,-1,197,198,199,-1,199,198,200,-1,199,200,201,-1,201,200,202,-1,201,202,203,-1,203,202,204,-1,203,204,205,-1,205,204,206,-1,205,206,207,-1,207,206,208,-1,207,208,209,-1,209,208,210,-1,209,210,211,-1,211,210,212,-1,194,131,196,-1,196,131,127,-1,196,127,198,-1,190,212,127,-1,127,212,210,-1,210,208,127,-1,127,208,206,-1,127,206,204,-1,204,202,127,-1,127,202,200,-1,127,200,198,-1,213,214,215,-1,215,214,216,-1,215,216,217,-1,217,216,218,-1,217,218,219,-1,219,218,220,-1,219,220,221,-1,221,220,222,-1,221,222,223,-1,223,222,224,-1,223,224,225,-1,225,224,226,-1,225,226,227,-1,227,226,228,-1,227,228,229,-1,229,228,230,-1,229,230,231,-1,231,230,232,-1,220,129,222,-1,222,129,224,-1,214,179,216,-1,216,179,129,-1,216,129,218,-1,218,129,220,-1,128,232,129,-1,129,232,230,-1,230,228,129,-1,129,228,226,-1,129,226,224,-1,151,153,137,-1,231,130,132,-1,193,213,215,-1,161,163,207,-1,189,192,211,-1,211,192,135,-1,137,153,135,-1,219,221,229,-1,185,182,153,-1,153,182,155,-1,173,175,178,-1,207,163,205,-1,132,193,231,-1,231,193,215,-1,231,215,229,-1,229,215,217,-1,229,217,219,-1,223,225,221,-1,221,225,227,-1,221,227,229,-1,139,141,147,-1,147,141,143,-1,147,143,145,-1,139,147,137,-1,137,147,149,-1,137,149,151,-1,165,167,201,-1,201,167,169,-1,201,169,199,-1,165,201,163,-1,163,201,203,-1,163,203,205,-1,178,213,173,-1,173,213,193,-1,173,193,171,-1,171,193,195,-1,171,195,169,-1,169,195,197,-1,169,197,199,-1,135,153,211,-1,211,153,155,-1,211,155,209,-1,209,155,157,-1,209,157,207,-1,207,157,159,-1,207,159,161,-1,189,211,190,-1,190,211,212,-1,179,214,178,-1,178,214,213,-1,131,194,132,-1,132,194,193,-1,130,231,128,-1,128,231,232,-1,184,183,154,-1,136,191,138,-1,138,191,188,-1,138,188,140,-1,154,152,184,-1,184,152,150,-1,184,150,148,-1,148,146,184,-1,184,146,144,-1,184,144,188,-1,188,144,142,-1,188,142,140,-1,177,176,174,-1,174,172,177,-1,177,172,170,-1,177,170,168,-1,156,181,158,-1,158,181,180,-1,158,180,160,-1,168,166,177,-1,177,166,164,-1,177,164,180,-1,180,164,162,-1,180,162,160,-1,233,51,186,-1,186,51,49,-1,234,37,235,-1,235,37,22,-1,235,22,236,-1,236,22,21,-1,236,21,237,-1,237,21,19,-1,237,19,238,-1,238,19,18,-1,238,18,239,-1,239,18,58,-1,239,58,240,-1,240,58,57,-1,240,57,241,-1,241,57,56,-1,241,56,242,-1,242,56,41,-1,242,41,243,-1,243,41,40,-1,243,40,244,-1,244,40,39,-1,244,39,245,-1,245,39,52,-1,245,52,233,-1,233,52,51,-1,37,234,38,-1,38,234,187,-1,186,187,233,-1,233,187,234,-1,233,234,245,-1,235,236,237,-1,239,240,234,-1,234,240,241,-1,234,241,242,-1,235,237,234,-1,234,237,238,-1,234,238,239,-1,242,243,234,-1,234,243,244,-1,234,244,245,-1,120,119,246,-1,246,119,134,-1,247,113,248,-1,248,113,114,-1,248,114,249,-1,249,114,89,-1,249,89,250,-1,250,89,88,-1,250,88,251,-1,251,88,93,-1,251,93,252,-1,252,93,110,-1,252,110,253,-1,253,110,109,-1,253,109,254,-1,254,109,108,-1,254,108,255,-1,255,108,97,-1,255,97,256,-1,256,97,98,-1,256,98,257,-1,257,98,95,-1,257,95,258,-1,258,95,94,-1,258,94,246,-1,246,94,120,-1,247,133,113,-1,113,133,111,-1,134,133,246,-1,246,133,247,-1,247,248,246,-1,246,248,249,-1,246,249,250,-1,250,251,246,-1,246,251,252,-1,246,252,253,-1,255,256,254,-1,254,256,257,-1,254,257,253,-1,253,257,258,-1,253,258,246,-1,
        ]
    }
}
Shape{
    appearance Appearance {
        material  Material 	{
            diffuseColor 1.0 1.0 1.0
            specularColor 0.8784313725490196 0.8784313725490196 0.8784313725490196
            ambientIntensity 1.0
            transparency 0.0
            shininess 0.5
        }
    }
    geometry IndexedFaceSet {
        ccw TRUE
        solid FALSE
        coord DEF co Coordinate {
            point [
                0.6674 0.6417 0.0866, 0.821 1.0354 0.0866, 0.6674 0.6417 0.0787, 0.821 1.0354 0.0787
            ]
        }
        coordIndex [
            0,1,2,-1,2,1,3,-1,
        ]
    }
}
Shape{
    appearance Appearance {
        material  Material 	{
            diffuseColor 0.6666666666666666 0.6666666666666666 0.6666666666666666
            specularColor 0.4666666666666667 0.4666666666666667 0.4666666666666667
            ambientIntensity 0.6667
            transparency 0.0
            shininess 0.5
        }
    }
    geometry IndexedFaceSet {
        ccw TRUE
        solid FALSE
        coord DEF co Coordinate {
            point [
                0.821 1.0354 0.0866, 0.7634 1.0354 0.0866, 0.821 1.0354 0.0787, 0.7634 1.0354 0.0787
            ]
        }
        coordIndex [
            0,1,2,-1,2,1,3,-1,
        ]
    }
}
Shape{
    appearance Appearance {
        material  Material 	{
            diffuseColor 1.0 1.0 1.0
            specularColor 0.8784313725490196 0.8784313725490196 0.8784313725490196
            ambientIntensity 1.0
            transparency 0.0
            shininess 0.5
        }
    }
    geometry IndexedFaceSet {
        ccw TRUE
        solid FALSE
        coord DEF co Coordinate {
            point [
                0.7634 1.0354 0.0866, 0.7236 0.925 0.0866, 0.7634 1.0354 0.0787, 0.7236 0.925 0.0787, 0.5609 0.925 0.0866, 0.5609 0.925 0.0787, 0.5233 1.0354 0.0866, 0.5233 1.0354 0.0787, 0.4657 1.0354 0.0866, 0.4657 1.0354 0.0787, 0.6146 0.6417 0.0866, 0.6146 0.6417 0.0787, 0.6674 0.6417 0.0866, 0.6674 0.6417 0.0787, 0.5742 0.8818 0.0866, 0.6329 0.7173 0.0866, 0.6367 0.7037 0.0866, 0.6392 0.6897 0.0866, 0.6405 0.6897 0.0866, 0.6431 0.7036 0.0866, 0.7059 0.8818 0.0866, 0.6466 0.7173 0.0866, 0.821 1.0354 0.0866, 0.5742 0.8818 0.0787, 0.7059 0.8818 0.0787, 0.6329 0.7173 0.0787, 0.6367 0.7037 0.0787, 0.6392 0.6897 0.0787, 0.6405 0.6897 0.0787, 0.6431 0.7036 0.0787, 0.6466 0.7173 0.0787, 0.2271 1.0354 0.0866, 0.12 1.0354 0.0866, 0.2271 1.0354 0.0787, 0.12 1.0354 0.0787, 0.12 0.6417 0.0866, 0.12 0.6417 0.0787, 0.2311 0.6417 0.0866, 0.2311 0.6417 0.0787, 0.4369 0.8336 0.0866, 0.4369 0.8336 0.0787, 0.4368 0.8295 0.0787, 0.4368 0.8295 0.0866, 0.4304 0.7794 0.0787, 0.4304 0.7794 0.0866, 0.4156 0.7408 0.0787, 0.4156 0.7408 0.0866, 0.3933 0.7089 0.0787, 0.3933 0.7089 0.0866, 0.3712 0.6879 0.0787, 0.3712 0.6879 0.0866, 0.3315 0.6627 0.0787, 0.3315 0.6627 0.0866, 0.2853 0.6472 0.0787, 0.2853 0.6472 0.0866, 0.2769 1.031 0.0787, 0.2769 1.031 0.0866, 0.3223 1.0172 0.0787, 0.3223 1.0172 0.0866, 0.3631 0.9931 0.0787, 0.3631 0.9931 0.0866, 0.3953 0.962 0.0787, 0.3953 0.962 0.0866, 0.4177 0.9266 0.0787, 0.4177 0.9266 0.0866, 0.4316 0.8853 0.0787, 0.4316 0.8853 0.0866, 0.3841 0.8347 0.0866, 0.3808 0.7956 0.0866, 0.3715 0.7642 0.0866, 0.3578 0.74 0.0866, 0.3386 0.7197 0.0866, 0.3098 0.7012 0.0866, 0.2773 0.6898 0.0866, 0.2309 0.6849 0.0866, 0.1728 0.6849 0.0866, 0.1728 0.9922 0.0866, 0.2287 0.9922 0.0866, 0.2703 0.9883 0.0866, 0.3035 0.9779 0.0866, 0.3304 0.962 0.0866, 0.3524 0.9401 0.0866, 0.369 0.913 0.0866, 0.3805 0.8759 0.0866
            ]
        }
        coordIndex [
            0,1,2,-1,2,1,3,-1,1,4,3,-1,3,4,5,-1,4,6,5,-1,5,6,7,-1,6,8,7,-1,7,8,9,-1,8,10,9,-1,9,10,11,-1,10,12,11,-1,11,12,13,-1,14,15,10,-1,8,6,4,-1,15,16,10,-1,10,16,17,-1,10,17,12,-1,12,17,18,-1,12,18,19,-1,10,8,14,-1,14,8,4,-1,14,4,20,-1,20,4,1,-1,19,21,12,-1,12,21,20,-1,12,20,22,-1,22,20,1,-1,22,1,0,-1,14,20,23,-1,23,20,24,-1,15,14,25,-1,25,14,23,-1,15,25,26,-1,15,26,16,-1,16,26,27,-1,16,27,17,-1,18,17,28,-1,28,17,27,-1,18,28,29,-1,18,29,19,-1,19,29,30,-1,19,30,21,-1,20,21,24,-1,24,21,30,-1,31,32,33,-1,33,32,34,-1,32,35,34,-1,34,35,36,-1,35,37,36,-1,36,37,38,-1,39,40,41,-1,39,41,42,-1,42,41,43,-1,42,43,44,-1,44,43,45,-1,44,45,46,-1,46,45,47,-1,46,47,48,-1,48,47,49,-1,48,49,50,-1,50,49,51,-1,50,51,52,-1,52,51,53,-1,52,53,54,-1,54,53,38,-1,54,38,37,-1,31,33,55,-1,31,55,56,-1,56,55,57,-1,56,57,58,-1,58,57,59,-1,58,59,60,-1,60,59,61,-1,60,61,62,-1,62,61,63,-1,62,63,64,-1,64,63,65,-1,64,65,66,-1,66,65,40,-1,66,40,39,-1,66,39,67,-1,67,39,42,-1,67,42,68,-1,68,42,44,-1,68,44,69,-1,69,44,46,-1,69,46,70,-1,70,46,48,-1,70,48,71,-1,71,48,50,-1,71,50,72,-1,72,50,52,-1,72,52,73,-1,73,52,54,-1,73,54,74,-1,74,54,37,-1,74,37,75,-1,75,37,35,-1,75,35,76,-1,76,35,32,-1,76,32,77,-1,77,32,31,-1,77,31,78,-1,78,31,56,-1,78,56,79,-1,79,56,58,-1,79,58,80,-1,80,58,60,-1,80,60,81,-1,81,60,62,-1,81,62,82,-1,82,62,64,-1,82,64,83,-1,83,64,66,-1,83,66,67,-1,
        ]
    }
}
Shape{
    appearance Appearance {
        material  Material 	{
            diffuseColor 0.6666666666666666 0.6666666666666666 0.6666666666666666
            specularColor 0.4666666666666667 0.4666666666666667 0.4666666666666667
            ambientIntensity 0.6667
            transparency 0.0
            shininess 0.5
        }
    }
    geometry IndexedFaceSet {
        ccw TRUE
        solid FALSE
        coord DEF co Coordinate {
            point [
                0.2309 0.6849 0.0866, 0.1728 0.6849 0.0866, 0.2309 0.6849 0.0787, 0.1728 0.6849 0.0787, 0.2773 0.6898 0.0787, 0.2773 0.6898 0.0866, 0.3098 0.7012 0.0787, 0.3098 0.7012 0.0866, 0.3386 0.7197 0.0787, 0.3386 0.7197 0.0866, 0.3578 0.74 0.0787, 0.3578 0.74 0.0866, 0.3715 0.7642 0.0787, 0.3715 0.7642 0.0866, 0.3808 0.7956 0.0787, 0.3808 0.7956 0.0866, 0.3841 0.8347 0.0787, 0.3841 0.8347 0.0866, 0.3805 0.8759 0.0787, 0.3805 0.8759 0.0866, 0.369 0.913 0.0787, 0.369 0.913 0.0866, 0.3524 0.9401 0.0787, 0.3524 0.9401 0.0866, 0.3304 0.962 0.0787, 0.3304 0.962 0.0866, 0.3035 0.9779 0.0787, 0.3035 0.9779 0.0866, 0.2703 0.9883 0.0787, 0.2703 0.9883 0.0866, 0.2287 0.9922 0.0787, 0.2287 0.9922 0.0866, 0.1728 0.9922 0.0866, 0.1728 0.9922 0.0787, 0.0432 0.9922 0.0866, 0.0432 1.0354 0.0866, 0.0432 0.9922 0.0787, 0.0432 1.0354 0.0787, -0.168 1.0354 0.0866, -0.168 1.0354 0.0787
            ]
        }
        coordIndex [
            0,1,2,-1,2,1,3,-1,0,2,4,-1,0,4,5,-1,5,4,6,-1,5,6,7,-1,7,6,8,-1,7,8,9,-1,9,8,10,-1,9,10,11,-1,11,10,12,-1,11,12,13,-1,13,12,14,-1,13,14,15,-1,15,14,16,-1,15,16,17,-1,17,16,18,-1,17,18,19,-1,19,18,20,-1,19,20,21,-1,21,20,22,-1,21,22,23,-1,23,22,24,-1,23,24,25,-1,25,24,26,-1,25,26,27,-1,27,26,28,-1,27,28,29,-1,29,28,30,-1,29,30,31,-1,32,31,33,-1,33,31,30,-1,1,32,3,-1,3,32,33,-1,34,35,36,-1,36,35,37,-1,35,38,37,-1,37,38,39,-1,
        ]
    }
}
Shape{
    appearance Appearance {
        material  Material 	{
            diffuseColor 0.20784313725490197 0.20784313725490197 0.20784313725490197
            specularColor 0.01568627450980392 0.01568627450980392 0.01568627450980392
            ambientIntensity 0.298
            transparency 0.0
            shininess 0.5
        }
    }
    geometry IndexedFaceSet {
        ccw TRUE
        solid FALSE
        coord DEF co Coordinate {
            point [
                -0.168 1.0354 0.0866, -0.168 0.6417 0.0866, -0.168 1.0354 0.0787, -0.168 0.6417 0.0787
            ]
        }
        coordIndex [
            0,1,2,-1,2,1,3,-1,
        ]
    }
}
Shape{
    appearance Appearance {
        material  Material 	{
            diffuseColor 1.0 1.0 1.0
            specularColor 0.8784313725490196 0.8784313725490196 0.8784313725490196
            ambientIntensity 1.0
            transparency 0.0
            shininess 0.5
        }
    }
    geometry IndexedFaceSet {
        ccw TRUE
        solid FALSE
        coord DEF co Coordinate {
            point [
                -0.168 0.6417 0.0866, 0.0336 0.6417 0.0866, -0.168 0.6417 0.0787, 0.0336 0.6417 0.0787, 0.0336 0.6849 0.0866, 0.0336 0.6849 0.0787, -0.1152 0.6849 0.0866, -0.1152 0.6849 0.0787, -0.1152 0.8146 0.0866, -0.1152 0.8146 0.0787, 0.024 0.8146 0.0866, 0.024 0.8146 0.0787, 0.024 0.8578 0.0866, 0.024 0.8578 0.0787, -0.1152 0.8578 0.0866, -0.1152 0.8578 0.0787, -0.1152 0.9922 0.0866, -0.1152 0.9922 0.0787, 0.0432 0.9922 0.0866, 0.0432 0.9922 0.0787, -0.168 1.0354 0.0866, 0.0432 1.0354 0.0866, -0.2449 0.9718 0.0866, -0.2449 1.015 0.0866, -0.2449 0.9718 0.0787, -0.2449 1.015 0.0787, -0.2868 1.0322 0.0866, -0.3532 1.0402 0.0866, -0.3532 1.0402 0.0787, -0.3424 1.04 0.0787, -0.3424 1.04 0.0866, -0.3266 1.0378 0.0787, -0.2868 1.0322 0.0787, -0.5377 0.846 0.0866, -0.5377 0.846 0.0787, -0.534 0.8913 0.0787, -0.534 0.8913 0.0866, -0.5222 0.933 0.0787, -0.5222 0.933 0.0866, -0.5013 0.9705 0.0787, -0.5013 0.9705 0.0866, -0.4718 1.0017 0.0787, -0.4718 1.0017 0.0866, -0.4401 1.0219 0.0787, -0.4401 1.0219 0.0866, -0.4017 1.0352 0.0787, -0.4017 1.0352 0.0866, -0.3763 1.0378 0.0787, -0.3375 0.6369 0.0866, -0.3375 0.6369 0.0787, -0.3788 0.6405 0.0787, -0.3788 0.6405 0.0866, -0.4227 0.6537 0.0787, -0.4227 0.6537 0.0866, -0.46 0.6756 0.0787, -0.46 0.6756 0.0866, -0.495 0.71 0.0787, -0.495 0.71 0.0866, -0.5178 0.7471 0.0787, -0.5178 0.7471 0.0866, -0.5327 0.7928 0.0787, -0.5327 0.7928 0.0866, -0.2449 0.6525 0.0866, -0.2449 0.6525 0.0787, -0.2904 0.6402 0.0787, -0.2904 0.6402 0.0866, -0.2449 0.7053 0.0866, -0.2449 0.7053 0.0787, -0.3371 0.6801 0.0866, -0.3371 0.6801 0.0787, -0.2892 0.6863 0.0787, -0.2892 0.6863 0.0866, -0.4849 0.8428 0.0866, -0.4849 0.8428 0.0787, -0.483 0.8121 0.0787, -0.483 0.8121 0.0866, -0.4726 0.77 0.0787, -0.4726 0.77 0.0866, -0.4563 0.7396 0.0787, -0.4563 0.7396 0.0866, -0.4325 0.7133 0.0787, -0.4325 0.7133 0.0866, -0.4053 0.6951 0.0787, -0.4053 0.6951 0.0866, -0.3758 0.6845 0.0787, -0.3758 0.6845 0.0866, -0.3459 0.997 0.0866, -0.3459 0.997 0.0787, -0.3829 0.9928 0.0787, -0.3829 0.9928 0.0866, -0.4116 0.9822 0.0787, -0.4116 0.9822 0.0866, -0.4357 0.9658 0.0787, -0.4357 0.9658 0.0866, -0.4539 0.9466 0.0787, -0.4539 0.9466 0.0866, -0.4702 0.9194 0.0787, -0.4702 0.9194 0.0866, -0.4809 0.8854 0.0787, -0.4809 0.8854 0.0866, -0.2519 0.9757 0.0787, -0.2519 0.9757 0.0866, -0.2937 0.9912 0.0787, -0.2937 0.9912 0.0866, -0.5713 0.9922 0.0866, -0.5713 1.0354 0.0866, -0.5713 0.9922 0.0787, -0.5713 1.0354 0.0787, -0.773 1.0354 0.0866, -0.773 1.0354 0.0787, -0.773 0.6417 0.0866, -0.773 0.6417 0.0787, -0.7202 0.6417 0.0866, -0.7202 0.6417 0.0787, -0.7202 0.9922 0.0866, -0.7202 0.9922 0.0787
            ]
        }
        coordIndex [
            0,1,2,-1,2,1,3,-1,1,4,3,-1,3,4,5,-1,4,6,5,-1,5,6,7,-1,6,8,7,-1,7,8,9,-1,8,10,9,-1,9,10,11,-1,10,12,11,-1,11,12,13,-1,12,14,13,-1,13,14,15,-1,14,16,15,-1,15,16,17,-1,16,18,17,-1,17,18,19,-1,20,21,18,-1,18,16,20,-1,20,16,14,-1,20,14,0,-1,4,1,6,-1,6,1,0,-1,6,0,8,-1,8,0,14,-1,8,14,10,-1,10,14,12,-1,22,23,24,-1,24,23,25,-1,25,23,26,-1,27,28,29,-1,27,29,30,-1,30,29,31,-1,30,31,26,-1,26,31,32,-1,26,32,25,-1,33,34,35,-1,33,35,36,-1,36,35,37,-1,36,37,38,-1,38,37,39,-1,38,39,40,-1,40,39,41,-1,40,41,42,-1,42,41,43,-1,42,43,44,-1,44,43,45,-1,44,45,46,-1,46,45,27,-1,27,45,47,-1,27,47,28,-1,48,49,50,-1,48,50,51,-1,51,50,52,-1,51,52,53,-1,53,52,54,-1,53,54,55,-1,55,54,56,-1,55,56,57,-1,57,56,58,-1,57,58,59,-1,59,58,60,-1,59,60,61,-1,61,60,34,-1,61,34,33,-1,62,63,64,-1,62,64,65,-1,65,64,49,-1,65,49,48,-1,62,66,63,-1,63,66,67,-1,68,69,70,-1,68,70,71,-1,71,70,67,-1,71,67,66,-1,72,73,74,-1,72,74,75,-1,75,74,76,-1,75,76,77,-1,77,76,78,-1,77,78,79,-1,79,78,80,-1,79,80,81,-1,81,80,82,-1,81,82,83,-1,83,82,84,-1,83,84,85,-1,85,84,69,-1,85,69,68,-1,86,87,88,-1,86,88,89,-1,89,88,90,-1,89,90,91,-1,91,90,92,-1,91,92,93,-1,93,92,94,-1,93,94,95,-1,95,94,96,-1,95,96,97,-1,97,96,98,-1,97,98,99,-1,99,98,73,-1,99,73,72,-1,22,24,100,-1,22,100,101,-1,101,100,102,-1,101,102,103,-1,103,102,87,-1,103,87,86,-1,89,27,86,-1,86,27,30,-1,86,30,103,-1,103,30,26,-1,103,26,101,-1,101,26,23,-1,101,23,22,-1,66,62,71,-1,71,62,65,-1,71,65,68,-1,68,65,48,-1,68,48,85,-1,85,48,51,-1,85,51,83,-1,83,51,53,-1,83,53,81,-1,81,53,55,-1,81,55,79,-1,79,55,57,-1,79,57,77,-1,77,57,59,-1,77,59,75,-1,75,59,61,-1,75,61,72,-1,72,61,33,-1,72,33,99,-1,99,33,36,-1,99,36,97,-1,97,36,38,-1,97,38,95,-1,95,38,40,-1,95,40,93,-1,93,40,42,-1,93,42,91,-1,91,42,44,-1,91,44,89,-1,89,44,46,-1,89,46,27,-1,104,105,106,-1,106,105,107,-1,105,108,107,-1,107,108,109,-1,108,110,109,-1,109,110,111,-1,110,112,111,-1,111,112,113,-1,112,114,113,-1,113,114,115,-1,114,104,115,-1,115,104,106,-1,112,110,114,-1,114,110,108,-1,114,108,104,-1,104,108,105,-1,
        ]
    }
}
Shape{
    appearance Appearance {
        material  Material 	{
            diffuseColor 0.20784313725490197 0.20784313725490197 0.20784313725490197
            specularColor 0.01568627450980392 0.01568627450980392 0.01568627450980392
            ambientIntensity 0.298
            transparency 0.0
            shininess 0.5
        }
    }
    geometry IndexedFaceSet {
        ccw TRUE
        solid FALSE
        coord DEF co Coordinate {
            point [
                0.5742 0.8818 0.0787, 0.7059 0.8818 0.0787, 0.6329 0.7173 0.0787, 0.6466 0.7173 0.0787, 0.6367 0.7037 0.0787, 0.6431 0.7036 0.0787, 0.6392 0.6897 0.0787, 0.6405 0.6897 0.0787, 0.1728 0.6849 0.0787, 0.1728 0.9922 0.0787, 0.2309 0.6849 0.0787, 0.2287 0.9922 0.0787, 0.2703 0.9883 0.0787, 0.3841 0.8347 0.0787, 0.3808 0.7956 0.0787, 0.3715 0.7642 0.0787, 0.2773 0.6898 0.0787, 0.3035 0.9779 0.0787, 0.3304 0.962 0.0787, 0.3524 0.9401 0.0787, 0.369 0.913 0.0787, 0.3805 0.8759 0.0787, 0.3578 0.74 0.0787, 0.3386 0.7197 0.0787, 0.3098 0.7012 0.0787
            ]
        }
        coordIndex [
            0,1,2,-1,2,1,3,-1,2,3,4,-1,4,3,5,-1,4,5,6,-1,6,5,7,-1,8,9,10,-1,10,9,11,-1,10,11,12,-1,13,14,10,-1,10,14,15,-1,10,15,16,-1,12,17,10,-1,10,17,18,-1,10,18,19,-1,19,20,10,-1,10,20,21,-1,10,21,13,-1,22,23,15,-1,15,23,24,-1,15,24,16,-1,
        ]
    }
}