#VRML V2.0 utf8
# 3D model generated by easyeda2kicad.py (https://github.com/uPesy/easyeda2kicad.py)

Shape{
    appearance Appearance {
        material  Material 	{
            diffuseColor 0.20784313725490197 0.20784313725490197 0.20784313725490197
            specularColor 0.01568627450980392 0.01568627450980392 0.01568627450980392
            ambientIntensity 0.298
            transparency 0.0
            shininess 0.5
        }
    }
    geometry IndexedFaceSet {
        ccw TRUE
        solid FALSE
        coord DEF co Coordinate {
            point [
                0.4653 0.0003 1.9685, 0.4668 -0.0 1.9685, 0.4573 0.0759 1.9656, 1.1182 0.0608 1.9666, 1.0854 0.0049 1.9685, 1.1318 0.0608 1.9666, 1.1345 0.0049 1.9685, 1.1098 0.0908 1.9643, 1.1107 0.0947 1.9639, 1.1123 0.101 1.9633, 1.1081 0.0875 1.9646, 1.1053 0.0821 1.9651, 1.1045 0.0811 1.9652, 1.0833 0.0651 1.9664, 1.0779 0.063 1.9665, 1.0985 0.0741 1.9657, 1.0911 0.0689 1.9661, 1.0891 0.0675 1.9662, 1.0353 0.0608 1.9666, 1.0151 0.1555 1.9561, 1.0151 0.1447 1.9578, 1.0124 0.1036 1.963, 1.0124 0.1144 1.9618, 0.9783 0.1144 1.9618, 0.9783 0.1447 1.9578, 1.0741 0.0625 1.9665, 1.0615 0.0608 1.9666, 1.0854 -0.0 1.9685, 0.8337 0.1555 1.9561, 0.8337 0.0716 1.9659, 0.8716 0.0716 1.9659, 0.7428 -0.0 1.9685, 0.8214 -0.0 1.9685, 0.8214 0.0049 1.9685, 0.7406 0.0222 1.9682, 0.7433 0.0042 1.9685, 0.8214 0.0608 1.9666, 0.5931 0.172 1.9534, 0.6091 0.1663 1.9544, 0.8214 0.1555 1.9561, 0.5792 0.177 1.9525, 0.615 0.1623 1.955, 0.6396 0.1459 1.9576, 0.6501 0.134 1.9593, 0.6614 0.121 1.961, 0.665 0.1143 1.9618, 0.6762 0.0928 1.9641, 0.6862 0.0883 1.9645, 0.6975 0.0831 1.965, 0.7016 0.0799 1.9652, 0.7158 0.0686 1.9661, 0.7162 0.0682 1.9661, 0.7271 0.0539 1.967, 0.7306 0.0493 1.9673, 0.7351 0.0388 1.9677, 0.7398 0.0278 1.9681, 0.9469 0.1532 1.9565, 0.9469 0.1405 1.9584, 0.966 0.1555 1.9561, 0.5474 0.1807 1.9518, 0.5687 0.1782 1.9522, 0.9366 0.1561 1.9561, 1.0353 0.1555 1.9561, 0.927 0.1569 1.9559, 0.9243 0.1571 1.9559, 0.9389 0.1555 1.9562, 0.8821 0.0802 1.9652, 0.8808 0.0821 1.9651, 0.879 0.087 1.9646, 0.8772 0.0917 1.9642, 0.8769 0.0948 1.9639, 0.8755 0.1065 1.9627, 0.8759 0.1097 1.9624, 0.8773 0.1211 1.961, 0.8774 0.1222 1.9609, 0.8801 0.1289 1.96, 0.8818 0.1331 1.9595, 0.8838 0.1358 1.9591, 0.8893 0.1432 1.958, 0.8906 0.1444 1.9579, 0.8925 0.1458 1.9576, 0.8992 0.1507 1.9569, 0.9 0.1513 1.9568, 0.906 0.1537 1.9564, 0.9094 0.1551 1.9562, 0.9205 0.0592 1.9667, 0.9164 0.0594 1.9667, 0.8716 0.0608 1.9666, 0.9132 0.0597 1.9667, 0.9072 0.061 1.9666, 0.9037 0.0618 1.9666, 0.9005 0.0633 1.9665, 0.8955 0.0658 1.9663, 0.8946 0.0666 1.9663, 0.8878 0.0722 1.9659, 0.8869 0.0734 1.9658, 1.0729 0.1544 1.9563, 1.0758 0.1541 1.9564, 1.1545 0.1555 1.9561, 0.9136 0.1557 1.9561, 1.0625 0.1555 1.9561, 1.0824 0.1518 1.9567, 1.088 0.1499 1.957, 1.091 0.1479 1.9573, 1.0985 0.143 1.9581, 1.1016 0.14 1.9585, 1.1025 0.1388 1.9587, 1.1068 0.1329 1.9595, 1.1076 0.132 1.9596, 1.1097 0.1269 1.9603, 1.111 0.1235 1.9607, 1.1115 0.1199 1.9612, 1.1363 0.1083 1.9625, 1.1129 0.1095 1.9624, 1.1124 0.1028 1.9631, 0.3205 0.0606 1.9666, 0.3251 0.0713 1.9659, 0.2127 0.1808 1.9517, 0.3111 0.0226 1.9682, 0.3111 0.0226 1.9682, 0.2127 -0.0 1.9685, 0.3144 0.0423 1.9675, 0.3155 0.0489 1.9673, 0.3293 0.0767 1.9655, 0.3427 0.0942 1.964, 0.3467 0.0978 1.9636, 0.347 0.098 1.9636, 0.3635 0.1098 1.9624, 0.3689 0.1136 1.962, 0.381 0.1184 1.9614, 0.3918 0.1227 1.9609, 0.3987 0.1236 1.9607, 0.4961 0.1697 1.9538, 0.4803 0.1635 1.9548, 0.4207 0.1265 1.9603, 0.4363 0.1251 1.9605, 0.451 0.1419 1.9582, 0.4273 0.1261 1.9604, 0.4661 0.1547 1.9563, 0.4728 0.1588 1.9556, 0.5126 0.1763 1.9526, 0.5208 0.1773 1.9524, 1.1819 0.0049 1.9685, 1.1939 0.0037 1.9685, 1.1904 0.0608 1.9666, 1.204 0.0608 1.9666, 1.1958 0.0035 1.9685, 1.2023 0.0013 1.9685, 1.206 -0.0 1.9685, 1.1806 0.0868 1.9647, 1.1409 0.0868 1.9647, 1.1855 0.0738 1.9657, 1.1364 0.0738 1.9657, 1.1345 -0.0 1.9685, 1.1547 -0.0 1.9685, 1.1547 0.0049 1.9685, 0.8886 0.1064 1.9627, 0.8896 0.0967 1.9637, 0.9469 0.0765 1.9655, 0.9362 0.1446 1.9578, 0.9335 0.145 1.9578, 0.9213 0.1459 1.9576, 0.914 0.1447 1.9578, 0.9245 0.1461 1.9576, 0.9218 0.146 1.9576, 0.9125 0.1444 1.9579, 0.9087 0.1427 1.9581, 0.9059 0.1415 1.9583, 0.904 0.14 1.9585, 0.8985 0.1356 1.9591, 0.8944 0.1298 1.9599, 0.8929 0.1277 1.9602, 0.8916 0.1244 1.9606, 0.8899 0.1198 1.9612, 0.8897 0.1183 1.9614, 0.8885 0.1072 1.9626, 0.9393 0.0731 1.9658, 0.8898 0.0951 1.9639, 0.8914 0.0909 1.9643, 0.9268 0.0704 1.966, 0.931 0.0712 1.9659, 0.8939 0.0858 1.9648, 0.9055 0.0741 1.9657, 0.9094 0.0725 1.9658, 0.9097 0.0729 1.9658, 0.8978 0.0801 1.9652, 0.8995 0.0785 1.9654, 0.9005 0.0778 1.9654, 0.9049 0.0746 1.9657, 0.9118 0.0715 1.9659, 0.9145 0.0712 1.9659, 0.9223 0.0701 1.966, 0.8925 0.0877 1.9646, 0.9382 0.0726 1.9658, 1.0173 0.0608 1.9666, 0.966 0.0608 1.9666, 0.8705 -0.0 1.9685, 0.9415 0.1426 1.9581, 0.935 0.0607 1.9666, 0.9431 0.0634 1.9665, 0.9469 0.0647 1.9664, 0.8705 0.0049 1.9685, 0.9347 0.0606 1.9666, 0.9695 -0.0914 1.9643, 0.9634 -0.0907 1.9643, 1.0096 -0.1212 1.961, 0.9388 -0.0903 1.9644, 0.9268 -0.0903 1.9644, 0.9268 -0.0798 1.9653, 0.9265 -0.0798 1.9653, 0.9257 -0.0811 1.9652, 0.9237 -0.0835 1.965, 0.9213 -0.0863 1.9647, 0.921 -0.0865 1.9647, 0.918 -0.0886 1.9645, 0.9171 -0.0892 1.9645, 0.9149 -0.0901 1.9644, 0.9126 -0.091 1.9643, 0.6206 -0.0108 1.9684, 0.6025 -0.0556 1.9669, 0.6031 -0.0549 1.967, 0.6033 -0.0547 1.967, 0.606 -0.0527 1.9671, 0.6075 -0.0516 1.9672, 0.6095 -0.0508 1.9672, 0.6122 -0.0496 1.9673, 0.6136 -0.0494 1.9673, 0.6179 -0.0487 1.9673, 0.62 -0.049 1.9673, 0.622 -0.0494 1.9673, 0.6525 -0.0494 1.9673, 0.6609 -0.0476 1.9674, 0.6659 -0.0466 1.9674, 0.6698 -0.0447 1.9675, 0.6776 -0.0409 1.9677, 0.6784 -0.0402 1.9677, 0.6862 -0.0335 1.9679, 0.6874 -0.0325 1.968, 0.6877 -0.0321 1.968, 0.6933 -0.0243 1.9682, 0.6948 -0.0223 1.9683, 0.6975 -0.0154 1.9684, 0.9111 -0.0912 1.9643, 0.9057 -0.0919 1.9642, 0.9015 -0.0914 1.9643, 0.9 -0.0912 1.9643, 0.8972 -0.0904 1.9644, 0.8947 -0.0895 1.9644, 0.8726 -0.0903 1.9644, 0.8935 -0.0888 1.9645, 0.8899 -0.0865 1.9647, 0.8893 -0.0859 1.9648, 0.8891 -0.0857 1.9648, 0.8873 -0.0831 1.965, 0.8849 -0.0779 1.9654, 0.8726 -0.0794 1.9653, 0.8858 -0.0801 1.9652, 0.8866 -0.0822 1.9651, 0.8847 -0.0766 1.9655, 0.8841 -0.0721 1.9659, 0.8848 -0.067 1.9662, 0.885 -0.0655 1.9663, 0.8858 -0.0634 1.9665, 0.8866 -0.0613 1.9666, 0.8907 -0.0387 1.9677, 0.8872 -0.0605 1.9667, 0.8889 -0.0579 1.9668, 0.8889 -0.0579 1.9668, 0.8915 -0.0556 1.9669, 0.8922 -0.055 1.967, 0.8944 -0.0538 1.967, 0.8968 -0.0525 1.9671, 0.897 -0.0348 1.9679, 0.8988 -0.052 1.9671, 0.8987 -0.0338 1.9679, 0.9067 -0.0499 1.9672, 0.9268 -0.0471 1.9674, 0.9267 -0.0451 1.9675, 0.9264 -0.0422 1.9676, 0.9259 -0.0402 1.9677, 0.9253 -0.0378 1.9678, 0.9251 -0.0374 1.9678, 0.9241 -0.0356 1.9679, 0.9241 -0.0355 1.9679, 0.9237 -0.035 1.9679, 0.9225 -0.0336 1.9679, 0.9224 -0.0336 1.9679, 0.921 -0.0326 1.968, 0.9204 -0.0322 1.968, 0.9192 -0.0317 1.968, 0.9176 -0.0311 1.968, 0.9167 -0.031 1.968, 0.9131 -0.0304 1.968, 0.9094 -0.0308 1.968, 0.9067 -0.0311 1.968, 0.9029 -0.0324 1.968, 1.0173 -0.1221 1.9609, 1.0135 -0.1219 1.9609, 0.2127 -0.1809 1.9517, 0.3137 -0.0043 1.9684, 0.3131 -0.0 1.9684, 0.3109 0.017 1.9684, 0.7413 -0.0123 1.9684, 0.7406 -0.0181 1.9683, 0.8214 -0.0903 1.9644, 0.7365 -0.029 1.968, 0.7322 -0.0403 1.9677, 0.7288 -0.0451 1.9674, 0.7182 -0.0602 1.9667, 0.7046 -0.072 1.9659, 0.7019 -0.0743 1.9657, 0.6898 -0.0806 1.9652, 0.6807 -0.0853 1.9648, 0.675 -0.0865 1.9647, 0.6566 -0.0906 1.9643, 0.4763 -0.1326 1.9596, 0.6545 -0.0906 1.9643, 0.6525 -0.0906 1.9643, 0.6166 -0.0906 1.9643, 0.6137 -0.09 1.9644, 0.6114 -0.0895 1.9644, 0.6067 -0.0872 1.9646, 0.6063 -0.0869 1.9647, 0.4903 -0.1269 1.9603, 0.6033 -0.0844 1.9649, 0.6027 -0.0839 1.9649, 0.5036 -0.1174 1.9615, 0.5035 -0.1175 1.9615, 0.6 -0.0804 1.9652, 0.6009 -0.0815 1.9651, 0.4937 -0.1245 1.9606, 0.6098 -0.0887 1.9645, 0.483 -0.1299 1.9599, 0.5223 -0.0875 1.9646, 0.52 -0.095 1.9639, 0.5978 -0.0752 1.9656, 0.5179 -0.0986 1.9635, 0.599 -0.0779 1.9654, 0.5122 -0.1081 1.9626, 0.5119 -0.1084 1.9625, 0.472 -0.1331 1.9595, 0.458 -0.135 1.9592, 0.4497 -0.134 1.9594, 0.4405 -0.1328 1.9595, 0.4375 -0.1316 1.9597, 0.4258 -0.1271 1.9603, 0.425 -0.1267 1.9603, 0.4154 -0.1199 1.9612, 0.4121 -0.1176 1.9615, 0.3993 -0.1011 1.9633, 0.3936 -0.0892 1.9645, 0.3866 -0.0872 1.9646, 0.4067 -0.1114 1.9622, 0.4011 -0.1048 1.9629, 0.3741 -0.0812 1.9651, 0.3612 -0.0751 1.9656, 0.356 -0.0707 1.9659, 0.3394 -0.0568 1.9669, 0.3288 -0.0421 1.9676, 0.3249 -0.0365 1.9678, 0.3198 -0.024 1.9681, 0.3145 -0.011 1.9684, 0.5976 -0.065 1.9664, 0.5257 -0.0609 1.9666, 0.5969 -0.0697 1.966, 0.5257 -0.0676 1.9662, 0.5976 -0.0739 1.9657, 0.525 -0.0756 1.9656, 0.5247 -0.0796 1.9653, 0.5977 -0.0645 1.9664, 0.599 -0.0612 1.9666, 0.5732 -0.0358 1.9679, 0.5996 -0.0596 1.9667, 0.6008 -0.0579 1.9668, 0.9731 -0.0604 1.9667, 0.9663 -0.0809 1.9652, 0.9686 -0.0813 1.9651, 0.9746 -0.0822 1.9651, 0.9777 -0.082 1.9651, 0.9782 -0.0819 1.9651, 0.9818 -0.0812 1.9652, 0.9827 -0.081 1.9652, 0.9839 -0.0805 1.9652, 0.9843 -0.0804 1.9652, 0.985 -0.0798 1.9653, 0.9862 -0.079 1.9653, 0.9864 -0.0787 1.9654, 0.9872 -0.0778 1.9654, 0.9873 -0.0776 1.9654, 0.9878 -0.0766 1.9655, 0.9882 -0.0756 1.9656, 0.9883 -0.0751 1.9656, 0.9887 -0.073 1.9658, 0.9885 -0.0715 1.9659, 0.9885 -0.0715 1.9659, 0.9881 -0.07 1.966, 0.988 -0.0696 1.966, 0.9877 -0.0691 1.9661, 0.9873 -0.0683 1.9661, 0.9871 -0.0681 1.9661, 0.9806 -0.0636 1.9665, 0.9856 -0.0665 1.9663, 0.9625 -0.0794 1.9653, 0.9691 -0.0587 1.9668, 0.9582 -0.0776 1.9654, 0.9563 -0.0764 1.9655, 0.9654 -0.0565 1.9669, 0.955 -0.0756 1.9656, 0.9614 -0.0542 1.967, 0.9606 -0.0534 1.9671, 0.8705 -0.006 1.9685, 0.8907 -0.0271 1.9681, 0.8923 -0.0262 1.9682, 0.8975 -0.0241 1.9682, 0.9215 -0.0217 1.9683, 0.9253 -0.0225 1.9683, 0.9017 -0.0224 1.9683, 0.905 -0.022 1.9683, 0.9142 -0.0208 1.9683, 0.9181 -0.021 1.9683, 1.0173 0.0716 1.9659, 0.9783 0.0716 1.9659, 0.9783 0.1036 1.963, 0.9256 -0.0227 1.9683, 0.9287 -0.0242 1.9682, 0.9294 -0.0245 1.9682, 0.9584 -0.0514 1.9672, 0.9388 -0.0466 1.9674, 0.955 -0.0879 1.9646, 0.9619 -0.0903 1.9644, 0.9579 -0.0506 1.9672, 0.9573 -0.0497 1.9673, 0.9566 -0.0477 1.9674, 0.9557 -0.0456 1.9675, 0.9556 -0.0445 1.9675, 0.9378 -0.0385 1.9678, 0.935 -0.0305 1.9681, 0.9356 -0.0313 1.968, 0.9568 -0.0327 1.968, 0.955 -0.0407 1.9677, 0.9551 -0.04 1.9677, 0.9375 -0.0363 1.9679, 0.9555 -0.0363 1.9678, 0.9556 -0.0361 1.9678, 0.9366 -0.0339 1.9679, 0.9565 -0.0335 1.9679, 0.9578 -0.0313 1.968, 0.9328 -0.0274 1.9681, 0.9332 -0.0279 1.9681, 0.9588 -0.0298 1.9681, 0.9596 -0.0291 1.9681, 0.9627 -0.0262 1.9682, 0.9637 -0.0255 1.9682, 0.9652 -0.0247 1.9682, 0.9686 -0.0233 1.9682, 0.9722 -0.022 1.9683, 0.9313 -0.0261 1.9682, 0.9743 -0.0217 1.9683, 0.9815 -0.0208 1.9683, 0.9885 -0.0213 1.9683, 1.0072 -0.0223 1.9683, 1.0205 -0.0223 1.9683, 1.0398 -0.079 1.9653, 1.0415 -0.0735 1.9658, 1.039 -0.0762 1.9656, 1.0383 -0.0734 1.9658, 0.8337 -0.0365 1.9678, 0.8678 -0.0365 1.9678, 0.8337 -0.006 1.9685, 0.8678 -0.0474 1.9674, 0.8337 -0.0474 1.9674, 0.8337 -0.0794 1.9653, 1.6929 0.1804 1.9497, 1.287 0.0049 1.9685, 1.6929 0.1285 1.9601, 1.2889 -0.0 1.9684, 1.6929 -0.0 1.9685, 1.3052 -0.0427 1.9676, 1.6929 -0.1285 1.9601, 1.3233 -0.0903 1.9644, 1.6929 -0.1805 1.9497, 1.3097 -0.0903 1.9644, 1.2512 -0.0903 1.9644, 1.3049 -0.0773 1.9655, 1.2557 -0.0773 1.9655, 1.3 -0.0643 1.9664, 1.2603 -0.0643 1.9664, 1.2376 -0.0903 1.9644, 1.1676 0.1555 1.9561, 1.1858 0.1083 1.9625, 1.2739 0.0049 1.9685, 1.272 -0.0 1.9684, 1.2066 -0.0002 1.9685, 1.2098 -0.0023 1.9685, 1.2179 -0.0077 1.9685, 1.221 -0.0108 1.9685, 1.2218 -0.0119 1.9684, 1.2262 -0.0179 1.9683, 1.2269 -0.0189 1.9683, 1.229 -0.024 1.9682, 1.2318 -0.0482 1.9673, 1.2317 -0.05 1.9672, 1.2557 -0.0427 1.9676, 1.2304 -0.0274 1.9681, 1.2309 -0.031 1.968, 1.2323 -0.0415 1.9676, 1.2301 -0.0563 1.9669, 1.2292 -0.0602 1.9667, 1.2275 -0.0635 1.9665, 1.2247 -0.069 1.9661, 1.2238 -0.07 1.966, 1.2179 -0.077 1.9655, 1.2105 -0.0822 1.9651, 1.2085 -0.0836 1.965, 1.2027 -0.086 1.9648, 1.1973 -0.0881 1.9646, 1.0977 -0.0474 1.9674, 1.0977 -0.0794 1.9653, 1.1318 -0.0474 1.9674, 1.1366 -0.0794 1.9653, 1.1318 -0.0365 1.9678, 1.1345 -0.006 1.9685, 1.0977 -0.0365 1.9678, 1.0977 -0.006 1.9685, 1.1935 -0.0886 1.9645, 1.1809 -0.0903 1.9644, 1.0228 -0.1213 1.961, 1.1547 -0.0903 1.9644, 1.0251 -0.1204 1.9611, 1.0273 -0.1195 1.9612, 1.0294 -0.0479 1.9673, 1.0508 -0.0479 1.9673, 1.0601 -0.0223 1.9683, 1.0725 -0.0223 1.9683, 1.0854 -0.0903 1.9644, 1.0571 -0.0615 1.9666, 1.0416 -0.1005 1.9634, 1.0412 -0.1015 1.9633, 1.0387 -0.106 1.9628, 1.0353 -0.1122 1.9621, 1.0348 -0.1128 1.962, 1.0318 -0.1161 1.9616, 1.0317 -0.1163 1.9616, 1.1366 -0.0903 1.9644, 1.0285 -0.1186 1.9613, 0.9879 -0.089 1.9645, 0.9834 -0.0907 1.9643, 0.9822 -0.0908 1.9643, 0.9734 -0.0919 1.9642, 1.0179 -0.1118 1.9621, 0.9977 -0.0354 1.9679, 1.0164 -0.112 1.9621, 1.0131 -0.1115 1.9622, 1.0193 -0.1116 1.9622, 1.0201 -0.1113 1.9622, 1.0219 -0.1107 1.9623, 1.022 -0.1106 1.9623, 1.0235 -0.1096 1.9624, 1.0239 -0.1093 1.9624, 1.025 -0.1081 1.9626, 1.0262 -0.1068 1.9627, 1.0266 -0.1061 1.9628, 1.0286 -0.1024 1.9632, 1.0312 -0.0963 1.9638, 1.0339 -0.0901 1.9644, 0.9898 -0.0217 1.9683, 0.9977 -0.0238 1.9682, 1.0205 -0.0563 1.9669, 0.9845 -0.053 1.9671, 0.9924 -0.033 1.968, 0.989 -0.0316 1.968, 0.9868 -0.0313 1.968, 0.9804 -0.0304 1.968, 0.9788 -0.0305 1.968, 0.9766 -0.031 1.968, 0.9746 -0.0313 1.968, 0.9737 -0.0318 1.968, 0.971 -0.033 1.968, 0.9699 -0.0339 1.9679, 0.9815 -0.0518 1.9671, 0.9698 -0.034 1.9679, 0.9689 -0.0352 1.9679, 0.9674 -0.0399 1.9677, 0.9685 -0.0356 1.9679, 0.9682 -0.0365 1.9678, 0.9677 -0.0374 1.9678, 0.9676 -0.0379 1.9678, 0.9673 -0.0396 1.9677, 0.9677 -0.0418 1.9676, 0.9678 -0.0423 1.9676, 0.9682 -0.0433 1.9676, 0.9687 -0.0443 1.9675, 0.969 -0.0447 1.9675, 0.9699 -0.0459 1.9674, 0.9745 -0.0487 1.9673, 0.9963 -0.0346 1.9679, 0.9875 -0.0545 1.967, 0.9928 -0.0573 1.9668, 0.9939 -0.0582 1.9668, 0.9969 -0.0606 1.9666, 0.998 -0.0621 1.9665, 0.9987 -0.0632 1.9665, 0.9995 -0.0651 1.9664, 1.0003 -0.0671 1.9662, 1.0004 -0.0682 1.9661, 1.0009 -0.0718 1.9659, 1.0008 -0.0728 1.9658, 1.0004 -0.0765 1.9655, 1.0003 -0.0768 1.9655, 0.9994 -0.0793 1.9653, 0.9991 -0.0801 1.9653, 0.9981 -0.0815 1.9651, 0.9971 -0.083 1.965, 0.9963 -0.0837 1.9649, 1.0116 -0.1112 1.9622, 0.9933 -0.0865 1.9647, 1.0096 -0.1106 1.9623, 0.9926 -0.0869 1.9647, 0.9905 -0.0881 1.9646, 0.5932 0.1294 1.96, 0.5978 0.1261 1.9604, 0.5514 -0.0 1.9685, 0.5542 0.0014 1.9685, 0.5827 0.1336 1.9594, 0.5733 0.1373 1.9589, 0.5673 0.1381 1.9588, 0.5481 0.1406 1.9584, 0.5358 0.1392 1.9586, 0.5265 0.1382 1.9588, 0.519 0.1355 1.9591, 0.5043 0.1303 1.9598, 0.5026 0.1291 1.96, 0.4876 0.119 1.9613, 0.4846 0.1169 1.9615, 0.4755 0.1066 1.9627, 0.4686 0.0987 1.9636, 0.4659 0.0933 1.964, 0.7013 0.0035 1.9685, 0.7007 0.0095 1.9685, 0.6144 -0.0 1.9685, 0.6993 -0.0111 1.9684, 0.6999 -0.0064 1.9685, 0.7008 -0.0 1.9685, 0.7004 0.0133 1.9684, 0.6986 0.0188 1.9683, 0.6966 0.0254 1.9682, 0.6953 0.0276 1.9681, 0.6906 0.0353 1.9679, 0.6904 0.0356 1.9679, 0.6841 0.0425 1.9676, 0.6833 0.043 1.9676, 0.6756 0.0486 1.9673, 0.6738 0.0499 1.9672, 0.6671 0.0526 1.9671, 0.6629 0.0543 1.967, 0.6382 0.0772 1.9655, 0.6323 0.089 1.9644, 0.5996 0.0252 1.9682, 0.6583 0.055 1.967, 0.6484 0.0563 1.9669, 0.6101 0.0072 1.9685, 0.643 0.0563 1.9669, 0.639 0.0735 1.9657, 0.6276 0.0983 1.9636, 0.6239 0.1026 1.9631, 0.6116 0.1164 1.9616, 0.4522 -0.0 1.9685, 0.4472 0.0803 1.9652, 0.4389 0.0836 1.9649, 0.4346 0.0842 1.9649, 0.4214 0.0861 1.9647, 0.4131 0.0853 1.9648, 0.4097 0.085 1.9648, 0.4013 0.0826 1.965, 0.3942 0.0805 1.9652, 0.3901 0.0781 1.9654, 0.381 0.0727 1.9658, 0.3803 0.0721 1.9659, 0.3714 0.064 1.9664, 0.3712 0.0638 1.9664, 0.3642 0.0541 1.967, 0.3617 0.0507 1.9672, 0.3588 0.0434 1.9675, 0.3561 0.0367 1.9678, 0.3555 0.0324 1.9679, 0.3536 0.0184 1.9683, 0.3544 0.0083 1.9685, 0.4553 0.077 1.9655, 0.458 0.0008 1.9685, 0.4652 0.0003 1.9685, 0.4774 -0.0025 1.9685, 0.4813 -0.0034 1.9685, 0.4885 -0.0071 1.9685, 0.496 -0.0109 1.9685, 0.4991 -0.0137 1.9684, 0.5088 -0.0223 1.9683, 0.359 -0.0079 1.9685, 0.3651 -0.0185 1.9683, 0.402 -0.0291 1.9681, 0.3671 -0.0221 1.9683, 0.373 -0.0283 1.9681, 0.3782 -0.0338 1.9679, 0.3819 -0.0362 1.9678, 0.3972 -0.0383 1.9677, 0.3943 -0.0439 1.9675, 0.4037 -0.0272 1.9681, 0.3567 -0.0 1.9685, 0.3587 -0.0071 1.9685, 0.4121 -0.0176 1.9683, 0.4131 -0.0165 1.9684, 0.4223 -0.01 1.9685, 0.4259 -0.0074 1.9685, 0.4334 -0.0044 1.9685, 0.4403 -0.0016 1.9685, 0.3554 0.0048 1.9685, 0.4446 -0.0011 1.9685, 1.0215 -0.1215 1.961, 1.6929 -0.2548 1.935, 0.2127 -0.3556 1.902, 1.6929 -0.3552 1.9009, 1.6929 -0.3767 1.8936, 0.2127 -0.5182 1.8211, 1.6929 -0.4921 1.8366, 0.2127 -0.6631 1.7116, 1.6929 -0.5992 1.7651, 1.6929 -0.5173 1.8198, 1.6929 -0.7851 1.5771, 1.6929 -0.7809 1.5834, 0.2127 -0.7855 1.5774, 1.6929 -0.696 1.6802, 1.6929 -0.6618 1.7102, 1.6929 -0.8524 1.4764, 0.2127 -0.8811 1.423, 1.6929 -0.8792 1.422, 1.6929 -0.9094 1.3609, 0.2127 -0.9467 1.2536, 1.6929 -0.9459 1.2533, 1.6929 -0.9507 1.239, 0.2127 -0.9801 1.0751, 1.6929 -0.9759 1.1127, 0.2127 -0.9801 0.8934, 1.6929 -0.9843 0.9843, 1.6929 -0.9783 1.075, 1.6929 -0.9459 0.7152, 1.6929 -0.9507 0.7295, 0.2127 -0.9467 0.7149, 1.6929 -0.9759 0.8558, 1.6929 -0.9783 0.8936, 1.6929 -0.9094 0.6076, 0.2127 -0.8811 0.5455, 1.6929 -0.8792 0.5465, 1.6929 -0.8524 0.4921, 0.2127 -0.7855 0.3911, 1.6929 -0.7851 0.3914, 1.6929 -0.7809 0.3851, 0.2127 -0.6631 0.2569, 1.6929 -0.696 0.2883, 0.2127 -0.5182 0.1474, 1.6929 -0.5992 0.2034, 1.6929 -0.6618 0.2583, 1.6929 -0.3552 0.0676, 1.6929 -0.3767 0.0749, 0.2127 -0.3556 0.0665, 1.6929 -0.4921 0.1319, 1.6929 -0.5173 0.1487, 1.6929 -0.2548 0.0335, 0.2127 -0.1809 0.0168, 1.6929 -0.1805 0.0188, 1.6929 -0.1285 0.0084, 0.2127 -0.0 0.0, 1.6929 -0.0 0.0, 1.6929 0.1285 0.0084, 0.2127 0.1808 0.0168, 1.6929 0.1804 0.0188, 1.6929 0.2547 0.0335, 0.2127 0.3555 0.0665, 1.6929 0.3551 0.0676, 1.6929 0.3766 0.0749, 0.2127 0.5181 0.1474, 1.6929 0.4921 0.1319, 0.2127 0.6631 0.2569, 1.6929 0.5992 0.2034, 1.6929 0.5173 0.1487, 1.6929 0.785 0.3914, 1.6929 0.7808 0.3851, 0.2127 0.7854 0.3911, 1.6929 0.696 0.2883, 1.6929 0.6618 0.2583, 1.6929 0.8524 0.4921, 0.2127 0.881 0.5455, 1.6929 0.8792 0.5465, 1.6929 0.9093 0.6076, 0.2127 0.9467 0.7149, 1.6929 0.9458 0.7152, 1.6929 0.9507 0.7295, 0.2127 0.98 0.8934, 1.6929 0.9758 0.8558, 0.2127 0.98 1.0751, 1.6929 0.9842 0.9843, 1.6929 0.9783 0.8936, 1.6929 0.9458 1.2533, 1.6929 0.9507 1.239, 0.2127 0.9467 1.2536, 1.6929 0.9758 1.1127, 1.6929 0.9783 1.075, 1.6929 0.9093 1.3609, 0.2127 0.881 1.423, 1.6929 0.8792 1.422, 1.6929 0.8524 1.4764, 0.2127 0.7854 1.5774, 1.6929 0.785 1.5771, 1.6929 0.7808 1.5834, 0.2127 0.6631 1.7116, 1.6929 0.696 1.6802, 0.2127 0.5181 1.8211, 1.6929 0.5992 1.7651, 1.6929 0.6618 1.7102, 1.6929 0.3551 1.9009, 1.6929 0.3766 1.8936, 0.2127 0.3555 1.902, 1.6929 0.4921 1.8366, 1.6929 0.5173 1.8198, 1.6929 0.2547 1.935, -1.2675 -0.0 1.9685, -1.2675 0.1808 1.9517, -1.2675 0.3555 1.902, -1.2675 0.5181 1.8211, -1.2675 0.6631 1.7116, -1.2675 0.7854 1.5774, -1.2675 0.881 1.423, -1.2675 0.9467 1.2536, -1.2675 0.98 1.0751, -1.2675 0.98 0.8934, -1.2675 0.9467 0.7149, -1.2675 0.881 0.5455, -1.2675 0.7854 0.3911, -1.2675 0.6631 0.2569, -1.2675 0.5181 0.1474, -1.2675 0.3555 0.0665, -1.2675 0.1808 0.0168, -1.2675 -0.0 0.0, -1.2675 -0.1809 0.0168, -1.2675 -0.3556 0.0665, -1.2675 -0.5182 0.1474, -1.2675 -0.6631 0.2569, -1.2675 -0.7855 0.3911, -1.2675 -0.8811 0.5455, -1.2675 -0.9467 0.7149, -1.2675 -0.9801 0.8934, -1.2675 -0.9801 1.0751, -1.2675 -0.9467 1.2536, -1.2675 -0.8811 1.423, -1.2675 -0.7855 1.5774, -1.2675 -0.6631 1.7116, -1.2675 -0.5182 1.8211, -1.2675 -0.3556 1.902, -1.2675 -0.1809 1.9517, -1.6929 -0.1285 1.9601, -1.4889 -0.1809 1.9517, -1.4889 -0.0 1.9685, -1.6929 -0.3552 1.9009, -1.4889 -0.3556 1.902, -1.6929 -0.2548 1.935, -1.6929 -0.1805 1.9497, -1.6929 -0.3767 1.8936, -1.6929 -0.4921 1.8366, -1.4889 -0.5182 1.8211, -1.6929 -0.6618 1.7102, -1.4889 -0.6631 1.7116, -1.6929 -0.5992 1.7651, -1.6929 -0.5173 1.8198, -1.6929 -0.696 1.6802, -1.6929 -0.7809 1.5834, -1.4889 -0.7855 1.5774, -1.6929 -0.7851 1.5771, -1.6929 -0.8524 1.4764, -1.4889 -0.8811 1.423, -1.6929 -0.9459 1.2533, -1.4889 -0.9467 1.2536, -1.6929 -0.9094 1.3609, -1.6929 -0.8792 1.422, -1.6929 -0.9507 1.239, -1.6929 -0.9759 1.1127, -1.4889 -0.9801 1.0751, -1.6929 -0.9783 0.8936, -1.4889 -0.9801 0.8934, -1.6929 -0.9843 0.9843, -1.6929 -0.9783 1.075, -1.6929 -0.9759 0.8558, -1.6929 -0.9507 0.7295, -1.4889 -0.9467 0.7149, -1.6929 -0.9459 0.7152, -1.6929 -0.9094 0.6076, -1.4889 -0.8811 0.5455, -1.6929 -0.7851 0.3914, -1.4889 -0.7855 0.3911, -1.6929 -0.8524 0.4921, -1.6929 -0.8792 0.5465, -1.6929 -0.7809 0.3851, -1.6929 -0.696 0.2883, -1.4889 -0.6631 0.2569, -1.6929 -0.5173 0.1487, -1.4889 -0.5182 0.1474, -1.6929 -0.5992 0.2034, -1.6929 -0.6618 0.2583, -1.6929 -0.4921 0.1319, -1.6929 -0.3767 0.0749, -1.4889 -0.3556 0.0665, -1.6929 -0.3552 0.0676, -1.6929 -0.2548 0.0335, -1.4889 -0.1809 0.0168, -1.6929 -0.1805 0.0188, -1.6929 -0.1285 0.0084, -1.4889 -0.0 0.0, -1.6929 -0.0 0.0, -1.6929 0.1285 0.0084, -1.4889 0.1808 0.0168, -1.6929 0.3551 0.0676, -1.4889 0.3555 0.0665, -1.6929 0.2547 0.0335, -1.6929 0.1804 0.0188, -1.6929 0.3766 0.0749, -1.6929 0.4921 0.1319, -1.4889 0.5181 0.1474, -1.6929 0.6618 0.2583, -1.4889 0.6631 0.2569, -1.6929 0.5992 0.2034, -1.6929 0.5173 0.1487, -1.6929 0.696 0.2883, -1.6929 0.7808 0.3851, -1.4889 0.7854 0.3911, -1.6929 0.785 0.3914, -1.6929 0.8524 0.4921, -1.4889 0.881 0.5455, -1.6929 0.9458 0.7152, -1.4889 0.9467 0.7149, -1.6929 0.9093 0.6076, -1.6929 0.8792 0.5465, -1.6929 0.9507 0.7295, -1.6929 0.9758 0.8558, -1.4889 0.98 0.8934, -1.6929 0.9783 1.075, -1.4889 0.98 1.0751, -1.6929 0.9842 0.9843, -1.6929 0.9783 0.8936, -1.6929 0.9758 1.1127, -1.6929 0.9507 1.239, -1.4889 0.9467 1.2536, -1.6929 0.9458 1.2533, -1.6929 0.9093 1.3609, -1.4889 0.881 1.423, -1.6929 0.785 1.5771, -1.4889 0.7854 1.5774, -1.6929 0.8524 1.4764, -1.6929 0.8792 1.422, -1.6929 0.7808 1.5834, -1.6929 0.696 1.6802, -1.4889 0.6631 1.7116, -1.6929 0.5173 1.8198, -1.4889 0.5181 1.8211, -1.6929 0.5992 1.7651, -1.6929 0.6618 1.7102, -1.6929 0.4921 1.8366, -1.6929 0.3766 1.8936, -1.4889 0.3555 1.902, -1.6929 0.3551 1.9009, -1.6929 0.2547 1.935, -1.4889 0.1808 1.9517, -1.6929 0.1804 1.9497, -1.6929 0.1285 1.9601, -1.6929 -0.0 1.9685
            ]
        }
        coordIndex [
            0,1,2,-1,3,4,5,-1,5,4,6,-1,7,3,8,-1,8,3,9,-1,7,10,3,-1,3,10,11,-1,3,11,12,-1,13,14,4,-1,12,15,3,-1,3,15,16,-1,3,16,4,-1,4,16,17,-1,4,17,13,-1,18,19,20,-1,21,18,22,-1,22,18,20,-1,22,20,23,-1,23,20,24,-1,14,25,4,-1,4,25,26,-1,4,26,27,-1,27,26,18,-1,28,29,30,-1,31,32,33,-1,34,35,36,-1,37,38,39,-1,37,39,40,-1,38,41,39,-1,39,41,42,-1,39,42,43,-1,43,44,39,-1,39,44,45,-1,39,45,46,-1,46,47,39,-1,39,47,48,-1,39,48,49,-1,49,50,39,-1,39,50,51,-1,39,51,52,-1,52,53,39,-1,39,53,54,-1,39,54,36,-1,36,54,55,-1,36,55,34,-1,56,57,58,-1,28,59,39,-1,39,59,60,-1,39,60,40,-1,61,62,63,-1,63,62,64,-1,18,62,19,-1,19,62,61,-1,19,61,58,-1,58,61,65,-1,58,65,56,-1,66,67,30,-1,67,68,30,-1,30,68,69,-1,30,69,28,-1,69,70,28,-1,28,70,71,-1,28,71,72,-1,72,73,28,-1,28,73,74,-1,28,74,75,-1,75,76,28,-1,28,76,77,-1,28,77,78,-1,78,79,28,-1,28,79,80,-1,28,80,81,-1,81,82,28,-1,28,82,83,-1,28,83,84,-1,85,86,87,-1,87,86,88,-1,87,88,89,-1,89,90,87,-1,87,90,91,-1,87,91,92,-1,92,93,87,-1,87,93,94,-1,87,94,30,-1,30,94,95,-1,30,95,66,-1,96,97,98,-1,84,99,28,-1,28,99,64,-1,28,64,59,-1,59,64,62,-1,59,62,100,-1,97,101,98,-1,98,101,102,-1,98,102,103,-1,103,104,98,-1,98,104,105,-1,98,105,106,-1,106,107,98,-1,98,107,108,-1,98,108,109,-1,109,110,98,-1,98,110,111,-1,98,111,112,-1,112,111,113,-1,112,113,3,-1,3,113,114,-1,3,114,9,-1,115,116,117,-1,118,119,120,-1,120,119,121,-1,120,121,117,-1,117,121,122,-1,117,122,115,-1,116,123,117,-1,117,123,124,-1,117,124,125,-1,125,126,117,-1,117,126,127,-1,117,127,128,-1,128,129,117,-1,117,129,130,-1,117,130,131,-1,132,117,133,-1,133,117,131,-1,133,131,134,-1,135,136,137,-1,137,136,138,-1,137,138,134,-1,134,138,139,-1,134,139,133,-1,132,140,117,-1,117,140,141,-1,117,141,59,-1,142,143,144,-1,144,143,145,-1,143,146,145,-1,145,146,147,-1,145,147,148,-1,149,150,151,-1,151,150,152,-1,153,154,6,-1,6,154,155,-1,6,155,5,-1,5,155,142,-1,5,142,152,-1,152,142,144,-1,152,144,151,-1,156,157,158,-1,159,160,156,-1,161,162,156,-1,160,163,156,-1,156,163,164,-1,156,164,161,-1,162,165,156,-1,156,165,166,-1,156,166,167,-1,167,168,156,-1,156,168,169,-1,156,169,170,-1,170,171,172,-1,172,173,174,-1,170,172,156,-1,156,172,174,-1,156,174,175,-1,158,157,176,-1,176,157,177,-1,176,177,178,-1,179,180,181,-1,182,183,184,-1,185,186,181,-1,181,186,187,-1,181,187,184,-1,184,187,188,-1,184,188,182,-1,183,189,184,-1,184,189,190,-1,184,190,181,-1,181,190,191,-1,181,191,179,-1,178,192,176,-1,176,192,181,-1,176,181,193,-1,193,181,180,-1,194,195,196,-1,195,58,158,-1,158,58,57,-1,158,57,156,-1,156,57,197,-1,156,197,159,-1,198,196,199,-1,199,196,195,-1,199,195,200,-1,200,195,158,-1,35,31,36,-1,36,31,33,-1,36,33,87,-1,87,33,201,-1,87,201,85,-1,85,201,196,-1,85,196,202,-1,202,196,198,-1,203,204,205,-1,205,204,206,-1,205,206,207,-1,208,209,207,-1,207,209,210,-1,207,210,211,-1,211,212,207,-1,207,212,213,-1,207,213,214,-1,214,215,207,-1,207,215,216,-1,207,216,217,-1,218,219,220,-1,220,221,218,-1,218,221,222,-1,218,222,223,-1,223,224,218,-1,218,224,225,-1,218,225,226,-1,226,227,218,-1,218,227,228,-1,218,228,229,-1,229,230,218,-1,218,230,231,-1,218,231,232,-1,232,233,218,-1,218,233,234,-1,218,234,235,-1,235,236,218,-1,218,236,237,-1,218,237,238,-1,238,239,218,-1,218,239,240,-1,218,240,241,-1,217,242,207,-1,207,242,243,-1,207,243,205,-1,205,243,244,-1,205,244,245,-1,246,247,248,-1,248,247,249,-1,248,249,250,-1,250,251,248,-1,248,251,252,-1,248,252,253,-1,254,255,256,-1,256,255,248,-1,256,248,257,-1,257,248,253,-1,254,258,255,-1,255,258,259,-1,255,259,260,-1,260,261,255,-1,255,261,262,-1,255,262,263,-1,264,265,266,-1,266,267,264,-1,264,267,268,-1,264,268,269,-1,269,270,264,-1,264,270,271,-1,264,271,272,-1,272,271,273,-1,272,273,274,-1,274,273,275,-1,276,277,275,-1,275,277,278,-1,278,279,275,-1,275,279,280,-1,275,280,281,-1,281,282,275,-1,275,282,283,-1,275,283,284,-1,284,285,275,-1,275,285,286,-1,275,286,287,-1,287,288,275,-1,275,288,289,-1,275,289,290,-1,290,291,275,-1,275,291,292,-1,275,292,293,-1,293,294,275,-1,275,294,295,-1,275,295,274,-1,296,297,298,-1,298,297,205,-1,299,300,120,-1,120,300,301,-1,120,301,118,-1,31,302,32,-1,32,302,303,-1,32,303,304,-1,304,303,305,-1,304,305,306,-1,306,307,304,-1,304,307,308,-1,304,308,309,-1,309,310,304,-1,304,310,311,-1,304,311,312,-1,312,313,304,-1,304,313,314,-1,304,314,315,-1,315,314,316,-1,315,316,317,-1,317,318,315,-1,315,318,319,-1,315,319,320,-1,321,322,323,-1,323,322,324,-1,323,324,325,-1,326,327,328,-1,325,329,323,-1,323,329,328,-1,323,328,330,-1,330,328,327,-1,320,331,315,-1,315,331,321,-1,315,321,332,-1,332,321,323,-1,333,334,335,-1,335,334,336,-1,335,336,337,-1,337,336,338,-1,337,338,328,-1,328,338,339,-1,328,339,326,-1,315,298,304,-1,304,298,205,-1,304,205,248,-1,248,205,245,-1,248,245,246,-1,315,340,298,-1,298,340,341,-1,298,341,342,-1,342,343,298,-1,298,343,344,-1,298,344,345,-1,345,346,298,-1,298,346,347,-1,298,347,348,-1,349,350,351,-1,348,352,298,-1,298,352,353,-1,298,353,349,-1,349,351,298,-1,298,351,354,-1,298,354,355,-1,355,356,298,-1,298,356,357,-1,298,357,358,-1,358,359,298,-1,298,359,360,-1,298,360,120,-1,120,360,361,-1,120,361,299,-1,362,363,364,-1,364,363,365,-1,364,365,366,-1,366,365,367,-1,366,367,335,-1,335,367,368,-1,335,368,333,-1,362,369,363,-1,363,369,370,-1,363,370,371,-1,371,370,372,-1,371,372,218,-1,218,372,373,-1,218,373,219,-1,374,375,376,-1,376,377,374,-1,374,377,378,-1,374,378,379,-1,379,380,374,-1,374,380,381,-1,374,381,382,-1,382,383,374,-1,374,383,384,-1,374,384,385,-1,385,386,374,-1,374,386,387,-1,374,387,388,-1,388,389,374,-1,374,389,390,-1,374,390,391,-1,391,392,374,-1,374,392,393,-1,374,393,394,-1,394,395,374,-1,374,395,396,-1,374,396,397,-1,397,398,374,-1,374,398,399,-1,374,399,400,-1,400,399,401,-1,375,374,402,-1,402,374,403,-1,402,403,404,-1,404,403,405,-1,405,403,406,-1,405,406,407,-1,407,406,408,-1,407,408,409,-1,410,411,196,-1,196,411,412,-1,196,412,413,-1,414,415,27,-1,413,416,196,-1,196,416,417,-1,196,417,418,-1,414,27,419,-1,418,419,196,-1,196,419,27,-1,196,27,194,-1,194,27,18,-1,194,18,420,-1,420,18,21,-1,420,21,421,-1,421,21,422,-1,415,423,27,-1,27,423,424,-1,27,424,425,-1,409,426,407,-1,407,426,427,-1,407,427,428,-1,428,427,206,-1,428,206,429,-1,429,206,204,-1,426,430,427,-1,427,430,431,-1,427,431,432,-1,432,433,427,-1,427,433,434,-1,427,434,435,-1,436,437,438,-1,434,439,435,-1,435,439,440,-1,435,440,441,-1,441,440,442,-1,441,442,443,-1,437,444,438,-1,438,444,441,-1,438,441,445,-1,445,441,443,-1,446,447,438,-1,438,447,448,-1,438,448,436,-1,446,449,447,-1,447,449,450,-1,447,450,451,-1,451,452,447,-1,447,452,453,-1,447,453,454,-1,454,455,447,-1,447,455,27,-1,447,27,456,-1,456,27,425,-1,455,457,27,-1,27,457,458,-1,27,458,459,-1,460,461,27,-1,462,463,464,-1,464,463,465,-1,466,467,468,-1,468,467,410,-1,410,467,411,-1,411,467,469,-1,411,469,264,-1,470,471,469,-1,469,471,255,-1,469,255,264,-1,264,255,263,-1,264,263,265,-1,472,473,474,-1,474,473,475,-1,474,475,476,-1,476,475,477,-1,476,477,478,-1,478,477,479,-1,478,479,480,-1,480,479,481,-1,482,483,484,-1,484,483,485,-1,484,485,486,-1,487,480,482,-1,482,480,481,-1,482,481,483,-1,98,488,472,-1,472,488,489,-1,472,489,473,-1,473,489,145,-1,473,145,490,-1,490,145,148,-1,490,148,491,-1,491,148,492,-1,491,492,493,-1,493,494,491,-1,491,494,495,-1,491,495,496,-1,496,497,491,-1,491,497,498,-1,491,498,499,-1,500,501,502,-1,499,503,491,-1,491,503,504,-1,491,504,502,-1,502,504,505,-1,502,505,500,-1,501,506,502,-1,502,506,507,-1,502,507,487,-1,487,507,508,-1,487,508,509,-1,509,510,487,-1,487,510,511,-1,487,511,512,-1,512,513,487,-1,487,513,514,-1,487,514,515,-1,516,517,518,-1,518,517,519,-1,518,519,520,-1,520,519,521,-1,520,521,522,-1,522,521,523,-1,515,524,487,-1,487,524,525,-1,487,525,526,-1,526,525,527,-1,526,527,528,-1,528,527,529,-1,465,463,530,-1,530,463,531,-1,530,531,461,-1,461,531,532,-1,461,532,27,-1,27,532,533,-1,27,533,534,-1,534,533,535,-1,534,535,536,-1,536,537,534,-1,534,537,538,-1,534,538,539,-1,539,540,534,-1,534,540,541,-1,534,541,542,-1,153,521,154,-1,154,521,519,-1,154,519,527,-1,527,519,543,-1,527,543,529,-1,529,543,534,-1,529,534,544,-1,544,534,542,-1,545,546,205,-1,546,547,205,-1,205,547,548,-1,205,548,203,-1,549,550,551,-1,551,550,552,-1,549,553,550,-1,550,553,554,-1,550,554,555,-1,555,556,550,-1,550,556,557,-1,550,557,558,-1,558,559,550,-1,550,559,560,-1,550,560,561,-1,561,562,550,-1,550,562,563,-1,550,563,564,-1,459,565,27,-1,27,565,566,-1,27,566,460,-1,460,566,550,-1,460,550,567,-1,567,550,564,-1,568,569,570,-1,570,571,568,-1,568,571,572,-1,568,572,573,-1,573,574,568,-1,568,574,575,-1,568,575,576,-1,576,577,568,-1,568,577,578,-1,568,578,579,-1,580,581,582,-1,581,583,584,-1,584,585,586,-1,581,584,582,-1,582,584,586,-1,582,586,587,-1,580,582,578,-1,578,582,588,-1,578,588,589,-1,589,590,578,-1,578,590,591,-1,578,591,592,-1,592,593,578,-1,578,593,594,-1,578,594,579,-1,569,568,595,-1,595,568,596,-1,595,596,550,-1,550,596,597,-1,550,597,598,-1,598,599,550,-1,550,599,600,-1,550,600,601,-1,601,602,550,-1,550,602,603,-1,550,603,552,-1,552,603,604,-1,552,604,605,-1,605,606,552,-1,552,606,607,-1,552,607,608,-1,608,609,552,-1,552,609,610,-1,552,610,611,-1,611,612,552,-1,552,612,613,-1,552,613,614,-1,614,613,615,-1,614,615,616,-1,616,615,617,-1,616,617,205,-1,205,617,618,-1,205,618,545,-1,619,1,620,-1,620,1,621,-1,620,621,622,-1,619,623,1,-1,1,623,624,-1,1,624,625,-1,625,626,1,-1,1,626,627,-1,1,627,628,-1,628,629,1,-1,1,629,630,-1,1,630,631,-1,631,632,1,-1,1,632,633,-1,1,633,634,-1,634,635,1,-1,1,635,636,-1,1,636,2,-1,637,638,639,-1,241,640,218,-1,218,640,641,-1,218,641,639,-1,639,641,642,-1,639,642,637,-1,638,643,639,-1,639,643,644,-1,639,644,645,-1,645,646,639,-1,639,646,647,-1,639,647,648,-1,648,649,639,-1,639,649,650,-1,639,650,651,-1,651,652,639,-1,639,652,653,-1,639,653,654,-1,655,656,657,-1,654,658,639,-1,639,658,659,-1,639,659,660,-1,660,659,661,-1,660,661,657,-1,657,661,662,-1,657,662,655,-1,656,663,657,-1,657,663,664,-1,657,664,622,-1,622,664,665,-1,622,665,620,-1,666,667,668,-1,668,669,666,-1,666,669,670,-1,666,670,671,-1,671,672,666,-1,666,672,673,-1,666,673,674,-1,674,675,666,-1,666,675,676,-1,666,676,677,-1,677,678,666,-1,666,678,679,-1,666,679,680,-1,680,681,666,-1,666,681,682,-1,666,682,683,-1,683,684,666,-1,666,684,685,-1,666,685,686,-1,667,666,687,-1,687,666,688,-1,687,688,2,-1,2,688,689,-1,2,689,0,-1,1,690,621,-1,621,690,691,-1,621,691,692,-1,692,693,621,-1,621,693,694,-1,621,694,695,-1,696,697,698,-1,698,697,699,-1,698,699,700,-1,700,701,698,-1,698,701,702,-1,698,702,703,-1,703,702,704,-1,705,706,698,-1,698,706,707,-1,698,707,696,-1,705,708,706,-1,706,708,709,-1,706,709,710,-1,710,711,706,-1,706,711,712,-1,706,712,713,-1,686,714,666,-1,666,714,706,-1,666,706,715,-1,715,706,713,-1,526,716,487,-1,487,716,296,-1,487,296,480,-1,480,296,298,-1,480,298,717,-1,717,298,718,-1,717,718,719,-1,719,718,720,-1,720,718,721,-1,720,721,722,-1,723,724,721,-1,721,724,725,-1,721,725,722,-1,726,727,728,-1,728,727,729,-1,728,729,723,-1,723,729,730,-1,723,730,724,-1,726,728,731,-1,731,728,732,-1,731,732,733,-1,733,732,734,-1,734,732,735,-1,734,735,736,-1,736,735,737,-1,737,735,738,-1,737,738,739,-1,740,741,738,-1,738,741,742,-1,738,742,739,-1,743,744,745,-1,745,744,746,-1,745,746,740,-1,740,746,747,-1,740,747,741,-1,743,745,748,-1,748,745,749,-1,748,749,750,-1,750,749,751,-1,751,749,752,-1,751,752,753,-1,753,752,754,-1,754,752,755,-1,754,755,756,-1,757,758,755,-1,755,758,759,-1,755,759,756,-1,760,761,762,-1,762,761,763,-1,762,763,757,-1,757,763,764,-1,757,764,758,-1,760,762,765,-1,765,762,766,-1,765,766,767,-1,767,766,768,-1,768,766,769,-1,768,769,770,-1,770,769,771,-1,771,769,772,-1,771,772,773,-1,773,772,774,-1,774,772,775,-1,774,775,776,-1,776,775,777,-1,777,775,778,-1,777,778,779,-1,780,781,778,-1,778,781,782,-1,778,782,779,-1,783,784,785,-1,785,784,786,-1,785,786,780,-1,780,786,787,-1,780,787,781,-1,783,785,788,-1,788,785,789,-1,788,789,790,-1,790,789,791,-1,791,789,792,-1,791,792,793,-1,793,792,794,-1,794,792,795,-1,794,795,796,-1,797,798,795,-1,795,798,799,-1,795,799,796,-1,800,801,802,-1,802,801,803,-1,802,803,797,-1,797,803,804,-1,797,804,798,-1,800,802,805,-1,805,802,806,-1,805,806,807,-1,807,806,808,-1,808,806,809,-1,808,809,810,-1,810,809,811,-1,811,809,812,-1,811,812,813,-1,814,815,812,-1,812,815,816,-1,812,816,813,-1,817,818,819,-1,819,818,820,-1,819,820,814,-1,814,820,821,-1,814,821,815,-1,817,819,822,-1,822,819,117,-1,822,117,472,-1,472,117,59,-1,472,59,98,-1,98,59,100,-1,98,100,96,-1,823,117,824,-1,824,117,819,-1,824,819,825,-1,825,819,814,-1,825,814,826,-1,826,814,812,-1,826,812,827,-1,827,812,809,-1,827,809,828,-1,828,809,806,-1,828,806,829,-1,829,806,802,-1,829,802,830,-1,830,802,797,-1,830,797,831,-1,831,797,795,-1,831,795,832,-1,832,795,792,-1,832,792,833,-1,833,792,789,-1,833,789,834,-1,834,789,785,-1,834,785,835,-1,835,785,780,-1,835,780,836,-1,836,780,778,-1,836,778,837,-1,837,778,775,-1,837,775,838,-1,838,775,772,-1,838,772,839,-1,839,772,769,-1,839,769,840,-1,840,769,766,-1,840,766,841,-1,841,766,762,-1,841,762,842,-1,842,762,757,-1,842,757,843,-1,843,757,755,-1,843,755,844,-1,844,755,752,-1,844,752,845,-1,845,752,749,-1,845,749,846,-1,846,749,745,-1,846,745,847,-1,847,745,740,-1,847,740,848,-1,848,740,738,-1,848,738,849,-1,849,738,735,-1,849,735,850,-1,850,735,732,-1,850,732,851,-1,851,732,728,-1,851,728,852,-1,852,728,723,-1,852,723,853,-1,853,723,721,-1,853,721,854,-1,854,721,718,-1,854,718,855,-1,855,718,298,-1,855,298,856,-1,856,298,120,-1,856,120,823,-1,823,120,117,-1,857,858,859,-1,860,861,862,-1,862,861,858,-1,862,858,863,-1,863,858,857,-1,860,864,861,-1,861,864,865,-1,861,865,866,-1,867,868,869,-1,869,868,866,-1,869,866,870,-1,870,866,865,-1,867,871,868,-1,868,871,872,-1,868,872,873,-1,872,874,873,-1,873,874,875,-1,873,875,876,-1,877,878,879,-1,879,878,876,-1,879,876,880,-1,880,876,875,-1,877,881,878,-1,878,881,882,-1,878,882,883,-1,884,885,886,-1,886,885,883,-1,886,883,887,-1,887,883,882,-1,884,888,885,-1,885,888,889,-1,885,889,890,-1,889,891,890,-1,890,891,892,-1,890,892,893,-1,894,895,896,-1,896,895,893,-1,896,893,897,-1,897,893,892,-1,894,898,895,-1,895,898,899,-1,895,899,900,-1,901,902,903,-1,903,902,900,-1,903,900,904,-1,904,900,899,-1,901,905,902,-1,902,905,906,-1,902,906,907,-1,906,908,907,-1,907,908,909,-1,907,909,910,-1,909,911,910,-1,910,911,912,-1,910,912,913,-1,912,914,913,-1,913,914,915,-1,913,915,916,-1,917,918,919,-1,919,918,916,-1,919,916,920,-1,920,916,915,-1,917,921,918,-1,918,921,922,-1,918,922,923,-1,924,925,926,-1,926,925,923,-1,926,923,927,-1,927,923,922,-1,924,928,925,-1,925,928,929,-1,925,929,930,-1,929,931,930,-1,930,931,932,-1,930,932,933,-1,934,935,936,-1,936,935,933,-1,936,933,937,-1,937,933,932,-1,934,938,935,-1,935,938,939,-1,935,939,940,-1,941,942,943,-1,943,942,940,-1,943,940,944,-1,944,940,939,-1,941,945,942,-1,942,945,946,-1,942,946,947,-1,946,948,947,-1,947,948,949,-1,947,949,950,-1,951,952,953,-1,953,952,950,-1,953,950,954,-1,954,950,949,-1,951,955,952,-1,952,955,956,-1,952,956,957,-1,958,959,960,-1,960,959,957,-1,960,957,961,-1,961,957,956,-1,958,962,959,-1,959,962,963,-1,959,963,964,-1,963,965,964,-1,964,965,966,-1,964,966,967,-1,966,968,967,-1,967,968,969,-1,967,969,859,-1,859,969,970,-1,859,970,857,-1,
        ]
    }
}
Shape{
    appearance Appearance {
        material  Material 	{
            diffuseColor 0.6666666666666666 0.6666666666666666 0.6666666666666666
            specularColor 0.4666666666666667 0.4666666666666667 0.4666666666666667
            ambientIntensity 0.6667
            transparency 0.0
            shininess 0.5
        }
    }
    geometry IndexedFaceSet {
        ccw TRUE
        solid FALSE
        coord DEF co Coordinate {
            point [
                -1.4889 -0.0 1.9685, -1.2675 0.1808 1.9517, -1.4889 0.1808 1.9517, -1.2675 0.3555 1.902, -1.4889 0.3555 1.902, -1.2675 0.5181 1.8211, -1.4889 0.5181 1.8211, -1.2675 0.6631 1.7116, -1.4889 0.6631 1.7116, -1.2675 0.7854 1.5774, -1.4889 0.7854 1.5774, -1.2675 0.881 1.423, -1.4889 0.881 1.423, -1.2675 0.9467 1.2536, -1.4889 0.9467 1.2536, -1.2675 0.98 1.0751, -1.4889 0.98 1.0751, -1.2675 0.98 0.8934, -1.4889 0.98 0.8934, -1.2675 0.9467 0.7149, -1.4889 0.9467 0.7149, -1.2675 0.881 0.5455, -1.4889 0.881 0.5455, -1.2675 0.7854 0.3911, -1.4889 0.7854 0.3911, -1.2675 0.6631 0.2569, -1.4889 0.6631 0.2569, -1.2675 0.5181 0.1474, -1.4889 0.5181 0.1474, -1.2675 0.3555 0.0665, -1.4889 0.3555 0.0665, -1.2675 0.1808 0.0168, -1.4889 0.1808 0.0168, -1.2675 -0.0 0.0, -1.4889 -0.0 0.0, -1.2675 -0.1809 0.0168, -1.4889 -0.1809 0.0168, -1.2675 -0.3556 0.0665, -1.4889 -0.3556 0.0665, -1.2675 -0.5182 0.1474, -1.4889 -0.5182 0.1474, -1.2675 -0.6631 0.2569, -1.4889 -0.6631 0.2569, -1.2675 -0.7855 0.3911, -1.4889 -0.7855 0.3911, -1.2675 -0.8811 0.5455, -1.4889 -0.8811 0.5455, -1.2675 -0.9467 0.7149, -1.4889 -0.9467 0.7149, -1.2675 -0.9801 0.8934, -1.4889 -0.9801 0.8934, -1.2675 -0.9801 1.0751, -1.4889 -0.9801 1.0751, -1.2675 -0.9467 1.2536, -1.4889 -0.9467 1.2536, -1.2675 -0.8811 1.423, -1.4889 -0.8811 1.423, -1.2675 -0.7855 1.5774, -1.4889 -0.7855 1.5774, -1.2675 -0.6631 1.7116, -1.4889 -0.6631 1.7116, -1.2675 -0.5182 1.8211, -1.4889 -0.5182 1.8211, -1.2675 -0.3556 1.902, -1.4889 -0.3556 1.902, -1.2675 -0.1809 1.9517, -1.4889 -0.1809 1.9517, -1.2675 -0.0 1.9685
            ]
        }
        coordIndex [
            0,1,2,-1,2,1,3,-1,2,3,4,-1,4,3,5,-1,4,5,6,-1,6,5,7,-1,6,7,8,-1,8,7,9,-1,8,9,10,-1,10,9,11,-1,10,11,12,-1,12,11,13,-1,12,13,14,-1,14,13,15,-1,14,15,16,-1,16,15,17,-1,16,17,18,-1,18,17,19,-1,18,19,20,-1,20,19,21,-1,20,21,22,-1,22,21,23,-1,22,23,24,-1,24,23,25,-1,24,25,26,-1,26,25,27,-1,26,27,28,-1,28,27,29,-1,28,29,30,-1,30,29,31,-1,30,31,32,-1,32,31,33,-1,32,33,34,-1,34,33,35,-1,34,35,36,-1,36,35,37,-1,36,37,38,-1,38,37,39,-1,38,39,40,-1,40,39,41,-1,40,41,42,-1,42,41,43,-1,42,43,44,-1,44,43,45,-1,44,45,46,-1,46,45,47,-1,46,47,48,-1,48,47,49,-1,48,49,50,-1,50,49,51,-1,50,51,52,-1,52,51,53,-1,52,53,54,-1,54,53,55,-1,54,55,56,-1,56,55,57,-1,56,57,58,-1,58,57,59,-1,58,59,60,-1,60,59,61,-1,60,61,62,-1,62,61,63,-1,62,63,64,-1,64,63,65,-1,64,65,66,-1,66,65,67,-1,66,67,0,-1,0,67,1,-1,
        ]
    }
}
Shape{
    appearance Appearance {
        material  Material 	{
            diffuseColor 0.20784313725490197 0.20784313725490197 0.20784313725490197
            specularColor 0.01568627450980392 0.01568627450980392 0.01568627450980392
            ambientIntensity 0.298
            transparency 0.0
            shininess 0.5
        }
    }
    geometry IndexedFaceSet {
        ccw TRUE
        solid FALSE
        coord DEF co Coordinate {
            point [
                1.7716 -0.0 0.8071, 1.7716 -0.0459 0.8131, 1.7716 -0.1182 0.0865, 1.7716 -0.1772 0.9843, 1.7716 -0.1711 1.0301, 1.7716 -0.8978 1.1024, 1.7716 -0.0886 0.8308, 1.7716 -0.3465 0.1477, 1.7716 -0.2344 0.1096, 1.7716 0.5512 1.7026, 1.7716 0.0886 1.1377, 1.7716 0.1253 1.1095, 1.7716 -0.1253 0.859, 1.7716 -0.5513 0.2659, 1.7716 -0.4528 0.2001, 1.7716 -0.1534 1.0728, 1.7716 -0.8366 1.3308, 1.7716 -0.8747 1.2186, 1.7716 -0.1253 1.1095, 1.7716 -0.7184 1.5355, 1.7716 -0.7842 1.437, 1.7716 -0.0886 1.1377, 1.7716 -0.5513 1.7026, 1.7716 -0.6403 1.6245, 1.7716 0.8366 1.3308, 1.7716 0.1534 1.0728, 1.7716 0.1711 1.0301, 1.7716 -0.0 0.0787, 1.7716 0.1182 0.0865, 1.7716 0.0458 0.8131, 1.7716 -0.1534 0.8957, 1.7716 -0.7184 0.433, 1.7716 -0.6403 0.344, 1.7716 -0.0459 1.1554, 1.7716 -0.3465 1.8208, 1.7716 -0.4528 1.7685, 1.7716 -0.0 1.1614, 1.7716 -0.1182 1.882, 1.7716 -0.2344 1.8589, 1.7716 0.7842 1.437, 1.7716 0.7184 1.5355, 1.7716 0.6403 1.6245, 1.7716 0.8366 0.6377, 1.7716 0.1711 0.9384, 1.7716 0.1534 0.8957, 1.7716 0.1253 0.859, 1.7716 0.7184 0.433, 1.7716 0.7842 0.5315, 1.7716 0.0886 0.8308, 1.7716 0.5512 0.2659, 1.7716 0.6403 0.344, 1.7716 -0.1711 0.9384, 1.7716 -0.8366 0.6377, 1.7716 -0.7842 0.5315, 1.7716 -0.9055 0.9843, 1.7716 -0.8978 0.8661, 1.7716 -0.8747 0.7499, 1.7716 0.4527 1.7685, 1.7716 0.3465 1.8208, 1.7716 0.0458 1.1554, 1.7716 0.1771 0.9843, 1.7716 0.8977 1.1024, 1.7716 0.8746 1.2186, 1.7716 0.8746 0.7499, 1.7716 0.8977 0.8661, 1.7716 0.9055 0.9843, 1.7716 0.2343 0.1096, 1.7716 0.3465 0.1477, 1.7716 0.4527 0.2001, 1.7716 0.2343 1.8589, 1.7716 0.1182 1.882, 1.7716 -0.0 1.8898, -1.7717 -0.1182 1.882, -1.7717 -0.0 1.1614, -1.7717 -0.0459 1.1554, -1.7717 -0.8978 0.8661, -1.7717 -0.1772 0.9843, -1.7717 -0.1711 0.9384, -1.7717 -0.0886 1.1377, -1.7717 -0.3465 1.8208, -1.7717 -0.2344 1.8589, -1.7717 -0.1253 1.1095, -1.7717 -0.5513 1.7026, -1.7717 -0.4528 1.7685, -1.7717 -0.1534 0.8957, -1.7717 -0.8366 0.6377, -1.7717 -0.8747 0.7499, -1.7717 -0.1253 0.859, -1.7717 -0.7184 0.433, -1.7717 -0.7842 0.5315, -1.7717 -0.0886 0.8308, -1.7717 -0.5513 0.2659, -1.7717 -0.6403 0.344, -1.7717 -0.1534 1.0728, -1.7717 -0.7184 1.5355, -1.7717 -0.6403 1.6245, -1.7717 0.0886 0.8308, -1.7717 0.1253 0.859, -1.7717 0.5512 0.2659, -1.7717 0.1534 0.8957, -1.7717 0.7184 0.433, -1.7717 0.6403 0.344, -1.7717 0.1711 0.9384, -1.7717 0.8366 0.6377, -1.7717 0.7842 0.5315, -1.7717 -0.0 1.8898, -1.7717 0.1182 1.882, -1.7717 0.0458 1.1554, -1.7717 -0.1711 1.0301, -1.7717 -0.8366 1.3308, -1.7717 -0.7842 1.437, -1.7717 -0.9055 0.9843, -1.7717 -0.8978 1.1024, -1.7717 -0.8747 1.2186, -1.7717 -0.0459 0.8131, -1.7717 -0.3465 0.1477, -1.7717 -0.4528 0.2001, -1.7717 -0.0 0.8071, -1.7717 -0.1182 0.0865, -1.7717 -0.2344 0.1096, -1.7717 0.4527 0.2001, -1.7717 0.3465 0.1477, -1.7717 0.0458 0.8131, -1.7717 0.1771 0.9843, -1.7717 0.8977 0.8661, -1.7717 0.8746 0.7499, -1.7717 0.1711 1.0301, -1.7717 0.8977 1.1024, -1.7717 0.9055 0.9843, -1.7717 0.7184 1.5355, -1.7717 0.1534 1.0728, -1.7717 0.1253 1.1095, -1.7717 0.0886 1.1377, -1.7717 0.5512 1.7026, -1.7717 0.6403 1.6245, -1.7717 0.2343 1.8589, -1.7717 0.3465 1.8208, -1.7717 0.4527 1.7685, -1.7717 0.2343 0.1096, -1.7717 0.1182 0.0865, -1.7717 -0.0 0.0787, -1.7717 0.7842 1.437, -1.7717 0.8366 1.3308, -1.7717 0.8746 1.2186
            ]
        }
        coordIndex [
            0,1,2,-1,3,4,5,-1,6,7,1,-1,1,7,8,-1,1,8,2,-1,9,10,11,-1,12,13,6,-1,6,13,14,-1,6,14,7,-1,15,16,4,-1,4,16,17,-1,4,17,5,-1,18,19,15,-1,15,19,20,-1,15,20,16,-1,21,22,18,-1,18,22,23,-1,18,23,19,-1,24,25,26,-1,2,27,0,-1,0,27,28,-1,0,28,29,-1,30,31,12,-1,12,31,32,-1,12,32,13,-1,33,34,21,-1,21,34,35,-1,21,35,22,-1,36,37,33,-1,33,37,38,-1,33,38,34,-1,24,39,25,-1,25,39,40,-1,25,40,11,-1,11,40,41,-1,11,41,9,-1,42,43,44,-1,45,46,44,-1,44,46,47,-1,44,47,42,-1,48,49,45,-1,45,49,50,-1,45,50,46,-1,51,52,30,-1,30,52,53,-1,30,53,31,-1,5,54,3,-1,3,54,55,-1,3,55,51,-1,51,55,56,-1,51,56,52,-1,9,57,10,-1,10,57,58,-1,10,58,59,-1,60,61,26,-1,26,61,62,-1,26,62,24,-1,42,63,43,-1,43,63,64,-1,43,64,60,-1,60,64,65,-1,60,65,61,-1,28,66,29,-1,29,66,67,-1,29,67,48,-1,48,67,68,-1,48,68,49,-1,58,69,59,-1,59,69,70,-1,59,70,36,-1,36,70,71,-1,36,71,37,-1,72,73,74,-1,75,76,77,-1,78,79,74,-1,74,79,80,-1,74,80,72,-1,81,82,78,-1,78,82,83,-1,78,83,79,-1,84,85,77,-1,77,85,86,-1,77,86,75,-1,87,88,84,-1,84,88,89,-1,84,89,85,-1,90,91,87,-1,87,91,92,-1,87,92,88,-1,93,94,81,-1,81,94,95,-1,81,95,82,-1,96,97,98,-1,99,100,97,-1,97,100,101,-1,97,101,98,-1,102,103,99,-1,99,103,104,-1,99,104,100,-1,72,105,73,-1,73,105,106,-1,73,106,107,-1,108,109,93,-1,93,109,110,-1,93,110,94,-1,75,111,76,-1,76,111,112,-1,76,112,108,-1,108,112,113,-1,108,113,109,-1,114,115,90,-1,90,115,116,-1,90,116,91,-1,117,118,114,-1,114,118,119,-1,114,119,115,-1,98,120,96,-1,96,120,121,-1,96,121,122,-1,123,124,102,-1,102,124,125,-1,102,125,103,-1,126,127,123,-1,123,127,128,-1,123,128,124,-1,129,130,131,-1,132,133,131,-1,131,133,134,-1,131,134,129,-1,106,135,107,-1,107,135,136,-1,107,136,132,-1,132,136,137,-1,132,137,133,-1,121,138,122,-1,122,138,139,-1,122,139,117,-1,117,139,140,-1,117,140,118,-1,129,141,130,-1,130,141,142,-1,130,142,126,-1,126,142,143,-1,126,143,127,-1,
        ]
    }
}
Shape{
    appearance Appearance {
        material  Material 	{
            diffuseColor 0.6666666666666666 0.6666666666666666 0.6666666666666666
            specularColor 0.4666666666666667 0.4666666666666667 0.4666666666666667
            ambientIntensity 0.6667
            transparency 0.0
            shininess 0.5
        }
    }
    geometry IndexedFaceSet {
        ccw TRUE
        solid FALSE
        coord DEF co Coordinate {
            point [
                -2.4056 0.0886 -1.9685, -2.3879 0.0458 -1.9685, -2.5591 -0.0 -1.9685, -2.3819 -0.0 -1.9685, -2.3879 -0.0459 -1.9685, -2.5132 0.1711 -1.9685, -2.4705 0.1534 -1.9685, -2.4338 0.1253 -1.9685, -2.6477 0.1534 -1.9685, -2.6049 0.1711 -1.9685, -2.5591 0.1771 -1.9685, -2.7302 0.0458 -1.9685, -2.7125 0.0886 -1.9685, -2.6843 0.1253 -1.9685, -2.7125 -0.0886 -1.9685, -2.7302 -0.0459 -1.9685, -2.7362 -0.0 -1.9685, -2.6049 -0.1711 -1.9685, -2.6477 -0.1534 -1.9685, -2.6843 -0.1253 -1.9685, -2.4705 -0.1534 -1.9685, -2.5132 -0.1711 -1.9685, -2.5591 -0.1772 -1.9685, -2.4056 -0.0886 -1.9685, -2.4338 -0.1253 -1.9685, -2.1654 -0.0 1.1614, -1.7717 0.0458 1.1554, -2.1654 0.0458 1.1554, -1.7717 0.0886 1.1377, -2.1654 0.0886 1.1377, -1.7717 0.1253 1.1095, -2.1654 0.1253 1.1095, -1.7717 0.1534 1.0728, -2.1654 0.1534 1.0728, -1.7717 0.1711 1.0301, -2.1654 0.1711 1.0301, -1.7717 0.1771 0.9843, -2.1654 0.1771 0.9843, -1.7717 0.1711 0.9384, -2.1654 0.1711 0.9384, -1.7717 0.1534 0.8957, -2.1654 0.1534 0.8957, -1.7717 0.1253 0.859, -2.1654 0.1253 0.859, -1.7717 0.0886 0.8308, -2.1654 0.0886 0.8308, -1.7717 0.0458 0.8131, -2.1654 0.0458 0.8131, -1.7717 -0.0 0.8071, -2.1654 -0.0 0.8071, -1.7717 -0.0459 0.8131, -2.1654 -0.0459 0.8131, -1.7717 -0.0886 0.8308, -2.1654 -0.0886 0.8308, -1.7717 -0.1253 0.859, -2.1654 -0.1253 0.859, -1.7717 -0.1534 0.8957, -2.1654 -0.1534 0.8957, -1.7717 -0.1711 0.9384, -2.1654 -0.1711 0.9384, -1.7717 -0.1772 0.9843, -2.1654 -0.1772 0.9843, -1.7717 -0.1711 1.0301, -2.1654 -0.1711 1.0301, -1.7717 -0.1534 1.0728, -2.1654 -0.1534 1.0728, -1.7717 -0.1253 1.1095, -2.1654 -0.1253 1.1095, -1.7717 -0.0886 1.1377, -2.1654 -0.0886 1.1377, -1.7717 -0.0459 1.1554, -2.1654 -0.0459 1.1554, -1.7717 -0.0 1.1614, -2.3819 -0.0 0.5906, -2.3792 -0.0 0.6244, -2.3879 -0.0459 0.5906, -2.3852 -0.0459 0.6254, -2.4056 -0.0886 0.5906, -2.4027 -0.0886 0.6281, -2.4338 -0.1253 0.5906, -2.4305 -0.1253 0.6325, -2.4705 -0.1534 0.5906, -2.4667 -0.1534 0.6383, -2.5132 -0.1711 0.5906, -2.5089 -0.1711 0.645, -2.5591 -0.1772 0.5906, -2.5542 -0.1772 0.6521, -2.6049 -0.1711 0.5906, -2.5995 -0.1711 0.6593, -2.6477 -0.1534 0.5906, -2.6417 -0.1534 0.666, -2.6843 -0.1253 0.5906, -2.678 -0.1253 0.6717, -2.7125 -0.0886 0.5906, -2.7058 -0.0886 0.6761, -2.7302 -0.0459 0.5906, -2.7232 -0.0459 0.6789, -2.7362 -0.0 0.5906, -2.7292 -0.0 0.6799, -2.7302 0.0458 0.5906, -2.7232 0.0458 0.6789, -2.7125 0.0886 0.5906, -2.7058 0.0886 0.6761, -2.6843 0.1253 0.5906, -2.678 0.1253 0.6717, -2.6477 0.1534 0.5906, -2.6417 0.1534 0.666, -2.6049 0.1711 0.5906, -2.5995 0.1711 0.6593, -2.5591 0.1771 0.5906, -2.5542 0.1771 0.6521, -2.5132 0.1711 0.5906, -2.5089 0.1711 0.645, -2.4705 0.1534 0.5906, -2.4667 0.1534 0.6383, -2.4338 0.1253 0.5906, -2.4305 0.1253 0.6325, -2.4056 0.0886 0.5906, -2.4027 0.0886 0.6281, -2.3879 0.0458 0.5906, -2.3852 0.0458 0.6254, -2.3713 -0.0 0.6575, -2.3771 -0.0459 0.6593, -2.3939 -0.0886 0.6648, -2.4207 -0.1253 0.6735, -2.4556 -0.1534 0.6848, -2.4962 -0.1711 0.698, -2.5398 -0.1772 0.7122, -2.5834 -0.1711 0.7264, -2.6241 -0.1534 0.7396, -2.6589 -0.1253 0.7509, -2.6857 -0.0886 0.7596, -2.7026 -0.0459 0.7651, -2.7083 -0.0 0.767, -2.7026 0.0458 0.7651, -2.6857 0.0886 0.7596, -2.6589 0.1253 0.7509, -2.6241 0.1534 0.7396, -2.5834 0.1711 0.7264, -2.5398 0.1771 0.7122, -2.4962 0.1711 0.698, -2.4556 0.1534 0.6848, -2.4207 0.1253 0.6735, -2.3939 0.0886 0.6648, -2.3771 0.0458 0.6593, -2.3583 -0.0 0.6889, -2.3637 -0.0459 0.6916, -2.3795 -0.0886 0.6996, -2.4045 -0.1253 0.7124, -2.4372 -0.1534 0.7291, -2.4753 -0.1711 0.7485, -2.5162 -0.1772 0.7693, -2.557 -0.1711 0.7901, -2.5951 -0.1534 0.8095, -2.6278 -0.1253 0.8262, -2.6529 -0.0886 0.8389, -2.6686 -0.0459 0.847, -2.674 -0.0 0.8497, -2.6686 0.0458 0.847, -2.6529 0.0886 0.8389, -2.6278 0.1253 0.8262, -2.5951 0.1534 0.8095, -2.557 0.1711 0.7901, -2.5162 0.1771 0.7693, -2.4753 0.1711 0.7485, -2.4372 0.1534 0.7291, -2.4045 0.1253 0.7124, -2.3795 0.0886 0.6996, -2.3637 0.0458 0.6916, -2.3406 -0.0 0.7178, -2.3454 -0.0459 0.7214, -2.3598 -0.0886 0.7318, -2.3825 -0.1253 0.7483, -2.4122 -0.1534 0.7699, -2.4468 -0.1711 0.795, -2.4839 -0.1772 0.822, -2.521 -0.1711 0.8489, -2.5555 -0.1534 0.874, -2.5852 -0.1253 0.8956, -2.608 -0.0886 0.9122, -2.6223 -0.0459 0.9226, -2.6272 -0.0 0.9261, -2.6223 0.0458 0.9226, -2.608 0.0886 0.9122, -2.5852 0.1253 0.8956, -2.5555 0.1534 0.874, -2.521 0.1711 0.8489, -2.4839 0.1771 0.822, -2.4468 0.1711 0.795, -2.4122 0.1534 0.7699, -2.3825 0.1253 0.7483, -2.3598 0.0886 0.7318, -2.3454 0.0458 0.7214, -2.3185 -0.0 0.7437, -2.3228 -0.0459 0.7479, -2.3353 -0.0886 0.7605, -2.3552 -0.1253 0.7804, -2.3811 -0.1534 0.8063, -2.4113 -0.1711 0.8365, -2.4438 -0.1772 0.8689, -2.4762 -0.1711 0.9014, -2.5064 -0.1534 0.9316, -2.5323 -0.1253 0.9575, -2.5523 -0.0886 0.9774, -2.5648 -0.0459 0.9899, -2.569 -0.0 0.9942, -2.5648 0.0458 0.9899, -2.5523 0.0886 0.9774, -2.5323 0.1253 0.9575, -2.5064 0.1534 0.9316, -2.4762 0.1711 0.9014, -2.4438 0.1771 0.8689, -2.4113 0.1711 0.8365, -2.3811 0.1534 0.8063, -2.3552 0.1253 0.7804, -2.3353 0.0886 0.7605, -2.3228 0.0458 0.7479, -2.2927 -0.0 0.7657, -2.2962 -0.0459 0.7706, -2.3066 -0.0886 0.7849, -2.3232 -0.1253 0.8077, -2.3447 -0.1534 0.8374, -2.3698 -0.1711 0.872, -2.3968 -0.1772 0.9091, -2.4237 -0.1711 0.9462, -2.4489 -0.1534 0.9807, -2.4704 -0.1253 1.0104, -2.487 -0.0886 1.0332, -2.4974 -0.0459 1.0475, -2.5009 -0.0 1.0524, -2.4974 0.0458 1.0475, -2.487 0.0886 1.0332, -2.4704 0.1253 1.0104, -2.4489 0.1534 0.9807, -2.4237 0.1711 0.9462, -2.3968 0.1771 0.9091, -2.3698 0.1711 0.872, -2.3447 0.1534 0.8374, -2.3232 0.1253 0.8077, -2.3066 0.0886 0.7849, -2.2962 0.0458 0.7706, -2.2637 -0.0 0.7835, -2.2664 -0.0459 0.7889, -2.2745 -0.0886 0.8046, -2.2872 -0.1253 0.8297, -2.3039 -0.1534 0.8624, -2.3233 -0.1711 0.9005, -2.3441 -0.1772 0.9413, -2.3649 -0.1711 0.9822, -2.3843 -0.1534 1.0203, -2.401 -0.1253 1.053, -2.4138 -0.0886 1.0781, -2.4218 -0.0459 1.0938, -2.4245 -0.0 1.0992, -2.4218 0.0458 1.0938, -2.4138 0.0886 1.0781, -2.401 0.1253 1.053, -2.3843 0.1534 1.0203, -2.3649 0.1711 0.9822, -2.3441 0.1771 0.9413, -2.3233 0.1711 0.9005, -2.3039 0.1534 0.8624, -2.2872 0.1253 0.8297, -2.2745 0.0886 0.8046, -2.2664 0.0458 0.7889, -2.2323 -0.0 0.7965, -2.2342 -0.0459 0.8022, -2.2396 -0.0886 0.8191, -2.2483 -0.1253 0.8458, -2.2597 -0.1534 0.8807, -2.2729 -0.1711 0.9214, -2.287 -0.1772 0.965, -2.3012 -0.1711 1.0086, -2.3144 -0.1534 1.0492, -2.3257 -0.1253 1.0841, -2.3344 -0.0886 1.1109, -2.3399 -0.0459 1.1277, -2.3418 -0.0 1.1335, -2.3399 0.0458 1.1277, -2.3344 0.0886 1.1109, -2.3257 0.1253 1.0841, -2.3144 0.1534 1.0492, -2.3012 0.1711 1.0086, -2.287 0.1771 0.965, -2.2729 0.1711 0.9214, -2.2597 0.1534 0.8807, -2.2483 0.1253 0.8458, -2.2396 0.0886 0.8191, -2.2342 0.0458 0.8022, -2.1992 -0.0 0.8044, -2.2002 -0.0459 0.8104, -2.203 -0.0886 0.8279, -2.2074 -0.1253 0.8557, -2.2131 -0.1534 0.8919, -2.2198 -0.1711 0.9341, -2.227 -0.1772 0.9794, -2.2341 -0.1711 1.0247, -2.2408 -0.1534 1.0669, -2.2466 -0.1253 1.1031, -2.251 -0.0886 1.1309, -2.2537 -0.0459 1.1484, -2.2547 -0.0 1.1544, -2.2537 0.0458 1.1484, -2.251 0.0886 1.1309, -2.2466 0.1253 1.1031, -2.2408 0.1534 1.0669, -2.2341 0.1711 1.0247, -2.227 0.1771 0.9794, -2.2198 0.1711 0.9341, -2.2131 0.1534 0.8919, -2.2074 0.1253 0.8557, -2.203 0.0886 0.8279, -2.2002 0.0458 0.8104, 2.4056 -0.0886 -1.9685, 2.3879 -0.0459 -1.9685, 2.559 -0.0 -1.9685, 2.3819 -0.0 -1.9685, 2.3879 0.0458 -1.9685, 2.5132 -0.1711 -1.9685, 2.4705 -0.1534 -1.9685, 2.4338 -0.1253 -1.9685, 2.6476 -0.1534 -1.9685, 2.6049 -0.1711 -1.9685, 2.559 -0.1772 -1.9685, 2.7302 -0.0459 -1.9685, 2.7125 -0.0886 -1.9685, 2.6843 -0.1253 -1.9685, 2.7125 0.0886 -1.9685, 2.7302 0.0458 -1.9685, 2.7362 -0.0 -1.9685, 2.6049 0.1711 -1.9685, 2.6476 0.1534 -1.9685, 2.6843 0.1253 -1.9685, 2.4705 0.1534 -1.9685, 2.5132 0.1711 -1.9685, 2.559 0.1771 -1.9685, 2.4056 0.0886 -1.9685, 2.4338 0.1253 -1.9685, 2.1653 -0.0 0.8071, 1.7716 0.0458 0.8131, 2.1653 0.0458 0.8131, 1.7716 0.0886 0.8308, 2.1653 0.0886 0.8308, 1.7716 0.1253 0.859, 2.1653 0.1253 0.859, 1.7716 0.1534 0.8957, 2.1653 0.1534 0.8957, 1.7716 0.1711 0.9384, 2.1653 0.1711 0.9384, 1.7716 0.1771 0.9843, 2.1653 0.1771 0.9843, 1.7716 0.1711 1.0301, 2.1653 0.1711 1.0301, 1.7716 0.1534 1.0728, 2.1653 0.1534 1.0728, 1.7716 0.1253 1.1095, 2.1653 0.1253 1.1095, 1.7716 0.0886 1.1377, 2.1653 0.0886 1.1377, 1.7716 0.0458 1.1554, 2.1653 0.0458 1.1554, 1.7716 -0.0 1.1614, 2.1653 -0.0 1.1614, 1.7716 -0.0459 1.1554, 2.1653 -0.0459 1.1554, 1.7716 -0.0886 1.1377, 2.1653 -0.0886 1.1377, 1.7716 -0.1253 1.1095, 2.1653 -0.1253 1.1095, 1.7716 -0.1534 1.0728, 2.1653 -0.1534 1.0728, 1.7716 -0.1711 1.0301, 2.1653 -0.1711 1.0301, 1.7716 -0.1772 0.9843, 2.1653 -0.1772 0.9843, 1.7716 -0.1711 0.9384, 2.1653 -0.1711 0.9384, 1.7716 -0.1534 0.8957, 2.1653 -0.1534 0.8957, 1.7716 -0.1253 0.859, 2.1653 -0.1253 0.859, 1.7716 -0.0886 0.8308, 2.1653 -0.0886 0.8308, 1.7716 -0.0459 0.8131, 2.1653 -0.0459 0.8131, 1.7716 -0.0 0.8071, 2.3819 -0.0 0.5906, 2.3792 -0.0 0.6244, 2.3879 0.0458 0.5906, 2.3852 0.0458 0.6254, 2.4056 0.0886 0.5906, 2.4026 0.0886 0.6281, 2.4338 0.1253 0.5906, 2.4305 0.1253 0.6325, 2.4705 0.1534 0.5906, 2.4667 0.1534 0.6383, 2.5132 0.1711 0.5906, 2.5089 0.1711 0.645, 2.559 0.1771 0.5906, 2.5542 0.1771 0.6521, 2.6049 0.1711 0.5906, 2.5995 0.1711 0.6593, 2.6476 0.1534 0.5906, 2.6417 0.1534 0.666, 2.6843 0.1253 0.5906, 2.6779 0.1253 0.6717, 2.7125 0.0886 0.5906, 2.7057 0.0886 0.6761, 2.7302 0.0458 0.5906, 2.7232 0.0458 0.6789, 2.7362 -0.0 0.5906, 2.7292 -0.0 0.6799, 2.7302 -0.0459 0.5906, 2.7232 -0.0459 0.6789, 2.7125 -0.0886 0.5906, 2.7057 -0.0886 0.6761, 2.6843 -0.1253 0.5906, 2.6779 -0.1253 0.6717, 2.6476 -0.1534 0.5906, 2.6417 -0.1534 0.666, 2.6049 -0.1711 0.5906, 2.5995 -0.1711 0.6593, 2.559 -0.1772 0.5906, 2.5542 -0.1772 0.6521, 2.5132 -0.1711 0.5906, 2.5089 -0.1711 0.645, 2.4705 -0.1534 0.5906, 2.4667 -0.1534 0.6383, 2.4338 -0.1253 0.5906, 2.4305 -0.1253 0.6325, 2.4056 -0.0886 0.5906, 2.4026 -0.0886 0.6281, 2.3879 -0.0459 0.5906, 2.3852 -0.0459 0.6254, 2.3713 -0.0 0.6575, 2.377 0.0458 0.6593, 2.3938 0.0886 0.6648, 2.4206 0.1253 0.6735, 2.4555 0.1534 0.6848, 2.4962 0.1711 0.698, 2.5398 0.1771 0.7122, 2.5834 0.1711 0.7264, 2.624 0.1534 0.7396, 2.6589 0.1253 0.7509, 2.6857 0.0886 0.7596, 2.7025 0.0458 0.7651, 2.7083 -0.0 0.767, 2.7025 -0.0459 0.7651, 2.6857 -0.0886 0.7596, 2.6589 -0.1253 0.7509, 2.624 -0.1534 0.7396, 2.5834 -0.1711 0.7264, 2.5398 -0.1772 0.7122, 2.4962 -0.1711 0.698, 2.4555 -0.1534 0.6848, 2.4206 -0.1253 0.6735, 2.3938 -0.0886 0.6648, 2.377 -0.0459 0.6593, 2.3583 -0.0 0.6889, 2.3636 0.0458 0.6916, 2.3794 0.0886 0.6996, 2.4045 0.1253 0.7124, 2.4372 0.1534 0.7291, 2.4753 0.1711 0.7485, 2.5161 0.1771 0.7693, 2.557 0.1711 0.7901, 2.5951 0.1534 0.8095, 2.6277 0.1253 0.8262, 2.6528 0.0886 0.8389, 2.6686 0.0458 0.847, 2.674 -0.0 0.8497, 2.6686 -0.0459 0.847, 2.6528 -0.0886 0.8389, 2.6277 -0.1253 0.8262, 2.5951 -0.1534 0.8095, 2.557 -0.1711 0.7901, 2.5161 -0.1772 0.7693, 2.4753 -0.1711 0.7485, 2.4372 -0.1534 0.7291, 2.4045 -0.1253 0.7124, 2.3794 -0.0886 0.6996, 2.3636 -0.0459 0.6916, 2.3405 -0.0 0.7178, 2.3454 0.0458 0.7214, 2.3597 0.0886 0.7318, 2.3825 0.1253 0.7483, 2.4122 0.1534 0.7699, 2.4467 0.1711 0.795, 2.4838 0.1771 0.822, 2.5209 0.1711 0.8489, 2.5555 0.1534 0.874, 2.5852 0.1253 0.8956, 2.608 0.0886 0.9122, 2.6223 0.0458 0.9226, 2.6272 -0.0 0.9261, 2.6223 -0.0459 0.9226, 2.608 -0.0886 0.9122, 2.5852 -0.1253 0.8956, 2.5555 -0.1534 0.874, 2.5209 -0.1711 0.8489, 2.4838 -0.1772 0.822, 2.4467 -0.1711 0.795, 2.4122 -0.1534 0.7699, 2.3825 -0.1253 0.7483, 2.3597 -0.0886 0.7318, 2.3454 -0.0459 0.7214, 2.3184 -0.0 0.7437, 2.3227 0.0458 0.7479, 2.3352 0.0886 0.7605, 2.3551 0.1253 0.7804, 2.3811 0.1534 0.8063, 2.4113 0.1711 0.8365, 2.4437 0.1771 0.8689, 2.4761 0.1711 0.9014, 2.5064 0.1534 0.9316, 2.5323 0.1253 0.9575, 2.5522 0.0886 0.9774, 2.5647 0.0458 0.9899, 2.569 -0.0 0.9942, 2.5647 -0.0459 0.9899, 2.5522 -0.0886 0.9774, 2.5323 -0.1253 0.9575, 2.5064 -0.1534 0.9316, 2.4761 -0.1711 0.9014, 2.4437 -0.1772 0.8689, 2.4113 -0.1711 0.8365, 2.3811 -0.1534 0.8063, 2.3551 -0.1253 0.7804, 2.3352 -0.0886 0.7605, 2.3227 -0.0459 0.7479, 2.2926 -0.0 0.7657, 2.2962 0.0458 0.7706, 2.3066 0.0886 0.7849, 2.3231 0.1253 0.8077, 2.3447 0.1534 0.8374, 2.3698 0.1711 0.872, 2.3967 0.1771 0.9091, 2.4237 0.1711 0.9462, 2.4488 0.1534 0.9807, 2.4704 0.1253 1.0104, 2.4869 0.0886 1.0332, 2.4973 0.0458 1.0475, 2.5009 -0.0 1.0524, 2.4973 -0.0459 1.0475, 2.4869 -0.0886 1.0332, 2.4704 -0.1253 1.0104, 2.4488 -0.1534 0.9807, 2.4237 -0.1711 0.9462, 2.3967 -0.1772 0.9091, 2.3698 -0.1711 0.872, 2.3447 -0.1534 0.8374, 2.3231 -0.1253 0.8077, 2.3066 -0.0886 0.7849, 2.2962 -0.0459 0.7706, 2.2636 -0.0 0.7835, 2.2664 0.0458 0.7889, 2.2744 0.0886 0.8046, 2.2872 0.1253 0.8297, 2.3039 0.1534 0.8624, 2.3233 0.1711 0.9005, 2.3441 0.1771 0.9413, 2.3649 0.1711 0.9822, 2.3843 0.1534 1.0203, 2.4009 0.1253 1.053, 2.4137 0.0886 1.0781, 2.4218 0.0458 1.0938, 2.4245 -0.0 1.0992, 2.4218 -0.0459 1.0938, 2.4137 -0.0886 1.0781, 2.4009 -0.1253 1.053, 2.3843 -0.1534 1.0203, 2.3649 -0.1711 0.9822, 2.3441 -0.1772 0.9413, 2.3233 -0.1711 0.9005, 2.3039 -0.1534 0.8624, 2.2872 -0.1253 0.8297, 2.2744 -0.0886 0.8046, 2.2664 -0.0459 0.7889, 2.2322 -0.0 0.7965, 2.2341 0.0458 0.8022, 2.2396 0.0886 0.8191, 2.2483 0.1253 0.8458, 2.2596 0.1534 0.8807, 2.2728 0.1711 0.9214, 2.287 0.1771 0.965, 2.3012 0.1711 1.0086, 2.3144 0.1534 1.0492, 2.3257 0.1253 1.0841, 2.3344 0.0886 1.1109, 2.3399 0.0458 1.1277, 2.3417 -0.0 1.1335, 2.3399 -0.0459 1.1277, 2.3344 -0.0886 1.1109, 2.3257 -0.1253 1.0841, 2.3144 -0.1534 1.0492, 2.3012 -0.1711 1.0086, 2.287 -0.1772 0.965, 2.2728 -0.1711 0.9214, 2.2596 -0.1534 0.8807, 2.2483 -0.1253 0.8458, 2.2396 -0.0886 0.8191, 2.2341 -0.0459 0.8022, 2.1992 -0.0 0.8044, 2.2002 0.0458 0.8104, 2.2029 0.0886 0.8279, 2.2073 0.1253 0.8557, 2.2131 0.1534 0.8919, 2.2197 0.1711 0.9341, 2.2269 0.1771 0.9794, 2.2341 0.1711 1.0247, 2.2408 0.1534 1.0669, 2.2465 0.1253 1.1031, 2.2509 0.0886 1.1309, 2.2537 0.0458 1.1484, 2.2546 -0.0 1.1544, 2.2537 -0.0459 1.1484, 2.2509 -0.0886 1.1309, 2.2465 -0.1253 1.1031, 2.2408 -0.1534 1.0669, 2.2341 -0.1711 1.0247, 2.2269 -0.1772 0.9794, 2.2197 -0.1711 0.9341, 2.2131 -0.1534 0.8919, 2.2073 -0.1253 0.8557, 2.2029 -0.0886 0.8279, 2.2002 -0.0459 0.8104
            ]
        }
        coordIndex [
            0,1,2,-1,2,1,3,-1,2,3,4,-1,5,6,2,-1,2,6,7,-1,2,7,0,-1,8,9,2,-1,2,9,10,-1,2,10,5,-1,11,12,2,-1,2,12,13,-1,2,13,8,-1,14,15,2,-1,2,15,16,-1,2,16,11,-1,17,18,2,-1,2,18,19,-1,2,19,14,-1,20,21,2,-1,2,21,22,-1,2,22,17,-1,4,23,2,-1,2,23,24,-1,2,24,20,-1,25,26,27,-1,27,26,28,-1,27,28,29,-1,29,28,30,-1,29,30,31,-1,31,30,32,-1,31,32,33,-1,33,32,34,-1,33,34,35,-1,35,34,36,-1,35,36,37,-1,37,36,38,-1,37,38,39,-1,39,38,40,-1,39,40,41,-1,41,40,42,-1,41,42,43,-1,43,42,44,-1,43,44,45,-1,45,44,46,-1,45,46,47,-1,47,46,48,-1,47,48,49,-1,49,48,50,-1,49,50,51,-1,51,50,52,-1,51,52,53,-1,53,52,54,-1,53,54,55,-1,55,54,56,-1,55,56,57,-1,57,56,58,-1,57,58,59,-1,59,58,60,-1,59,60,61,-1,61,60,62,-1,61,62,63,-1,63,62,64,-1,63,64,65,-1,65,64,66,-1,65,66,67,-1,67,66,68,-1,67,68,69,-1,69,68,70,-1,69,70,71,-1,71,70,72,-1,71,72,25,-1,25,72,26,-1,73,74,75,-1,75,74,76,-1,75,76,77,-1,77,76,78,-1,77,78,79,-1,79,78,80,-1,79,80,81,-1,81,80,82,-1,81,82,83,-1,83,82,84,-1,83,84,85,-1,85,84,86,-1,85,86,87,-1,87,86,88,-1,87,88,89,-1,89,88,90,-1,89,90,91,-1,91,90,92,-1,91,92,93,-1,93,92,94,-1,93,94,95,-1,95,94,96,-1,95,96,97,-1,97,96,98,-1,97,98,99,-1,99,98,100,-1,99,100,101,-1,101,100,102,-1,101,102,103,-1,103,102,104,-1,103,104,105,-1,105,104,106,-1,105,106,107,-1,107,106,108,-1,107,108,109,-1,109,108,110,-1,109,110,111,-1,111,110,112,-1,111,112,113,-1,113,112,114,-1,113,114,115,-1,115,114,116,-1,115,116,117,-1,117,116,118,-1,117,118,119,-1,119,118,120,-1,119,120,73,-1,73,120,74,-1,74,121,76,-1,76,121,122,-1,76,122,78,-1,78,122,123,-1,78,123,80,-1,80,123,124,-1,80,124,82,-1,82,124,125,-1,82,125,84,-1,84,125,126,-1,84,126,86,-1,86,126,127,-1,86,127,88,-1,88,127,128,-1,88,128,90,-1,90,128,129,-1,90,129,92,-1,92,129,130,-1,92,130,94,-1,94,130,131,-1,94,131,96,-1,96,131,132,-1,96,132,98,-1,98,132,133,-1,98,133,100,-1,100,133,134,-1,100,134,102,-1,102,134,135,-1,102,135,104,-1,104,135,136,-1,104,136,106,-1,106,136,137,-1,106,137,108,-1,108,137,138,-1,108,138,110,-1,110,138,139,-1,110,139,112,-1,112,139,140,-1,112,140,114,-1,114,140,141,-1,114,141,116,-1,116,141,142,-1,116,142,118,-1,118,142,143,-1,118,143,120,-1,120,143,144,-1,120,144,74,-1,74,144,121,-1,121,145,122,-1,122,145,146,-1,122,146,123,-1,123,146,147,-1,123,147,124,-1,124,147,148,-1,124,148,125,-1,125,148,149,-1,125,149,126,-1,126,149,150,-1,126,150,127,-1,127,150,151,-1,127,151,128,-1,128,151,152,-1,128,152,129,-1,129,152,153,-1,129,153,130,-1,130,153,154,-1,130,154,131,-1,131,154,155,-1,131,155,132,-1,132,155,156,-1,132,156,133,-1,133,156,157,-1,133,157,134,-1,134,157,158,-1,134,158,135,-1,135,158,159,-1,135,159,136,-1,136,159,160,-1,136,160,137,-1,137,160,161,-1,137,161,138,-1,138,161,162,-1,138,162,139,-1,139,162,163,-1,139,163,140,-1,140,163,164,-1,140,164,141,-1,141,164,165,-1,141,165,142,-1,142,165,166,-1,142,166,143,-1,143,166,167,-1,143,167,144,-1,144,167,168,-1,144,168,121,-1,121,168,145,-1,145,169,146,-1,146,169,170,-1,146,170,147,-1,147,170,171,-1,147,171,148,-1,148,171,172,-1,148,172,149,-1,149,172,173,-1,149,173,150,-1,150,173,174,-1,150,174,151,-1,151,174,175,-1,151,175,152,-1,152,175,176,-1,152,176,153,-1,153,176,177,-1,153,177,154,-1,154,177,178,-1,154,178,155,-1,155,178,179,-1,155,179,156,-1,156,179,180,-1,156,180,157,-1,157,180,181,-1,157,181,158,-1,158,181,182,-1,158,182,159,-1,159,182,183,-1,159,183,160,-1,160,183,184,-1,160,184,161,-1,161,184,185,-1,161,185,162,-1,162,185,186,-1,162,186,163,-1,163,186,187,-1,163,187,164,-1,164,187,188,-1,164,188,165,-1,165,188,189,-1,165,189,166,-1,166,189,190,-1,166,190,167,-1,167,190,191,-1,167,191,168,-1,168,191,192,-1,168,192,145,-1,145,192,169,-1,169,193,170,-1,170,193,194,-1,170,194,171,-1,171,194,195,-1,171,195,172,-1,172,195,196,-1,172,196,173,-1,173,196,197,-1,173,197,174,-1,174,197,198,-1,174,198,175,-1,175,198,199,-1,175,199,176,-1,176,199,200,-1,176,200,177,-1,177,200,201,-1,177,201,178,-1,178,201,202,-1,178,202,179,-1,179,202,203,-1,179,203,180,-1,180,203,204,-1,180,204,181,-1,181,204,205,-1,181,205,182,-1,182,205,206,-1,182,206,183,-1,183,206,207,-1,183,207,184,-1,184,207,208,-1,184,208,185,-1,185,208,209,-1,185,209,186,-1,186,209,210,-1,186,210,187,-1,187,210,211,-1,187,211,188,-1,188,211,212,-1,188,212,189,-1,189,212,213,-1,189,213,190,-1,190,213,214,-1,190,214,191,-1,191,214,215,-1,191,215,192,-1,192,215,216,-1,192,216,169,-1,169,216,193,-1,193,217,194,-1,194,217,218,-1,194,218,195,-1,195,218,219,-1,195,219,196,-1,196,219,220,-1,196,220,197,-1,197,220,221,-1,197,221,198,-1,198,221,222,-1,198,222,199,-1,199,222,223,-1,199,223,200,-1,200,223,224,-1,200,224,201,-1,201,224,225,-1,201,225,202,-1,202,225,226,-1,202,226,203,-1,203,226,227,-1,203,227,204,-1,204,227,228,-1,204,228,205,-1,205,228,229,-1,205,229,206,-1,206,229,230,-1,206,230,207,-1,207,230,231,-1,207,231,208,-1,208,231,232,-1,208,232,209,-1,209,232,233,-1,209,233,210,-1,210,233,234,-1,210,234,211,-1,211,234,235,-1,211,235,212,-1,212,235,236,-1,212,236,213,-1,213,236,237,-1,213,237,214,-1,214,237,238,-1,214,238,215,-1,215,238,239,-1,215,239,216,-1,216,239,240,-1,216,240,193,-1,193,240,217,-1,217,241,218,-1,218,241,242,-1,218,242,219,-1,219,242,243,-1,219,243,220,-1,220,243,244,-1,220,244,221,-1,221,244,245,-1,221,245,222,-1,222,245,246,-1,222,246,223,-1,223,246,247,-1,223,247,224,-1,224,247,248,-1,224,248,225,-1,225,248,249,-1,225,249,226,-1,226,249,250,-1,226,250,227,-1,227,250,251,-1,227,251,228,-1,228,251,252,-1,228,252,229,-1,229,252,253,-1,229,253,230,-1,230,253,254,-1,230,254,231,-1,231,254,255,-1,231,255,232,-1,232,255,256,-1,232,256,233,-1,233,256,257,-1,233,257,234,-1,234,257,258,-1,234,258,235,-1,235,258,259,-1,235,259,236,-1,236,259,260,-1,236,260,237,-1,237,260,261,-1,237,261,238,-1,238,261,262,-1,238,262,239,-1,239,262,263,-1,239,263,240,-1,240,263,264,-1,240,264,217,-1,217,264,241,-1,241,265,242,-1,242,265,266,-1,242,266,243,-1,243,266,267,-1,243,267,244,-1,244,267,268,-1,244,268,245,-1,245,268,269,-1,245,269,246,-1,246,269,270,-1,246,270,247,-1,247,270,271,-1,247,271,248,-1,248,271,272,-1,248,272,249,-1,249,272,273,-1,249,273,250,-1,250,273,274,-1,250,274,251,-1,251,274,275,-1,251,275,252,-1,252,275,276,-1,252,276,253,-1,253,276,277,-1,253,277,254,-1,254,277,278,-1,254,278,255,-1,255,278,279,-1,255,279,256,-1,256,279,280,-1,256,280,257,-1,257,280,281,-1,257,281,258,-1,258,281,282,-1,258,282,259,-1,259,282,283,-1,259,283,260,-1,260,283,284,-1,260,284,261,-1,261,284,285,-1,261,285,262,-1,262,285,286,-1,262,286,263,-1,263,286,287,-1,263,287,264,-1,264,287,288,-1,264,288,241,-1,241,288,265,-1,265,289,266,-1,266,289,290,-1,266,290,267,-1,267,290,291,-1,267,291,268,-1,268,291,292,-1,268,292,269,-1,269,292,293,-1,269,293,270,-1,270,293,294,-1,270,294,271,-1,271,294,295,-1,271,295,272,-1,272,295,296,-1,272,296,273,-1,273,296,297,-1,273,297,274,-1,274,297,298,-1,274,298,275,-1,275,298,299,-1,275,299,276,-1,276,299,300,-1,276,300,277,-1,277,300,301,-1,277,301,278,-1,278,301,302,-1,278,302,279,-1,279,302,303,-1,279,303,280,-1,280,303,304,-1,280,304,281,-1,281,304,305,-1,281,305,282,-1,282,305,306,-1,282,306,283,-1,283,306,307,-1,283,307,284,-1,284,307,308,-1,284,308,285,-1,285,308,309,-1,285,309,286,-1,286,309,310,-1,286,310,287,-1,287,310,311,-1,287,311,288,-1,288,311,312,-1,288,312,265,-1,265,312,289,-1,289,49,290,-1,290,49,51,-1,290,51,291,-1,291,51,53,-1,291,53,292,-1,292,53,55,-1,292,55,293,-1,293,55,57,-1,293,57,294,-1,294,57,59,-1,294,59,295,-1,295,59,61,-1,295,61,296,-1,296,61,63,-1,296,63,297,-1,297,63,65,-1,297,65,298,-1,298,65,67,-1,298,67,299,-1,299,67,69,-1,299,69,300,-1,300,69,71,-1,300,71,301,-1,301,71,25,-1,301,25,302,-1,302,25,27,-1,302,27,303,-1,303,27,29,-1,303,29,304,-1,304,29,31,-1,304,31,305,-1,305,31,33,-1,305,33,306,-1,306,33,35,-1,306,35,307,-1,307,35,37,-1,307,37,308,-1,308,37,39,-1,308,39,309,-1,309,39,41,-1,309,41,310,-1,310,41,43,-1,310,43,311,-1,311,43,45,-1,311,45,312,-1,312,45,47,-1,312,47,289,-1,289,47,49,-1,16,99,11,-1,11,99,101,-1,11,101,12,-1,12,101,103,-1,12,103,13,-1,13,103,105,-1,13,105,8,-1,8,105,107,-1,8,107,9,-1,9,107,109,-1,9,109,10,-1,10,109,111,-1,10,111,5,-1,5,111,113,-1,5,113,6,-1,6,113,115,-1,6,115,7,-1,7,115,117,-1,7,117,0,-1,0,117,119,-1,0,119,1,-1,1,119,73,-1,1,73,3,-1,3,73,75,-1,3,75,4,-1,4,75,77,-1,4,77,23,-1,23,77,79,-1,23,79,24,-1,24,79,81,-1,24,81,20,-1,20,81,83,-1,20,83,21,-1,21,83,85,-1,21,85,22,-1,22,85,87,-1,22,87,17,-1,17,87,89,-1,17,89,18,-1,18,89,91,-1,18,91,19,-1,19,91,93,-1,19,93,14,-1,14,93,95,-1,14,95,15,-1,15,95,97,-1,15,97,16,-1,16,97,99,-1,313,314,315,-1,315,314,316,-1,315,316,317,-1,318,319,315,-1,315,319,320,-1,315,320,313,-1,321,322,315,-1,315,322,323,-1,315,323,318,-1,324,325,315,-1,315,325,326,-1,315,326,321,-1,327,328,315,-1,315,328,329,-1,315,329,324,-1,330,331,315,-1,315,331,332,-1,315,332,327,-1,333,334,315,-1,315,334,335,-1,315,335,330,-1,317,336,315,-1,315,336,337,-1,315,337,333,-1,338,339,340,-1,340,339,341,-1,340,341,342,-1,342,341,343,-1,342,343,344,-1,344,343,345,-1,344,345,346,-1,346,345,347,-1,346,347,348,-1,348,347,349,-1,348,349,350,-1,350,349,351,-1,350,351,352,-1,352,351,353,-1,352,353,354,-1,354,353,355,-1,354,355,356,-1,356,355,357,-1,356,357,358,-1,358,357,359,-1,358,359,360,-1,360,359,361,-1,360,361,362,-1,362,361,363,-1,362,363,364,-1,364,363,365,-1,364,365,366,-1,366,365,367,-1,366,367,368,-1,368,367,369,-1,368,369,370,-1,370,369,371,-1,370,371,372,-1,372,371,373,-1,372,373,374,-1,374,373,375,-1,374,375,376,-1,376,375,377,-1,376,377,378,-1,378,377,379,-1,378,379,380,-1,380,379,381,-1,380,381,382,-1,382,381,383,-1,382,383,384,-1,384,383,385,-1,384,385,338,-1,338,385,339,-1,386,387,388,-1,388,387,389,-1,388,389,390,-1,390,389,391,-1,390,391,392,-1,392,391,393,-1,392,393,394,-1,394,393,395,-1,394,395,396,-1,396,395,397,-1,396,397,398,-1,398,397,399,-1,398,399,400,-1,400,399,401,-1,400,401,402,-1,402,401,403,-1,402,403,404,-1,404,403,405,-1,404,405,406,-1,406,405,407,-1,406,407,408,-1,408,407,409,-1,408,409,410,-1,410,409,411,-1,410,411,412,-1,412,411,413,-1,412,413,414,-1,414,413,415,-1,414,415,416,-1,416,415,417,-1,416,417,418,-1,418,417,419,-1,418,419,420,-1,420,419,421,-1,420,421,422,-1,422,421,423,-1,422,423,424,-1,424,423,425,-1,424,425,426,-1,426,425,427,-1,426,427,428,-1,428,427,429,-1,428,429,430,-1,430,429,431,-1,430,431,432,-1,432,431,433,-1,432,433,386,-1,386,433,387,-1,387,434,389,-1,389,434,435,-1,389,435,391,-1,391,435,436,-1,391,436,393,-1,393,436,437,-1,393,437,395,-1,395,437,438,-1,395,438,397,-1,397,438,439,-1,397,439,399,-1,399,439,440,-1,399,440,401,-1,401,440,441,-1,401,441,403,-1,403,441,442,-1,403,442,405,-1,405,442,443,-1,405,443,407,-1,407,443,444,-1,407,444,409,-1,409,444,445,-1,409,445,411,-1,411,445,446,-1,411,446,413,-1,413,446,447,-1,413,447,415,-1,415,447,448,-1,415,448,417,-1,417,448,449,-1,417,449,419,-1,419,449,450,-1,419,450,421,-1,421,450,451,-1,421,451,423,-1,423,451,452,-1,423,452,425,-1,425,452,453,-1,425,453,427,-1,427,453,454,-1,427,454,429,-1,429,454,455,-1,429,455,431,-1,431,455,456,-1,431,456,433,-1,433,456,457,-1,433,457,387,-1,387,457,434,-1,434,458,435,-1,435,458,459,-1,435,459,436,-1,436,459,460,-1,436,460,437,-1,437,460,461,-1,437,461,438,-1,438,461,462,-1,438,462,439,-1,439,462,463,-1,439,463,440,-1,440,463,464,-1,440,464,441,-1,441,464,465,-1,441,465,442,-1,442,465,466,-1,442,466,443,-1,443,466,467,-1,443,467,444,-1,444,467,468,-1,444,468,445,-1,445,468,469,-1,445,469,446,-1,446,469,470,-1,446,470,447,-1,447,470,471,-1,447,471,448,-1,448,471,472,-1,448,472,449,-1,449,472,473,-1,449,473,450,-1,450,473,474,-1,450,474,451,-1,451,474,475,-1,451,475,452,-1,452,475,476,-1,452,476,453,-1,453,476,477,-1,453,477,454,-1,454,477,478,-1,454,478,455,-1,455,478,479,-1,455,479,456,-1,456,479,480,-1,456,480,457,-1,457,480,481,-1,457,481,434,-1,434,481,458,-1,458,482,459,-1,459,482,483,-1,459,483,460,-1,460,483,484,-1,460,484,461,-1,461,484,485,-1,461,485,462,-1,462,485,486,-1,462,486,463,-1,463,486,487,-1,463,487,464,-1,464,487,488,-1,464,488,465,-1,465,488,489,-1,465,489,466,-1,466,489,490,-1,466,490,467,-1,467,490,491,-1,467,491,468,-1,468,491,492,-1,468,492,469,-1,469,492,493,-1,469,493,470,-1,470,493,494,-1,470,494,471,-1,471,494,495,-1,471,495,472,-1,472,495,496,-1,472,496,473,-1,473,496,497,-1,473,497,474,-1,474,497,498,-1,474,498,475,-1,475,498,499,-1,475,499,476,-1,476,499,500,-1,476,500,477,-1,477,500,501,-1,477,501,478,-1,478,501,502,-1,478,502,479,-1,479,502,503,-1,479,503,480,-1,480,503,504,-1,480,504,481,-1,481,504,505,-1,481,505,458,-1,458,505,482,-1,482,506,483,-1,483,506,507,-1,483,507,484,-1,484,507,508,-1,484,508,485,-1,485,508,509,-1,485,509,486,-1,486,509,510,-1,486,510,487,-1,487,510,511,-1,487,511,488,-1,488,511,512,-1,488,512,489,-1,489,512,513,-1,489,513,490,-1,490,513,514,-1,490,514,491,-1,491,514,515,-1,491,515,492,-1,492,515,516,-1,492,516,493,-1,493,516,517,-1,493,517,494,-1,494,517,518,-1,494,518,495,-1,495,518,519,-1,495,519,496,-1,496,519,520,-1,496,520,497,-1,497,520,521,-1,497,521,498,-1,498,521,522,-1,498,522,499,-1,499,522,523,-1,499,523,500,-1,500,523,524,-1,500,524,501,-1,501,524,525,-1,501,525,502,-1,502,525,526,-1,502,526,503,-1,503,526,527,-1,503,527,504,-1,504,527,528,-1,504,528,505,-1,505,528,529,-1,505,529,482,-1,482,529,506,-1,506,530,507,-1,507,530,531,-1,507,531,508,-1,508,531,532,-1,508,532,509,-1,509,532,533,-1,509,533,510,-1,510,533,534,-1,510,534,511,-1,511,534,535,-1,511,535,512,-1,512,535,536,-1,512,536,513,-1,513,536,537,-1,513,537,514,-1,514,537,538,-1,514,538,515,-1,515,538,539,-1,515,539,516,-1,516,539,540,-1,516,540,517,-1,517,540,541,-1,517,541,518,-1,518,541,542,-1,518,542,519,-1,519,542,543,-1,519,543,520,-1,520,543,544,-1,520,544,521,-1,521,544,545,-1,521,545,522,-1,522,545,546,-1,522,546,523,-1,523,546,547,-1,523,547,524,-1,524,547,548,-1,524,548,525,-1,525,548,549,-1,525,549,526,-1,526,549,550,-1,526,550,527,-1,527,550,551,-1,527,551,528,-1,528,551,552,-1,528,552,529,-1,529,552,553,-1,529,553,506,-1,506,553,530,-1,530,554,531,-1,531,554,555,-1,531,555,532,-1,532,555,556,-1,532,556,533,-1,533,556,557,-1,533,557,534,-1,534,557,558,-1,534,558,535,-1,535,558,559,-1,535,559,536,-1,536,559,560,-1,536,560,537,-1,537,560,561,-1,537,561,538,-1,538,561,562,-1,538,562,539,-1,539,562,563,-1,539,563,540,-1,540,563,564,-1,540,564,541,-1,541,564,565,-1,541,565,542,-1,542,565,566,-1,542,566,543,-1,543,566,567,-1,543,567,544,-1,544,567,568,-1,544,568,545,-1,545,568,569,-1,545,569,546,-1,546,569,570,-1,546,570,547,-1,547,570,571,-1,547,571,548,-1,548,571,572,-1,548,572,549,-1,549,572,573,-1,549,573,550,-1,550,573,574,-1,550,574,551,-1,551,574,575,-1,551,575,552,-1,552,575,576,-1,552,576,553,-1,553,576,577,-1,553,577,530,-1,530,577,554,-1,554,578,555,-1,555,578,579,-1,555,579,556,-1,556,579,580,-1,556,580,557,-1,557,580,581,-1,557,581,558,-1,558,581,582,-1,558,582,559,-1,559,582,583,-1,559,583,560,-1,560,583,584,-1,560,584,561,-1,561,584,585,-1,561,585,562,-1,562,585,586,-1,562,586,563,-1,563,586,587,-1,563,587,564,-1,564,587,588,-1,564,588,565,-1,565,588,589,-1,565,589,566,-1,566,589,590,-1,566,590,567,-1,567,590,591,-1,567,591,568,-1,568,591,592,-1,568,592,569,-1,569,592,593,-1,569,593,570,-1,570,593,594,-1,570,594,571,-1,571,594,595,-1,571,595,572,-1,572,595,596,-1,572,596,573,-1,573,596,597,-1,573,597,574,-1,574,597,598,-1,574,598,575,-1,575,598,599,-1,575,599,576,-1,576,599,600,-1,576,600,577,-1,577,600,601,-1,577,601,554,-1,554,601,578,-1,578,602,579,-1,579,602,603,-1,579,603,580,-1,580,603,604,-1,580,604,581,-1,581,604,605,-1,581,605,582,-1,582,605,606,-1,582,606,583,-1,583,606,607,-1,583,607,584,-1,584,607,608,-1,584,608,585,-1,585,608,609,-1,585,609,586,-1,586,609,610,-1,586,610,587,-1,587,610,611,-1,587,611,588,-1,588,611,612,-1,588,612,589,-1,589,612,613,-1,589,613,590,-1,590,613,614,-1,590,614,591,-1,591,614,615,-1,591,615,592,-1,592,615,616,-1,592,616,593,-1,593,616,617,-1,593,617,594,-1,594,617,618,-1,594,618,595,-1,595,618,619,-1,595,619,596,-1,596,619,620,-1,596,620,597,-1,597,620,621,-1,597,621,598,-1,598,621,622,-1,598,622,599,-1,599,622,623,-1,599,623,600,-1,600,623,624,-1,600,624,601,-1,601,624,625,-1,601,625,578,-1,578,625,602,-1,602,338,603,-1,603,338,340,-1,603,340,604,-1,604,340,342,-1,604,342,605,-1,605,342,344,-1,605,344,606,-1,606,344,346,-1,606,346,607,-1,607,346,348,-1,607,348,608,-1,608,348,350,-1,608,350,609,-1,609,350,352,-1,609,352,610,-1,610,352,354,-1,610,354,611,-1,611,354,356,-1,611,356,612,-1,612,356,358,-1,612,358,613,-1,613,358,360,-1,613,360,614,-1,614,360,362,-1,614,362,615,-1,615,362,364,-1,615,364,616,-1,616,364,366,-1,616,366,617,-1,617,366,368,-1,617,368,618,-1,618,368,370,-1,618,370,619,-1,619,370,372,-1,619,372,620,-1,620,372,374,-1,620,374,621,-1,621,374,376,-1,621,376,622,-1,622,376,378,-1,622,378,623,-1,623,378,380,-1,623,380,624,-1,624,380,382,-1,624,382,625,-1,625,382,384,-1,625,384,602,-1,602,384,338,-1,316,388,317,-1,317,388,390,-1,317,390,336,-1,336,390,392,-1,336,392,337,-1,337,392,394,-1,337,394,333,-1,333,394,396,-1,333,396,334,-1,334,396,398,-1,334,398,335,-1,335,398,400,-1,335,400,330,-1,330,400,402,-1,330,402,331,-1,331,402,404,-1,331,404,332,-1,332,404,406,-1,332,406,327,-1,327,406,408,-1,327,408,328,-1,328,408,410,-1,328,410,329,-1,329,410,412,-1,329,412,324,-1,324,412,414,-1,324,414,325,-1,325,414,416,-1,325,416,326,-1,326,416,418,-1,326,418,321,-1,321,418,420,-1,321,420,322,-1,322,420,422,-1,322,422,323,-1,323,422,424,-1,323,424,318,-1,318,424,426,-1,318,426,319,-1,319,426,428,-1,319,428,320,-1,320,428,430,-1,320,430,313,-1,313,430,432,-1,313,432,314,-1,314,432,386,-1,314,386,316,-1,316,386,388,-1,
        ]
    }
}
Shape{
    appearance Appearance {
        material  Material 	{
            diffuseColor 0.20784313725490197 0.20784313725490197 0.20784313725490197
            specularColor 0.01568627450980392 0.01568627450980392 0.01568627450980392
            ambientIntensity 0.298
            transparency 0.0
            shininess 0.5
        }
    }
    geometry IndexedFaceSet {
        ccw TRUE
        solid FALSE
        coord DEF co Coordinate {
            point [
                1.6929 0.1804 0.0188, 1.6929 0.2547 0.0335, 1.7133 0.254 0.0361, 1.6929 0.5173 0.1487, 1.6929 0.5992 0.2034, 1.7133 0.5975 0.2055, 1.6929 0.785 0.3914, 1.6929 0.8524 0.4921, 1.7133 0.85 0.4935, 1.6929 0.8792 0.5465, 1.6929 0.9093 0.6076, 1.7133 0.9068 0.6086, 1.6929 0.9783 0.8936, 1.6929 0.9842 0.9843, 1.7133 0.9815 0.9843, 1.6929 0.9458 1.2533, 1.6929 0.9093 1.3609, 1.7133 0.9068 1.3599, 1.6929 0.785 1.5771, 1.6929 0.7808 1.5834, 1.7133 0.7787 1.5818, 1.6929 0.6618 1.7102, 1.6929 0.5992 1.7651, 1.7133 0.5975 1.763, 1.6929 0.3551 1.9009, 1.6929 0.2547 1.935, 1.7133 0.254 1.9324, 1.6929 -0.1805 1.9497, 1.6929 -0.2548 1.935, 1.7133 -0.2541 1.9324, 1.6929 -0.5173 1.8198, 1.6929 -0.5992 1.7651, 1.7133 -0.5976 1.763, 1.6929 -0.7851 1.5771, 1.6929 -0.8524 1.4764, 1.7133 -0.8501 1.475, 1.6929 -0.8792 1.422, 1.6929 -0.9094 1.3609, 1.7133 -0.9069 1.3599, 1.6929 -0.9783 1.075, 1.6929 -0.9843 0.9843, 1.7133 -0.9816 0.9843, 1.6929 -0.9459 0.7152, 1.6929 -0.9094 0.6076, 1.7133 -0.9069 0.6086, 1.6929 -0.7851 0.3914, 1.6929 -0.7809 0.3851, 1.7133 -0.7788 0.3867, 1.6929 -0.6618 0.2583, 1.6929 -0.5992 0.2034, 1.7133 -0.5976 0.2055, 1.6929 -0.3552 0.0676, 1.6929 -0.2548 0.0335, 1.7133 -0.2541 0.0361, 1.7716 -0.1182 0.0865, 1.7716 -0.2344 0.1096, 1.769 -0.1209 0.0663, 1.769 -0.2397 0.0899, 1.7611 -0.1234 0.0475, 1.7611 -0.2446 0.0716, 1.7486 -0.1255 0.0313, 1.7486 -0.2488 0.0558, 1.7323 -0.1271 0.0189, 1.7323 -0.252 0.0437, 1.7133 -0.1281 0.0111, 1.7716 -0.4528 0.2001, 1.7716 -0.5513 0.2659, 1.769 -0.463 0.1824, 1.769 -0.5637 0.2497, 1.7611 -0.4725 0.166, 1.7611 -0.5752 0.2346, 1.7486 -0.4806 0.1518, 1.7486 -0.5852 0.2217, 1.7323 -0.4869 0.141, 1.7323 -0.5928 0.2118, 1.7133 -0.4908 0.1342, 1.7716 -0.7842 0.5315, 1.7716 -0.8366 0.6377, 1.769 -0.8019 0.5213, 1.769 -0.8554 0.6299, 1.7611 -0.8183 0.5118, 1.7611 -0.873 0.6227, 1.7486 -0.8324 0.5037, 1.7486 -0.888 0.6164, 1.7323 -0.8433 0.4974, 1.7323 -0.8996 0.6116, 1.7133 -0.8501 0.4935, 1.7716 -0.8978 0.8661, 1.7716 -0.9055 0.9843, 1.769 -0.918 0.8634, 1.769 -0.9259 0.9843, 1.7611 -0.9368 0.8609, 1.7611 -0.9449 0.9843, 1.7486 -0.953 0.8588, 1.7486 -0.9612 0.9843, 1.7323 -0.9654 0.8572, 1.7323 -0.9737 0.9843, 1.7133 -0.9732 0.8561, 1.7716 -0.8747 1.2186, 1.7716 -0.8366 1.3308, 1.769 -0.8944 1.2239, 1.769 -0.8554 1.3386, 1.7611 -0.9127 1.2288, 1.7611 -0.873 1.3458, 1.7486 -0.9285 1.233, 1.7486 -0.888 1.3521, 1.7323 -0.9405 1.2363, 1.7323 -0.8996 1.3569, 1.7133 -0.9481 1.2383, 1.7716 -0.6403 1.6245, 1.7716 -0.5513 1.7026, 1.769 -0.6547 1.639, 1.769 -0.5637 1.7188, 1.7611 -0.6682 1.6524, 1.7611 -0.5752 1.7339, 1.7486 -0.6797 1.6639, 1.7486 -0.5852 1.7468, 1.7323 -0.6885 1.6728, 1.7323 -0.5928 1.7567, 1.7133 -0.6941 1.6783, 1.7716 -0.3465 1.8208, 1.7716 -0.2344 1.8589, 1.769 -0.3543 1.8397, 1.769 -0.2397 1.8786, 1.7611 -0.3616 1.8572, 1.7611 -0.2446 1.8969, 1.7486 -0.3679 1.8723, 1.7486 -0.2488 1.9127, 1.7323 -0.3726 1.8838, 1.7323 -0.252 1.9248, 1.7133 -0.3757 1.8911, 1.7716 0.1182 1.882, 1.7716 0.2343 1.8589, 1.769 0.1208 1.9022, 1.769 0.2396 1.8786, 1.7611 0.1233 1.9211, 1.7611 0.2445 1.8969, 1.7486 0.1254 1.9372, 1.7486 0.2488 1.9127, 1.7323 0.1271 1.9496, 1.7323 0.252 1.9248, 1.7133 0.1281 1.9574, 1.7716 0.4527 1.7685, 1.7716 0.5512 1.7026, 1.769 0.4629 1.7861, 1.769 0.5636 1.7188, 1.7611 0.4724 1.8025, 1.7611 0.5752 1.7339, 1.7486 0.4806 1.8167, 1.7486 0.5851 1.7468, 1.7323 0.4868 1.8275, 1.7323 0.5927 1.7567, 1.7133 0.4908 1.8343, 1.7716 0.7842 1.437, 1.7716 0.8366 1.3308, 1.769 0.8018 1.4472, 1.769 0.8554 1.3386, 1.7611 0.8183 1.4567, 1.7611 0.8729 1.3458, 1.7486 0.8324 1.4649, 1.7486 0.888 1.3521, 1.7323 0.8432 1.4711, 1.7323 0.8996 1.3569, 1.7133 0.85 1.475, 1.7716 0.8977 1.1024, 1.7716 0.9055 0.9843, 1.769 0.918 1.1051, 1.769 0.9259 0.9843, 1.7611 0.9368 1.1076, 1.7611 0.9449 0.9843, 1.7486 0.9529 1.1097, 1.7486 0.9612 0.9843, 1.7323 0.9654 1.1113, 1.7323 0.9737 0.9843, 1.7133 0.9732 1.1124, 1.7716 0.8746 0.7499, 1.7716 0.8366 0.6377, 1.769 0.8943 0.7446, 1.769 0.8554 0.6299, 1.7611 0.9127 0.7397, 1.7611 0.8729 0.6227, 1.7486 0.9284 0.7355, 1.7486 0.888 0.6164, 1.7323 0.9405 0.7322, 1.7323 0.8996 0.6116, 1.7133 0.9481 0.7302, 1.7716 0.6403 0.344, 1.7716 0.5512 0.2659, 1.769 0.6547 0.3296, 1.769 0.5636 0.2497, 1.7611 0.6681 0.3161, 1.7611 0.5752 0.2346, 1.7486 0.6796 0.3046, 1.7486 0.5851 0.2217, 1.7323 0.6885 0.2957, 1.7323 0.5927 0.2118, 1.7133 0.6941 0.2902, 1.7716 0.3465 0.1477, 1.7716 0.2343 0.1096, 1.769 0.3543 0.1288, 1.769 0.2396 0.0899, 1.7611 0.3616 0.1113, 1.7611 0.2445 0.0716, 1.7486 0.3678 0.0962, 1.7486 0.2488 0.0558, 1.7323 0.3726 0.0847, 1.7323 0.252 0.0437, 1.7133 0.3756 0.0774, 1.7716 -0.0 0.0787, 1.769 -0.0 0.0584, 1.7611 -0.0 0.0394, 1.7486 -0.0 0.0231, 1.7323 -0.0 0.0106, 1.7133 -0.0 0.0027, 1.6929 -0.0 0.0, 1.6929 -0.1285 0.0084, 1.6929 -0.1805 0.0188, 1.6929 -0.3767 0.0749, 1.7133 -0.3757 0.0774, 1.7323 -0.3726 0.0847, 1.7486 -0.3679 0.0962, 1.7611 -0.3616 0.1113, 1.769 -0.3543 0.1288, 1.7716 -0.3465 0.1477, 1.6929 -0.4921 0.1319, 1.6929 -0.5173 0.1487, 1.6929 -0.696 0.2883, 1.7133 -0.6941 0.2902, 1.7323 -0.6885 0.2957, 1.7486 -0.6797 0.3046, 1.7611 -0.6682 0.3161, 1.769 -0.6547 0.3296, 1.7716 -0.6403 0.344, 1.7716 -0.7184 0.433, 1.769 -0.7346 0.4206, 1.7611 -0.7496 0.409, 1.7486 -0.7626 0.3991, 1.7323 -0.7725 0.3915, 1.6929 -0.8524 0.4921, 1.6929 -0.8792 0.5465, 1.6929 -0.9507 0.7295, 1.7133 -0.9481 0.7302, 1.7323 -0.9405 0.7322, 1.7486 -0.9285 0.7355, 1.7611 -0.9127 0.7397, 1.769 -0.8944 0.7446, 1.7716 -0.8747 0.7499, 1.6929 -0.9759 0.8558, 1.6929 -0.9783 0.8936, 1.6929 -0.9759 1.1127, 1.7133 -0.9732 1.1124, 1.7323 -0.9654 1.1113, 1.7486 -0.953 1.1097, 1.7611 -0.9368 1.1076, 1.769 -0.918 1.1051, 1.7716 -0.8978 1.1024, 1.6929 -0.9507 1.239, 1.6929 -0.9459 1.2533, 1.7323 -0.8433 1.4711, 1.7486 -0.8324 1.4649, 1.7611 -0.8183 1.4567, 1.769 -0.8019 1.4472, 1.7716 -0.7842 1.437, 1.6929 -0.7809 1.5834, 1.7133 -0.7788 1.5818, 1.7323 -0.7725 1.577, 1.7486 -0.7626 1.5694, 1.7611 -0.7496 1.5595, 1.769 -0.7346 1.5479, 1.7716 -0.7184 1.5355, 1.6929 -0.696 1.6802, 1.6929 -0.6618 1.7102, 1.6929 -0.4921 1.8366, 1.7133 -0.4908 1.8343, 1.7323 -0.4869 1.8275, 1.7486 -0.4806 1.8167, 1.7611 -0.4725 1.8025, 1.769 -0.463 1.7861, 1.7716 -0.4528 1.7685, 1.6929 -0.3767 1.8936, 1.6929 -0.3552 1.9009, 1.6929 -0.1285 1.9601, 1.7133 -0.1281 1.9574, 1.7323 -0.1271 1.9496, 1.7486 -0.1255 1.9372, 1.7611 -0.1234 1.9211, 1.769 -0.1209 1.9022, 1.7716 -0.1182 1.882, 1.7716 -0.0 1.8898, 1.769 -0.0 1.9101, 1.7611 -0.0 1.9291, 1.7486 -0.0 1.9454, 1.7323 -0.0 1.958, 1.7133 -0.0 1.9658, 1.6929 -0.0 1.9685, 1.6929 0.1285 1.9601, 1.6929 0.1804 1.9497, 1.6929 0.3766 1.8936, 1.7133 0.3756 1.8911, 1.7323 0.3726 1.8838, 1.7486 0.3678 1.8723, 1.7611 0.3616 1.8572, 1.769 0.3543 1.8397, 1.7716 0.3465 1.8208, 1.6929 0.4921 1.8366, 1.6929 0.5173 1.8198, 1.6929 0.696 1.6802, 1.7133 0.6941 1.6783, 1.7323 0.6885 1.6728, 1.7486 0.6796 1.6639, 1.7611 0.6681 1.6524, 1.769 0.6547 1.639, 1.7716 0.6403 1.6245, 1.7716 0.7184 1.5355, 1.769 0.7345 1.5479, 1.7611 0.7496 1.5595, 1.7486 0.7625 1.5694, 1.7323 0.7725 1.577, 1.6929 0.8524 1.4764, 1.6929 0.8792 1.422, 1.6929 0.9507 1.239, 1.7133 0.9481 1.2383, 1.7323 0.9405 1.2363, 1.7486 0.9284 1.233, 1.7611 0.9127 1.2288, 1.769 0.8943 1.2239, 1.7716 0.8746 1.2186, 1.6929 0.9758 1.1127, 1.6929 0.9783 1.075, 1.6929 0.9758 0.8558, 1.7133 0.9732 0.8561, 1.7323 0.9654 0.8572, 1.7486 0.9529 0.8588, 1.7611 0.9368 0.8609, 1.769 0.918 0.8634, 1.7716 0.8977 0.8661, 1.6929 0.9507 0.7295, 1.6929 0.9458 0.7152, 1.7323 0.8432 0.4974, 1.7486 0.8324 0.5037, 1.7611 0.8183 0.5118, 1.769 0.8018 0.5213, 1.7716 0.7842 0.5315, 1.6929 0.7808 0.3851, 1.7133 0.7787 0.3867, 1.7323 0.7725 0.3915, 1.7486 0.7625 0.3991, 1.7611 0.7496 0.409, 1.769 0.7345 0.4206, 1.7716 0.7184 0.433, 1.6929 0.696 0.2883, 1.6929 0.6618 0.2583, 1.6929 0.4921 0.1319, 1.7133 0.4908 0.1342, 1.7323 0.4868 0.141, 1.7486 0.4806 0.1518, 1.7611 0.4724 0.166, 1.769 0.4629 0.1824, 1.7716 0.4527 0.2001, 1.6929 0.3766 0.0749, 1.6929 0.3551 0.0676, 1.6929 0.1285 0.0084, 1.7133 0.1281 0.0111, 1.7323 0.1271 0.0189, 1.7486 0.1254 0.0313, 1.7611 0.1233 0.0475, 1.769 0.1208 0.0663, 1.7716 0.1182 0.0865, -1.6929 -0.6618 0.2583, -1.7133 -0.6941 0.2902, -1.6929 -0.5992 0.2034, -1.7133 -0.5976 0.2055, -1.6929 -0.5173 0.1487, -1.7133 -0.4908 0.1342, -1.6929 -0.4921 0.1319, -1.7133 -0.3757 0.0774, -1.6929 -0.3767 0.0749, -1.6929 -0.696 0.2883, -1.6929 -0.7809 0.3851, -1.7133 -0.7788 0.3867, -1.6929 -0.7851 0.3914, -1.7133 -0.8501 0.4935, -1.6929 -0.8524 0.4921, -1.6929 -0.8792 0.5465, -1.7133 -0.9069 0.6086, -1.6929 -0.9094 0.6076, -1.7133 -0.9481 0.7302, -1.6929 -0.9459 0.7152, -1.6929 -0.9507 0.7295, -1.6929 -0.9759 0.8558, -1.7133 -0.9732 0.8561, -1.6929 -0.9783 0.8936, -1.7133 -0.9816 0.9843, -1.6929 -0.9843 0.9843, -1.7133 -0.9732 1.1124, -1.6929 -0.9783 1.075, -1.6929 -0.9759 1.1127, -1.6929 -0.9507 1.239, -1.7133 -0.9481 1.2383, -1.6929 -0.9459 1.2533, -1.7133 -0.9069 1.3599, -1.6929 -0.9094 1.3609, -1.7133 -0.8501 1.475, -1.6929 -0.8792 1.422, -1.6929 -0.8524 1.4764, -1.6929 -0.7851 1.5771, -1.7133 -0.7788 1.5818, -1.6929 -0.7809 1.5834, -1.6929 -0.696 1.6802, -1.7133 -0.6941 1.6783, -1.6929 -0.6618 1.7102, -1.7133 -0.5976 1.763, -1.6929 -0.5992 1.7651, -1.7133 -0.4908 1.8343, -1.6929 -0.5173 1.8198, -1.6929 -0.4921 1.8366, -1.6929 -0.3767 1.8936, -1.7133 -0.3757 1.8911, -1.6929 -0.3552 1.9009, -1.7133 -0.2541 1.9324, -1.6929 -0.2548 1.935, -1.7133 -0.1281 1.9574, -1.6929 -0.1805 1.9497, -1.6929 -0.1285 1.9601, -1.6929 -0.0 1.9685, -1.7133 -0.0 1.9658, -1.6929 0.1285 1.9601, -1.7133 0.1281 1.9574, -1.6929 0.1804 1.9497, -1.7133 0.254 1.9324, -1.6929 0.2547 1.935, -1.7133 0.3756 1.8911, -1.6929 0.3551 1.9009, -1.6929 0.3766 1.8936, -1.6929 0.4921 1.8366, -1.7133 0.4908 1.8343, -1.6929 0.5173 1.8198, -1.7133 0.5975 1.763, -1.6929 0.5992 1.7651, -1.7133 0.6941 1.6783, -1.6929 0.6618 1.7102, -1.6929 0.696 1.6802, -1.6929 0.7808 1.5834, -1.7133 0.7787 1.5818, -1.6929 0.785 1.5771, -1.7133 0.85 1.475, -1.6929 0.8524 1.4764, -1.6929 0.8792 1.422, -1.7133 0.9068 1.3599, -1.6929 0.9093 1.3609, -1.7133 0.9481 1.2383, -1.6929 0.9458 1.2533, -1.6929 0.9507 1.239, -1.6929 0.9758 1.1127, -1.7133 0.9732 1.1124, -1.6929 0.9783 1.075, -1.7133 0.9815 0.9843, -1.6929 0.9842 0.9843, -1.7133 0.9732 0.8561, -1.6929 0.9783 0.8936, -1.6929 0.9758 0.8558, -1.6929 0.9507 0.7295, -1.7133 0.9481 0.7302, -1.6929 0.9458 0.7152, -1.7133 0.9068 0.6086, -1.6929 0.9093 0.6076, -1.7133 0.85 0.4935, -1.6929 0.8792 0.5465, -1.6929 0.8524 0.4921, -1.6929 0.785 0.3914, -1.7133 0.7787 0.3867, -1.6929 0.7808 0.3851, -1.6929 0.696 0.2883, -1.7133 0.6941 0.2902, -1.6929 0.6618 0.2583, -1.7133 0.5975 0.2055, -1.6929 0.5992 0.2034, -1.7133 0.4908 0.1342, -1.6929 0.5173 0.1487, -1.6929 0.4921 0.1319, -1.6929 0.3766 0.0749, -1.7133 0.3756 0.0774, -1.6929 0.3551 0.0676, -1.7133 0.254 0.0361, -1.6929 0.2547 0.0335, -1.7133 0.1281 0.0111, -1.6929 0.1804 0.0188, -1.6929 0.1285 0.0084, -1.6929 -0.0 0.0, -1.7133 -0.0 0.0027, -1.6929 -0.1285 0.0084, -1.7133 -0.1281 0.0111, -1.6929 -0.1805 0.0188, -1.7133 -0.2541 0.0361, -1.6929 -0.2548 0.0335, -1.6929 -0.3552 0.0676, -1.7323 0.1271 0.0189, -1.7323 0.252 0.0437, -1.7323 0.3726 0.0847, -1.7323 0.4868 0.141, -1.7323 0.5927 0.2118, -1.7323 0.6885 0.2957, -1.7323 0.7725 0.3915, -1.7323 0.8432 0.4974, -1.7323 0.8996 0.6116, -1.7323 0.9405 0.7322, -1.7323 0.9654 0.8572, -1.7323 0.9737 0.9843, -1.7323 0.9654 1.1113, -1.7323 0.9405 1.2363, -1.7323 0.8996 1.3569, -1.7323 0.8432 1.4711, -1.7323 0.7725 1.577, -1.7323 0.6885 1.6728, -1.7323 0.5927 1.7567, -1.7323 0.4868 1.8275, -1.7323 0.3726 1.8838, -1.7323 0.252 1.9248, -1.7323 0.1271 1.9496, -1.7323 -0.0 1.958, -1.7323 -0.1271 1.9496, -1.7323 -0.252 1.9248, -1.7323 -0.3726 1.8838, -1.7323 -0.4869 1.8275, -1.7323 -0.5928 1.7567, -1.7323 -0.6885 1.6728, -1.7323 -0.7725 1.577, -1.7323 -0.8433 1.4711, -1.7323 -0.8996 1.3569, -1.7323 -0.9405 1.2363, -1.7323 -0.9654 1.1113, -1.7323 -0.9737 0.9843, -1.7323 -0.9654 0.8572, -1.7323 -0.9405 0.7322, -1.7323 -0.8996 0.6116, -1.7323 -0.8433 0.4974, -1.7323 -0.7725 0.3915, -1.7323 -0.6885 0.2957, -1.7323 -0.5928 0.2118, -1.7323 -0.4869 0.141, -1.7323 -0.3726 0.0847, -1.7323 -0.252 0.0437, -1.7323 -0.1271 0.0189, -1.7323 -0.0 0.0106, -1.7486 0.1254 0.0313, -1.7486 0.2488 0.0558, -1.7486 0.3678 0.0962, -1.7486 0.4806 0.1518, -1.7486 0.5851 0.2217, -1.7486 0.6796 0.3046, -1.7486 0.7625 0.3991, -1.7486 0.8324 0.5037, -1.7486 0.888 0.6164, -1.7486 0.9284 0.7355, -1.7486 0.9529 0.8588, -1.7486 0.9612 0.9843, -1.7486 0.9529 1.1097, -1.7486 0.9284 1.233, -1.7486 0.888 1.3521, -1.7486 0.8324 1.4649, -1.7486 0.7625 1.5694, -1.7486 0.6796 1.6639, -1.7486 0.5851 1.7468, -1.7486 0.4806 1.8167, -1.7486 0.3678 1.8723, -1.7486 0.2488 1.9127, -1.7486 0.1254 1.9372, -1.7486 -0.0 1.9454, -1.7486 -0.1255 1.9372, -1.7486 -0.2488 1.9127, -1.7486 -0.3679 1.8723, -1.7486 -0.4806 1.8167, -1.7486 -0.5852 1.7468, -1.7486 -0.6797 1.6639, -1.7486 -0.7626 1.5694, -1.7486 -0.8324 1.4649, -1.7486 -0.888 1.3521, -1.7486 -0.9285 1.233, -1.7486 -0.953 1.1097, -1.7486 -0.9612 0.9843, -1.7486 -0.953 0.8588, -1.7486 -0.9285 0.7355, -1.7486 -0.888 0.6164, -1.7486 -0.8324 0.5037, -1.7486 -0.7626 0.3991, -1.7486 -0.6797 0.3046, -1.7486 -0.5852 0.2217, -1.7486 -0.4806 0.1518, -1.7486 -0.3679 0.0962, -1.7486 -0.2488 0.0558, -1.7486 -0.1255 0.0313, -1.7486 -0.0 0.0231, -1.7611 0.1233 0.0475, -1.7611 0.2445 0.0716, -1.7611 0.3616 0.1113, -1.7611 0.4724 0.166, -1.7611 0.5752 0.2346, -1.7611 0.6681 0.3161, -1.7611 0.7496 0.409, -1.7611 0.8183 0.5118, -1.7611 0.8729 0.6227, -1.7611 0.9127 0.7397, -1.7611 0.9368 0.8609, -1.7611 0.9449 0.9843, -1.7611 0.9368 1.1076, -1.7611 0.9127 1.2288, -1.7611 0.8729 1.3458, -1.7611 0.8183 1.4567, -1.7611 0.7496 1.5595, -1.7611 0.6681 1.6524, -1.7611 0.5752 1.7339, -1.7611 0.4724 1.8025, -1.7611 0.3616 1.8572, -1.7611 0.2445 1.8969, -1.7611 0.1233 1.9211, -1.7611 -0.0 1.9291, -1.7611 -0.1234 1.9211, -1.7611 -0.2446 1.8969, -1.7611 -0.3616 1.8572, -1.7611 -0.4725 1.8025, -1.7611 -0.5752 1.7339, -1.7611 -0.6682 1.6524, -1.7611 -0.7496 1.5595, -1.7611 -0.8183 1.4567, -1.7611 -0.873 1.3458, -1.7611 -0.9127 1.2288, -1.7611 -0.9368 1.1076, -1.7611 -0.9449 0.9843, -1.7611 -0.9368 0.8609, -1.7611 -0.9127 0.7397, -1.7611 -0.873 0.6227, -1.7611 -0.8183 0.5118, -1.7611 -0.7496 0.409, -1.7611 -0.6682 0.3161, -1.7611 -0.5752 0.2346, -1.7611 -0.4725 0.166, -1.7611 -0.3616 0.1113, -1.7611 -0.2446 0.0716, -1.7611 -0.1234 0.0475, -1.7611 -0.0 0.0394, -1.769 0.1208 0.0663, -1.769 0.2396 0.0899, -1.769 0.3543 0.1288, -1.769 0.4629 0.1824, -1.769 0.5636 0.2497, -1.769 0.6547 0.3296, -1.769 0.7345 0.4206, -1.769 0.8018 0.5213, -1.769 0.8554 0.6299, -1.769 0.8943 0.7446, -1.769 0.918 0.8634, -1.769 0.9259 0.9843, -1.769 0.918 1.1051, -1.769 0.8943 1.2239, -1.769 0.8554 1.3386, -1.769 0.8018 1.4472, -1.769 0.7345 1.5479, -1.769 0.6547 1.639, -1.769 0.5636 1.7188, -1.769 0.4629 1.7861, -1.769 0.3543 1.8397, -1.769 0.2396 1.8786, -1.769 0.1208 1.9022, -1.769 -0.0 1.9101, -1.769 -0.1209 1.9022, -1.769 -0.2397 1.8786, -1.769 -0.3543 1.8397, -1.769 -0.463 1.7861, -1.769 -0.5637 1.7188, -1.769 -0.6547 1.639, -1.769 -0.7346 1.5479, -1.769 -0.8019 1.4472, -1.769 -0.8554 1.3386, -1.769 -0.8944 1.2239, -1.769 -0.918 1.1051, -1.769 -0.9259 0.9843, -1.769 -0.918 0.8634, -1.769 -0.8944 0.7446, -1.769 -0.8554 0.6299, -1.769 -0.8019 0.5213, -1.769 -0.7346 0.4206, -1.769 -0.6547 0.3296, -1.769 -0.5637 0.2497, -1.769 -0.463 0.1824, -1.769 -0.3543 0.1288, -1.769 -0.2397 0.0899, -1.769 -0.1209 0.0663, -1.769 -0.0 0.0584, -1.7717 0.1182 0.0865, -1.7717 0.2343 0.1096, -1.7717 0.3465 0.1477, -1.7717 0.4527 0.2001, -1.7717 0.5512 0.2659, -1.7717 0.6403 0.344, -1.7717 0.7184 0.433, -1.7717 0.7842 0.5315, -1.7717 0.8366 0.6377, -1.7717 0.8746 0.7499, -1.7717 0.8977 0.8661, -1.7717 0.9055 0.9843, -1.7717 0.8977 1.1024, -1.7717 0.8746 1.2186, -1.7717 0.8366 1.3308, -1.7717 0.7842 1.437, -1.7717 0.7184 1.5355, -1.7717 0.6403 1.6245, -1.7717 0.5512 1.7026, -1.7717 0.4527 1.7685, -1.7717 0.3465 1.8208, -1.7717 0.2343 1.8589, -1.7717 0.1182 1.882, -1.7717 -0.0 1.8898, -1.7717 -0.1182 1.882, -1.7717 -0.2344 1.8589, -1.7717 -0.3465 1.8208, -1.7717 -0.4528 1.7685, -1.7717 -0.5513 1.7026, -1.7717 -0.6403 1.6245, -1.7717 -0.7184 1.5355, -1.7717 -0.7842 1.437, -1.7717 -0.8366 1.3308, -1.7717 -0.8747 1.2186, -1.7717 -0.8978 1.1024, -1.7717 -0.9055 0.9843, -1.7717 -0.8978 0.8661, -1.7717 -0.8747 0.7499, -1.7717 -0.8366 0.6377, -1.7717 -0.7842 0.5315, -1.7717 -0.7184 0.433, -1.7717 -0.6403 0.344, -1.7717 -0.5513 0.2659, -1.7717 -0.4528 0.2001, -1.7717 -0.3465 0.1477, -1.7717 -0.2344 0.1096, -1.7717 -0.1182 0.0865, -1.7717 -0.0 0.0787
            ]
        }
        coordIndex [
            0,1,2,-1,3,4,5,-1,6,7,8,-1,9,10,11,-1,12,13,14,-1,15,16,17,-1,18,19,20,-1,21,22,23,-1,24,25,26,-1,27,28,29,-1,30,31,32,-1,33,34,35,-1,36,37,38,-1,39,40,41,-1,42,43,44,-1,45,46,47,-1,48,49,50,-1,51,52,53,-1,54,55,56,-1,56,55,57,-1,56,57,58,-1,58,57,59,-1,58,59,60,-1,60,59,61,-1,60,61,62,-1,62,61,63,-1,62,63,64,-1,64,63,53,-1,65,66,67,-1,67,66,68,-1,67,68,69,-1,69,68,70,-1,69,70,71,-1,71,70,72,-1,71,72,73,-1,73,72,74,-1,73,74,75,-1,75,74,50,-1,76,77,78,-1,78,77,79,-1,78,79,80,-1,80,79,81,-1,80,81,82,-1,82,81,83,-1,82,83,84,-1,84,83,85,-1,84,85,86,-1,86,85,44,-1,87,88,89,-1,89,88,90,-1,89,90,91,-1,91,90,92,-1,91,92,93,-1,93,92,94,-1,93,94,95,-1,95,94,96,-1,95,96,97,-1,97,96,41,-1,98,99,100,-1,100,99,101,-1,100,101,102,-1,102,101,103,-1,102,103,104,-1,104,103,105,-1,104,105,106,-1,106,105,107,-1,106,107,108,-1,108,107,38,-1,109,110,111,-1,111,110,112,-1,111,112,113,-1,113,112,114,-1,113,114,115,-1,115,114,116,-1,115,116,117,-1,117,116,118,-1,117,118,119,-1,119,118,32,-1,120,121,122,-1,122,121,123,-1,122,123,124,-1,124,123,125,-1,124,125,126,-1,126,125,127,-1,126,127,128,-1,128,127,129,-1,128,129,130,-1,130,129,29,-1,131,132,133,-1,133,132,134,-1,133,134,135,-1,135,134,136,-1,135,136,137,-1,137,136,138,-1,137,138,139,-1,139,138,140,-1,139,140,141,-1,141,140,26,-1,142,143,144,-1,144,143,145,-1,144,145,146,-1,146,145,147,-1,146,147,148,-1,148,147,149,-1,148,149,150,-1,150,149,151,-1,150,151,152,-1,152,151,23,-1,153,154,155,-1,155,154,156,-1,155,156,157,-1,157,156,158,-1,157,158,159,-1,159,158,160,-1,159,160,161,-1,161,160,162,-1,161,162,163,-1,163,162,17,-1,164,165,166,-1,166,165,167,-1,166,167,168,-1,168,167,169,-1,168,169,170,-1,170,169,171,-1,170,171,172,-1,172,171,173,-1,172,173,174,-1,174,173,14,-1,175,176,177,-1,177,176,178,-1,177,178,179,-1,179,178,180,-1,179,180,181,-1,181,180,182,-1,181,182,183,-1,183,182,184,-1,183,184,185,-1,185,184,11,-1,186,187,188,-1,188,187,189,-1,188,189,190,-1,190,189,191,-1,190,191,192,-1,192,191,193,-1,192,193,194,-1,194,193,195,-1,194,195,196,-1,196,195,5,-1,197,198,199,-1,199,198,200,-1,199,200,201,-1,201,200,202,-1,201,202,203,-1,203,202,204,-1,203,204,205,-1,205,204,206,-1,205,206,207,-1,207,206,2,-1,208,54,209,-1,209,54,56,-1,209,56,210,-1,210,56,58,-1,210,58,211,-1,211,58,60,-1,211,60,212,-1,212,60,62,-1,212,62,213,-1,213,62,64,-1,213,64,214,-1,214,64,215,-1,53,52,64,-1,64,52,216,-1,64,216,215,-1,217,51,218,-1,218,51,53,-1,218,53,219,-1,219,53,63,-1,219,63,220,-1,220,63,61,-1,220,61,221,-1,221,61,59,-1,221,59,222,-1,222,59,57,-1,222,57,223,-1,223,57,55,-1,223,65,222,-1,222,65,67,-1,222,67,221,-1,221,67,69,-1,221,69,220,-1,220,69,71,-1,220,71,219,-1,219,71,73,-1,219,73,218,-1,218,73,75,-1,218,75,217,-1,217,75,224,-1,50,49,75,-1,75,49,225,-1,75,225,224,-1,226,48,227,-1,227,48,50,-1,227,50,228,-1,228,50,74,-1,228,74,229,-1,229,74,72,-1,229,72,230,-1,230,72,70,-1,230,70,231,-1,231,70,68,-1,231,68,232,-1,232,68,66,-1,232,233,231,-1,231,233,234,-1,231,234,230,-1,230,234,235,-1,230,235,229,-1,229,235,236,-1,229,236,228,-1,228,236,237,-1,228,237,227,-1,227,237,47,-1,227,47,226,-1,226,47,46,-1,238,45,86,-1,86,45,47,-1,86,47,84,-1,84,47,237,-1,84,237,82,-1,82,237,236,-1,82,236,80,-1,80,236,235,-1,80,235,78,-1,78,235,234,-1,78,234,76,-1,76,234,233,-1,44,43,86,-1,86,43,239,-1,86,239,238,-1,240,42,241,-1,241,42,44,-1,241,44,242,-1,242,44,85,-1,242,85,243,-1,243,85,83,-1,243,83,244,-1,244,83,81,-1,244,81,245,-1,245,81,79,-1,245,79,246,-1,246,79,77,-1,246,87,245,-1,245,87,89,-1,245,89,244,-1,244,89,91,-1,244,91,243,-1,243,91,93,-1,243,93,242,-1,242,93,95,-1,242,95,241,-1,241,95,97,-1,241,97,240,-1,240,97,247,-1,41,40,97,-1,97,40,248,-1,97,248,247,-1,249,39,250,-1,250,39,41,-1,250,41,251,-1,251,41,96,-1,251,96,252,-1,252,96,94,-1,252,94,253,-1,253,94,92,-1,253,92,254,-1,254,92,90,-1,254,90,255,-1,255,90,88,-1,255,98,254,-1,254,98,100,-1,254,100,253,-1,253,100,102,-1,253,102,252,-1,252,102,104,-1,252,104,251,-1,251,104,106,-1,251,106,250,-1,250,106,108,-1,250,108,249,-1,249,108,256,-1,38,37,108,-1,108,37,257,-1,108,257,256,-1,34,36,35,-1,35,36,38,-1,35,38,258,-1,258,38,107,-1,258,107,259,-1,259,107,105,-1,259,105,260,-1,260,105,103,-1,260,103,261,-1,261,103,101,-1,261,101,262,-1,262,101,99,-1,263,33,264,-1,264,33,35,-1,264,35,265,-1,265,35,258,-1,265,258,266,-1,266,258,259,-1,266,259,267,-1,267,259,260,-1,267,260,268,-1,268,260,261,-1,268,261,269,-1,269,261,262,-1,269,109,268,-1,268,109,111,-1,268,111,267,-1,267,111,113,-1,267,113,266,-1,266,113,115,-1,266,115,265,-1,265,115,117,-1,265,117,264,-1,264,117,119,-1,264,119,263,-1,263,119,270,-1,32,31,119,-1,119,31,271,-1,119,271,270,-1,272,30,273,-1,273,30,32,-1,273,32,274,-1,274,32,118,-1,274,118,275,-1,275,118,116,-1,275,116,276,-1,276,116,114,-1,276,114,277,-1,277,114,112,-1,277,112,278,-1,278,112,110,-1,278,120,277,-1,277,120,122,-1,277,122,276,-1,276,122,124,-1,276,124,275,-1,275,124,126,-1,275,126,274,-1,274,126,128,-1,274,128,273,-1,273,128,130,-1,273,130,272,-1,272,130,279,-1,29,28,130,-1,130,28,280,-1,130,280,279,-1,281,27,282,-1,282,27,29,-1,282,29,283,-1,283,29,129,-1,283,129,284,-1,284,129,127,-1,284,127,285,-1,285,127,125,-1,285,125,286,-1,286,125,123,-1,286,123,287,-1,287,123,121,-1,287,288,286,-1,286,288,289,-1,286,289,285,-1,285,289,290,-1,285,290,284,-1,284,290,291,-1,284,291,283,-1,283,291,292,-1,283,292,282,-1,282,292,293,-1,282,293,281,-1,281,293,294,-1,288,131,289,-1,289,131,133,-1,289,133,290,-1,290,133,135,-1,290,135,291,-1,291,135,137,-1,291,137,292,-1,292,137,139,-1,292,139,293,-1,293,139,141,-1,293,141,294,-1,294,141,295,-1,26,25,141,-1,141,25,296,-1,141,296,295,-1,297,24,298,-1,298,24,26,-1,298,26,299,-1,299,26,140,-1,299,140,300,-1,300,140,138,-1,300,138,301,-1,301,138,136,-1,301,136,302,-1,302,136,134,-1,302,134,303,-1,303,134,132,-1,303,142,302,-1,302,142,144,-1,302,144,301,-1,301,144,146,-1,301,146,300,-1,300,146,148,-1,300,148,299,-1,299,148,150,-1,299,150,298,-1,298,150,152,-1,298,152,297,-1,297,152,304,-1,23,22,152,-1,152,22,305,-1,152,305,304,-1,306,21,307,-1,307,21,23,-1,307,23,308,-1,308,23,151,-1,308,151,309,-1,309,151,149,-1,309,149,310,-1,310,149,147,-1,310,147,311,-1,311,147,145,-1,311,145,312,-1,312,145,143,-1,312,313,311,-1,311,313,314,-1,311,314,310,-1,310,314,315,-1,310,315,309,-1,309,315,316,-1,309,316,308,-1,308,316,317,-1,308,317,307,-1,307,317,20,-1,307,20,306,-1,306,20,19,-1,318,18,163,-1,163,18,20,-1,163,20,161,-1,161,20,317,-1,161,317,159,-1,159,317,316,-1,159,316,157,-1,157,316,315,-1,157,315,155,-1,155,315,314,-1,155,314,153,-1,153,314,313,-1,17,16,163,-1,163,16,319,-1,163,319,318,-1,320,15,321,-1,321,15,17,-1,321,17,322,-1,322,17,162,-1,322,162,323,-1,323,162,160,-1,323,160,324,-1,324,160,158,-1,324,158,325,-1,325,158,156,-1,325,156,326,-1,326,156,154,-1,326,164,325,-1,325,164,166,-1,325,166,324,-1,324,166,168,-1,324,168,323,-1,323,168,170,-1,323,170,322,-1,322,170,172,-1,322,172,321,-1,321,172,174,-1,321,174,320,-1,320,174,327,-1,14,13,174,-1,174,13,328,-1,174,328,327,-1,329,12,330,-1,330,12,14,-1,330,14,331,-1,331,14,173,-1,331,173,332,-1,332,173,171,-1,332,171,333,-1,333,171,169,-1,333,169,334,-1,334,169,167,-1,334,167,335,-1,335,167,165,-1,335,175,334,-1,334,175,177,-1,334,177,333,-1,333,177,179,-1,333,179,332,-1,332,179,181,-1,332,181,331,-1,331,181,183,-1,331,183,330,-1,330,183,185,-1,330,185,329,-1,329,185,336,-1,11,10,185,-1,185,10,337,-1,185,337,336,-1,7,9,8,-1,8,9,11,-1,8,11,338,-1,338,11,184,-1,338,184,339,-1,339,184,182,-1,339,182,340,-1,340,182,180,-1,340,180,341,-1,341,180,178,-1,341,178,342,-1,342,178,176,-1,343,6,344,-1,344,6,8,-1,344,8,345,-1,345,8,338,-1,345,338,346,-1,346,338,339,-1,346,339,347,-1,347,339,340,-1,347,340,348,-1,348,340,341,-1,348,341,349,-1,349,341,342,-1,349,186,348,-1,348,186,188,-1,348,188,347,-1,347,188,190,-1,347,190,346,-1,346,190,192,-1,346,192,345,-1,345,192,194,-1,345,194,344,-1,344,194,196,-1,344,196,343,-1,343,196,350,-1,5,4,196,-1,196,4,351,-1,196,351,350,-1,352,3,353,-1,353,3,5,-1,353,5,354,-1,354,5,195,-1,354,195,355,-1,355,195,193,-1,355,193,356,-1,356,193,191,-1,356,191,357,-1,357,191,189,-1,357,189,358,-1,358,189,187,-1,358,197,357,-1,357,197,199,-1,357,199,356,-1,356,199,201,-1,356,201,355,-1,355,201,203,-1,355,203,354,-1,354,203,205,-1,354,205,353,-1,353,205,207,-1,353,207,352,-1,352,207,359,-1,2,1,207,-1,207,1,360,-1,207,360,359,-1,361,0,362,-1,362,0,2,-1,362,2,363,-1,363,2,206,-1,363,206,364,-1,364,206,204,-1,364,204,365,-1,365,204,202,-1,365,202,366,-1,366,202,200,-1,366,200,367,-1,367,200,198,-1,367,208,366,-1,366,208,209,-1,366,209,365,-1,365,209,210,-1,365,210,364,-1,364,210,211,-1,364,211,363,-1,363,211,212,-1,363,212,362,-1,362,212,213,-1,362,213,361,-1,361,213,214,-1,368,369,370,-1,370,369,371,-1,370,371,372,-1,372,371,373,-1,372,373,374,-1,374,373,375,-1,374,375,376,-1,368,377,369,-1,369,377,378,-1,369,378,379,-1,379,378,380,-1,379,380,381,-1,380,382,381,-1,381,382,383,-1,381,383,384,-1,384,383,385,-1,384,385,386,-1,386,385,387,-1,387,388,386,-1,386,388,389,-1,386,389,390,-1,390,389,391,-1,390,391,392,-1,392,391,393,-1,392,393,394,-1,394,393,395,-1,395,396,394,-1,394,396,397,-1,394,397,398,-1,398,397,399,-1,398,399,400,-1,400,399,401,-1,400,401,402,-1,402,401,403,-1,403,404,402,-1,402,404,405,-1,402,405,406,-1,405,407,406,-1,406,407,408,-1,406,408,409,-1,409,408,410,-1,409,410,411,-1,411,410,412,-1,411,412,413,-1,413,412,414,-1,414,415,413,-1,413,415,416,-1,413,416,417,-1,417,416,418,-1,417,418,419,-1,419,418,420,-1,419,420,421,-1,421,420,422,-1,422,423,421,-1,421,423,424,-1,421,424,425,-1,425,424,426,-1,425,426,427,-1,427,426,428,-1,427,428,429,-1,429,428,430,-1,429,430,431,-1,431,430,432,-1,432,433,431,-1,431,433,434,-1,431,434,435,-1,435,434,436,-1,435,436,437,-1,437,436,438,-1,437,438,439,-1,439,438,440,-1,440,441,439,-1,439,441,442,-1,439,442,443,-1,443,442,444,-1,443,444,445,-1,444,446,445,-1,445,446,447,-1,445,447,448,-1,448,447,449,-1,448,449,450,-1,450,449,451,-1,451,452,450,-1,450,452,453,-1,450,453,454,-1,454,453,455,-1,454,455,456,-1,456,455,457,-1,456,457,458,-1,458,457,459,-1,459,460,458,-1,458,460,461,-1,458,461,462,-1,462,461,463,-1,462,463,464,-1,464,463,465,-1,464,465,466,-1,466,465,467,-1,467,468,466,-1,466,468,469,-1,466,469,470,-1,469,471,470,-1,470,471,472,-1,470,472,473,-1,473,472,474,-1,473,474,475,-1,475,474,476,-1,475,476,477,-1,477,476,478,-1,478,479,477,-1,477,479,480,-1,477,480,481,-1,481,480,482,-1,481,482,483,-1,483,482,484,-1,483,484,485,-1,485,484,486,-1,486,487,485,-1,485,487,488,-1,485,488,489,-1,489,488,490,-1,489,490,491,-1,491,490,492,-1,491,492,493,-1,493,492,494,-1,493,494,375,-1,375,494,495,-1,375,495,376,-1,489,496,485,-1,485,496,497,-1,485,497,483,-1,483,497,498,-1,483,498,481,-1,481,498,499,-1,481,499,477,-1,477,499,500,-1,477,500,475,-1,475,500,501,-1,475,501,473,-1,473,501,502,-1,473,502,470,-1,470,502,503,-1,470,503,466,-1,466,503,504,-1,466,504,464,-1,464,504,505,-1,464,505,462,-1,462,505,506,-1,462,506,458,-1,458,506,507,-1,458,507,456,-1,456,507,508,-1,456,508,454,-1,454,508,509,-1,454,509,450,-1,450,509,510,-1,450,510,448,-1,448,510,511,-1,448,511,445,-1,445,511,512,-1,445,512,443,-1,443,512,513,-1,443,513,439,-1,439,513,514,-1,439,514,437,-1,437,514,515,-1,437,515,435,-1,435,515,516,-1,435,516,431,-1,431,516,517,-1,431,517,429,-1,429,517,518,-1,429,518,427,-1,427,518,519,-1,427,519,425,-1,425,519,520,-1,425,520,421,-1,421,520,521,-1,421,521,419,-1,419,521,522,-1,419,522,417,-1,417,522,523,-1,417,523,413,-1,413,523,524,-1,413,524,411,-1,411,524,525,-1,411,525,409,-1,409,525,526,-1,409,526,406,-1,406,526,527,-1,406,527,402,-1,402,527,528,-1,402,528,400,-1,400,528,529,-1,400,529,398,-1,398,529,530,-1,398,530,394,-1,394,530,531,-1,394,531,392,-1,392,531,532,-1,392,532,390,-1,390,532,533,-1,390,533,386,-1,386,533,534,-1,386,534,384,-1,384,534,535,-1,384,535,381,-1,381,535,536,-1,381,536,379,-1,379,536,537,-1,379,537,369,-1,369,537,538,-1,369,538,371,-1,371,538,539,-1,371,539,373,-1,373,539,540,-1,373,540,375,-1,375,540,541,-1,375,541,493,-1,493,541,542,-1,493,542,491,-1,491,542,543,-1,491,543,489,-1,489,543,496,-1,543,544,496,-1,496,544,545,-1,496,545,497,-1,497,545,546,-1,497,546,498,-1,498,546,547,-1,498,547,499,-1,499,547,548,-1,499,548,500,-1,500,548,549,-1,500,549,501,-1,501,549,550,-1,501,550,502,-1,502,550,551,-1,502,551,503,-1,503,551,552,-1,503,552,504,-1,504,552,553,-1,504,553,505,-1,505,553,554,-1,505,554,506,-1,506,554,555,-1,506,555,507,-1,507,555,556,-1,507,556,508,-1,508,556,557,-1,508,557,509,-1,509,557,558,-1,509,558,510,-1,510,558,559,-1,510,559,511,-1,511,559,560,-1,511,560,512,-1,512,560,561,-1,512,561,513,-1,513,561,562,-1,513,562,514,-1,514,562,563,-1,514,563,515,-1,515,563,564,-1,515,564,516,-1,516,564,565,-1,516,565,517,-1,517,565,566,-1,517,566,518,-1,518,566,567,-1,518,567,519,-1,519,567,568,-1,519,568,520,-1,520,568,569,-1,520,569,521,-1,521,569,570,-1,521,570,522,-1,522,570,571,-1,522,571,523,-1,523,571,572,-1,523,572,524,-1,524,572,573,-1,524,573,525,-1,525,573,574,-1,525,574,526,-1,526,574,575,-1,526,575,527,-1,527,575,576,-1,527,576,528,-1,528,576,577,-1,528,577,529,-1,529,577,578,-1,529,578,530,-1,530,578,579,-1,530,579,531,-1,531,579,580,-1,531,580,532,-1,532,580,581,-1,532,581,533,-1,533,581,582,-1,533,582,534,-1,534,582,583,-1,534,583,535,-1,535,583,584,-1,535,584,536,-1,536,584,585,-1,536,585,537,-1,537,585,586,-1,537,586,538,-1,538,586,587,-1,538,587,539,-1,539,587,588,-1,539,588,540,-1,540,588,589,-1,540,589,541,-1,541,589,590,-1,541,590,542,-1,542,590,591,-1,542,591,543,-1,543,591,544,-1,591,592,544,-1,544,592,593,-1,544,593,545,-1,545,593,594,-1,545,594,546,-1,546,594,595,-1,546,595,547,-1,547,595,596,-1,547,596,548,-1,548,596,597,-1,548,597,549,-1,549,597,598,-1,549,598,550,-1,550,598,599,-1,550,599,551,-1,551,599,600,-1,551,600,552,-1,552,600,601,-1,552,601,553,-1,553,601,602,-1,553,602,554,-1,554,602,603,-1,554,603,555,-1,555,603,604,-1,555,604,556,-1,556,604,605,-1,556,605,557,-1,557,605,606,-1,557,606,558,-1,558,606,607,-1,558,607,559,-1,559,607,608,-1,559,608,560,-1,560,608,609,-1,560,609,561,-1,561,609,610,-1,561,610,562,-1,562,610,611,-1,562,611,563,-1,563,611,612,-1,563,612,564,-1,564,612,613,-1,564,613,565,-1,565,613,614,-1,565,614,566,-1,566,614,615,-1,566,615,567,-1,567,615,616,-1,567,616,568,-1,568,616,617,-1,568,617,569,-1,569,617,618,-1,569,618,570,-1,570,618,619,-1,570,619,571,-1,571,619,620,-1,571,620,572,-1,572,620,621,-1,572,621,573,-1,573,621,622,-1,573,622,574,-1,574,622,623,-1,574,623,575,-1,575,623,624,-1,575,624,576,-1,576,624,625,-1,576,625,577,-1,577,625,626,-1,577,626,578,-1,578,626,627,-1,578,627,579,-1,579,627,628,-1,579,628,580,-1,580,628,629,-1,580,629,581,-1,581,629,630,-1,581,630,582,-1,582,630,631,-1,582,631,583,-1,583,631,632,-1,583,632,584,-1,584,632,633,-1,584,633,585,-1,585,633,634,-1,585,634,586,-1,586,634,635,-1,586,635,587,-1,587,635,636,-1,587,636,588,-1,588,636,637,-1,588,637,589,-1,589,637,638,-1,589,638,590,-1,590,638,639,-1,590,639,591,-1,591,639,592,-1,639,640,592,-1,592,640,641,-1,592,641,593,-1,593,641,642,-1,593,642,594,-1,594,642,643,-1,594,643,595,-1,595,643,644,-1,595,644,596,-1,596,644,645,-1,596,645,597,-1,597,645,646,-1,597,646,598,-1,598,646,647,-1,598,647,599,-1,599,647,648,-1,599,648,600,-1,600,648,649,-1,600,649,601,-1,601,649,650,-1,601,650,602,-1,602,650,651,-1,602,651,603,-1,603,651,652,-1,603,652,604,-1,604,652,653,-1,604,653,605,-1,605,653,654,-1,605,654,606,-1,606,654,655,-1,606,655,607,-1,607,655,656,-1,607,656,608,-1,608,656,657,-1,608,657,609,-1,609,657,658,-1,609,658,610,-1,610,658,659,-1,610,659,611,-1,611,659,660,-1,611,660,612,-1,612,660,661,-1,612,661,613,-1,613,661,662,-1,613,662,614,-1,614,662,663,-1,614,663,615,-1,615,663,664,-1,615,664,616,-1,616,664,665,-1,616,665,617,-1,617,665,666,-1,617,666,618,-1,618,666,667,-1,618,667,619,-1,619,667,668,-1,619,668,620,-1,620,668,669,-1,620,669,621,-1,621,669,670,-1,621,670,622,-1,622,670,671,-1,622,671,623,-1,623,671,672,-1,623,672,624,-1,624,672,673,-1,624,673,625,-1,625,673,674,-1,625,674,626,-1,626,674,675,-1,626,675,627,-1,627,675,676,-1,627,676,628,-1,628,676,677,-1,628,677,629,-1,629,677,678,-1,629,678,630,-1,630,678,679,-1,630,679,631,-1,631,679,680,-1,631,680,632,-1,632,680,681,-1,632,681,633,-1,633,681,682,-1,633,682,634,-1,634,682,683,-1,634,683,635,-1,635,683,684,-1,635,684,636,-1,636,684,685,-1,636,685,637,-1,637,685,686,-1,637,686,638,-1,638,686,687,-1,638,687,639,-1,639,687,640,-1,687,688,640,-1,640,688,689,-1,640,689,641,-1,641,689,690,-1,641,690,642,-1,642,690,691,-1,642,691,643,-1,643,691,692,-1,643,692,644,-1,644,692,693,-1,644,693,645,-1,645,693,694,-1,645,694,646,-1,646,694,695,-1,646,695,647,-1,647,695,696,-1,647,696,648,-1,648,696,697,-1,648,697,649,-1,649,697,698,-1,649,698,650,-1,650,698,699,-1,650,699,651,-1,651,699,700,-1,651,700,652,-1,652,700,701,-1,652,701,653,-1,653,701,702,-1,653,702,654,-1,654,702,703,-1,654,703,655,-1,655,703,704,-1,655,704,656,-1,656,704,705,-1,656,705,657,-1,657,705,706,-1,657,706,658,-1,658,706,707,-1,658,707,659,-1,659,707,708,-1,659,708,660,-1,660,708,709,-1,660,709,661,-1,661,709,710,-1,661,710,662,-1,662,710,711,-1,662,711,663,-1,663,711,712,-1,663,712,664,-1,664,712,713,-1,664,713,665,-1,665,713,714,-1,665,714,666,-1,666,714,715,-1,666,715,667,-1,667,715,716,-1,667,716,668,-1,668,716,717,-1,668,717,669,-1,669,717,718,-1,669,718,670,-1,670,718,719,-1,670,719,671,-1,671,719,720,-1,671,720,672,-1,672,720,721,-1,672,721,673,-1,673,721,722,-1,673,722,674,-1,674,722,723,-1,674,723,675,-1,675,723,724,-1,675,724,676,-1,676,724,725,-1,676,725,677,-1,677,725,726,-1,677,726,678,-1,678,726,727,-1,678,727,679,-1,679,727,728,-1,679,728,680,-1,680,728,729,-1,680,729,681,-1,681,729,730,-1,681,730,682,-1,682,730,731,-1,682,731,683,-1,683,731,732,-1,683,732,684,-1,684,732,733,-1,684,733,685,-1,685,733,734,-1,685,734,686,-1,686,734,735,-1,686,735,687,-1,687,735,688,-1,
        ]
    }
}
Shape{
    appearance Appearance {
        material  Material 	{
            diffuseColor 1.0 1.0 1.0
            specularColor 0.8784313725490196 0.8784313725490196 0.8784313725490196
            ambientIntensity 1.0
            transparency 0.0
            shininess 0.5
        }
    }
    geometry IndexedFaceSet {
        ccw TRUE
        solid FALSE
        coord DEF co Coordinate {
            point [
                1.1819 0.0049 1.9685, 1.1819 0.0049 1.9724, 1.1939 0.0037 1.9685, 1.1939 0.0037 1.9724, 1.1958 0.0035 1.9685, 1.1952 0.0036 1.9724, 1.2023 0.0013 1.9685, 1.2023 0.0012 1.9724, 1.206 -0.0 1.9685, 1.2068 -0.0004 1.9724, 1.2179 -0.0077 1.9724, 1.2179 -0.0077 1.9685, 1.2098 -0.0023 1.9724, 1.2098 -0.0023 1.9685, 1.2066 -0.0002 1.9685, 1.1547 0.0049 1.9685, 1.1547 0.0049 1.9724, 1.1547 -0.0903 1.9644, 1.1547 -0.0906 1.9683, 1.1547 -0.0 1.9685, 1.1809 -0.0903 1.9644, 1.1809 -0.0906 1.9683, 1.2179 -0.077 1.9655, 1.2179 -0.0773 1.9694, 1.2105 -0.0822 1.9651, 1.2105 -0.0825 1.969, 1.2085 -0.0836 1.965, 1.2084 -0.084 1.9689, 1.2027 -0.086 1.9648, 1.2027 -0.0863 1.9687, 1.1973 -0.0881 1.9646, 1.1972 -0.0885 1.9685, 1.1935 -0.0886 1.9645, 1.1935 -0.089 1.9684, 1.2317 -0.05 1.9672, 1.2318 -0.0482 1.9673, 1.2316 -0.0484 1.9712, 1.2323 -0.0415 1.9676, 1.2323 -0.0417 1.9716, 1.2321 -0.0456 1.9714, 1.2301 -0.0563 1.9669, 1.2301 -0.0566 1.9708, 1.2292 -0.0602 1.9667, 1.2298 -0.0586 1.9707, 1.2275 -0.0635 1.9665, 1.2237 -0.0701 1.9699, 1.2247 -0.069 1.9661, 1.2256 -0.0678 1.9701, 1.2274 -0.0638 1.9704, 1.2238 -0.07 1.966, 1.221 -0.0108 1.9685, 1.2214 -0.0113 1.9724, 1.2218 -0.0119 1.9684, 1.2219 -0.0119 1.9724, 1.2262 -0.0179 1.9683, 1.2262 -0.018 1.9723, 1.2269 -0.0189 1.9683, 1.2269 -0.019 1.9723, 1.229 -0.024 1.9682, 1.229 -0.0241 1.9721, 1.2304 -0.0274 1.9681, 1.2304 -0.0274 1.9721, 1.2309 -0.031 1.968, 1.2309 -0.0311 1.9719, 1.2117 -0.0179 1.9723, 1.2117 -0.0179 1.9723, 1.2147 -0.0225 1.9722, 1.2156 -0.0238 1.9722, 1.2168 -0.0271 1.9721, 1.2091 -0.0698 1.97, 1.2131 -0.0647 1.9703, 1.2145 -0.0629 1.9704, 1.2158 -0.0598 1.9706, 1.2177 -0.0552 1.9709, 1.2178 -0.0543 1.971, 1.219 -0.046 1.9714, 1.2193 -0.0441 1.9715, 1.2193 -0.042 1.9716, 1.2182 -0.0322 1.9719, 1.218 -0.0305 1.972, 1.2081 -0.0707 1.9699, 1.2077 -0.071 1.9699, 1.2024 -0.0746 1.9696, 1.2011 -0.0755 1.9696, 1.197 -0.077 1.9694, 1.1934 -0.0784 1.9693, 1.191 -0.0786 1.9693, 1.1808 -0.0798 1.9692, 1.167 -0.0798 1.9692, 1.167 -0.0061 1.9724, 1.1814 -0.0061 1.9724, 1.1889 -0.0069 1.9724, 1.1926 -0.0073 1.9724, 1.1964 -0.0086 1.9724, 1.2016 -0.0104 1.9724, 1.2028 -0.0112 1.9724, 1.2089 -0.0151 1.9723, 1.167 -0.006 1.9685, 1.1814 -0.006 1.9685, 1.167 -0.0794 1.9653, 1.1808 -0.0794 1.9653, 1.2091 -0.0695 1.9661, 1.2077 -0.0706 1.966, 1.2027 -0.0743 1.9657, 1.2025 -0.0744 1.9657, 1.197 -0.0767 1.9655, 1.191 -0.0781 1.9654, 1.1949 -0.0776 1.9654, 1.2193 -0.0418 1.9676, 1.2191 -0.0458 1.9674, 1.2191 -0.047 1.9674, 1.2177 -0.054 1.967, 1.2171 -0.0568 1.9669, 1.2158 -0.0595 1.9667, 1.214 -0.0635 1.9665, 1.2132 -0.0644 1.9664, 1.2089 -0.015 1.9684, 1.2116 -0.0177 1.9683, 1.2116 -0.0179 1.9683, 1.2147 -0.0224 1.9683, 1.2183 -0.0321 1.968, 1.2181 -0.0308 1.968, 1.2168 -0.027 1.9681, 1.2157 -0.0239 1.9682, 1.1889 -0.0069 1.9685, 1.1926 -0.0073 1.9685, 1.1964 -0.0086 1.9685, 1.2016 -0.0104 1.9685, 1.2028 -0.0112 1.9684
            ]
        }
        coordIndex [
            0,1,2,-1,2,1,3,-1,2,3,4,-1,4,3,5,-1,4,5,6,-1,6,5,7,-1,6,7,8,-1,8,7,9,-1,10,11,12,-1,12,11,13,-1,12,13,9,-1,9,13,14,-1,9,14,8,-1,15,16,0,-1,0,16,1,-1,17,18,19,-1,19,18,16,-1,19,16,15,-1,20,21,17,-1,17,21,18,-1,22,23,24,-1,24,23,25,-1,24,25,26,-1,26,25,27,-1,26,27,28,-1,28,27,29,-1,28,29,30,-1,30,29,31,-1,30,31,32,-1,32,31,33,-1,32,33,20,-1,20,33,21,-1,34,35,36,-1,37,38,35,-1,35,38,39,-1,35,39,36,-1,34,36,40,-1,40,36,41,-1,40,41,42,-1,42,41,43,-1,42,43,44,-1,45,46,47,-1,47,46,44,-1,47,44,48,-1,48,44,43,-1,23,22,45,-1,45,22,49,-1,45,49,46,-1,11,10,50,-1,50,10,51,-1,50,51,52,-1,52,51,53,-1,52,53,54,-1,54,53,55,-1,54,55,56,-1,56,55,57,-1,56,57,58,-1,58,57,59,-1,58,59,60,-1,60,59,61,-1,60,61,62,-1,62,61,63,-1,62,63,37,-1,37,63,38,-1,10,64,51,-1,51,64,65,-1,51,65,53,-1,53,65,66,-1,53,66,55,-1,55,66,67,-1,55,67,57,-1,57,67,68,-1,69,23,70,-1,70,23,45,-1,70,45,71,-1,71,45,47,-1,71,47,72,-1,72,47,48,-1,72,48,73,-1,73,48,43,-1,73,43,74,-1,74,43,41,-1,74,41,75,-1,75,41,36,-1,75,36,76,-1,76,36,39,-1,76,39,77,-1,77,39,38,-1,77,38,78,-1,78,38,63,-1,78,63,79,-1,79,63,61,-1,79,61,68,-1,68,61,59,-1,68,59,57,-1,69,80,23,-1,23,80,81,-1,23,81,25,-1,25,81,82,-1,25,82,27,-1,27,82,83,-1,27,83,29,-1,29,83,84,-1,29,84,31,-1,31,84,85,-1,31,85,33,-1,33,85,86,-1,33,86,21,-1,21,86,87,-1,21,87,18,-1,18,87,88,-1,18,88,16,-1,16,88,89,-1,16,89,1,-1,1,89,90,-1,1,90,3,-1,3,90,91,-1,3,91,5,-1,5,91,92,-1,5,92,7,-1,7,92,93,-1,7,93,9,-1,9,93,94,-1,9,94,12,-1,12,94,95,-1,12,95,10,-1,10,95,96,-1,10,96,64,-1,89,97,90,-1,90,97,98,-1,88,99,89,-1,89,99,97,-1,87,100,88,-1,88,100,99,-1,69,101,80,-1,80,101,102,-1,80,102,81,-1,81,102,82,-1,102,103,82,-1,82,103,104,-1,82,104,83,-1,83,104,105,-1,100,87,106,-1,106,87,86,-1,106,86,107,-1,107,86,85,-1,107,85,105,-1,105,85,84,-1,105,84,83,-1,77,108,76,-1,76,108,109,-1,76,109,75,-1,75,109,110,-1,75,110,74,-1,74,110,111,-1,74,111,73,-1,73,111,112,-1,73,112,72,-1,72,112,113,-1,72,113,71,-1,71,113,114,-1,71,114,70,-1,70,114,115,-1,70,115,69,-1,69,115,101,-1,64,96,116,-1,116,117,64,-1,64,117,118,-1,64,118,65,-1,65,118,119,-1,108,77,120,-1,120,77,78,-1,120,78,121,-1,121,78,79,-1,121,79,122,-1,122,79,68,-1,122,68,123,-1,123,68,67,-1,123,67,119,-1,119,67,66,-1,119,66,65,-1,90,98,91,-1,91,98,124,-1,91,124,92,-1,92,124,125,-1,92,125,93,-1,93,125,126,-1,93,126,94,-1,94,126,127,-1,94,127,95,-1,95,127,128,-1,95,128,96,-1,96,128,116,-1,
        ]
    }
}
Shape{
    appearance Appearance {
        material  Material 	{
            diffuseColor 0.20784313725490197 0.20784313725490197 0.20784313725490197
            specularColor 0.01568627450980392 0.01568627450980392 0.01568627450980392
            ambientIntensity 0.298
            transparency 0.0
            shininess 0.5
        }
    }
    geometry IndexedFaceSet {
        ccw TRUE
        solid FALSE
        coord DEF co Coordinate {
            point [
                1.2027 -0.0743 1.9657, 1.2077 -0.0706 1.966, 1.167 -0.0794 1.9653, 1.191 -0.0781 1.9654, 1.1949 -0.0776 1.9654, 1.197 -0.0767 1.9655, 1.1808 -0.0794 1.9653, 1.2025 -0.0744 1.9657, 1.2091 -0.0695 1.9661, 1.2132 -0.0644 1.9664, 1.214 -0.0635 1.9665, 1.2158 -0.0595 1.9667, 1.2171 -0.0568 1.9669, 1.2177 -0.054 1.967, 1.2191 -0.047 1.9674, 1.2191 -0.0458 1.9674, 1.2193 -0.0418 1.9676, 1.2183 -0.0321 1.968, 1.2181 -0.0308 1.968, 1.2168 -0.027 1.9681, 1.2157 -0.0239 1.9682, 1.2147 -0.0224 1.9683, 1.2116 -0.0179 1.9683, 1.2116 -0.0177 1.9683, 1.2089 -0.015 1.9684, 1.2028 -0.0112 1.9684, 1.2016 -0.0104 1.9685, 1.1964 -0.0086 1.9685, 1.1926 -0.0073 1.9685, 1.1889 -0.0069 1.9685, 1.1814 -0.006 1.9685, 1.167 -0.006 1.9685
            ]
        }
        coordIndex [
            0,1,2,-1,3,4,5,-1,2,6,3,-1,3,5,2,-1,2,5,7,-1,2,7,0,-1,1,8,2,-1,2,8,9,-1,2,9,10,-1,10,11,2,-1,2,11,12,-1,2,12,13,-1,13,14,2,-1,2,14,15,-1,2,15,16,-1,16,17,2,-1,2,17,18,-1,2,18,19,-1,19,20,2,-1,2,20,21,-1,2,21,22,-1,22,23,2,-1,2,23,24,-1,2,24,25,-1,25,26,2,-1,2,26,27,-1,2,27,28,-1,28,29,2,-1,2,29,30,-1,2,30,31,-1,
        ]
    }
}
Shape{
    appearance Appearance {
        material  Material 	{
            diffuseColor 1.0 1.0 1.0
            specularColor 0.8784313725490196 0.8784313725490196 0.8784313725490196
            ambientIntensity 1.0
            transparency 0.0
            shininess 0.5
        }
    }
    geometry IndexedFaceSet {
        ccw TRUE
        solid FALSE
        coord DEF co Coordinate {
            point [
                1.0205 -0.0223 1.9683, 1.0205 -0.0224 1.9722, 1.0294 -0.0479 1.9673, 1.0383 -0.0737 1.9697, 1.0383 -0.0734 1.9658, 1.0072 -0.0223 1.9683, 1.0072 -0.0224 1.9722, 1.0339 -0.0901 1.9644, 1.0339 -0.0905 1.9683, 1.0205 -0.0563 1.9669, 1.0286 -0.1029 1.9671, 1.0312 -0.0963 1.9638, 1.0286 -0.1024 1.9632, 1.0164 -0.112 1.9621, 1.0164 -0.1124 1.966, 1.0179 -0.1118 1.9621, 1.0179 -0.1122 1.9661, 1.0193 -0.1116 1.9622, 1.0191 -0.1121 1.9661, 1.0201 -0.1113 1.9622, 1.0219 -0.111 1.9662, 1.0219 -0.1107 1.9623, 1.0217 -0.1112 1.9662, 1.0201 -0.1117 1.9661, 1.0265 -0.1065 1.9667, 1.0266 -0.1061 1.9628, 1.0257 -0.1078 1.9666, 1.0262 -0.1068 1.9627, 1.025 -0.1085 1.9665, 1.025 -0.1081 1.9626, 1.0238 -0.1098 1.9663, 1.0239 -0.1093 1.9624, 1.0235 -0.1101 1.9663, 1.0235 -0.1096 1.9624, 1.022 -0.1106 1.9623, 1.0096 -0.1106 1.9623, 1.0096 -0.1111 1.9662, 1.0116 -0.1112 1.9622, 1.0116 -0.1117 1.9661, 1.0131 -0.1115 1.9622, 1.0131 -0.1119 1.9661, 1.0096 -0.1212 1.961, 1.0096 -0.1217 1.9649, 1.0173 -0.1226 1.9648, 1.0135 -0.1219 1.9609, 1.0173 -0.1221 1.9609, 1.0412 -0.1015 1.9633, 1.0416 -0.1005 1.9634, 1.0416 -0.1009 1.9673, 1.0387 -0.106 1.9628, 1.0347 -0.1132 1.9659, 1.0353 -0.1122 1.9621, 1.036 -0.1116 1.9661, 1.0387 -0.1064 1.9667, 1.0215 -0.122 1.9649, 1.0215 -0.1215 1.961, 1.0227 -0.1218 1.9649, 1.0228 -0.1213 1.961, 1.0251 -0.1209 1.965, 1.0251 -0.1204 1.9611, 1.0273 -0.12 1.9651, 1.0273 -0.1195 1.9612, 1.0285 -0.1191 1.9652, 1.0285 -0.1186 1.9613, 1.0316 -0.1169 1.9655, 1.0317 -0.1163 1.9616, 1.0318 -0.1166 1.9655, 1.0318 -0.1161 1.9616, 1.0348 -0.1128 1.962, 1.0725 -0.0223 1.9683, 1.0725 -0.0224 1.9722, 1.0571 -0.0615 1.9666, 1.0601 -0.0223 1.9683, 1.0601 -0.0224 1.9722, 1.0415 -0.0735 1.9658, 1.0415 -0.0738 1.9697, 1.0508 -0.0479 1.9673, 1.0399 -0.0793 1.9693, 1.0398 -0.079 1.9653, 1.039 -0.0762 1.9656, 0.9969 -0.0606 1.9666, 0.9969 -0.0608 1.9706, 0.998 -0.0621 1.9665, 0.998 -0.0623 1.9705, 0.9987 -0.0632 1.9665, 0.9986 -0.0633 1.9704, 0.9995 -0.0651 1.9664, 0.9995 -0.0654 1.9703, 1.0003 -0.0671 1.9662, 1.0003 -0.0673 1.9701, 1.0004 -0.0682 1.9661, 1.0004 -0.0684 1.9701, 1.0009 -0.0718 1.9659, 1.0009 -0.0721 1.9698, 0.9939 -0.0584 1.9707, 0.9939 -0.0582 1.9668, 0.9928 -0.0575 1.9708, 0.9928 -0.0573 1.9668, 0.9875 -0.0549 1.9709, 0.9875 -0.0545 1.967, 0.9815 -0.052 1.9711, 0.9845 -0.053 1.9671, 0.9815 -0.0518 1.9671, 0.9746 -0.0486 1.9712, 0.9745 -0.0487 1.9673, 0.9712 -0.047 1.9713, 0.9699 -0.0459 1.9674, 0.9699 -0.0461 1.9714, 0.9673 -0.0396 1.9677, 0.9673 -0.0398 1.9716, 0.9674 -0.0399 1.9677, 0.9674 -0.04 1.9716, 0.9677 -0.0418 1.9676, 0.9677 -0.0419 1.9716, 0.9678 -0.0423 1.9676, 0.9678 -0.0425 1.9715, 0.9682 -0.0433 1.9676, 0.9682 -0.0435 1.9715, 0.9687 -0.0443 1.9675, 0.9687 -0.0445 1.9714, 0.969 -0.0447 1.9675, 0.969 -0.0449 1.9714, 0.9699 -0.034 1.9719, 0.9699 -0.0339 1.9679, 0.9701 -0.0339 1.9719, 0.971 -0.033 1.968, 0.971 -0.0331 1.9719, 0.9677 -0.0381 1.9717, 0.9676 -0.0379 1.9678, 0.9678 -0.0374 1.9717, 0.9677 -0.0374 1.9678, 0.9682 -0.0367 1.9718, 0.9682 -0.0365 1.9678, 0.9687 -0.0356 1.9718, 0.9685 -0.0356 1.9679, 0.9689 -0.0353 1.9718, 0.9689 -0.0352 1.9679, 0.9698 -0.034 1.9679, 0.9804 -0.0304 1.968, 0.9804 -0.0306 1.972, 0.9788 -0.0305 1.968, 0.9794 -0.0306 1.972, 0.9766 -0.031 1.968, 0.9766 -0.0311 1.972, 0.9746 -0.0313 1.968, 0.9746 -0.0315 1.9719, 0.9737 -0.0318 1.968, 0.9737 -0.0319 1.9719, 0.9977 -0.0354 1.9679, 0.9977 -0.0355 1.9718, 0.9963 -0.0346 1.9679, 0.9965 -0.0348 1.9718, 0.9924 -0.033 1.968, 0.9923 -0.0331 1.9719, 0.989 -0.0316 1.968, 0.989 -0.0318 1.9719, 0.9868 -0.0313 1.968, 0.9868 -0.0315 1.9719, 0.9977 -0.0238 1.9682, 0.9977 -0.0239 1.9722, 0.9815 -0.0208 1.9683, 0.9815 -0.0208 1.9722, 0.9885 -0.0213 1.9683, 0.9885 -0.0214 1.9722, 0.9898 -0.0217 1.9683, 0.9898 -0.0218 1.9722, 0.9627 -0.0262 1.9682, 0.9627 -0.0263 1.9721, 0.9637 -0.0255 1.9682, 0.9637 -0.0256 1.9721, 0.9652 -0.0247 1.9682, 0.9648 -0.025 1.9721, 0.9686 -0.0233 1.9682, 0.9686 -0.0235 1.9722, 0.9722 -0.022 1.9683, 0.9722 -0.022 1.9722, 0.9743 -0.0217 1.9683, 0.9743 -0.0218 1.9722, 0.9551 -0.04 1.9677, 0.955 -0.0407 1.9677, 0.955 -0.0408 1.9716, 0.9557 -0.0362 1.9718, 0.9555 -0.0363 1.9678, 0.9554 -0.0372 1.9717, 0.9551 -0.0402 1.9716, 0.9596 -0.0292 1.972, 0.9596 -0.0291 1.9681, 0.9586 -0.0302 1.972, 0.9588 -0.0298 1.9681, 0.9578 -0.0315 1.9719, 0.9578 -0.0313 1.968, 0.9566 -0.0334 1.9719, 0.9568 -0.0327 1.968, 0.9565 -0.0336 1.9719, 0.9565 -0.0335 1.9679, 0.9556 -0.0361 1.9678, 0.9584 -0.0514 1.9672, 0.9584 -0.0516 1.9711, 0.9579 -0.0506 1.9672, 0.9579 -0.0508 1.9711, 0.9573 -0.0497 1.9673, 0.9575 -0.0501 1.9712, 0.9566 -0.0477 1.9674, 0.9566 -0.0479 1.9713, 0.9557 -0.0456 1.9675, 0.9557 -0.0458 1.9714, 0.9556 -0.0445 1.9675, 0.9556 -0.0447 1.9714, 0.9731 -0.0604 1.9667, 0.9731 -0.0607 1.9706, 0.9691 -0.0587 1.9668, 0.9701 -0.0594 1.9707, 0.9654 -0.0565 1.9669, 0.9654 -0.0567 1.9708, 0.9614 -0.0542 1.967, 0.9614 -0.0544 1.9709, 0.9606 -0.0534 1.9671, 0.9606 -0.0537 1.971, 0.9805 -0.0641 1.9704, 0.9806 -0.0636 1.9665, 0.9845 -0.066 1.9702, 0.9856 -0.0665 1.9663, 0.9856 -0.0668 1.9702, 0.9885 -0.0718 1.9698, 0.9885 -0.0715 1.9659, 0.9886 -0.0722 1.9698, 0.9887 -0.073 1.9658, 0.9887 -0.0733 1.9697, 0.9871 -0.0684 1.9701, 0.9871 -0.0681 1.9661, 0.9873 -0.0687 1.9701, 0.9873 -0.0683 1.9661, 0.9877 -0.0694 1.97, 0.9877 -0.0691 1.9661, 0.988 -0.0699 1.97, 0.988 -0.0696 1.966, 0.9881 -0.0703 1.9699, 0.9881 -0.07 1.966, 0.9885 -0.0715 1.9659, 0.9746 -0.0822 1.9651, 0.9746 -0.0825 1.969, 0.9777 -0.082 1.9651, 0.9777 -0.0823 1.969, 0.9782 -0.0819 1.9651, 0.9786 -0.0822 1.969, 0.9818 -0.0812 1.9652, 0.9818 -0.0815 1.9691, 0.9827 -0.081 1.9652, 0.9829 -0.0813 1.9691, 0.9839 -0.0805 1.9652, 0.9839 -0.0808 1.9691, 0.9843 -0.0804 1.9652, 0.9849 -0.0803 1.9692, 0.985 -0.0798 1.9653, 0.9851 -0.0802 1.9692, 0.9862 -0.079 1.9653, 0.9863 -0.0792 1.9693, 0.9864 -0.0787 1.9654, 0.9864 -0.079 1.9693, 0.9872 -0.0778 1.9654, 0.9872 -0.078 1.9694, 0.9873 -0.0776 1.9654, 0.9874 -0.0777 1.9694, 0.9878 -0.0766 1.9655, 0.9878 -0.0769 1.9694, 0.9882 -0.0756 1.9656, 0.9882 -0.0758 1.9695, 0.9883 -0.0751 1.9656, 0.9883 -0.0754 1.9696, 0.955 -0.0756 1.9656, 0.955 -0.0759 1.9695, 0.9563 -0.0764 1.9655, 0.9563 -0.0767 1.9695, 0.9582 -0.0776 1.9654, 0.9581 -0.0779 1.9694, 0.9625 -0.0794 1.9653, 0.9625 -0.0797 1.9692, 0.9663 -0.0809 1.9652, 0.9663 -0.0813 1.9691, 0.9686 -0.0813 1.9651, 0.9686 -0.0816 1.9691, 0.955 -0.0879 1.9646, 0.955 -0.0882 1.9685, 0.9734 -0.0919 1.9642, 0.9734 -0.0922 1.9681, 0.9695 -0.0914 1.9643, 0.9695 -0.0918 1.9682, 0.9634 -0.0907 1.9643, 0.9634 -0.0911 1.9682, 0.9619 -0.0903 1.9644, 0.9619 -0.0906 1.9683, 0.9933 -0.0865 1.9647, 0.9933 -0.0868 1.9686, 0.9926 -0.0869 1.9647, 0.9926 -0.0872 1.9686, 0.9905 -0.0881 1.9646, 0.991 -0.0882 1.9685, 0.9879 -0.089 1.9645, 0.9879 -0.0893 1.9684, 0.9834 -0.0907 1.9643, 0.9834 -0.091 1.9682, 0.9822 -0.0908 1.9643, 0.9822 -0.0912 1.9682, 1.0008 -0.0728 1.9658, 1.0008 -0.0731 1.9697, 1.0004 -0.0765 1.9655, 1.0003 -0.0769 1.9694, 1.0003 -0.0768 1.9655, 1.0003 -0.0771 1.9694, 0.9994 -0.0793 1.9653, 0.9993 -0.0796 1.9692, 0.9991 -0.0801 1.9653, 0.999 -0.0805 1.9692, 0.9981 -0.0815 1.9651, 0.9981 -0.0818 1.9691, 0.9971 -0.083 1.965, 0.9973 -0.0831 1.969, 0.9963 -0.0837 1.9649, 0.9963 -0.084 1.9689, 0.8841 -0.0721 1.9659, 0.8841 -0.0724 1.9698, 0.8848 -0.067 1.9662, 0.8848 -0.0673 1.9702, 0.885 -0.0655 1.9663, 0.8851 -0.0655 1.9703, 0.8858 -0.0634 1.9665, 0.8858 -0.0637 1.9704, 0.8866 -0.0613 1.9666, 0.8867 -0.0613 1.9705, 0.8872 -0.0605 1.9667, 0.8872 -0.0607 1.9706, 0.8889 -0.0579 1.9668, 0.8889 -0.0582 1.9707, 0.8889 -0.0579 1.9668, 0.8891 -0.058 1.9707, 0.8915 -0.0556 1.9669, 0.8915 -0.0558 1.9709, 0.8922 -0.055 1.967, 0.8923 -0.0552 1.9709, 0.8944 -0.0538 1.967, 0.8944 -0.054 1.971, 0.8968 -0.0525 1.9671, 0.8972 -0.0526 1.971, 0.8988 -0.052 1.9671, 0.8988 -0.0522 1.9711, 0.9067 -0.0499 1.9672, 0.9067 -0.0501 1.9712, 0.8899 -0.0865 1.9647, 0.8899 -0.0869 1.9686, 0.8893 -0.0859 1.9648, 0.8893 -0.0862 1.9687, 0.8891 -0.0857 1.9648, 0.8891 -0.086 1.9687, 0.8873 -0.0831 1.965, 0.8873 -0.0834 1.9689, 0.8866 -0.0822 1.9651, 0.8865 -0.0823 1.969, 0.8858 -0.0801 1.9652, 0.8858 -0.0805 1.9692, 0.8849 -0.0779 1.9654, 0.8849 -0.0782 1.9693, 0.8847 -0.0766 1.9655, 0.8847 -0.0769 1.9694, 0.9057 -0.0919 1.9642, 0.9057 -0.0922 1.9681, 0.9015 -0.0914 1.9643, 0.9015 -0.0918 1.9682, 0.9 -0.0912 1.9643, 0.9 -0.0916 1.9682, 0.8972 -0.0904 1.9644, 0.8972 -0.0907 1.9683, 0.8947 -0.0895 1.9644, 0.8947 -0.0899 1.9684, 0.8935 -0.0888 1.9645, 0.8935 -0.0891 1.9684, 0.9265 -0.0798 1.9653, 0.9265 -0.0801 1.9692, 0.9257 -0.0811 1.9652, 0.9254 -0.0819 1.969, 0.9237 -0.0835 1.965, 0.9236 -0.0838 1.9689, 0.9213 -0.0863 1.9647, 0.921 -0.0868 1.9686, 0.921 -0.0865 1.9647, 0.921 -0.0869 1.9686, 0.918 -0.0886 1.9645, 0.918 -0.0889 1.9684, 0.9171 -0.0892 1.9645, 0.917 -0.0896 1.9684, 0.9149 -0.0901 1.9644, 0.9149 -0.0904 1.9683, 0.9126 -0.091 1.9643, 0.9123 -0.0914 1.9682, 0.9111 -0.0912 1.9643, 0.9111 -0.0915 1.9682, 0.9268 -0.0798 1.9653, 0.9268 -0.0801 1.9692, 0.9268 -0.0903 1.9644, 0.9268 -0.0906 1.9683, 0.9388 -0.0903 1.9644, 0.9388 -0.0906 1.9683, 0.9388 -0.0466 1.9674, 0.9388 -0.0468 1.9713, 0.9142 -0.0208 1.9683, 0.9142 -0.0208 1.9722, 0.9181 -0.021 1.9683, 0.9184 -0.0211 1.9722, 0.9215 -0.0217 1.9683, 0.9215 -0.0218 1.9722, 0.9253 -0.0225 1.9683, 0.9254 -0.0227 1.9722, 0.9256 -0.0227 1.9683, 0.9256 -0.0228 1.9722, 0.9287 -0.0242 1.9682, 0.9287 -0.0243 1.9721, 0.9294 -0.0245 1.9682, 0.9295 -0.0247 1.9721, 0.9313 -0.0261 1.9682, 0.9313 -0.0262 1.9721, 0.9328 -0.0274 1.9681, 0.9328 -0.0275 1.9721, 0.9332 -0.0279 1.9681, 0.9332 -0.028 1.972, 0.935 -0.0305 1.9681, 0.935 -0.0307 1.972, 0.9356 -0.0313 1.968, 0.9355 -0.0313 1.9719, 0.9366 -0.0339 1.9679, 0.9365 -0.0341 1.9719, 0.9375 -0.0363 1.9679, 0.9375 -0.0367 1.9718, 0.9378 -0.0385 1.9678, 0.9378 -0.0387 1.9717, 0.8907 -0.0271 1.9681, 0.8907 -0.0272 1.9721, 0.8923 -0.0262 1.9682, 0.8923 -0.0263 1.9721, 0.8975 -0.0241 1.9682, 0.8975 -0.0242 1.9721, 0.9017 -0.0224 1.9683, 0.9016 -0.0225 1.9722, 0.905 -0.022 1.9683, 0.905 -0.0221 1.9722, 0.8907 -0.0387 1.9677, 0.8907 -0.0388 1.9717, 0.9131 -0.0304 1.968, 0.9131 -0.0306 1.972, 0.9094 -0.0308 1.968, 0.9094 -0.0309 1.972, 0.9067 -0.0311 1.968, 0.9071 -0.0312 1.972, 0.9029 -0.0324 1.968, 0.9029 -0.0325 1.9719, 0.8987 -0.0338 1.9679, 0.8987 -0.0339 1.9719, 0.897 -0.0348 1.9679, 0.897 -0.035 1.9718, 0.9268 -0.0471 1.9674, 0.9268 -0.0473 1.9713, 0.9267 -0.0451 1.9675, 0.9267 -0.0453 1.9714, 0.9264 -0.0422 1.9676, 0.9266 -0.0438 1.9715, 0.9259 -0.0402 1.9677, 0.925 -0.0375 1.9717, 0.9253 -0.0378 1.9678, 0.9255 -0.0385 1.9717, 0.9259 -0.0404 1.9716, 0.9237 -0.035 1.9679, 0.9241 -0.0355 1.9679, 0.9241 -0.0357 1.9718, 0.9241 -0.0356 1.9679, 0.9251 -0.0374 1.9678, 0.9224 -0.0338 1.9719, 0.9225 -0.0336 1.9679, 0.9226 -0.0339 1.9719, 0.9237 -0.0352 1.9718, 0.9167 -0.0311 1.972, 0.9167 -0.031 1.968, 0.9175 -0.0312 1.972, 0.9176 -0.0311 1.968, 0.9192 -0.0319 1.9719, 0.9192 -0.0317 1.968, 0.9204 -0.0324 1.9719, 0.9204 -0.0322 1.968, 0.921 -0.0328 1.9719, 0.921 -0.0326 1.968, 0.9224 -0.0336 1.9679, 0.9041 -0.0816 1.9691, 0.9027 -0.0812 1.9691, 0.9017 -0.0806 1.9692, 0.8996 -0.0794 1.9693, 0.8995 -0.0792 1.9693, 0.8982 -0.0776 1.9694, 0.8977 -0.0769 1.9694, 0.8972 -0.0757 1.9695, 0.8967 -0.0745 1.9696, 0.8966 -0.0738 1.9697, 0.8962 -0.0714 1.9699, 0.8966 -0.0688 1.97, 0.8967 -0.0679 1.9701, 0.8972 -0.0665 1.9702, 0.8978 -0.0651 1.9703, 0.8982 -0.0645 1.9703, 0.8994 -0.0628 1.9705, 0.8997 -0.0625 1.9705, 0.9002 -0.0621 1.9705, 0.9018 -0.0613 1.9705, 0.9268 -0.0564 1.9708, 0.9109 -0.0586 1.9707, 0.9049 -0.0601 1.9706, 0.9035 -0.0604 1.9706, 0.9217 -0.0769 1.9695, 0.9199 -0.0786 1.9693, 0.9197 -0.0787 1.9693, 0.9174 -0.0803 1.9692, 0.9168 -0.0807 1.9691, 0.9152 -0.0813 1.9691, 0.9136 -0.0819 1.9691, 0.9126 -0.082 1.969, 0.9088 -0.0824 1.969, 0.9068 -0.0822 1.969, 0.9062 -0.0822 1.969, 0.9268 -0.063 1.9704, 0.9264 -0.0666 1.9702, 0.9262 -0.068 1.9701, 0.9254 -0.0703 1.9699, 0.9245 -0.0728 1.9698, 0.9238 -0.0738 1.9697, 0.9268 -0.0562 1.9669, 0.9268 -0.0627 1.9665, 0.9109 -0.0583 1.9668, 0.8994 -0.0625 1.9665, 0.8997 -0.0622 1.9665, 0.9002 -0.0619 1.9666, 0.9018 -0.0611 1.9666, 0.9034 -0.0602 1.9667, 0.9049 -0.0599 1.9667, 0.8962 -0.0711 1.9659, 0.8966 -0.0685 1.9661, 0.8967 -0.0676 1.9662, 0.8972 -0.0663 1.9663, 0.8978 -0.0648 1.9664, 0.8982 -0.0643 1.9664, 0.8996 -0.0791 1.9653, 0.8995 -0.0788 1.9653, 0.8982 -0.0773 1.9655, 0.8977 -0.0766 1.9655, 0.8972 -0.0754 1.9656, 0.8967 -0.0742 1.9657, 0.8966 -0.0735 1.9658, 0.9088 -0.0821 1.9651, 0.9068 -0.0819 1.9651, 0.9062 -0.0819 1.9651, 0.9041 -0.0813 1.9651, 0.9027 -0.0809 1.9652, 0.9017 -0.0803 1.9652, 0.9217 -0.0766 1.9655, 0.9206 -0.0776 1.9654, 0.9196 -0.0783 1.9654, 0.9174 -0.0799 1.9653, 0.9169 -0.0803 1.9652, 0.9152 -0.0809 1.9652, 0.9138 -0.0815 1.9651, 0.9126 -0.0816 1.9651, 0.9264 -0.0663 1.9663, 0.9262 -0.0677 1.9662, 0.9254 -0.07 1.966, 0.9245 -0.0725 1.9658, 0.9238 -0.0735 1.9658
            ]
        }
        coordIndex [
            0,1,2,-1,2,1,3,-1,2,3,4,-1,5,6,0,-1,0,6,1,-1,7,8,9,-1,9,8,6,-1,9,6,5,-1,8,7,10,-1,10,7,11,-1,10,11,12,-1,13,14,15,-1,15,14,16,-1,15,16,17,-1,17,16,18,-1,17,18,19,-1,20,21,22,-1,22,21,19,-1,22,19,23,-1,23,19,18,-1,10,12,24,-1,24,12,25,-1,24,25,26,-1,26,25,27,-1,26,27,28,-1,28,27,29,-1,28,29,30,-1,30,29,31,-1,30,31,32,-1,32,31,33,-1,32,33,20,-1,20,33,34,-1,20,34,21,-1,35,36,37,-1,37,36,38,-1,37,38,39,-1,39,38,40,-1,39,40,13,-1,13,40,14,-1,41,42,35,-1,35,42,36,-1,42,41,43,-1,43,41,44,-1,43,44,45,-1,46,47,48,-1,46,48,49,-1,50,51,52,-1,52,51,49,-1,52,49,53,-1,53,49,48,-1,43,45,54,-1,54,45,55,-1,54,55,56,-1,56,55,57,-1,56,57,58,-1,58,57,59,-1,58,59,60,-1,60,59,61,-1,60,61,62,-1,62,61,63,-1,62,63,64,-1,64,63,65,-1,64,65,66,-1,66,65,67,-1,66,67,50,-1,50,67,68,-1,50,68,51,-1,69,70,71,-1,71,70,48,-1,71,48,47,-1,72,73,69,-1,69,73,70,-1,74,75,76,-1,76,75,73,-1,76,73,72,-1,75,74,77,-1,77,74,78,-1,77,78,3,-1,3,78,79,-1,3,79,4,-1,48,70,73,-1,73,75,48,-1,48,75,77,-1,48,77,53,-1,1,6,3,-1,3,6,8,-1,3,8,77,-1,77,8,53,-1,53,8,10,-1,53,10,52,-1,52,10,24,-1,52,24,50,-1,24,26,50,-1,50,26,28,-1,50,28,66,-1,66,28,30,-1,66,30,64,-1,64,30,32,-1,64,32,62,-1,62,32,20,-1,62,20,60,-1,60,20,22,-1,60,22,58,-1,58,22,56,-1,56,22,23,-1,56,23,54,-1,23,18,54,-1,54,18,16,-1,54,16,43,-1,16,14,43,-1,43,14,40,-1,43,40,42,-1,42,40,38,-1,42,38,36,-1,80,81,82,-1,82,81,83,-1,82,83,84,-1,84,83,85,-1,84,85,86,-1,86,85,87,-1,86,87,88,-1,88,87,89,-1,88,89,90,-1,90,89,91,-1,90,91,92,-1,92,91,93,-1,81,80,94,-1,94,80,95,-1,94,95,96,-1,96,95,97,-1,96,97,98,-1,98,97,99,-1,98,99,100,-1,100,99,101,-1,100,101,102,-1,100,102,103,-1,103,102,104,-1,103,104,105,-1,105,104,106,-1,105,106,107,-1,108,109,110,-1,110,109,111,-1,110,111,112,-1,112,111,113,-1,112,113,114,-1,114,113,115,-1,114,115,116,-1,116,115,117,-1,116,117,118,-1,118,117,119,-1,118,119,120,-1,120,119,121,-1,120,121,106,-1,106,121,107,-1,122,123,124,-1,124,123,125,-1,124,125,126,-1,109,108,127,-1,127,108,128,-1,127,128,129,-1,129,128,130,-1,129,130,131,-1,131,130,132,-1,131,132,133,-1,133,132,134,-1,133,134,135,-1,135,134,136,-1,135,136,122,-1,122,136,137,-1,122,137,123,-1,138,139,140,-1,140,139,141,-1,140,141,142,-1,142,141,143,-1,142,143,144,-1,144,143,145,-1,144,145,146,-1,146,145,147,-1,146,147,125,-1,125,147,126,-1,148,149,150,-1,150,149,151,-1,150,151,152,-1,152,151,153,-1,152,153,154,-1,154,153,155,-1,154,155,156,-1,156,155,157,-1,156,157,138,-1,138,157,139,-1,158,159,148,-1,148,159,149,-1,160,161,162,-1,162,161,163,-1,162,163,164,-1,164,163,165,-1,164,165,158,-1,158,165,159,-1,166,167,168,-1,168,167,169,-1,168,169,170,-1,170,169,171,-1,170,171,172,-1,172,171,173,-1,172,173,174,-1,174,173,175,-1,174,175,176,-1,176,175,177,-1,176,177,160,-1,160,177,161,-1,178,179,180,-1,181,182,183,-1,183,182,178,-1,183,178,184,-1,184,178,180,-1,167,166,185,-1,185,166,186,-1,185,186,187,-1,187,186,188,-1,187,188,189,-1,189,188,190,-1,189,190,191,-1,191,190,192,-1,191,192,193,-1,193,192,194,-1,193,194,181,-1,181,194,195,-1,181,195,182,-1,196,197,198,-1,198,197,199,-1,198,199,200,-1,200,199,201,-1,200,201,202,-1,202,201,203,-1,202,203,204,-1,204,203,205,-1,204,205,206,-1,206,205,207,-1,206,207,179,-1,179,207,180,-1,208,209,210,-1,210,209,211,-1,210,211,212,-1,212,211,213,-1,212,213,214,-1,214,213,215,-1,214,215,216,-1,216,215,217,-1,216,217,196,-1,196,217,197,-1,209,208,218,-1,218,208,219,-1,218,219,220,-1,220,219,221,-1,220,221,222,-1,223,224,225,-1,225,224,226,-1,225,226,227,-1,222,221,228,-1,228,221,229,-1,228,229,230,-1,230,229,231,-1,230,231,232,-1,232,231,233,-1,232,233,234,-1,234,233,235,-1,234,235,236,-1,236,235,237,-1,236,237,223,-1,223,237,238,-1,223,238,224,-1,239,240,241,-1,241,240,242,-1,241,242,243,-1,243,242,244,-1,243,244,245,-1,245,244,246,-1,245,246,247,-1,247,246,248,-1,247,248,249,-1,249,248,250,-1,249,250,251,-1,251,250,252,-1,251,252,253,-1,253,252,254,-1,253,254,255,-1,255,254,256,-1,255,256,257,-1,257,256,258,-1,257,258,259,-1,259,258,260,-1,259,260,261,-1,261,260,262,-1,261,262,263,-1,263,262,264,-1,263,264,265,-1,265,264,266,-1,265,266,267,-1,267,266,268,-1,267,268,226,-1,226,268,227,-1,269,270,271,-1,271,270,272,-1,271,272,273,-1,273,272,274,-1,273,274,275,-1,275,274,276,-1,275,276,277,-1,277,276,278,-1,277,278,279,-1,279,278,280,-1,279,280,239,-1,239,280,240,-1,281,282,269,-1,269,282,270,-1,283,284,285,-1,285,284,286,-1,285,286,287,-1,287,286,288,-1,287,288,289,-1,289,288,290,-1,289,290,281,-1,281,290,282,-1,291,292,293,-1,293,292,294,-1,293,294,295,-1,295,294,296,-1,295,296,297,-1,297,296,298,-1,297,298,299,-1,299,298,300,-1,299,300,301,-1,301,300,302,-1,301,302,283,-1,283,302,284,-1,92,93,303,-1,303,93,304,-1,303,304,305,-1,305,304,306,-1,305,306,307,-1,307,306,308,-1,307,308,309,-1,309,308,310,-1,309,310,311,-1,311,310,312,-1,311,312,313,-1,313,312,314,-1,313,314,315,-1,315,314,316,-1,315,316,317,-1,317,316,318,-1,317,318,291,-1,291,318,292,-1,272,270,282,-1,105,213,211,-1,105,211,103,-1,103,211,209,-1,103,209,100,-1,100,209,218,-1,100,218,98,-1,98,218,220,-1,98,220,96,-1,96,220,222,-1,96,222,94,-1,94,222,228,-1,94,228,81,-1,81,228,230,-1,81,230,83,-1,83,230,232,-1,83,232,85,-1,85,232,87,-1,87,232,234,-1,87,234,89,-1,89,234,236,-1,89,236,91,-1,236,223,91,-1,91,223,225,-1,91,225,93,-1,93,225,227,-1,213,105,215,-1,215,105,107,-1,215,107,217,-1,217,107,121,-1,217,121,197,-1,197,121,119,-1,197,119,199,-1,199,119,201,-1,201,119,117,-1,201,117,203,-1,312,310,266,-1,266,310,268,-1,310,308,268,-1,268,308,306,-1,268,306,227,-1,227,306,304,-1,227,304,93,-1,312,266,314,-1,314,266,264,-1,314,264,316,-1,316,264,262,-1,316,262,318,-1,262,260,318,-1,318,260,258,-1,318,258,292,-1,292,258,256,-1,292,256,294,-1,294,256,254,-1,294,254,296,-1,254,252,296,-1,296,252,250,-1,296,250,298,-1,298,250,248,-1,298,248,300,-1,300,248,246,-1,300,246,302,-1,246,244,302,-1,302,244,242,-1,302,242,284,-1,284,242,240,-1,284,240,286,-1,286,240,280,-1,286,280,288,-1,288,280,278,-1,288,278,290,-1,290,278,276,-1,290,276,282,-1,282,276,274,-1,282,274,272,-1,203,117,205,-1,205,117,115,-1,205,115,207,-1,207,115,113,-1,207,113,180,-1,180,113,111,-1,180,111,184,-1,184,111,109,-1,184,109,183,-1,183,109,127,-1,183,127,181,-1,181,127,193,-1,193,127,129,-1,193,129,191,-1,191,129,189,-1,189,129,131,-1,189,131,187,-1,187,131,133,-1,187,133,185,-1,185,133,135,-1,185,135,167,-1,135,122,167,-1,167,122,124,-1,167,124,169,-1,169,124,126,-1,169,126,171,-1,171,126,173,-1,173,126,147,-1,173,147,175,-1,175,147,145,-1,175,145,177,-1,177,145,143,-1,177,143,161,-1,143,141,161,-1,161,141,139,-1,161,139,163,-1,163,139,157,-1,163,157,165,-1,157,155,165,-1,165,155,153,-1,165,153,159,-1,159,153,151,-1,159,151,149,-1,319,320,321,-1,321,320,322,-1,321,322,323,-1,323,322,324,-1,323,324,325,-1,325,324,326,-1,325,326,327,-1,327,326,328,-1,327,328,329,-1,329,328,330,-1,329,330,331,-1,331,330,332,-1,331,332,333,-1,333,332,334,-1,333,334,335,-1,335,334,336,-1,335,336,337,-1,337,336,338,-1,337,338,339,-1,339,338,340,-1,339,340,341,-1,341,340,342,-1,341,342,343,-1,343,342,344,-1,343,344,345,-1,345,344,346,-1,347,348,349,-1,349,348,350,-1,349,350,351,-1,351,350,352,-1,351,352,353,-1,353,352,354,-1,353,354,355,-1,355,354,356,-1,355,356,357,-1,357,356,358,-1,357,358,359,-1,359,358,360,-1,359,360,361,-1,361,360,362,-1,361,362,319,-1,319,362,320,-1,363,364,365,-1,365,364,366,-1,365,366,367,-1,367,366,368,-1,367,368,369,-1,369,368,370,-1,369,370,371,-1,371,370,372,-1,371,372,373,-1,373,372,374,-1,373,374,347,-1,347,374,348,-1,375,376,377,-1,377,376,378,-1,377,378,379,-1,379,378,380,-1,379,380,381,-1,381,380,382,-1,381,382,383,-1,383,382,384,-1,383,384,385,-1,385,384,386,-1,385,386,387,-1,387,386,388,-1,387,388,389,-1,389,388,390,-1,389,390,391,-1,391,390,392,-1,391,392,393,-1,393,392,394,-1,393,394,363,-1,363,394,364,-1,395,396,375,-1,375,396,376,-1,397,398,395,-1,395,398,396,-1,399,400,397,-1,397,400,398,-1,401,402,399,-1,399,402,400,-1,403,404,405,-1,405,404,406,-1,405,406,407,-1,407,406,408,-1,407,408,409,-1,409,408,410,-1,409,410,411,-1,411,410,412,-1,411,412,413,-1,413,412,414,-1,413,414,415,-1,415,414,416,-1,415,416,417,-1,417,416,418,-1,417,418,419,-1,419,418,420,-1,419,420,421,-1,421,420,422,-1,421,422,423,-1,423,422,424,-1,423,424,425,-1,425,424,426,-1,425,426,427,-1,427,426,428,-1,427,428,429,-1,429,428,430,-1,429,430,431,-1,431,430,432,-1,431,432,401,-1,401,432,402,-1,433,434,435,-1,435,434,436,-1,435,436,437,-1,437,436,438,-1,437,438,439,-1,439,438,440,-1,439,440,441,-1,441,440,442,-1,441,442,403,-1,403,442,404,-1,443,444,433,-1,433,444,434,-1,445,446,447,-1,447,446,448,-1,447,448,449,-1,449,448,450,-1,449,450,451,-1,451,450,452,-1,451,452,453,-1,453,452,454,-1,453,454,455,-1,455,454,456,-1,455,456,443,-1,443,456,444,-1,457,458,459,-1,459,458,460,-1,459,460,461,-1,461,460,462,-1,461,462,463,-1,464,465,466,-1,466,465,463,-1,466,463,467,-1,467,463,462,-1,468,469,470,-1,470,469,471,-1,470,471,464,-1,464,471,472,-1,464,472,465,-1,473,474,475,-1,475,474,468,-1,475,468,476,-1,476,468,470,-1,446,445,477,-1,477,445,478,-1,477,478,479,-1,479,478,480,-1,479,480,481,-1,481,480,482,-1,481,482,483,-1,483,482,484,-1,483,484,485,-1,485,484,486,-1,485,486,473,-1,473,486,487,-1,473,487,474,-1,345,346,457,-1,457,346,458,-1,442,440,452,-1,452,440,438,-1,452,438,454,-1,454,438,436,-1,454,436,456,-1,456,436,434,-1,456,434,444,-1,452,450,442,-1,442,450,448,-1,442,448,404,-1,404,448,446,-1,404,446,406,-1,406,446,477,-1,406,477,408,-1,477,479,408,-1,408,479,481,-1,408,481,410,-1,410,481,483,-1,410,483,412,-1,412,483,414,-1,483,485,414,-1,414,485,473,-1,414,473,416,-1,416,473,475,-1,416,475,418,-1,418,475,476,-1,418,476,420,-1,420,476,470,-1,420,470,422,-1,422,470,424,-1,424,470,464,-1,424,464,426,-1,426,464,466,-1,426,466,428,-1,428,466,430,-1,430,466,467,-1,430,467,432,-1,432,467,462,-1,432,462,460,-1,364,488,366,-1,366,488,489,-1,366,489,368,-1,368,489,370,-1,370,489,490,-1,370,490,372,-1,372,490,491,-1,372,491,374,-1,374,491,348,-1,348,491,492,-1,348,492,350,-1,350,492,493,-1,350,493,352,-1,352,493,354,-1,354,493,494,-1,354,494,356,-1,356,494,495,-1,356,495,358,-1,358,495,360,-1,360,495,496,-1,360,496,362,-1,362,496,497,-1,362,497,320,-1,320,497,498,-1,320,498,322,-1,322,498,499,-1,322,499,324,-1,324,499,500,-1,324,500,326,-1,326,500,501,-1,326,501,328,-1,328,501,330,-1,330,501,502,-1,330,502,332,-1,332,502,503,-1,332,503,334,-1,334,503,504,-1,334,504,336,-1,336,504,338,-1,338,504,505,-1,338,505,340,-1,340,505,506,-1,340,506,342,-1,342,506,507,-1,342,507,344,-1,508,458,509,-1,509,458,346,-1,509,346,510,-1,510,346,344,-1,510,344,511,-1,511,344,507,-1,376,512,378,-1,378,512,513,-1,378,513,380,-1,380,513,514,-1,380,514,382,-1,382,514,515,-1,382,515,384,-1,515,516,384,-1,384,516,517,-1,384,517,386,-1,386,517,518,-1,386,518,388,-1,388,518,390,-1,390,518,519,-1,390,519,392,-1,392,519,520,-1,392,520,394,-1,394,520,521,-1,394,521,364,-1,364,521,522,-1,364,522,488,-1,460,458,432,-1,432,458,508,-1,432,508,402,-1,402,508,523,-1,402,523,524,-1,525,526,396,-1,396,526,527,-1,396,527,376,-1,376,527,528,-1,376,528,512,-1,398,400,396,-1,396,400,402,-1,396,402,525,-1,525,402,524,-1,508,529,523,-1,523,529,530,-1,509,531,508,-1,508,531,529,-1,504,532,505,-1,505,532,533,-1,505,533,506,-1,506,533,534,-1,506,534,507,-1,507,534,535,-1,507,535,511,-1,511,535,536,-1,511,536,510,-1,510,536,537,-1,510,537,509,-1,509,537,531,-1,498,538,499,-1,499,538,539,-1,499,539,500,-1,500,539,540,-1,500,540,501,-1,501,540,541,-1,501,541,502,-1,502,541,542,-1,502,542,503,-1,503,542,543,-1,503,543,504,-1,504,543,532,-1,491,544,492,-1,492,544,545,-1,492,545,493,-1,493,545,546,-1,493,546,494,-1,494,546,547,-1,494,547,495,-1,495,547,548,-1,495,548,496,-1,496,548,549,-1,496,549,497,-1,497,549,550,-1,497,550,498,-1,498,550,538,-1,520,551,521,-1,521,551,552,-1,521,552,522,-1,522,552,553,-1,522,553,488,-1,488,553,554,-1,488,554,489,-1,489,554,555,-1,489,555,490,-1,490,555,556,-1,490,556,491,-1,491,556,544,-1,512,557,513,-1,513,557,558,-1,513,558,514,-1,514,558,559,-1,514,559,515,-1,515,559,560,-1,515,560,516,-1,516,560,561,-1,516,561,517,-1,517,561,562,-1,517,562,518,-1,518,562,563,-1,518,563,519,-1,519,563,564,-1,519,564,520,-1,520,564,551,-1,523,530,524,-1,524,530,565,-1,524,565,525,-1,525,565,566,-1,525,566,526,-1,526,566,567,-1,526,567,527,-1,527,567,568,-1,527,568,528,-1,528,568,569,-1,528,569,512,-1,512,569,557,-1,
        ]
    }
}
Shape{
    appearance Appearance {
        material  Material 	{
            diffuseColor 0.20784313725490197 0.20784313725490197 0.20784313725490197
            specularColor 0.01568627450980392 0.01568627450980392 0.01568627450980392
            ambientIntensity 0.298
            transparency 0.0
            shininess 0.5
        }
    }
    geometry IndexedFaceSet {
        ccw TRUE
        solid FALSE
        coord DEF co Coordinate {
            point [
                0.9109 -0.0583 1.9668, 0.9049 -0.0599 1.9667, 0.8966 -0.0735 1.9658, 0.9034 -0.0602 1.9667, 0.9018 -0.0611 1.9666, 0.8982 -0.0643 1.9664, 0.8978 -0.0648 1.9664, 0.8972 -0.0663 1.9663, 0.8967 -0.0676 1.9662, 0.8966 -0.0685 1.9661, 0.8997 -0.0622 1.9665, 0.8994 -0.0625 1.9665, 0.9002 -0.0619 1.9666, 0.8962 -0.0711 1.9659, 0.9268 -0.0562 1.9669, 0.8967 -0.0742 1.9657, 0.8972 -0.0754 1.9656, 0.8977 -0.0766 1.9655, 0.8982 -0.0773 1.9655, 0.8995 -0.0788 1.9653, 0.8996 -0.0791 1.9653, 0.9017 -0.0803 1.9652, 0.9027 -0.0809 1.9652, 0.9041 -0.0813 1.9651, 0.9062 -0.0819 1.9651, 0.9068 -0.0819 1.9651, 0.9088 -0.0821 1.9651, 0.9126 -0.0816 1.9651, 0.9138 -0.0815 1.9651, 0.9152 -0.0809 1.9652, 0.9169 -0.0803 1.9652, 0.9174 -0.0799 1.9653, 0.9196 -0.0783 1.9654, 0.9206 -0.0776 1.9654, 0.9217 -0.0766 1.9655, 0.9251 -0.0699 1.966, 0.9238 -0.0735 1.9658, 0.9245 -0.0725 1.9658, 0.9254 -0.07 1.966, 0.9262 -0.0677 1.9662, 0.9264 -0.0663 1.9663, 0.9268 -0.0627 1.9665
            ]
        }
        coordIndex [
            0,1,2,-1,2,1,3,-1,2,3,4,-1,5,6,7,-1,8,9,7,-1,7,9,10,-1,7,10,5,-1,5,10,11,-1,4,12,2,-1,2,12,10,-1,2,10,13,-1,13,10,9,-1,0,2,14,-1,14,2,15,-1,14,15,16,-1,16,17,14,-1,14,17,18,-1,14,18,19,-1,19,20,14,-1,14,20,21,-1,14,21,22,-1,22,23,14,-1,14,23,24,-1,14,24,25,-1,25,26,14,-1,14,26,27,-1,14,27,28,-1,28,29,14,-1,14,29,30,-1,14,30,31,-1,31,32,14,-1,14,32,33,-1,14,33,34,-1,35,36,37,-1,37,38,35,-1,35,38,39,-1,35,39,40,-1,34,36,14,-1,14,36,35,-1,14,35,41,-1,41,35,40,-1,
        ]
    }
}
Shape{
    appearance Appearance {
        material  Material 	{
            diffuseColor 1.0 1.0 1.0
            specularColor 0.8784313725490196 0.8784313725490196 0.8784313725490196
            ambientIntensity 1.0
            transparency 0.0
            shininess 0.5
        }
    }
    geometry IndexedFaceSet {
        ccw TRUE
        solid FALSE
        coord DEF co Coordinate {
            point [
                0.5474 0.1807 1.9518, 0.5474 0.1814 1.9556, 0.5687 0.1782 1.9522, 0.5686 0.1789 1.9561, 0.5792 0.177 1.9525, 0.5798 0.1776 1.9564, 0.5931 0.172 1.9534, 0.5931 0.1727 1.9572, 0.6091 0.1663 1.9544, 0.6108 0.166 1.9584, 0.615 0.1623 1.955, 0.6151 0.1631 1.9589, 0.6396 0.1459 1.9576, 0.6396 0.1465 1.9615, 0.4661 0.1547 1.9563, 0.4661 0.1553 1.9602, 0.4728 0.1588 1.9556, 0.4729 0.1593 1.9595, 0.4803 0.1635 1.9548, 0.4851 0.1666 1.9583, 0.4961 0.1697 1.9538, 0.496 0.1706 1.9576, 0.5126 0.1763 1.9526, 0.5144 0.1774 1.9564, 0.5208 0.1773 1.9524, 0.5208 0.1782 1.9562, 0.451 0.1419 1.9582, 0.4363 0.1251 1.9605, 0.4363 0.1256 1.9644, 0.4515 0.1419 1.9622, 0.4439 0.1349 1.9632, 0.4207 0.127 1.9642, 0.4273 0.1261 1.9604, 0.4207 0.1265 1.9603, 0.3427 0.0942 1.964, 0.3427 0.0945 1.9679, 0.3467 0.0978 1.9636, 0.3468 0.0984 1.9675, 0.347 0.098 1.9636, 0.3469 0.0985 1.9675, 0.3635 0.1098 1.9624, 0.3635 0.1102 1.9663, 0.3689 0.1136 1.962, 0.369 0.1142 1.9658, 0.381 0.1184 1.9614, 0.381 0.1189 1.9653, 0.3918 0.1227 1.9609, 0.3919 0.1232 1.9647, 0.3987 0.1236 1.9607, 0.3987 0.1241 1.9646, 0.3293 0.077 1.9694, 0.3293 0.0767 1.9655, 0.3251 0.0715 1.9699, 0.3251 0.0713 1.9659, 0.3205 0.0609 1.9705, 0.3205 0.0606 1.9666, 0.3155 0.0491 1.9712, 0.3155 0.0489 1.9673, 0.3144 0.0425 1.9715, 0.3144 0.0423 1.9675, 0.3112 0.0232 1.9722, 0.3111 0.0226 1.9682, 0.3111 0.0227 1.9722, 0.3111 0.0226 1.9682, 0.311 0.0225 1.9722, 0.3109 0.017 1.9684, 0.3109 0.0171 1.9723, 0.3137 -0.0043 1.9724, 0.3394 -0.0568 1.9669, 0.3394 -0.057 1.9708, 0.3288 -0.0421 1.9676, 0.3288 -0.0423 1.9715, 0.3249 -0.0365 1.9678, 0.325 -0.0369 1.9718, 0.3198 -0.024 1.9681, 0.3198 -0.0241 1.9721, 0.3145 -0.011 1.9684, 0.3145 -0.0111 1.9724, 0.3137 -0.0043 1.9684, 0.3131 -0.0 1.9684, 0.3936 -0.0892 1.9645, 0.3936 -0.0896 1.9684, 0.3866 -0.0872 1.9646, 0.3859 -0.0873 1.9686, 0.3741 -0.0812 1.9651, 0.3741 -0.0816 1.9691, 0.3612 -0.0751 1.9656, 0.3612 -0.0754 1.9696, 0.356 -0.0707 1.9659, 0.356 -0.071 1.9699, 0.4497 -0.134 1.9594, 0.458 -0.135 1.9592, 0.458 -0.1356 1.9631, 0.4533 -0.1354 1.9631, 0.4497 -0.1347 1.9632, 0.4405 -0.1328 1.9595, 0.4374 -0.1324 1.9635, 0.4375 -0.1316 1.9597, 0.4369 -0.1323 1.9636, 0.4258 -0.1271 1.9603, 0.4259 -0.1274 1.9642, 0.425 -0.1267 1.9603, 0.423 -0.1261 1.9644, 0.4154 -0.1199 1.9612, 0.4155 -0.1203 1.9651, 0.4121 -0.1176 1.9615, 0.4101 -0.1163 1.9656, 0.4067 -0.1114 1.9622, 0.4066 -0.112 1.9661, 0.4011 -0.1048 1.9629, 0.4012 -0.1054 1.9668, 0.3993 -0.1011 1.9633, 0.3993 -0.1015 1.9672, 0.5257 -0.0676 1.9662, 0.5257 -0.0679 1.9701, 0.525 -0.0756 1.9656, 0.5252 -0.076 1.9695, 0.5247 -0.0796 1.9653, 0.5252 -0.0763 1.9695, 0.5223 -0.0875 1.9646, 0.5224 -0.0879 1.9685, 0.52 -0.095 1.9639, 0.5214 -0.092 1.9682, 0.5179 -0.0986 1.9635, 0.5178 -0.099 1.9675, 0.5122 -0.1081 1.9626, 0.5144 -0.1055 1.9668, 0.5116 -0.1087 1.9664, 0.472 -0.1337 1.9634, 0.472 -0.1331 1.9595, 0.4762 -0.1331 1.9634, 0.4763 -0.1326 1.9596, 0.483 -0.1304 1.9638, 0.483 -0.1299 1.9599, 0.4902 -0.1275 1.9642, 0.4903 -0.1269 1.9603, 0.4937 -0.125 1.9645, 0.4937 -0.1245 1.9606, 0.5034 -0.1181 1.9654, 0.5035 -0.1175 1.9615, 0.5036 -0.1179 1.9654, 0.5036 -0.1174 1.9615, 0.5119 -0.1084 1.9625, 0.5257 -0.0609 1.9666, 0.5257 -0.0611 1.9706, 0.6206 -0.0108 1.9684, 0.6206 -0.0108 1.9724, 0.5732 -0.0358 1.9679, 0.6144 -0.0 1.9685, 0.6101 0.0072 1.9685, 0.6008 0.0232 1.9721, 0.5996 0.0252 1.9682, 0.5996 0.0253 1.9721, 0.5957 0.0232 1.9721, 0.5542 0.0014 1.9685, 0.5088 -0.0224 1.9722, 0.5514 -0.0 1.9685, 0.5088 -0.0223 1.9683, 0.458 0.0008 1.9685, 0.458 0.0008 1.9724, 0.4652 0.0003 1.9685, 0.4652 0.0004 1.9724, 0.4991 -0.0137 1.9723, 0.4991 -0.0137 1.9684, 0.4958 -0.0108 1.9724, 0.496 -0.0109 1.9685, 0.4886 -0.007 1.9724, 0.4885 -0.0071 1.9685, 0.4816 -0.0034 1.9724, 0.4813 -0.0034 1.9685, 0.4774 -0.0024 1.9724, 0.4774 -0.0025 1.9685, 0.4658 0.0003 1.9724, 0.4668 -0.0 1.9685, 0.4653 0.0003 1.9685, 0.3943 -0.0439 1.9675, 0.3943 -0.0441 1.9715, 0.3972 -0.0383 1.9677, 0.3971 -0.0384 1.9717, 0.402 -0.0291 1.9681, 0.4012 -0.0303 1.972, 0.4037 -0.0272 1.9681, 0.4037 -0.0274 1.9721, 0.4121 -0.0176 1.9683, 0.412 -0.0176 1.9723, 0.4131 -0.0165 1.9684, 0.412 -0.0175 1.9723, 0.4223 -0.01 1.9685, 0.4223 -0.01 1.9724, 0.4259 -0.0074 1.9685, 0.4254 -0.0077 1.9724, 0.4334 -0.0044 1.9685, 0.4334 -0.0044 1.9724, 0.4403 -0.0016 1.9685, 0.4404 -0.0016 1.9724, 0.4446 -0.0011 1.9685, 0.4446 -0.001 1.9724, 0.4522 -0.0 1.9685, 0.3536 0.0184 1.9683, 0.3536 0.0185 1.9723, 0.3544 0.0083 1.9685, 0.3544 0.0084 1.9724, 0.3554 0.0048 1.9685, 0.3553 0.0049 1.9724, 0.3567 -0.0 1.9685, 0.3587 -0.0071 1.9685, 0.3585 -0.0068 1.9724, 0.3587 -0.0071 1.9724, 0.3819 -0.0363 1.9718, 0.3819 -0.0362 1.9678, 0.3783 -0.034 1.9719, 0.3782 -0.0338 1.9679, 0.3731 -0.0284 1.972, 0.373 -0.0283 1.9681, 0.3668 -0.0217 1.9722, 0.3671 -0.0221 1.9683, 0.3651 -0.0186 1.9723, 0.3651 -0.0185 1.9683, 0.359 -0.0079 1.9685, 0.3805 0.0721 1.9698, 0.3803 0.0721 1.9659, 0.381 0.0727 1.9658, 0.4214 0.0861 1.9647, 0.4214 0.0864 1.9687, 0.4131 0.0853 1.9648, 0.4131 0.0859 1.9687, 0.4097 0.085 1.9648, 0.4129 0.0858 1.9687, 0.4013 0.0826 1.965, 0.4013 0.083 1.9689, 0.3942 0.0805 1.9652, 0.3972 0.082 1.969, 0.3901 0.0781 1.9654, 0.3901 0.0783 1.9693, 0.3838 0.0751 1.9696, 0.3714 0.064 1.9664, 0.3714 0.0643 1.9704, 0.3712 0.0638 1.9664, 0.3713 0.0642 1.9704, 0.3642 0.0541 1.967, 0.3642 0.0544 1.9709, 0.3617 0.0507 1.9672, 0.3618 0.051 1.9711, 0.3588 0.0434 1.9675, 0.3588 0.0436 1.9715, 0.3561 0.0367 1.9678, 0.3561 0.0369 1.9718, 0.3555 0.0324 1.9679, 0.3555 0.0326 1.9719, 0.3542 0.0232 1.9721, 0.4573 0.0759 1.9656, 0.4573 0.0762 1.9695, 0.4553 0.077 1.9655, 0.4556 0.0772 1.9694, 0.4472 0.0803 1.9652, 0.4472 0.0806 1.9691, 0.4389 0.0836 1.9649, 0.4388 0.084 1.9689, 0.4346 0.0842 1.9649, 0.4346 0.0846 1.9688, 0.5481 0.1406 1.9584, 0.5481 0.1411 1.9623, 0.5358 0.1392 1.9586, 0.5358 0.1396 1.9625, 0.5265 0.1382 1.9588, 0.5239 0.1381 1.9627, 0.519 0.1355 1.9591, 0.5189 0.1362 1.963, 0.5043 0.1303 1.9598, 0.5027 0.13 1.9639, 0.5026 0.1291 1.96, 0.5024 0.1298 1.9639, 0.4876 0.119 1.9613, 0.4877 0.1194 1.9652, 0.4846 0.1169 1.9615, 0.4836 0.1166 1.9655, 0.4755 0.1066 1.9627, 0.4754 0.1071 1.9666, 0.4686 0.0987 1.9636, 0.4686 0.0992 1.9674, 0.4659 0.0933 1.964, 0.4659 0.0937 1.9679, 0.643 0.0563 1.9669, 0.643 0.0565 1.9708, 0.639 0.0735 1.9657, 0.639 0.0738 1.9697, 0.6382 0.0772 1.9655, 0.6382 0.0775 1.9694, 0.6323 0.089 1.9644, 0.6323 0.0894 1.9683, 0.6276 0.0983 1.9636, 0.6276 0.0987 1.9675, 0.6239 0.1026 1.9631, 0.6239 0.103 1.967, 0.6116 0.1164 1.9616, 0.6116 0.1169 1.9655, 0.5978 0.1261 1.9604, 0.5978 0.1266 1.9643, 0.5932 0.1294 1.96, 0.593 0.13 1.9639, 0.5827 0.1336 1.9594, 0.5827 0.1341 1.9633, 0.5733 0.1373 1.9589, 0.5732 0.1379 1.9628, 0.5673 0.1381 1.9588, 0.5673 0.1386 1.9627, 0.6484 0.0563 1.9669, 0.6484 0.0565 1.9708, 0.7013 0.0035 1.9685, 0.7013 0.0035 1.9724, 0.7007 0.0095 1.9685, 0.7009 0.0096 1.9724, 0.7004 0.0133 1.9684, 0.7009 0.01 1.9724, 0.6986 0.0188 1.9683, 0.6987 0.019 1.9722, 0.6966 0.0254 1.9682, 0.6979 0.0224 1.9722, 0.6975 0.0232 1.9722, 0.6953 0.0276 1.9681, 0.6952 0.0277 1.972, 0.6906 0.0353 1.9679, 0.6924 0.0329 1.9719, 0.6904 0.0353 1.9718, 0.6583 0.0552 1.9709, 0.6583 0.055 1.967, 0.6628 0.0546 1.9709, 0.6629 0.0543 1.967, 0.6671 0.0528 1.971, 0.6671 0.0526 1.9671, 0.6738 0.0501 1.9712, 0.6738 0.0499 1.9672, 0.6756 0.0488 1.9712, 0.6756 0.0486 1.9673, 0.6833 0.0432 1.9715, 0.6833 0.043 1.9676, 0.684 0.0427 1.9715, 0.6841 0.0425 1.9676, 0.6904 0.0356 1.9679, 0.6525 -0.0494 1.9673, 0.6525 -0.0496 1.9712, 0.6609 -0.0476 1.9674, 0.6609 -0.0478 1.9713, 0.6659 -0.0466 1.9674, 0.6657 -0.0469 1.9713, 0.6698 -0.0447 1.9675, 0.6698 -0.0449 1.9714, 0.6776 -0.0409 1.9677, 0.6774 -0.0412 1.9716, 0.6784 -0.0402 1.9677, 0.6783 -0.0404 1.9716, 0.6862 -0.0335 1.9679, 0.6862 -0.0337 1.9719, 0.6874 -0.0325 1.968, 0.6874 -0.0327 1.9719, 0.6877 -0.0321 1.968, 0.6877 -0.0323 1.9719, 0.6933 -0.0243 1.9682, 0.6934 -0.0244 1.9721, 0.6948 -0.0223 1.9683, 0.6947 -0.0227 1.9722, 0.6975 -0.0154 1.9684, 0.6976 -0.0155 1.9723, 0.6993 -0.0111 1.9684, 0.6992 -0.0117 1.9724, 0.6999 -0.0064 1.9685, 0.6999 -0.0064 1.9724, 0.7008 -0.0 1.9685, 0.622 -0.0494 1.9673, 0.622 -0.0496 1.9712, 0.6179 -0.0487 1.9673, 0.6179 -0.0489 1.9712, 0.62 -0.0492 1.9712, 0.62 -0.049 1.9673, 0.6031 -0.0551 1.9709, 0.6025 -0.0556 1.9669, 0.6007 -0.058 1.9707, 0.6008 -0.0579 1.9668, 0.6005 -0.0582 1.9707, 0.5996 -0.0596 1.9667, 0.5989 -0.0614 1.9705, 0.599 -0.0612 1.9666, 0.5982 -0.0628 1.9704, 0.5977 -0.0645 1.9664, 0.5977 -0.0652 1.9703, 0.5976 -0.065 1.9664, 0.5971 -0.068 1.9701, 0.5969 -0.0697 1.966, 0.5969 -0.0699 1.97, 0.6136 -0.0496 1.9712, 0.6136 -0.0494 1.9673, 0.6121 -0.0498 1.9712, 0.6122 -0.0496 1.9673, 0.6094 -0.0509 1.9711, 0.6095 -0.0508 1.9672, 0.6076 -0.0516 1.9711, 0.6075 -0.0516 1.9672, 0.6059 -0.0529 1.971, 0.606 -0.0527 1.9671, 0.6035 -0.0547 1.9709, 0.6033 -0.0547 1.967, 0.6031 -0.0549 1.967, 0.6166 -0.0906 1.9643, 0.6166 -0.091 1.9683, 0.6137 -0.09 1.9644, 0.6137 -0.0904 1.9683, 0.6114 -0.0895 1.9644, 0.6114 -0.0899 1.9684, 0.6098 -0.0887 1.9645, 0.6098 -0.0891 1.9684, 0.6067 -0.0872 1.9646, 0.6067 -0.0876 1.9686, 0.6063 -0.0869 1.9647, 0.6063 -0.0873 1.9686, 0.6033 -0.0844 1.9649, 0.6033 -0.0848 1.9688, 0.6027 -0.0839 1.9649, 0.6027 -0.0843 1.9688, 0.6009 -0.0815 1.9651, 0.6009 -0.0818 1.9691, 0.6 -0.0804 1.9652, 0.5997 -0.0802 1.9692, 0.599 -0.0779 1.9654, 0.5989 -0.0783 1.9693, 0.5978 -0.0752 1.9656, 0.5978 -0.0756 1.9695, 0.5976 -0.0739 1.9657, 0.5976 -0.0742 1.9697, 0.6525 -0.0906 1.9643, 0.6525 -0.091 1.9683, 0.6545 -0.0906 1.9643, 0.6545 -0.091 1.9683, 0.6566 -0.0906 1.9643, 0.6566 -0.091 1.9683, 0.7182 -0.0602 1.9667, 0.7182 -0.0604 1.9706, 0.7046 -0.072 1.9659, 0.7046 -0.0723 1.9698, 0.7019 -0.0743 1.9657, 0.7018 -0.0747 1.9696, 0.6898 -0.0806 1.9652, 0.6898 -0.0809 1.9691, 0.6807 -0.0853 1.9648, 0.6807 -0.0856 1.9687, 0.675 -0.0865 1.9647, 0.675 -0.0869 1.9686, 0.7288 -0.0453 1.9714, 0.7288 -0.0451 1.9674, 0.7325 -0.0401 1.9716, 0.7322 -0.0403 1.9677, 0.7365 -0.0291 1.972, 0.7365 -0.029 1.968, 0.7409 -0.0174 1.9723, 0.7406 -0.0181 1.9683, 0.7414 -0.0123 1.9723, 0.7413 -0.0123 1.9684, 0.7433 0.0042 1.9724, 0.7428 -0.0 1.9685, 0.7433 0.0042 1.9685, 0.6862 0.0883 1.9645, 0.6762 0.0928 1.9641, 0.6762 0.0932 1.968, 0.6823 0.091 1.9682, 0.6863 0.0888 1.9684, 0.6975 0.0831 1.965, 0.7019 0.0805 1.9692, 0.7016 0.0799 1.9652, 0.7029 0.08 1.9692, 0.7158 0.0686 1.9661, 0.7156 0.0686 1.97, 0.7162 0.0682 1.9661, 0.7188 0.0658 1.9703, 0.7271 0.0539 1.967, 0.727 0.0541 1.9709, 0.7306 0.0493 1.9673, 0.7321 0.0469 1.9713, 0.7351 0.0388 1.9677, 0.7353 0.0391 1.9716, 0.7398 0.0278 1.9681, 0.7397 0.0283 1.972, 0.7405 0.0232 1.9721, 0.7406 0.0222 1.9682, 0.7406 0.0223 1.9721, 0.6501 0.134 1.9593, 0.6501 0.1345 1.9632, 0.6614 0.121 1.961, 0.6614 0.1216 1.9649, 0.665 0.1143 1.9618, 0.665 0.1147 1.9657, 0.5095 -0.1005 1.9673, 0.4513 -0.0942 1.9679, 0.451 -0.0942 1.9679, 0.4468 -0.0926 1.9681, 0.445 -0.092 1.9682, 0.4426 -0.0903 1.9683, 0.4395 -0.0882 1.9685, 0.4387 -0.0872 1.9686, 0.4358 -0.0838 1.9689, 0.4352 -0.0831 1.9689, 0.4335 -0.0797 1.9692, 0.4318 -0.0752 1.9696, 0.431 -0.0714 1.9699, 0.4323 -0.0774 1.9694, 0.431 -0.0706 1.9699, 0.4311 -0.0652 1.9703, 0.4312 -0.0643 1.9704, 0.4322 -0.0607 1.9706, 0.4328 -0.0583 1.9707, 0.434 -0.0563 1.9708, 0.4358 -0.0532 1.971, 0.4363 -0.0525 1.971, 0.4395 -0.0491 1.9712, 0.4397 -0.0488 1.9712, 0.4432 -0.0463 1.9714, 0.4447 -0.0452 1.9714, 0.4474 -0.0442 1.9715, 0.45 -0.0431 1.9715, 0.4516 -0.0429 1.9715, 0.4573 -0.0421 1.9715, 0.4624 -0.0427 1.9715, 0.4632 -0.0428 1.9715, 0.467 -0.0442 1.9715, 0.4692 -0.045 1.9714, 0.4712 -0.0463 1.9714, 0.4747 -0.0487 1.9712, 0.4753 -0.0493 1.9712, 0.4786 -0.0531 1.971, 0.4792 -0.0537 1.971, 0.481 -0.0572 1.9708, 0.4821 -0.0593 1.9707, 0.4827 -0.0616 1.9705, 0.4835 -0.0653 1.9703, 0.4835 -0.0662 1.9702, 0.4835 -0.0716 1.9698, 0.4835 -0.0724 1.9698, 0.4825 -0.0762 1.9695, 0.4819 -0.0784 1.9693, 0.4808 -0.0805 1.9692, 0.4791 -0.0836 1.9689, 0.4784 -0.0844 1.9688, 0.4748 -0.0884 1.9685, 0.4573 -0.095 1.9679, 0.463 -0.0942 1.9679, 0.4646 -0.094 1.968, 0.4672 -0.093 1.9681, 0.4699 -0.0919 1.9682, 0.4709 -0.0912 1.9682, 0.4746 -0.0885 1.9685, 0.4573 -0.0419 1.9676, 0.4624 -0.0426 1.9676, 0.4637 -0.0428 1.9676, 0.467 -0.044 1.9675, 0.4698 -0.0451 1.9675, 0.4713 -0.0461 1.9674, 0.4752 -0.0489 1.9673, 0.4753 -0.0491 1.9673, 0.4786 -0.0529 1.9671, 0.4794 -0.0537 1.967, 0.481 -0.0569 1.9669, 0.4821 -0.059 1.9667, 0.4827 -0.0614 1.9666, 0.4835 -0.0648 1.9664, 0.4835 -0.0659 1.9663, 0.4836 -0.0713 1.9659, 0.4836 -0.0714 1.9659, 0.4825 -0.0759 1.9656, 0.4573 -0.0946 1.9639, 0.463 -0.0938 1.964, 0.4647 -0.0936 1.964, 0.4672 -0.0926 1.9641, 0.4699 -0.0915 1.9642, 0.4709 -0.0908 1.9643, 0.4746 -0.0882 1.9646, 0.4749 -0.088 1.9646, 0.4784 -0.084 1.9649, 0.4793 -0.083 1.965, 0.4807 -0.0802 1.9652, 0.4821 -0.0775 1.9655, 0.431 -0.0703 1.966, 0.4513 -0.0939 1.964, 0.4513 -0.0939 1.964, 0.4468 -0.0923 1.9642, 0.431 -0.0714 1.9659, 0.4318 -0.0749 1.9657, 0.4324 -0.0773 1.9655, 0.4334 -0.0794 1.9653, 0.4352 -0.0829 1.965, 0.4357 -0.0835 1.965, 0.4387 -0.0868 1.9647, 0.4397 -0.088 1.9646, 0.4426 -0.0899 1.9644, 0.4452 -0.0917 1.9642, 0.4311 -0.0649 1.9664, 0.4311 -0.0649 1.9664, 0.4321 -0.0604 1.9667, 0.4325 -0.0589 1.9667, 0.434 -0.0561 1.9669, 0.4352 -0.0537 1.967, 0.4364 -0.0523 1.9671, 0.4393 -0.049 1.9673, 0.4395 -0.0489 1.9673, 0.4432 -0.0462 1.9674, 0.4516 -0.0427 1.9676, 0.4502 -0.043 1.9676, 0.4474 -0.0441 1.9675, 0.4445 -0.0452 1.9675
            ]
        }
        coordIndex [
            0,1,2,-1,2,1,3,-1,2,3,4,-1,4,3,5,-1,4,5,6,-1,6,5,7,-1,6,7,8,-1,8,7,9,-1,8,9,10,-1,10,9,11,-1,10,11,12,-1,12,11,13,-1,14,15,16,-1,16,15,17,-1,16,17,18,-1,18,17,19,-1,18,19,20,-1,20,19,21,-1,20,21,22,-1,22,21,23,-1,22,23,24,-1,24,23,25,-1,24,25,0,-1,0,25,1,-1,26,27,28,-1,15,14,29,-1,29,14,26,-1,29,26,30,-1,30,26,28,-1,28,27,31,-1,31,27,32,-1,31,32,33,-1,34,35,36,-1,36,35,37,-1,36,37,38,-1,38,37,39,-1,38,39,40,-1,40,39,41,-1,40,41,42,-1,42,41,43,-1,42,43,44,-1,44,43,45,-1,44,45,46,-1,46,45,47,-1,46,47,48,-1,48,47,49,-1,48,49,33,-1,33,49,31,-1,35,34,50,-1,50,34,51,-1,50,51,52,-1,52,51,53,-1,52,53,54,-1,54,53,55,-1,54,55,56,-1,56,55,57,-1,56,57,58,-1,58,57,59,-1,58,59,60,-1,60,59,61,-1,60,61,62,-1,62,61,63,-1,62,63,64,-1,64,63,65,-1,64,65,66,-1,67,66,65,-1,68,69,70,-1,70,69,71,-1,70,71,72,-1,72,71,73,-1,72,73,74,-1,74,73,75,-1,74,75,76,-1,76,75,77,-1,76,77,78,-1,78,77,67,-1,78,67,79,-1,79,67,65,-1,80,81,82,-1,82,81,83,-1,82,83,84,-1,84,83,85,-1,84,85,86,-1,86,85,87,-1,86,87,88,-1,88,87,89,-1,88,89,68,-1,68,89,69,-1,90,91,92,-1,92,93,90,-1,90,93,94,-1,90,94,95,-1,95,94,96,-1,95,96,97,-1,97,96,98,-1,97,98,99,-1,99,98,100,-1,99,100,101,-1,101,100,102,-1,101,102,103,-1,103,102,104,-1,103,104,105,-1,105,104,106,-1,105,106,107,-1,107,106,108,-1,107,108,109,-1,109,108,110,-1,109,110,111,-1,111,110,112,-1,111,112,80,-1,80,112,81,-1,113,114,115,-1,115,114,116,-1,115,116,117,-1,117,116,118,-1,117,118,119,-1,119,118,120,-1,119,120,121,-1,121,120,122,-1,121,122,123,-1,123,122,124,-1,123,124,125,-1,125,124,126,-1,125,126,127,-1,92,91,128,-1,128,91,129,-1,128,129,130,-1,130,129,131,-1,130,131,132,-1,132,131,133,-1,132,133,134,-1,134,133,135,-1,134,135,136,-1,136,135,137,-1,136,137,138,-1,138,137,139,-1,138,139,140,-1,140,139,141,-1,140,141,127,-1,127,141,142,-1,127,142,125,-1,143,144,113,-1,113,144,114,-1,145,146,147,-1,147,146,144,-1,147,144,143,-1,145,148,146,-1,146,148,149,-1,146,149,150,-1,150,149,151,-1,150,151,152,-1,152,151,153,-1,153,151,154,-1,153,154,155,-1,155,154,156,-1,155,156,157,-1,158,159,160,-1,160,159,161,-1,155,157,162,-1,162,157,163,-1,162,163,164,-1,164,163,165,-1,164,165,166,-1,166,165,167,-1,166,167,168,-1,168,167,169,-1,168,169,170,-1,170,169,171,-1,170,171,172,-1,172,171,173,-1,172,173,161,-1,161,173,174,-1,161,174,160,-1,175,176,177,-1,177,176,178,-1,177,178,179,-1,179,178,180,-1,179,180,181,-1,181,180,182,-1,181,182,183,-1,183,182,184,-1,183,184,185,-1,185,184,186,-1,185,186,187,-1,187,186,188,-1,187,188,189,-1,189,188,190,-1,189,190,191,-1,191,190,192,-1,191,192,193,-1,193,192,194,-1,193,194,195,-1,195,194,196,-1,195,196,197,-1,197,196,159,-1,197,159,158,-1,198,199,200,-1,200,199,201,-1,200,201,202,-1,202,201,203,-1,202,203,204,-1,204,203,205,-1,205,203,206,-1,205,206,207,-1,176,175,208,-1,208,175,209,-1,208,209,210,-1,210,209,211,-1,210,211,212,-1,212,211,213,-1,212,213,214,-1,214,213,215,-1,214,215,216,-1,216,215,217,-1,216,217,207,-1,207,217,218,-1,207,218,205,-1,219,220,221,-1,222,223,224,-1,224,223,225,-1,224,225,226,-1,226,225,227,-1,226,227,228,-1,228,227,229,-1,228,229,230,-1,230,229,231,-1,230,231,232,-1,232,231,233,-1,232,233,221,-1,221,233,234,-1,221,234,219,-1,220,219,235,-1,235,219,236,-1,235,236,237,-1,237,236,238,-1,237,238,239,-1,239,238,240,-1,239,240,241,-1,241,240,242,-1,241,242,243,-1,243,242,244,-1,243,244,245,-1,245,244,246,-1,245,246,247,-1,247,246,248,-1,247,248,198,-1,198,248,249,-1,198,249,199,-1,250,251,252,-1,252,251,253,-1,252,253,254,-1,254,253,255,-1,254,255,256,-1,256,255,257,-1,256,257,258,-1,258,257,259,-1,258,259,222,-1,222,259,223,-1,260,261,262,-1,262,261,263,-1,262,263,264,-1,264,263,265,-1,264,265,266,-1,266,265,267,-1,266,267,268,-1,268,267,269,-1,268,269,270,-1,270,269,271,-1,270,271,272,-1,272,271,273,-1,272,273,274,-1,274,273,275,-1,274,275,276,-1,276,275,277,-1,276,277,278,-1,278,277,279,-1,278,279,280,-1,280,279,281,-1,280,281,250,-1,250,281,251,-1,282,283,284,-1,284,283,285,-1,284,285,286,-1,286,285,287,-1,286,287,288,-1,288,287,289,-1,288,289,290,-1,290,289,291,-1,290,291,292,-1,292,291,293,-1,292,293,294,-1,294,293,295,-1,294,295,296,-1,296,295,297,-1,296,297,298,-1,298,297,299,-1,298,299,300,-1,300,299,301,-1,300,301,302,-1,302,301,303,-1,302,303,304,-1,304,303,305,-1,304,305,260,-1,260,305,261,-1,306,307,282,-1,282,307,283,-1,308,309,310,-1,310,309,311,-1,310,311,312,-1,312,311,313,-1,312,313,314,-1,314,313,315,-1,314,315,316,-1,315,317,316,-1,316,317,318,-1,316,318,319,-1,319,318,320,-1,319,320,321,-1,321,320,322,-1,321,322,323,-1,307,306,324,-1,324,306,325,-1,324,325,326,-1,326,325,327,-1,326,327,328,-1,328,327,329,-1,328,329,330,-1,330,329,331,-1,330,331,332,-1,332,331,333,-1,332,333,334,-1,334,333,335,-1,334,335,336,-1,336,335,337,-1,336,337,323,-1,323,337,338,-1,323,338,321,-1,339,340,341,-1,341,340,342,-1,341,342,343,-1,343,342,344,-1,343,344,345,-1,345,344,346,-1,345,346,347,-1,347,346,348,-1,347,348,349,-1,349,348,350,-1,349,350,351,-1,351,350,352,-1,351,352,353,-1,353,352,354,-1,353,354,355,-1,355,354,356,-1,355,356,357,-1,357,356,358,-1,357,358,359,-1,359,358,360,-1,359,360,361,-1,361,360,362,-1,361,362,363,-1,363,362,364,-1,363,364,365,-1,365,364,366,-1,365,366,367,-1,367,366,309,-1,367,309,308,-1,368,369,339,-1,339,369,340,-1,370,371,372,-1,370,372,373,-1,373,372,369,-1,373,369,368,-1,374,375,376,-1,376,375,377,-1,376,377,378,-1,378,377,379,-1,378,379,380,-1,380,379,381,-1,380,381,382,-1,382,381,383,-1,382,383,384,-1,384,383,385,-1,384,385,386,-1,386,385,387,-1,386,387,388,-1,371,370,389,-1,389,370,390,-1,389,390,391,-1,391,390,392,-1,391,392,393,-1,393,392,394,-1,393,394,395,-1,395,394,396,-1,395,396,397,-1,397,396,398,-1,397,398,399,-1,399,398,400,-1,399,400,374,-1,374,400,401,-1,374,401,375,-1,402,403,404,-1,404,403,405,-1,404,405,406,-1,406,405,407,-1,406,407,408,-1,408,407,409,-1,408,409,410,-1,410,409,411,-1,410,411,412,-1,412,411,413,-1,412,413,414,-1,414,413,415,-1,414,415,416,-1,416,415,417,-1,416,417,418,-1,418,417,419,-1,418,419,420,-1,420,419,421,-1,420,421,422,-1,422,421,423,-1,422,423,424,-1,424,423,425,-1,424,425,426,-1,426,425,427,-1,426,427,387,-1,387,427,388,-1,428,429,402,-1,402,429,403,-1,430,431,428,-1,428,431,429,-1,432,433,430,-1,430,433,431,-1,434,435,436,-1,436,435,437,-1,436,437,438,-1,438,437,439,-1,438,439,440,-1,440,439,441,-1,440,441,442,-1,442,441,443,-1,442,443,444,-1,444,443,445,-1,444,445,432,-1,432,445,433,-1,435,434,446,-1,446,434,447,-1,446,447,448,-1,448,447,449,-1,448,449,450,-1,450,449,451,-1,450,451,452,-1,452,451,453,-1,452,453,454,-1,454,453,455,-1,454,455,456,-1,456,455,457,-1,456,457,458,-1,459,460,461,-1,461,462,459,-1,459,462,463,-1,459,463,464,-1,464,463,465,-1,464,465,466,-1,466,465,467,-1,466,467,468,-1,468,467,469,-1,468,469,470,-1,470,469,471,-1,470,471,472,-1,472,471,473,-1,472,473,474,-1,474,473,475,-1,474,475,476,-1,476,475,477,-1,476,477,478,-1,477,479,478,-1,478,479,480,-1,478,480,481,-1,481,480,482,-1,481,482,458,-1,458,482,456,-1,12,13,483,-1,483,13,484,-1,483,484,485,-1,485,484,486,-1,485,486,487,-1,487,486,488,-1,487,488,460,-1,460,488,461,-1,153,150,152,-1,318,317,480,-1,480,317,315,-1,480,315,482,-1,315,313,482,-1,482,313,311,-1,482,311,456,-1,456,311,309,-1,456,309,454,-1,454,309,366,-1,454,366,452,-1,452,366,364,-1,452,364,450,-1,450,364,362,-1,450,362,448,-1,448,362,360,-1,448,360,446,-1,360,358,446,-1,446,358,356,-1,446,356,435,-1,356,354,435,-1,435,354,352,-1,435,352,437,-1,437,352,350,-1,437,350,439,-1,439,350,348,-1,439,348,441,-1,441,348,346,-1,441,346,443,-1,443,346,344,-1,443,344,445,-1,445,344,342,-1,445,342,433,-1,433,342,340,-1,433,340,431,-1,431,340,429,-1,429,340,403,-1,403,340,369,-1,403,369,372,-1,391,403,389,-1,389,403,372,-1,389,372,371,-1,391,393,403,-1,403,393,395,-1,403,395,397,-1,397,399,403,-1,403,399,374,-1,403,374,376,-1,427,425,423,-1,386,388,427,-1,386,427,384,-1,384,427,423,-1,384,423,382,-1,382,423,380,-1,380,423,421,-1,380,421,419,-1,419,417,380,-1,380,417,415,-1,380,415,378,-1,411,409,376,-1,378,415,376,-1,376,415,413,-1,376,413,411,-1,409,407,376,-1,376,407,405,-1,376,405,403,-1,285,283,461,-1,461,283,307,-1,480,479,318,-1,318,479,477,-1,318,477,320,-1,320,477,475,-1,320,475,322,-1,322,475,473,-1,322,473,323,-1,323,473,471,-1,323,471,336,-1,336,471,469,-1,336,469,334,-1,334,469,467,-1,334,467,332,-1,332,467,465,-1,332,465,330,-1,330,465,463,-1,330,463,328,-1,328,463,462,-1,328,462,326,-1,326,462,461,-1,326,461,324,-1,324,461,307,-1,281,279,28,-1,28,279,30,-1,30,279,277,-1,30,277,29,-1,29,277,275,-1,29,275,15,-1,15,275,273,-1,15,273,17,-1,17,273,271,-1,17,271,19,-1,19,271,269,-1,19,269,21,-1,21,269,267,-1,21,267,23,-1,23,267,265,-1,23,265,25,-1,25,265,263,-1,25,263,1,-1,1,263,261,-1,1,261,3,-1,3,261,305,-1,3,305,5,-1,5,305,303,-1,5,303,7,-1,7,303,301,-1,7,301,9,-1,9,301,299,-1,9,299,11,-1,11,299,297,-1,11,297,13,-1,13,297,295,-1,13,295,484,-1,484,295,293,-1,484,293,486,-1,486,293,291,-1,486,291,488,-1,488,291,289,-1,488,289,461,-1,461,289,287,-1,461,287,285,-1,60,248,58,-1,58,248,246,-1,58,246,56,-1,56,246,54,-1,54,246,244,-1,54,244,52,-1,52,244,242,-1,52,242,50,-1,50,242,240,-1,50,240,35,-1,35,240,238,-1,35,238,37,-1,37,238,236,-1,37,236,39,-1,39,236,219,-1,39,219,41,-1,41,219,234,-1,41,234,43,-1,43,234,233,-1,43,233,45,-1,45,233,231,-1,45,231,47,-1,47,231,229,-1,47,229,49,-1,229,227,49,-1,49,227,225,-1,49,225,31,-1,255,253,28,-1,28,253,251,-1,28,251,281,-1,225,223,31,-1,31,223,259,-1,31,259,28,-1,28,259,257,-1,28,257,255,-1,124,122,489,-1,489,122,120,-1,489,120,118,-1,140,127,489,-1,489,127,126,-1,489,126,124,-1,118,116,489,-1,489,116,114,-1,489,114,155,-1,155,114,144,-1,155,144,153,-1,153,144,146,-1,153,146,150,-1,490,491,96,-1,96,491,98,-1,98,491,492,-1,98,492,100,-1,100,492,493,-1,100,493,102,-1,102,493,494,-1,102,494,104,-1,104,494,495,-1,104,495,496,-1,496,497,104,-1,104,497,498,-1,104,498,499,-1,500,501,176,-1,500,176,502,-1,501,503,176,-1,176,503,504,-1,176,504,505,-1,505,506,176,-1,176,506,507,-1,176,507,178,-1,178,507,508,-1,178,508,180,-1,180,508,509,-1,180,509,182,-1,509,510,182,-1,182,510,511,-1,182,511,184,-1,184,511,512,-1,184,512,186,-1,186,512,513,-1,186,513,188,-1,188,513,514,-1,188,514,190,-1,190,514,192,-1,192,514,515,-1,192,515,194,-1,194,515,516,-1,194,516,196,-1,196,516,517,-1,196,517,159,-1,159,517,518,-1,159,518,161,-1,161,518,519,-1,161,519,172,-1,172,519,520,-1,172,520,170,-1,170,520,168,-1,168,520,521,-1,168,521,166,-1,166,521,522,-1,166,522,164,-1,164,522,523,-1,164,523,162,-1,523,524,162,-1,162,524,525,-1,162,525,155,-1,155,525,526,-1,155,526,527,-1,527,528,155,-1,155,528,529,-1,155,529,530,-1,530,531,155,-1,155,531,532,-1,155,532,533,-1,533,534,155,-1,155,534,136,-1,155,136,489,-1,489,136,138,-1,489,138,140,-1,534,535,136,-1,136,535,536,-1,136,536,537,-1,537,538,136,-1,136,538,539,-1,136,539,540,-1,96,94,490,-1,490,94,93,-1,490,93,541,-1,541,93,92,-1,541,92,542,-1,542,92,128,-1,542,128,543,-1,543,128,130,-1,543,130,544,-1,544,130,132,-1,544,132,545,-1,545,132,134,-1,545,134,546,-1,546,134,136,-1,546,136,547,-1,547,136,540,-1,81,176,83,-1,83,176,85,-1,85,176,87,-1,87,176,208,-1,87,208,89,-1,89,208,210,-1,89,210,69,-1,69,210,212,-1,69,212,71,-1,62,199,60,-1,60,199,249,-1,60,249,248,-1,212,214,71,-1,71,214,216,-1,71,216,73,-1,73,216,207,-1,73,207,75,-1,75,207,206,-1,75,206,77,-1,77,206,203,-1,77,203,67,-1,67,203,201,-1,67,201,66,-1,66,201,199,-1,66,199,64,-1,64,199,62,-1,81,112,176,-1,176,112,110,-1,176,110,108,-1,499,502,104,-1,104,502,176,-1,104,176,106,-1,106,176,108,-1,518,548,519,-1,519,548,549,-1,519,549,520,-1,520,549,550,-1,520,550,521,-1,521,550,551,-1,521,551,522,-1,522,551,552,-1,522,552,523,-1,523,552,553,-1,523,553,524,-1,524,553,554,-1,524,554,525,-1,525,554,555,-1,525,555,526,-1,526,555,556,-1,526,556,527,-1,527,556,557,-1,527,557,528,-1,528,557,558,-1,528,558,529,-1,529,558,559,-1,529,559,530,-1,530,559,560,-1,530,560,531,-1,531,560,561,-1,531,561,532,-1,532,561,562,-1,532,562,533,-1,562,563,533,-1,533,563,564,-1,533,564,534,-1,534,564,565,-1,566,541,567,-1,567,541,542,-1,567,542,568,-1,568,542,543,-1,568,543,569,-1,569,543,544,-1,569,544,570,-1,570,544,545,-1,570,545,571,-1,571,545,546,-1,571,546,572,-1,572,546,547,-1,572,547,573,-1,573,547,540,-1,573,540,574,-1,574,540,539,-1,574,539,575,-1,575,539,538,-1,575,538,576,-1,576,538,537,-1,576,537,577,-1,577,537,536,-1,577,536,565,-1,565,536,535,-1,565,535,534,-1,504,503,578,-1,490,541,566,-1,566,579,490,-1,490,579,580,-1,490,580,491,-1,491,580,581,-1,578,503,582,-1,582,503,501,-1,582,501,583,-1,583,501,500,-1,583,500,584,-1,584,500,502,-1,584,502,585,-1,585,502,499,-1,585,499,586,-1,586,499,498,-1,586,498,587,-1,587,498,497,-1,587,497,588,-1,588,497,496,-1,588,496,589,-1,589,496,495,-1,589,495,590,-1,590,495,494,-1,590,494,591,-1,591,494,493,-1,591,493,581,-1,581,493,492,-1,581,492,491,-1,578,592,504,-1,504,592,593,-1,504,593,505,-1,505,593,594,-1,505,594,506,-1,506,594,507,-1,507,594,595,-1,507,595,508,-1,508,595,596,-1,508,596,509,-1,509,596,597,-1,509,597,510,-1,510,597,598,-1,510,598,511,-1,598,599,511,-1,511,599,600,-1,511,600,512,-1,512,600,601,-1,548,518,602,-1,602,518,517,-1,602,517,603,-1,603,517,516,-1,603,516,604,-1,604,516,515,-1,604,515,605,-1,605,515,514,-1,605,514,601,-1,601,514,513,-1,601,513,512,-1,
        ]
    }
}
Shape{
    appearance Appearance {
        material  Material 	{
            diffuseColor 0.20784313725490197 0.20784313725490197 0.20784313725490197
            specularColor 0.01568627450980392 0.01568627450980392 0.01568627450980392
            ambientIntensity 0.298
            transparency 0.0
            shininess 0.5
        }
    }
    geometry IndexedFaceSet {
        ccw TRUE
        solid FALSE
        coord DEF co Coordinate {
            point [
                0.4827 -0.0614 1.9666, 0.4821 -0.059 1.9667, 0.4311 -0.0649 1.9664, 0.481 -0.0569 1.9669, 0.4794 -0.0537 1.967, 0.4516 -0.0427 1.9676, 0.4502 -0.043 1.9676, 0.4474 -0.0441 1.9675, 0.467 -0.044 1.9675, 0.4637 -0.0428 1.9676, 0.4624 -0.0426 1.9676, 0.4573 -0.0419 1.9676, 0.4445 -0.0452 1.9675, 0.4432 -0.0462 1.9674, 0.4395 -0.0489 1.9673, 0.4713 -0.0461 1.9674, 0.4698 -0.0451 1.9675, 0.4364 -0.0523 1.9671, 0.4393 -0.049 1.9673, 0.4352 -0.0537 1.967, 0.4753 -0.0491 1.9673, 0.4752 -0.0489 1.9673, 0.434 -0.0561 1.9669, 0.4325 -0.0589 1.9667, 0.4321 -0.0604 1.9667, 0.4786 -0.0529 1.9671, 0.4311 -0.0649 1.9664, 0.431 -0.0714 1.9659, 0.4318 -0.0749 1.9657, 0.4746 -0.0882 1.9646, 0.4324 -0.0773 1.9655, 0.4334 -0.0794 1.9653, 0.4352 -0.0829 1.965, 0.4357 -0.0835 1.965, 0.4387 -0.0868 1.9647, 0.4397 -0.088 1.9646, 0.4428 -0.0896 1.9644, 0.4426 -0.0899 1.9644, 0.4452 -0.0917 1.9642, 0.4468 -0.0923 1.9642, 0.4513 -0.0939 1.964, 0.4513 -0.0939 1.964, 0.4573 -0.0946 1.9639, 0.463 -0.0938 1.964, 0.4647 -0.0936 1.964, 0.4672 -0.0926 1.9641, 0.4699 -0.0915 1.9642, 0.4709 -0.0908 1.9643, 0.4749 -0.088 1.9646, 0.4784 -0.084 1.9649, 0.4793 -0.083 1.965, 0.4807 -0.0802 1.9652, 0.4821 -0.0775 1.9655, 0.4825 -0.0759 1.9656, 0.4836 -0.0714 1.9659, 0.4836 -0.0713 1.9659, 0.431 -0.0703 1.966, 0.4835 -0.0659 1.9663, 0.4835 -0.0648 1.9664
            ]
        }
        coordIndex [
            0,1,2,-1,2,1,3,-1,2,3,4,-1,5,6,7,-1,8,9,7,-1,7,9,10,-1,7,10,5,-1,5,10,11,-1,7,12,8,-1,8,12,13,-1,8,13,14,-1,15,16,17,-1,17,16,8,-1,17,8,18,-1,18,8,14,-1,19,20,17,-1,17,20,21,-1,17,21,15,-1,19,22,20,-1,20,22,23,-1,20,23,24,-1,4,25,2,-1,2,25,20,-1,2,20,26,-1,26,20,24,-1,27,28,29,-1,29,28,30,-1,29,30,31,-1,31,32,29,-1,29,32,33,-1,29,33,34,-1,34,35,36,-1,36,35,37,-1,36,37,38,-1,38,39,36,-1,36,39,40,-1,36,40,41,-1,41,42,36,-1,36,42,43,-1,36,43,34,-1,34,43,44,-1,34,44,45,-1,45,46,34,-1,34,46,47,-1,34,47,29,-1,29,48,27,-1,27,48,49,-1,27,49,50,-1,50,51,27,-1,27,51,52,-1,27,52,53,-1,53,54,27,-1,27,54,55,-1,27,55,56,-1,56,55,57,-1,56,57,2,-1,2,57,58,-1,2,58,0,-1,
        ]
    }
}
Shape{
    appearance Appearance {
        material  Material 	{
            diffuseColor 1.0 1.0 1.0
            specularColor 0.8784313725490196 0.8784313725490196 0.8784313725490196
            ambientIntensity 1.0
            transparency 0.0
            shininess 0.5
        }
    }
    geometry IndexedFaceSet {
        ccw TRUE
        solid FALSE
        coord DEF co Coordinate {
            point [
                1.0625 0.1555 1.9561, 1.0625 0.1561 1.96, 1.0729 0.1544 1.9563, 1.0729 0.155 1.9602, 1.0758 0.1541 1.9564, 1.0758 0.1547 1.9603, 1.0824 0.1518 1.9567, 1.0824 0.1524 1.9606, 1.088 0.1499 1.957, 1.088 0.1505 1.9609, 1.091 0.1479 1.9573, 1.091 0.1485 1.9612, 1.0985 0.143 1.9581, 1.0985 0.1436 1.962, 1.0353 0.1555 1.9561, 1.0353 0.1561 1.96, 1.0353 0.0608 1.9666, 1.0353 0.061 1.9706, 1.0615 0.0608 1.9666, 1.0615 0.061 1.9706, 1.0985 0.0741 1.9657, 1.0985 0.0744 1.9696, 1.0911 0.0689 1.9661, 1.0911 0.0692 1.97, 1.0891 0.0675 1.9662, 1.0891 0.0677 1.9701, 1.0833 0.0651 1.9664, 1.0833 0.0654 1.9703, 1.0779 0.063 1.9665, 1.0778 0.0632 1.9704, 1.0741 0.0625 1.9665, 1.0741 0.0627 1.9705, 1.1123 0.101 1.9633, 1.1124 0.1028 1.9631, 1.1122 0.1033 1.967, 1.1129 0.1095 1.9624, 1.1129 0.1099 1.9663, 1.1127 0.106 1.9667, 1.1107 0.0947 1.9639, 1.1108 0.0951 1.9678, 1.1098 0.0908 1.9643, 1.1104 0.0931 1.9681, 1.1081 0.0875 1.9646, 1.1043 0.0816 1.9691, 1.1053 0.0821 1.9651, 1.1062 0.0839 1.9689, 1.108 0.0879 1.9685, 1.1045 0.0811 1.9652, 1.1016 0.14 1.9585, 1.102 0.1401 1.9625, 1.1025 0.1388 1.9587, 1.1025 0.1394 1.9626, 1.1068 0.1329 1.9595, 1.1068 0.1335 1.9634, 1.1076 0.132 1.9596, 1.1075 0.1325 1.9635, 1.1097 0.1269 1.9603, 1.1096 0.1274 1.9642, 1.111 0.1235 1.9607, 1.111 0.1241 1.9646, 1.1115 0.1199 1.9612, 1.1115 0.1204 1.9651, 1.0695 0.1444 1.9618, 1.0732 0.144 1.9619, 1.077 0.1427 1.9621, 1.0822 0.1409 1.9623, 1.0835 0.1401 1.9625, 1.0895 0.1363 1.963, 1.0923 0.1335 1.9634, 1.0923 0.1335 1.9634, 1.0953 0.129 1.964, 1.0962 0.1277 1.9642, 1.0974 0.1244 1.9646, 1.0986 0.1211 1.965, 1.0988 0.1193 1.9652, 1.1 0.1096 1.9663, 1.0999 0.1075 1.9666, 1.0996 0.1056 1.9668, 1.0984 0.0974 1.9676, 1.0983 0.0964 1.9677, 1.0964 0.0919 1.9682, 1.0951 0.0888 1.9684, 1.0937 0.087 1.9686, 1.0898 0.0819 1.969, 1.0887 0.0809 1.9691, 1.0884 0.0807 1.9691, 1.083 0.0771 1.9694, 1.0817 0.0762 1.9695, 1.0776 0.0747 1.9696, 1.074 0.0733 1.9697, 1.0717 0.0731 1.9697, 1.0614 0.0719 1.9698, 1.0476 0.0719 1.9698, 1.0476 0.1452 1.9617, 1.062 0.1452 1.9617, 1.0476 0.1447 1.9578, 1.062 0.1447 1.9578, 1.0476 0.0716 1.9659, 1.0614 0.0716 1.9659, 1.0898 0.0815 1.9651, 1.0883 0.0805 1.9652, 1.0833 0.0768 1.9655, 1.0831 0.0767 1.9655, 1.0776 0.0743 1.9657, 1.0716 0.073 1.9658, 1.0755 0.0735 1.9658, 1.1 0.1091 1.9624, 1.0997 0.1052 1.9629, 1.0997 0.104 1.963, 1.0983 0.097 1.9637, 1.0978 0.0943 1.964, 1.0965 0.0915 1.9642, 1.0946 0.0876 1.9646, 1.0938 0.0866 1.9647, 1.0895 0.1358 1.9591, 1.0922 0.1331 1.9595, 1.0923 0.1329 1.9595, 1.0953 0.1285 1.9601, 1.0989 0.1188 1.9613, 1.0987 0.1202 1.9611, 1.0974 0.1239 1.9607, 1.0963 0.127 1.9603, 1.0695 0.1438 1.9579, 1.0732 0.1434 1.958, 1.077 0.1421 1.9582, 1.0822 0.1404 1.9584, 1.0835 0.1396 1.9586
            ]
        }
        coordIndex [
            0,1,2,-1,2,1,3,-1,2,3,4,-1,4,3,5,-1,4,5,6,-1,6,5,7,-1,6,7,8,-1,8,7,9,-1,8,9,10,-1,10,9,11,-1,10,11,12,-1,12,11,13,-1,14,15,0,-1,0,15,1,-1,16,17,14,-1,14,17,15,-1,18,19,16,-1,16,19,17,-1,20,21,22,-1,22,21,23,-1,22,23,24,-1,24,23,25,-1,24,25,26,-1,26,25,27,-1,26,27,28,-1,28,27,29,-1,28,29,30,-1,30,29,31,-1,30,31,18,-1,18,31,19,-1,32,33,34,-1,35,36,33,-1,33,36,37,-1,33,37,34,-1,32,34,38,-1,38,34,39,-1,38,39,40,-1,40,39,41,-1,40,41,42,-1,43,44,45,-1,45,44,42,-1,45,42,46,-1,46,42,41,-1,21,20,43,-1,43,20,47,-1,43,47,44,-1,12,13,48,-1,48,13,49,-1,48,49,50,-1,50,49,51,-1,50,51,52,-1,52,51,53,-1,52,53,54,-1,54,53,55,-1,54,55,56,-1,56,55,57,-1,56,57,58,-1,58,57,59,-1,58,59,60,-1,60,59,61,-1,60,61,35,-1,35,61,36,-1,1,62,3,-1,3,62,63,-1,3,63,5,-1,5,63,7,-1,7,63,64,-1,7,64,9,-1,9,64,65,-1,9,65,11,-1,11,65,66,-1,11,66,13,-1,66,67,13,-1,13,67,68,-1,13,68,49,-1,49,68,69,-1,49,69,51,-1,51,69,70,-1,51,70,53,-1,53,70,71,-1,53,71,55,-1,55,71,72,-1,55,72,57,-1,57,72,59,-1,59,72,73,-1,59,73,61,-1,61,73,74,-1,61,74,36,-1,36,74,75,-1,36,75,37,-1,37,75,76,-1,37,76,34,-1,34,76,77,-1,34,77,39,-1,39,77,78,-1,39,78,41,-1,41,78,79,-1,41,79,46,-1,46,79,80,-1,46,80,45,-1,45,80,81,-1,45,81,43,-1,43,81,82,-1,43,82,21,-1,82,83,21,-1,21,83,84,-1,21,84,23,-1,84,85,23,-1,23,85,86,-1,23,86,25,-1,25,86,87,-1,25,87,27,-1,27,87,88,-1,27,88,29,-1,29,88,89,-1,29,89,31,-1,31,89,90,-1,31,90,19,-1,19,90,91,-1,19,91,17,-1,17,91,92,-1,17,92,15,-1,15,92,93,-1,15,93,1,-1,1,93,94,-1,1,94,62,-1,93,95,94,-1,94,95,96,-1,92,97,93,-1,93,97,95,-1,91,98,92,-1,92,98,97,-1,83,99,84,-1,84,99,100,-1,84,100,85,-1,85,100,86,-1,100,101,86,-1,86,101,102,-1,86,102,87,-1,87,102,103,-1,98,91,104,-1,104,91,90,-1,104,90,105,-1,105,90,89,-1,105,89,103,-1,103,89,88,-1,103,88,87,-1,75,106,76,-1,76,106,107,-1,76,107,77,-1,77,107,108,-1,77,108,78,-1,78,108,109,-1,78,109,79,-1,79,109,110,-1,79,110,80,-1,80,110,111,-1,80,111,81,-1,81,111,112,-1,81,112,82,-1,82,112,113,-1,82,113,83,-1,83,113,99,-1,68,67,114,-1,114,115,68,-1,68,115,116,-1,68,116,69,-1,69,116,117,-1,106,75,118,-1,118,75,74,-1,118,74,119,-1,119,74,73,-1,119,73,120,-1,120,73,72,-1,120,72,121,-1,121,72,71,-1,121,71,117,-1,117,71,70,-1,117,70,69,-1,94,96,62,-1,62,96,122,-1,62,122,63,-1,63,122,123,-1,63,123,64,-1,64,123,124,-1,64,124,65,-1,65,124,125,-1,65,125,66,-1,66,125,126,-1,66,126,67,-1,67,126,114,-1,
        ]
    }
}
Shape{
    appearance Appearance {
        material  Material 	{
            diffuseColor 0.20784313725490197 0.20784313725490197 0.20784313725490197
            specularColor 0.01568627450980392 0.01568627450980392 0.01568627450980392
            ambientIntensity 0.298
            transparency 0.0
            shininess 0.5
        }
    }
    geometry IndexedFaceSet {
        ccw TRUE
        solid FALSE
        coord DEF co Coordinate {
            point [
                1.0476 0.0716 1.9659, 1.0614 0.0716 1.9659, 1.0476 0.1447 1.9578, 1.0716 0.073 1.9658, 1.0755 0.0735 1.9658, 1.0776 0.0743 1.9657, 1.0831 0.0767 1.9655, 1.0833 0.0768 1.9655, 1.0883 0.0805 1.9652, 1.0898 0.0815 1.9651, 1.0938 0.0866 1.9647, 1.0946 0.0876 1.9646, 1.0965 0.0915 1.9642, 1.0978 0.0943 1.964, 1.0983 0.097 1.9637, 1.0997 0.104 1.963, 1.0997 0.1052 1.9629, 1.1 0.1091 1.9624, 1.0989 0.1188 1.9613, 1.0987 0.1202 1.9611, 1.0974 0.1239 1.9607, 1.0963 0.127 1.9603, 1.0953 0.1285 1.9601, 1.0923 0.1329 1.9595, 1.0922 0.1331 1.9595, 1.0895 0.1358 1.9591, 1.0765 0.1417 1.9583, 1.0835 0.1396 1.9586, 1.0822 0.1404 1.9584, 1.077 0.1421 1.9582, 1.0732 0.1434 1.958, 1.0695 0.1438 1.9579, 1.062 0.1447 1.9578
            ]
        }
        coordIndex [
            0,1,2,-1,2,1,3,-1,2,3,4,-1,4,5,2,-1,2,5,6,-1,2,6,7,-1,7,8,2,-1,2,8,9,-1,2,9,10,-1,10,11,2,-1,2,11,12,-1,2,12,13,-1,13,14,2,-1,2,14,15,-1,2,15,16,-1,16,17,2,-1,2,17,18,-1,2,18,19,-1,19,20,2,-1,2,20,21,-1,2,21,22,-1,22,23,2,-1,2,23,24,-1,2,24,25,-1,26,27,28,-1,28,29,26,-1,26,29,30,-1,26,30,31,-1,25,27,2,-1,2,27,26,-1,2,26,32,-1,32,26,31,-1,
        ]
    }
}
Shape{
    appearance Appearance {
        material  Material 	{
            diffuseColor 1.0 1.0 1.0
            specularColor 0.8784313725490196 0.8784313725490196 0.8784313725490196
            ambientIntensity 1.0
            transparency 0.0
            shininess 0.5
        }
    }
    geometry IndexedFaceSet {
        ccw TRUE
        solid FALSE
        coord DEF co Coordinate {
            point [
                0.8985 0.1356 1.9591, 0.8985 0.1362 1.963, 0.8944 0.1298 1.9599, 0.8943 0.1304 1.9638, 0.8929 0.1277 1.9602, 0.8937 0.1297 1.9639, 0.8916 0.1244 1.9606, 0.8917 0.1249 1.9645, 0.8899 0.1198 1.9612, 0.8903 0.1216 1.9649, 0.8897 0.1183 1.9614, 0.8899 0.1187 1.9653, 0.8885 0.1072 1.9626, 0.8885 0.1076 1.9666, 0.9245 0.1461 1.9576, 0.9245 0.1467 1.9615, 0.9218 0.146 1.9576, 0.9226 0.1466 1.9615, 0.9213 0.1459 1.9576, 0.9213 0.1464 1.9615, 0.914 0.1447 1.9578, 0.914 0.1452 1.9617, 0.9125 0.1444 1.9579, 0.9128 0.145 1.9617, 0.9087 0.1427 1.9581, 0.9087 0.1433 1.962, 0.9059 0.1415 1.9583, 0.9061 0.1421 1.9622, 0.904 0.14 1.9585, 0.904 0.1405 1.9624, 0.9469 0.1405 1.9584, 0.9469 0.1411 1.9623, 0.9415 0.1426 1.9581, 0.9415 0.1432 1.962, 0.9362 0.1446 1.9578, 0.937 0.145 1.9617, 0.9335 0.145 1.9578, 0.9335 0.1455 1.9617, 0.9469 0.1532 1.9565, 0.9469 0.1539 1.9604, 0.9243 0.1571 1.9559, 0.9243 0.1577 1.9598, 0.927 0.1569 1.9559, 0.927 0.1575 1.9598, 0.9366 0.1561 1.9561, 0.9352 0.1569 1.9599, 0.9389 0.1555 1.9562, 0.9388 0.156 1.9601, 0.8893 0.1432 1.958, 0.8893 0.1438 1.9619, 0.8906 0.1444 1.9579, 0.8915 0.1458 1.9616, 0.8925 0.1458 1.9576, 0.8925 0.1465 1.9615, 0.8992 0.1507 1.9569, 0.8993 0.1512 1.9608, 0.9 0.1513 1.9568, 0.9011 0.1525 1.9606, 0.906 0.1537 1.9564, 0.906 0.1544 1.9603, 0.9094 0.1551 1.9562, 0.9095 0.1558 1.9601, 0.9136 0.1557 1.9561, 0.9137 0.1563 1.96, 0.8838 0.1364 1.963, 0.8838 0.1358 1.9591, 0.8818 0.1337 1.9634, 0.8818 0.1331 1.9595, 0.8801 0.1294 1.9639, 0.8801 0.1289 1.96, 0.8777 0.1236 1.9647, 0.8774 0.1222 1.9609, 0.8774 0.1216 1.9649, 0.8773 0.1211 1.961, 0.8758 0.1102 1.9663, 0.8759 0.1097 1.9624, 0.8756 0.1084 1.9665, 0.8755 0.1065 1.9627, 0.8755 0.1069 1.9666, 0.8878 0.0722 1.9659, 0.8878 0.0725 1.9698, 0.8869 0.0734 1.9658, 0.8869 0.0736 1.9697, 0.8821 0.0802 1.9652, 0.882 0.0805 1.9692, 0.8808 0.0821 1.9651, 0.8813 0.0816 1.9691, 0.879 0.087 1.9646, 0.8791 0.0874 1.9686, 0.8772 0.0917 1.9642, 0.8773 0.0919 1.9682, 0.8769 0.0948 1.9639, 0.8769 0.0951 1.9678, 0.9165 0.0597 1.9706, 0.9164 0.0594 1.9667, 0.9171 0.0596 1.9706, 0.9205 0.0592 1.9667, 0.9205 0.0594 1.9707, 0.8947 0.067 1.9702, 0.8946 0.0666 1.9663, 0.8966 0.0654 1.9703, 0.8955 0.0658 1.9663, 0.9006 0.0636 1.9704, 0.9005 0.0633 1.9665, 0.905 0.0617 1.9705, 0.9037 0.0618 1.9666, 0.9072 0.0613 1.9705, 0.9072 0.061 1.9666, 0.9132 0.0597 1.9667, 0.9431 0.0634 1.9665, 0.9469 0.0647 1.9664, 0.9469 0.065 1.9703, 0.9347 0.0611 1.9706, 0.935 0.0607 1.9666, 0.9369 0.0613 1.9705, 0.9431 0.0636 1.9704, 0.9347 0.0606 1.9666, 0.9469 0.0765 1.9655, 0.9469 0.0768 1.9695, 0.9223 0.0701 1.966, 0.9223 0.0704 1.9699, 0.9268 0.0704 1.966, 0.9259 0.0706 1.9699, 0.931 0.0712 1.9659, 0.931 0.0715 1.9699, 0.9382 0.0726 1.9658, 0.9382 0.0729 1.9698, 0.9393 0.0731 1.9658, 0.9393 0.0734 1.9697, 0.8978 0.0801 1.9652, 0.8978 0.0805 1.9692, 0.8995 0.0785 1.9654, 0.9004 0.078 1.9694, 0.9005 0.0778 1.9654, 0.9005 0.078 1.9694, 0.9049 0.0746 1.9657, 0.905 0.0749 1.9696, 0.9055 0.0741 1.9657, 0.906 0.0741 1.9697, 0.9094 0.0725 1.9658, 0.9094 0.0728 1.9698, 0.9118 0.0715 1.9659, 0.9125 0.0717 1.9698, 0.9145 0.0712 1.9659, 0.9145 0.0714 1.9699, 0.8886 0.1064 1.9627, 0.8886 0.1068 1.9666, 0.8896 0.0967 1.9637, 0.8896 0.0971 1.9677, 0.8898 0.0951 1.9639, 0.8898 0.096 1.9678, 0.8914 0.0909 1.9643, 0.8914 0.0913 1.9682, 0.8925 0.0877 1.9646, 0.8925 0.0881 1.9685, 0.8939 0.0858 1.9648, 0.8939 0.0862 1.9687, 1.2512 -0.0903 1.9644, 1.2512 -0.0906 1.9683, 1.2376 -0.0903 1.9644, 1.2376 -0.0906 1.9683, 1.2603 -0.0643 1.9664, 1.2603 -0.0645 1.9703, 1.2557 -0.0773 1.9655, 1.3 -0.0643 1.9664, 1.3 -0.0645 1.9703, 1.3097 -0.0903 1.9644, 1.3097 -0.0906 1.9683, 1.3049 -0.0773 1.9655, 1.3233 -0.0903 1.9644, 1.3233 -0.0906 1.9683, 1.287 0.0049 1.9685, 1.287 0.0049 1.9724, 1.2889 -0.0 1.9684, 1.29 -0.0028 1.9724, 1.3052 -0.0427 1.9676, 1.2739 0.0049 1.9685, 1.2739 0.0049 1.9724, 1.272 -0.0 1.9684, 1.2557 -0.0427 1.9676, 1.2405 -0.0829 1.969, 1.2962 -0.0537 1.971, 1.2642 -0.0537 1.971, 1.2713 -0.0339 1.9719, 1.2785 -0.014 1.9723, 1.2793 -0.0109 1.9724, 1.2801 -0.0073 1.9724, 1.2811 -0.0106 1.9724, 1.2818 -0.014 1.9723, 1.289 -0.0339 1.9719, 1.2962 -0.0535 1.9671, 1.2642 -0.0535 1.9671, 1.2818 -0.0139 1.9684, 1.2801 -0.0073 1.9685, 1.2785 -0.0139 1.9684
            ]
        }
        coordIndex [
            0,1,2,-1,2,1,3,-1,2,3,4,-1,4,3,5,-1,4,5,6,-1,6,5,7,-1,6,7,8,-1,8,7,9,-1,8,9,10,-1,10,9,11,-1,10,11,12,-1,12,11,13,-1,14,15,16,-1,16,15,17,-1,16,17,18,-1,18,17,19,-1,18,19,20,-1,20,19,21,-1,20,21,22,-1,22,21,23,-1,22,23,24,-1,24,23,25,-1,24,25,26,-1,26,25,27,-1,26,27,28,-1,28,27,29,-1,28,29,0,-1,0,29,1,-1,30,31,32,-1,32,31,33,-1,32,33,34,-1,34,33,35,-1,34,35,36,-1,36,35,37,-1,36,37,14,-1,14,37,15,-1,38,39,30,-1,30,39,31,-1,40,41,42,-1,42,41,43,-1,42,43,44,-1,44,43,45,-1,44,45,46,-1,46,45,47,-1,46,47,38,-1,38,47,39,-1,48,49,50,-1,50,49,51,-1,50,51,52,-1,52,51,53,-1,52,53,54,-1,54,53,55,-1,54,55,56,-1,56,55,57,-1,56,57,58,-1,58,57,59,-1,58,59,60,-1,60,59,61,-1,60,61,62,-1,62,61,63,-1,62,63,40,-1,40,63,41,-1,49,48,64,-1,64,48,65,-1,64,65,66,-1,66,65,67,-1,66,67,68,-1,68,67,69,-1,68,69,70,-1,70,69,71,-1,70,71,72,-1,72,71,73,-1,72,73,74,-1,74,73,75,-1,74,75,76,-1,76,75,77,-1,76,77,78,-1,79,80,81,-1,81,80,82,-1,81,82,83,-1,83,82,84,-1,83,84,85,-1,85,84,86,-1,85,86,87,-1,87,86,88,-1,87,88,89,-1,89,88,90,-1,89,90,91,-1,91,90,92,-1,91,92,77,-1,77,92,78,-1,93,94,95,-1,95,94,96,-1,95,96,97,-1,80,79,98,-1,98,79,99,-1,98,99,100,-1,100,99,101,-1,100,101,102,-1,102,101,103,-1,102,103,104,-1,104,103,105,-1,104,105,106,-1,106,105,107,-1,106,107,93,-1,93,107,108,-1,93,108,94,-1,109,110,111,-1,112,113,114,-1,114,113,109,-1,114,109,115,-1,115,109,111,-1,97,96,112,-1,112,96,116,-1,112,116,113,-1,117,118,110,-1,110,118,111,-1,119,120,121,-1,121,120,122,-1,121,122,123,-1,123,122,124,-1,123,124,125,-1,125,124,126,-1,125,126,127,-1,127,126,128,-1,127,128,117,-1,117,128,118,-1,129,130,131,-1,131,130,132,-1,131,132,133,-1,133,132,134,-1,133,134,135,-1,135,134,136,-1,135,136,137,-1,137,136,138,-1,137,138,139,-1,139,138,140,-1,139,140,141,-1,141,140,142,-1,141,142,143,-1,143,142,144,-1,143,144,119,-1,119,144,120,-1,12,13,145,-1,145,13,146,-1,145,146,147,-1,147,146,148,-1,147,148,149,-1,149,148,150,-1,149,150,151,-1,151,150,152,-1,151,152,153,-1,153,152,154,-1,153,154,155,-1,155,154,156,-1,155,156,129,-1,129,156,130,-1,97,112,124,-1,124,112,114,-1,124,114,126,-1,126,114,115,-1,126,115,128,-1,128,115,111,-1,128,111,118,-1,124,122,97,-1,97,122,120,-1,97,120,95,-1,95,120,144,-1,95,144,93,-1,93,144,106,-1,106,144,142,-1,106,142,104,-1,104,142,140,-1,104,140,102,-1,102,140,138,-1,102,138,100,-1,100,138,136,-1,100,136,98,-1,154,84,156,-1,156,84,82,-1,156,82,130,-1,130,82,80,-1,130,80,132,-1,132,80,98,-1,132,98,134,-1,134,98,136,-1,13,76,146,-1,146,76,78,-1,146,78,148,-1,148,78,92,-1,148,92,150,-1,150,92,90,-1,150,90,152,-1,152,90,88,-1,152,88,154,-1,154,88,86,-1,154,86,84,-1,53,1,55,-1,55,1,29,-1,55,29,27,-1,53,51,1,-1,1,51,49,-1,1,49,3,-1,3,49,64,-1,3,64,5,-1,5,64,66,-1,5,66,7,-1,7,66,68,-1,7,68,9,-1,9,68,70,-1,9,70,11,-1,11,70,72,-1,11,72,13,-1,13,72,74,-1,13,74,76,-1,19,41,21,-1,21,41,63,-1,21,63,23,-1,23,63,61,-1,23,61,25,-1,25,61,59,-1,25,59,27,-1,27,59,57,-1,27,57,55,-1,19,17,41,-1,41,17,15,-1,41,15,43,-1,43,15,37,-1,43,37,45,-1,45,37,47,-1,31,39,33,-1,33,39,47,-1,33,47,35,-1,35,47,37,-1,157,158,159,-1,159,158,160,-1,161,162,163,-1,163,162,158,-1,163,158,157,-1,164,165,161,-1,161,165,162,-1,166,167,168,-1,168,167,165,-1,168,165,164,-1,169,170,166,-1,166,170,167,-1,171,172,173,-1,173,172,174,-1,173,174,175,-1,175,174,170,-1,175,170,169,-1,176,177,171,-1,171,177,172,-1,176,178,177,-1,177,178,179,-1,177,179,180,-1,180,179,159,-1,180,159,160,-1,160,158,180,-1,180,158,162,-1,165,181,162,-1,162,181,182,-1,162,182,180,-1,180,182,183,-1,180,183,177,-1,177,183,184,-1,174,172,177,-1,184,185,177,-1,177,185,186,-1,177,186,174,-1,174,186,187,-1,174,187,188,-1,188,189,174,-1,174,189,181,-1,174,181,170,-1,170,181,165,-1,170,165,167,-1,181,190,182,-1,182,190,191,-1,188,192,189,-1,189,192,190,-1,189,190,181,-1,186,193,187,-1,187,193,192,-1,187,192,188,-1,193,186,194,-1,194,186,185,-1,194,185,184,-1,182,191,183,-1,183,191,194,-1,183,194,184,-1,
        ]
    }
}
Shape{
    appearance Appearance {
        material  Material 	{
            diffuseColor 0.20784313725490197 0.20784313725490197 0.20784313725490197
            specularColor 0.01568627450980392 0.01568627450980392 0.01568627450980392
            ambientIntensity 0.298
            transparency 0.0
            shininess 0.5
        }
    }
    geometry IndexedFaceSet {
        ccw TRUE
        solid FALSE
        coord DEF co Coordinate {
            point [
                1.2642 -0.0535 1.9671, 1.2962 -0.0535 1.9671, 1.2785 -0.0139 1.9684, 1.2818 -0.0139 1.9684, 1.2801 -0.0073 1.9685
            ]
        }
        coordIndex [
            0,1,2,-1,2,1,3,-1,2,3,4,-1,
        ]
    }
}
Shape{
    appearance Appearance {
        material  Material 	{
            diffuseColor 1.0 1.0 1.0
            specularColor 0.8784313725490196 0.8784313725490196 0.8784313725490196
            ambientIntensity 1.0
            transparency 0.0
            shininess 0.5
        }
    }
    geometry IndexedFaceSet {
        ccw TRUE
        solid FALSE
        coord DEF co Coordinate {
            point [
                1.1318 -0.0474 1.9674, 1.1318 -0.0476 1.9713, 1.0977 -0.0474 1.9674, 1.0977 -0.0476 1.9713, 1.1318 -0.0365 1.9678, 1.1318 -0.0367 1.9718, 1.0977 -0.0365 1.9678, 1.0977 -0.0367 1.9718, 1.0977 -0.006 1.9685, 1.0977 -0.0061 1.9724, 1.1345 -0.006 1.9685, 1.1345 -0.0061 1.9724, 1.1345 0.0049 1.9724, 1.1345 -0.0 1.9685, 1.1345 0.0049 1.9685, 1.0854 0.0049 1.9685, 1.0854 0.0049 1.9724, 1.0854 -0.0903 1.9644, 1.0854 -0.0906 1.9683, 1.0854 -0.0 1.9685, 1.1366 -0.0903 1.9644, 1.1366 -0.0906 1.9683, 1.1366 -0.0794 1.9653, 1.1366 -0.0798 1.9692, 1.0977 -0.0794 1.9653, 1.0977 -0.0798 1.9692, 0.8678 -0.0474 1.9674, 0.8678 -0.0476 1.9713, 0.8337 -0.0474 1.9674, 0.8337 -0.0476 1.9713, 0.8678 -0.0365 1.9678, 0.8678 -0.0367 1.9718, 0.8337 -0.0365 1.9678, 0.8337 -0.0367 1.9718, 0.8337 -0.006 1.9685, 0.8337 -0.0061 1.9724, 0.8705 -0.006 1.9685, 0.8705 -0.0061 1.9724, 0.8705 0.0049 1.9724, 0.8705 -0.0 1.9685, 0.8705 0.0049 1.9685, 0.8214 0.0049 1.9685, 0.8214 0.0049 1.9724, 0.8214 -0.0903 1.9644, 0.8214 -0.0906 1.9683, 0.8214 -0.0 1.9685, 0.8726 -0.0903 1.9644, 0.8726 -0.0906 1.9683, 0.8726 -0.0794 1.9653, 0.8726 -0.0798 1.9692, 0.8337 -0.0794 1.9653, 0.8337 -0.0798 1.9692, 1.1318 0.0608 1.9666, 1.1318 0.061 1.9706, 1.1182 0.0608 1.9666, 1.1182 0.061 1.9706, 1.1409 0.0868 1.9647, 1.1409 0.0871 1.9686, 1.1364 0.0738 1.9657, 1.1806 0.0868 1.9647, 1.1806 0.0871 1.9686, 1.1904 0.0608 1.9666, 1.1904 0.061 1.9706, 1.1855 0.0738 1.9657, 1.204 0.0608 1.9666, 1.204 0.061 1.9706, 1.1858 0.1083 1.9625, 1.1706 0.1485 1.9612, 1.1676 0.1555 1.9561, 1.1676 0.1561 1.96, 1.1545 0.1555 1.9561, 1.1545 0.1561 1.96, 1.1363 0.1083 1.9625, 1.1211 0.0688 1.97, 1.1768 0.0979 1.9676, 1.1448 0.0979 1.9676, 1.152 0.1177 1.9654, 1.1591 0.1374 1.9628, 1.1599 0.1405 1.9624, 1.1607 0.144 1.9619, 1.1617 0.1407 1.9624, 1.1624 0.1374 1.9628, 1.1696 0.1177 1.9654, 1.1768 0.0975 1.9637, 1.1448 0.0975 1.9637, 1.1624 0.1369 1.9589, 1.1607 0.1435 1.958, 1.1591 0.1369 1.9589
            ]
        }
        coordIndex [
            0,1,2,-1,2,1,3,-1,4,5,0,-1,0,5,1,-1,6,7,4,-1,4,7,5,-1,8,9,6,-1,6,9,7,-1,10,11,8,-1,8,11,9,-1,11,10,12,-1,12,10,13,-1,12,13,14,-1,15,16,14,-1,14,16,12,-1,17,18,19,-1,19,18,16,-1,19,16,15,-1,20,21,17,-1,17,21,18,-1,22,23,20,-1,20,23,21,-1,24,25,22,-1,22,25,23,-1,3,25,2,-1,2,25,24,-1,18,21,23,-1,23,25,18,-1,18,25,3,-1,18,3,16,-1,11,12,9,-1,9,12,16,-1,9,16,7,-1,7,16,3,-1,7,3,5,-1,5,3,1,-1,26,27,28,-1,28,27,29,-1,30,31,26,-1,26,31,27,-1,32,33,30,-1,30,33,31,-1,34,35,32,-1,32,35,33,-1,36,37,34,-1,34,37,35,-1,37,36,38,-1,38,36,39,-1,38,39,40,-1,41,42,40,-1,40,42,38,-1,43,44,45,-1,45,44,42,-1,45,42,41,-1,46,47,43,-1,43,47,44,-1,48,49,46,-1,46,49,47,-1,50,51,48,-1,48,51,49,-1,29,51,28,-1,28,51,50,-1,44,47,49,-1,49,51,44,-1,44,51,29,-1,44,29,42,-1,37,38,35,-1,35,38,42,-1,35,42,33,-1,33,42,29,-1,33,29,31,-1,31,29,27,-1,52,53,54,-1,54,53,55,-1,56,57,58,-1,58,57,53,-1,58,53,52,-1,59,60,56,-1,56,60,57,-1,61,62,63,-1,63,62,60,-1,63,60,59,-1,64,65,61,-1,61,65,62,-1,65,64,66,-1,65,66,67,-1,67,66,68,-1,67,68,69,-1,70,71,68,-1,68,71,69,-1,71,70,72,-1,71,72,73,-1,73,72,54,-1,73,54,55,-1,55,53,73,-1,73,53,57,-1,60,74,57,-1,57,74,75,-1,57,75,73,-1,73,75,76,-1,73,76,71,-1,71,76,77,-1,67,69,71,-1,77,78,71,-1,71,78,79,-1,71,79,67,-1,67,79,80,-1,67,80,81,-1,81,82,67,-1,67,82,74,-1,67,74,65,-1,65,74,60,-1,65,60,62,-1,74,83,75,-1,75,83,84,-1,81,85,82,-1,82,85,83,-1,82,83,74,-1,79,86,80,-1,80,86,85,-1,80,85,81,-1,86,79,87,-1,87,79,78,-1,87,78,77,-1,75,84,76,-1,76,84,87,-1,76,87,77,-1,
        ]
    }
}
Shape{
    appearance Appearance {
        material  Material 	{
            diffuseColor 0.20784313725490197 0.20784313725490197 0.20784313725490197
            specularColor 0.01568627450980392 0.01568627450980392 0.01568627450980392
            ambientIntensity 0.298
            transparency 0.0
            shininess 0.5
        }
    }
    geometry IndexedFaceSet {
        ccw TRUE
        solid FALSE
        coord DEF co Coordinate {
            point [
                1.1448 0.0975 1.9637, 1.1768 0.0975 1.9637, 1.1591 0.1369 1.9589, 1.1624 0.1369 1.9589, 1.1607 0.1435 1.958
            ]
        }
        coordIndex [
            0,1,2,-1,2,1,3,-1,2,3,4,-1,
        ]
    }
}
Shape{
    appearance Appearance {
        material  Material 	{
            diffuseColor 1.0 1.0 1.0
            specularColor 0.8784313725490196 0.8784313725490196 0.8784313725490196
            ambientIntensity 1.0
            transparency 0.0
            shininess 0.5
        }
    }
    geometry IndexedFaceSet {
        ccw TRUE
        solid FALSE
        coord DEF co Coordinate {
            point [
                1.0124 0.1036 1.963, 1.0124 0.104 1.967, 0.9783 0.1036 1.963, 0.9783 0.104 1.967, 1.0124 0.1144 1.9618, 1.0124 0.1149 1.9657, 0.9783 0.1144 1.9618, 0.9783 0.1149 1.9657, 0.9783 0.1447 1.9578, 0.9783 0.1452 1.9617, 1.0151 0.1447 1.9578, 1.0151 0.1452 1.9617, 1.0151 0.1555 1.9561, 1.0151 0.1561 1.96, 0.966 0.1555 1.9561, 0.966 0.1561 1.96, 0.966 0.0608 1.9666, 0.966 0.061 1.9706, 1.0173 0.0608 1.9666, 1.0173 0.061 1.9706, 1.0173 0.0716 1.9659, 1.0173 0.0719 1.9698, 0.9783 0.0716 1.9659, 0.9783 0.0719 1.9698, 0.8214 0.1555 1.9561, 0.8214 0.1561 1.96, 0.8337 0.1555 1.9561, 0.8337 0.1561 1.96, 0.8214 0.0608 1.9666, 0.8214 0.061 1.9706, 0.8716 0.0608 1.9666, 0.8716 0.061 1.9706, 0.8716 0.0716 1.9659, 0.8716 0.0719 1.9698, 0.8337 0.0716 1.9659, 0.8337 0.0719 1.9698
            ]
        }
        coordIndex [
            0,1,2,-1,2,1,3,-1,4,5,0,-1,0,5,1,-1,6,7,4,-1,4,7,5,-1,8,9,6,-1,6,9,7,-1,10,11,8,-1,8,11,9,-1,12,13,10,-1,10,13,11,-1,14,15,12,-1,12,15,13,-1,16,17,14,-1,14,17,15,-1,18,19,16,-1,16,19,17,-1,20,21,18,-1,18,21,19,-1,22,23,20,-1,20,23,21,-1,3,23,2,-1,2,23,22,-1,17,19,21,-1,21,23,17,-1,17,23,3,-1,17,3,15,-1,11,13,9,-1,9,13,15,-1,9,15,7,-1,7,15,3,-1,7,3,5,-1,5,3,1,-1,24,25,26,-1,26,25,27,-1,28,29,24,-1,24,29,25,-1,30,31,28,-1,28,31,29,-1,32,33,30,-1,30,33,31,-1,34,35,32,-1,32,35,33,-1,27,35,26,-1,26,35,34,-1,27,25,35,-1,35,25,29,-1,35,29,33,-1,33,29,31,-1,
        ]
    }
}