ISO-10303-21;
HEADER;
FILE_DESCRIPTION (( 'STEP AP214' ),
    '1' );
FILE_NAME ('DO-201AD_BD5.0-L9.0-P13.00-D1.0.STEP',
    '2023-04-10T11:59:29',
    ( '' ),
    ( '' ),
    'SwSTEP 2.0',
    'SolidWorks 2020',
    '' );
FILE_SCHEMA (( 'AUTOMOTIVE_DESIGN' ));
ENDSEC;

DATA;
#1 = VERTEX_POINT ( 'NONE', #6957 ) ;
#2 = AXIS2_PLACEMENT_3D ( 'NONE', #5833, #2779, #4270 ) ;
#3 = CARTESIAN_POINT ( 'NONE',  ( 2.999293321688194069, -0.2025409522305853804, 2.501814773853078044 ) ) ;
#4 = CARTESIAN_POINT ( 'NONE',  ( 2.641801307548383271, -0.2013569791026431910, 2.498566209870524801 ) ) ;
#5 = CARTESIAN_POINT ( 'NONE',  ( 1.667698327472291409, -0.2309924597405297875, 2.499348411795166314 ) ) ;
#6 = ADVANCED_FACE ( 'NONE', ( #5613 ), #8075, .T. ) ;
#7 = CARTESIAN_POINT ( 'NONE',  ( 0.7931724973578438975, 5.493449919286876637E-06, 2.509996977953914410 ) ) ;
#8 = CARTESIAN_POINT ( 'NONE',  ( 2.520992160526011272, -0.08210854153717056514, 2.508669526168832320 ) ) ;
#9 = CARTESIAN_POINT ( 'NONE',  ( 2.276368472734770609, -0.1806282324434829722, 2.493466150089939326 ) ) ;
#10 = EDGE_CURVE ( 'NONE', #9630, #4865, #3470, .T. ) ;
#11 = CARTESIAN_POINT ( 'NONE',  ( 2.570572351981263992, -0.2842009843552490977, 2.493859330932468144 ) ) ;
#12 = ORIENTED_EDGE ( 'NONE', *, *, #8569, .F. ) ;
#13 = CARTESIAN_POINT ( 'NONE',  ( 2.948447194683622374, 0.2204972603361045613, 2.490257207234680692 ) ) ;
#14 = CARTESIAN_POINT ( 'NONE',  ( 2.255020980432139499, 0.1840863203842553752, 2.503240345361864350 ) ) ;
#15 = CARTESIAN_POINT ( 'NONE',  ( 1.400610559240116570, -1.634091510848958425E-11, 2.499999982574229396 ) ) ;
#16 = CARTESIAN_POINT ( 'NONE',  ( 2.368908078254373883, 0.3708735240784140075, 2.472337541668069072 ) ) ;
#17 = CARTESIAN_POINT ( 'NONE',  ( 2.457581787702684206, -0.09400025460839335489, 2.508248832725520128 ) ) ;
#18 = VECTOR ( 'NONE', #1856, 1000.000000000000000 ) ;
#19 = DIRECTION ( 'NONE',  ( 0.000000000000000000, -0.08069360646637488421, 0.9967389537263253718 ) ) ;
#20 = ORIENTED_EDGE ( 'NONE', *, *, #8084, .T. ) ;
#21 = ORIENTED_EDGE ( 'NONE', *, *, #510, .F. ) ;
#22 = ORIENTED_EDGE ( 'NONE', *, *, #8966, .T. ) ;
#23 = DIRECTION ( 'NONE',  ( 0.000000000000000000, 0.000000000000000000, -1.000000000000000000 ) ) ;
#24 = CIRCLE ( 'NONE', #6879, 2.500000000000000000 ) ;
#25 = MECHANICAL_DESIGN_GEOMETRIC_PRESENTATION_REPRESENTATION (  '', ( #8122 ), #5511 ) ;
#26 = CARTESIAN_POINT ( 'NONE',  ( 2.347856332369579579, 0.3990582523711118101, 2.467944997607222746 ) ) ;
#27 = CARTESIAN_POINT ( 'NONE',  ( 3.185739436413398185, -0.2080823718075045792, 2.501458167915141306 ) ) ;
#28 = VERTEX_POINT ( 'NONE', #5522 ) ;
#29 = CARTESIAN_POINT ( 'NONE',  ( 0.7897222432414691129, 0.04349486025607844641, 2.509623118544157983 ) ) ;
#30 = ORIENTED_EDGE ( 'NONE', *, *, #8272, .T. ) ;
#31 = CARTESIAN_POINT ( 'NONE',  ( 3.080367571584727404, -0.04719310459055173212, 2.509572384901191722 ) ) ;
#32 = CARTESIAN_POINT ( 'NONE',  ( 1.400610559240172082, -1.637778328998336542E-11, 2.509999982504607097 ) ) ;
#33 = VECTOR ( 'NONE', #4205, 1000.000000000000114 ) ;
#34 = CIRCLE ( 'NONE', #9358, 2.500000000000000000 ) ;
#35 = SURFACE_STYLE_FILL_AREA ( #9619 ) ;
#36 = B_SPLINE_SURFACE_WITH_KNOTS ( 'NONE', 1, 3, ( 
 ( #3814, #8324, #92, #6002 ),
 ( #7603, #8372, #7496, #1736 ) ),
 .UNSPECIFIED., .F., .F., .F.,
 ( 2, 2 ),
 ( 4, 4 ),
 ( 0.000000000000000000, 1.000000000000000000 ),
 ( 0.000000000000000000, 1.000000000000000000 ),
 .UNSPECIFIED. ) ;
#37 = CARTESIAN_POINT ( 'NONE',  ( 2.981715354470709123, -0.2017340161659217090, 2.491847384315815095 ) ) ;
#38 = ORIENTED_EDGE ( 'NONE', *, *, #1156, .T. ) ;
#39 = CARTESIAN_POINT ( 'NONE',  ( 0.9113145521715366737, -0.02337582162822337759, 2.510000000505014928 ) ) ;
#40 = AXIS2_PLACEMENT_3D ( 'NONE', #6302, #8532, #2633 ) ;
#41 = CARTESIAN_POINT ( 'NONE',  ( 3.090896461887190583, -0.1570960683028515270, 2.505160562098188493 ) ) ;
#42 = DIRECTION ( 'NONE',  ( 0.000000000000000000, 0.000000000000000000, -1.000000000000000000 ) ) ;
#43 = CARTESIAN_POINT ( 'NONE',  ( 2.223944042334981219, 0.2705116037016522812, 2.485321603387127265 ) ) ;
#44 = ORIENTED_EDGE ( 'NONE', *, *, #3063, .F. ) ;
#45 = ADVANCED_FACE ( 'NONE', ( #1120 ), #1831, .T. ) ;
#46 = CARTESIAN_POINT ( 'NONE',  ( 2.948106776304786791, 0.3658949904493548066, 2.483187640103757143 ) ) ;
#47 = ORIENTED_EDGE ( 'NONE', *, *, #3081, .F. ) ;
#48 = UNCERTAINTY_MEASURE_WITH_UNIT (LENGTH_MEASURE( 1.000000000000000082E-05 ), #947, 'distance_accuracy_value', 'NONE');
#49 = B_SPLINE_CURVE_WITH_KNOTS ( 'NONE', 1,
 ( #8328, #6921 ),
 .UNSPECIFIED., .F., .F.,
 ( 2, 2 ),
 ( 0.000000000000000000, 1.000000000000000000 ),
 .UNSPECIFIED. ) ;
#50 = ORIENTED_EDGE ( 'NONE', *, *, #1772, .T. ) ;
#51 = CARTESIAN_POINT ( 'NONE',  ( 2.320384782543071456, 0.3720906490459061633, 2.482266882500307137 ) ) ;
#52 = EDGE_CURVE ( 'NONE', #4670, #716, #3332, .T. ) ;
#53 = VERTEX_POINT ( 'NONE', #1782 ) ;
#54 = DIRECTION ( 'NONE',  ( -1.000000000000000000, 0.000000000000000000, -2.168404344971008868E-16 ) ) ;
#55 = SURFACE_STYLE_USAGE ( .BOTH. , #6736 ) ;
#56 = CARTESIAN_POINT ( 'NONE',  ( 2.660917452748341017, 0.000000000000000000, 0.000000000000000000 ) ) ;
#57 = B_SPLINE_CURVE_WITH_KNOTS ( 'NONE', 1,
 ( #6680, #2145 ),
 .UNSPECIFIED., .F., .F.,
 ( 2, 2 ),
 ( 0.000000000000000000, 1.000000000000000000 ),
 .UNSPECIFIED. ) ;
#58 = FACE_OUTER_BOUND ( 'NONE', #9013, .T. ) ;
#59 = CARTESIAN_POINT ( 'NONE',  ( 2.353426814938833989, -0.2025976977819587688, 2.491777312051269622 ) ) ;
#60 = DIRECTION ( 'NONE',  ( -1.000000000000000000, -0.000000000000000000, -0.000000000000000000 ) ) ;
#61 = ORIENTED_EDGE ( 'NONE', *, *, #6354, .F. ) ;
#62 = CARTESIAN_POINT ( 'NONE',  ( 1.183950746546068578, 0.3944503074752193084, 2.478812004758066845 ) ) ;
#63 = ORIENTED_EDGE ( 'NONE', *, *, #5427, .T. ) ;
#64 = CARTESIAN_POINT ( 'NONE',  ( 2.509621702480902883, -0.2283930357550861545, 2.489561044737154116 ) ) ;
#65 = EDGE_CURVE ( 'NONE', #2754, #3926, #2699, .T. ) ;
#66 = ORIENTED_EDGE ( 'NONE', *, *, #3401, .T. ) ;
#67 = ORIENTED_EDGE ( 'NONE', *, *, #8801, .F. ) ;
#68 = CARTESIAN_POINT ( 'NONE',  ( 1.161570561536247492, 0.1936761333262160267, 2.502516644376178157 ) ) ;
#69 = CARTESIAN_POINT ( 'NONE',  ( 2.671914025714060781, -0.1899852254063797985, 2.503685946807652218 ) ) ;
#70 = CARTESIAN_POINT ( 'NONE',  ( 2.387930227225488533, 0.3661417996878864600, 2.473060077303394610 ) ) ;
#71 = DIRECTION ( 'NONE',  ( -1.000000000000000000, -0.000000000000000000, -0.000000000000000000 ) ) ;
#72 = EDGE_CURVE ( 'NONE', #7586, #1400, #2078, .T. ) ;
#73 = CARTESIAN_POINT ( 'NONE',  ( 2.603458943033473805, -0.1722736343427404837, 2.504746876617935492 ) ) ;
#74 = EDGE_CURVE ( 'NONE', #2450, #9495, #769, .T. ) ;
#75 = B_SPLINE_CURVE_WITH_KNOTS ( 'NONE', 3,
 ( #6673, #9569, #5340, #6727 ),
 .UNSPECIFIED., .F., .F.,
 ( 4, 4 ),
 ( 0.000000000000000000, 1.000000000000000000 ),
 .UNSPECIFIED. ) ;
#76 = ORIENTED_EDGE ( 'NONE', *, *, #6417, .T. ) ;
#77 = VERTEX_POINT ( 'NONE', #6319 ) ;
#78 = VERTEX_POINT ( 'NONE', #336 ) ;
#79 = CARTESIAN_POINT ( 'NONE',  ( 2.150197042546876158, 0.1544588577517892469, 2.495223930083633412 ) ) ;
#80 = EDGE_CURVE ( 'NONE', #4455, #8771, #1735, .T. ) ;
#81 = DIRECTION ( 'NONE',  ( 0.000000000000000000, 0.9993115455277266079, 0.03710033658858810646 ) ) ;
#82 = CARTESIAN_POINT ( 'NONE',  ( 0.9997478914790399740, -0.2266435085075205191, 2.489705348038478316 ) ) ;
#83 = ORIENTED_EDGE ( 'NONE', *, *, #9179, .F. ) ;
#84 = ORIENTED_EDGE ( 'NONE', *, *, #4563, .F. ) ;
#85 = CYLINDRICAL_SURFACE ( 'NONE', #4163, 0.4499999999999999001 ) ;
#86 = VERTEX_POINT ( 'NONE', #9223 ) ;
#87 = CARTESIAN_POINT ( 'NONE',  ( 1.068608810083886640, 0.3213189391376301551, 2.479264838485688571 ) ) ;
#88 = SURFACE_STYLE_USAGE ( .BOTH. , #8215 ) ;
#89 = FILL_AREA_STYLE ('',( #2314 ) ) ;
#90 = DIRECTION ( 'NONE',  ( -1.000000000000000000, -0.000000000000000000, -0.000000000000000000 ) ) ;
#91 = B_SPLINE_CURVE_WITH_KNOTS ( 'NONE', 1,
 ( #1813, #6166 ),
 .UNSPECIFIED., .F., .F.,
 ( 2, 2 ),
 ( 0.000000000000000000, 1.000000000000000000 ),
 .UNSPECIFIED. ) ;
#92 = CARTESIAN_POINT ( 'NONE',  ( 1.077636972030199258, 0.3225103003488792863, 2.489194069400167297 ) ) ;
#93 = ORIENTED_EDGE ( 'NONE', *, *, #4624, .T. ) ;
#94 = CARTESIAN_POINT ( 'NONE',  ( 3.007091997394498062, 0.1985076751985146160, 2.492204252409243814 ) ) ;
#95 = EDGE_CURVE ( 'NONE', #3641, #1125, #156, .T. ) ;
#96 = CARTESIAN_POINT ( 'NONE',  ( 2.257145867328144817, 0.2432811182230063263, 2.488306630109381690 ) ) ;
#97 = SURFACE_SIDE_STYLE ('',( #8991 ) ) ;
#98 = DIRECTION ( 'NONE',  ( -0.000000000000000000, 1.000000000000000000, -0.000000000000000000 ) ) ;
#99 = ORIENTED_EDGE ( 'NONE', *, *, #2951, .F. ) ;
#100 = DIRECTION ( 'NONE',  ( -1.000000000000000000, -0.000000000000000000, -0.000000000000000000 ) ) ;
#101 = ORIENTED_EDGE ( 'NONE', *, *, #3670, .T. ) ;
#102 = CARTESIAN_POINT ( 'NONE',  ( 2.256747995241840776, 0.2734468841593768462, 2.495060480538203507 ) ) ;
#103 = VERTEX_POINT ( 'NONE', #4141 ) ;
#104 = ADVANCED_FACE ( 'NONE', ( #9314 ), #8507, .F. ) ;
#105 = CARTESIAN_POINT ( 'NONE',  ( 2.542106588054496186, -0.1713464895951993805, 2.494145595920030267 ) ) ;
#106 = CARTESIAN_POINT ( 'NONE',  ( 3.097148132149224242, -0.1066580148352939406, 2.507732854167563641 ) ) ;
#107 = CARTESIAN_POINT ( 'NONE',  ( 2.284414725334340979, -0.1587682744402006407, 2.494953433439446311 ) ) ;
#108 = CARTESIAN_POINT ( 'NONE',  ( 2.348165803623886383, 0.3711715208483898909, 2.472292802665390976 ) ) ;
#109 = CARTESIAN_POINT ( 'NONE',  ( 2.826286119562223309, 0.2418150864357067886, 2.498608533780307450 ) ) ;
#110 = PLANE ( 'NONE',  #9190 ) ;
#111 = B_SPLINE_CURVE_WITH_KNOTS ( 'NONE', 3,
 ( #7149, #4849, #7799, #6326 ),
 .UNSPECIFIED., .F., .F.,
 ( 4, 4 ),
 ( 0.000000000000000000, 1.000000000000000000 ),
 .UNSPECIFIED. ) ;
#112 = VECTOR ( 'NONE', #5875, 1000.000000000000000 ) ;
#113 = CARTESIAN_POINT ( 'NONE',  ( 2.258914294017850821, 0.3638248994891007948, 2.473384612734490506 ) ) ;
#114 = DIRECTION ( 'NONE',  ( -1.000000000000000000, -0.000000000000000000, -0.000000000000000000 ) ) ;
#115 = VERTEX_POINT ( 'NONE', #244 ) ;
#116 = CARTESIAN_POINT ( 'NONE',  ( 1.145113921170173743, 0.001218026447825393830, 2.509999999993760333 ) ) ;
#117 = ORIENTED_EDGE ( 'NONE', *, *, #4816, .T. ) ;
#118 = FACE_OUTER_BOUND ( 'NONE', #8521, .T. ) ;
#119 = CARTESIAN_POINT ( 'NONE',  ( 2.898034327433925306, 0.2204972603361001482, 2.490257207234681136 ) ) ;
#120 = CIRCLE ( 'NONE', #3867, 2.510000000000000231 ) ;
#121 = CARTESIAN_POINT ( 'NONE',  ( 3.096741303439197956, -0.1355204546154246958, 2.506505286994634041 ) ) ;
#122 = CARTESIAN_POINT ( 'NONE',  ( 3.001954774471419451, 0.01257182957296817082, 2.499968389620394582 ) ) ;
#123 = CARTESIAN_POINT ( 'NONE',  ( 2.840225097219448713, 0.1544588577518069827, 2.495223930083632080 ) ) ;
#124 = B_SPLINE_SURFACE_WITH_KNOTS ( 'NONE', 1, 3, ( 
 ( #4072, #5503, #321, #7631 ),
 ( #8492, #171, #6168, #1816 ) ),
 .UNSPECIFIED., .F., .F., .F.,
 ( 2, 2 ),
 ( 4, 4 ),
 ( 0.000000000000000000, 1.000000000000000000 ),
 ( 0.000000000000000000, 1.000000000000000000 ),
 .UNSPECIFIED. ) ;
#125 = ORIENTED_EDGE ( 'NONE', *, *, #6757, .T. ) ;
#126 = EDGE_CURVE ( 'NONE', #4670, #942, #658, .T. ) ;
#127 = ORIENTED_EDGE ( 'NONE', *, *, #3871, .T. ) ;
#128 = EDGE_LOOP ( 'NONE', ( #7432, #4587, #8470, #3190, #8189, #7206 ) ) ;
#129 = FACE_OUTER_BOUND ( 'NONE', #2585, .T. ) ;
#130 =( GEOMETRIC_REPRESENTATION_CONTEXT ( 3 ) GLOBAL_UNCERTAINTY_ASSIGNED_CONTEXT ( ( #2330 ) ) GLOBAL_UNIT_ASSIGNED_CONTEXT ( ( #3496, #6535, #7304 ) ) REPRESENTATION_CONTEXT ( 'NONE', 'WORKASPACE' ) );
#131 = PLANE ( 'NONE',  #1401 ) ;
#132 = B_SPLINE_CURVE_WITH_KNOTS ( 'NONE', 3,
 ( #7695, #3375, #7789, #375 ),
 .UNSPECIFIED., .F., .F.,
 ( 4, 4 ),
 ( 0.0002326255379482733052, 1.000000000000000000 ),
 .UNSPECIFIED. ) ;
#133 = CARTESIAN_POINT ( 'NONE',  ( 2.881632350981399693, 0.000000000000000000, 0.000000000000000000 ) ) ;
#134 = EDGE_LOOP ( 'NONE', ( #7539, #5649, #3486, #2636 ) ) ;
#135 = VERTEX_POINT ( 'NONE', #6456 ) ;
#136 = DIRECTION ( 'NONE',  ( -1.000000000000000000, 0.000000000000000000, 0.000000000000000000 ) ) ;
#137 = ORIENTED_EDGE ( 'NONE', *, *, #710, .T. ) ;
#138 = DIRECTION ( 'NONE',  ( 0.000000000000000000, 0.9932171947384763611, -0.1162738322918425160 ) ) ;
#139 = CARTESIAN_POINT ( 'NONE',  ( 2.592152940145814544, -0.05662104804356698357, 2.499358729138025925 ) ) ;
#140 =( GEOMETRIC_REPRESENTATION_CONTEXT ( 3 ) GLOBAL_UNCERTAINTY_ASSIGNED_CONTEXT ( ( #7458 ) ) GLOBAL_UNIT_ASSIGNED_CONTEXT ( ( #605, #5113, #4376 ) ) REPRESENTATION_CONTEXT ( 'NONE', 'WORKASPACE' ) );
#141 = FILL_AREA_STYLE_COLOUR ( '', #2996 ) ;
#142 = EDGE_CURVE ( 'NONE', #7064, #6138, #7978, .T. ) ;
#143 = VECTOR ( 'NONE', #5270, 999.9999999999998863 ) ;
#144 = CARTESIAN_POINT ( 'NONE',  ( -6.499999999999997335, 0.000000000000000000, -1.000000000000002665 ) ) ;
#145 = CARTESIAN_POINT ( 'NONE',  ( 2.511319048644352847, -0.1853195789928631931, 2.493121868991146961 ) ) ;
#146 = EDGE_CURVE ( 'NONE', #5803, #1950, #3003, .T. ) ;
#147 = ADVANCED_FACE ( 'NONE', ( #1413 ), #5506, .T. ) ;
#148 = ORIENTED_EDGE ( 'NONE', *, *, #126, .T. ) ;
#149 = CARTESIAN_POINT ( 'NONE',  ( 2.758043317079002410, 0.1979543092927245895, 2.492167678900309546 ) ) ;
#150 = FACE_OUTER_BOUND ( 'NONE', #363, .T. ) ;
#151 = MECHANICAL_DESIGN_GEOMETRIC_PRESENTATION_REPRESENTATION (  '', ( #308 ), #3591 ) ;
#152 = CARTESIAN_POINT ( 'NONE',  ( 2.541872756346271078, -0.2003404524748725879, 2.502051759535625308 ) ) ;
#153 = CARTESIAN_POINT ( 'NONE',  ( 4.500000000000000000, 0.000000000000000000, 0.000000000000000000 ) ) ;
#154 = ORIENTED_EDGE ( 'NONE', *, *, #1137, .T. ) ;
#155 = CARTESIAN_POINT ( 'NONE',  ( 2.558234890725588517, -0.05677203750501649132, 2.506023685749060981 ) ) ;
#156 = CIRCLE ( 'NONE', #5311, 2.510000000000000231 ) ;
#157 = UNCERTAINTY_MEASURE_WITH_UNIT (LENGTH_MEASURE( 1.000000000000000082E-05 ), #2632, 'distance_accuracy_value', 'NONE');
#158 = ORIENTED_EDGE ( 'NONE', *, *, #6828, .F. ) ;
#159 = CARTESIAN_POINT ( 'NONE',  ( 2.383653316215726292, -0.07512598054636900058, 2.509254701547951161 ) ) ;
#160 = VERTEX_POINT ( 'NONE', #4284 ) ;
#161 = CARTESIAN_POINT ( 'NONE',  ( 3.273878731310624346, 4.837956968377163953E-11, 2.509999988992202002 ) ) ;
#162 = DIRECTION ( 'NONE',  ( -1.000000000000000000, 0.000000000000000000, 0.000000000000000000 ) ) ;
#163 = CARTESIAN_POINT ( 'NONE',  ( 2.429004753852617604, -0.1232633416059763370, 2.506983836225131768 ) ) ;
#164 = DIRECTION ( 'NONE',  ( 1.000000000000000000, 0.000000000000000000, 0.000000000000000000 ) ) ;
#165 = DIRECTION ( 'NONE',  ( -1.000000000000000000, 0.000000000000000000, 0.000000000000000000 ) ) ;
#166 = B_SPLINE_CURVE_WITH_KNOTS ( 'NONE', 1,
 ( #6162, #843 ),
 .UNSPECIFIED., .F., .F.,
 ( 2, 2 ),
 ( 0.000000000000000000, 1.000000000000000000 ),
 .UNSPECIFIED. ) ;
#167 = ADVANCED_FACE ( 'NONE', ( #7234 ), #5703, .T. ) ;
#168 = LINE ( 'NONE', #223, #349 ) ;
#169 = CARTESIAN_POINT ( 'NONE',  ( 3.027352048702852461, 0.2359548289930274712, 2.500198323452123006 ) ) ;
#170 = ORIENTED_EDGE ( 'NONE', *, *, #8001, .F. ) ;
#171 = CARTESIAN_POINT ( 'NONE',  ( 3.007091997394498062, 0.1985076751985146160, 2.492204252409243814 ) ) ;
#172 = VERTEX_POINT ( 'NONE', #2161 ) ;
#173 = FACE_OUTER_BOUND ( 'NONE', #7237, .T. ) ;
#174 = CARTESIAN_POINT ( 'NONE',  ( 2.405232302830831337, 0.1943447023056229794, 2.492434580221864149 ) ) ;
#175 = FACE_OUTER_BOUND ( 'NONE', #940, .T. ) ;
#176 = CARTESIAN_POINT ( 'NONE',  ( 3.119815186777574301, -0.1707437490297546157, 2.504316220363792755 ) ) ;
#177 = CARTESIAN_POINT ( 'NONE',  ( 3.302079996438208376, -0.1638682717578871795, 2.504645122469664642 ) ) ;
#178 = ORIENTED_EDGE ( 'NONE', *, *, #1568, .F. ) ;
#179 = VECTOR ( 'NONE', #7188, 1000.000000000000000 ) ;
#180 = VERTEX_POINT ( 'NONE', #2203 ) ;
#181 = EDGE_CURVE ( 'NONE', #5882, #7048, #6508, .T. ) ;
#182 = LINE ( 'NONE', #3185, #6580 ) ;
#183 = B_SPLINE_CURVE_WITH_KNOTS ( 'NONE', 3,
 ( #3530, #2758, #4994, #5087 ),
 .UNSPECIFIED., .F., .F.,
 ( 4, 4 ),
 ( 0.000000000000000000, 1.000000000000000000 ),
 .UNSPECIFIED. ) ;
#184 = DIRECTION ( 'NONE',  ( 0.000000000000000000, 0.1580100316051670228, 0.9874375068388550059 ) ) ;
#185 = CARTESIAN_POINT ( 'NONE',  ( 3.093503138993078494, -0.1962159646772897725, 2.502318783689592152 ) ) ;
#186 = ADVANCED_FACE ( 'NONE', ( #8640 ), #1138, .T. ) ;
#187 = ORIENTED_EDGE ( 'NONE', *, *, #6330, .F. ) ;
#188 = VECTOR ( 'NONE', #3494, 1000.000000000000000 ) ;
#189 = CARTESIAN_POINT ( 'NONE',  ( 2.793928197645979772, 0.2783881013536720905, 2.494513993752029091 ) ) ;
#190 = ORIENTED_EDGE ( 'NONE', *, *, #2141, .T. ) ;
#191 = CARTESIAN_POINT ( 'NONE',  ( 3.094604218905520732, -0.07977849069426354300, 2.498734441980092758 ) ) ;
#192 = CARTESIAN_POINT ( 'NONE',  ( 2.608741528037690216, -0.3039663385235272242, 2.481452520842598819 ) ) ;
#193 = CARTESIAN_POINT ( 'NONE',  ( 1.667698327472291409, -0.2300721710563045641, 2.489390848401560330 ) ) ;
#194 = AXIS2_PLACEMENT_3D ( 'NONE', #5742, #3463, #508 ) ;
#195 = VECTOR ( 'NONE', #5164, 1000.000000000000114 ) ;
#196 = CARTESIAN_POINT ( 'NONE',  ( 2.607213877504125588, -0.09993591874897417293, 2.498377464085267174 ) ) ;
#197 = CARTESIAN_POINT ( 'NONE',  ( 3.083798932246887059, -0.01124439009850864042, 2.499988308723744002 ) ) ;
#198 = B_SPLINE_CURVE_WITH_KNOTS ( 'NONE', 1,
 ( #4829, #8540 ),
 .UNSPECIFIED., .F., .F.,
 ( 2, 2 ),
 ( 0.000000000000000000, 1.000000000000000000 ),
 .UNSPECIFIED. ) ;
#199 = ORIENTED_EDGE ( 'NONE', *, *, #8170, .T. ) ;
#200 = B_SPLINE_CURVE_WITH_KNOTS ( 'NONE', 3,
 ( #7970, #1405, #1210, #6403 ),
 .UNSPECIFIED., .F., .F.,
 ( 4, 4 ),
 ( 0.000000000000000000, 1.000000000000000000 ),
 .UNSPECIFIED. ) ;
#201 = CARTESIAN_POINT ( 'NONE',  ( 1.446195903250848680, 0.02381941012161189336, 2.500209225556853099 ) ) ;
#202 = ADVANCED_FACE ( 'NONE', ( #5117 ), #8429, .T. ) ;
#203 = CARTESIAN_POINT ( 'NONE',  ( 2.950069398788953912, 0.3590163474396874110, 2.474093815333412216 ) ) ;
#204 = PRESENTATION_LAYER_ASSIGNMENT (  '', '', ( #6575 ) ) ;
#205 = STYLED_ITEM ( 'NONE', ( #3524 ), #3547 ) ;
#206 = CARTESIAN_POINT ( 'NONE',  ( 1.222133575948942008, -0.2076416374278706733, 2.491396880268658354 ) ) ;
#207 = DIRECTION ( 'NONE',  ( -1.000000000000000000, -0.000000000000000000, -0.000000000000000000 ) ) ;
#208 = ORIENTED_EDGE ( 'NONE', *, *, #3871, .F. ) ;
#209 = EDGE_CURVE ( 'NONE', #5792, #8435, #4870, .T. ) ;
#210 = EDGE_CURVE ( 'NONE', #7574, #5046, #3017, .T. ) ;
#211 = VECTOR ( 'NONE', #8810, 1000.000000000000000 ) ;
#212 =( NAMED_UNIT ( * ) PLANE_ANGLE_UNIT ( ) SI_UNIT ( $, .RADIAN. ) );
#213 = ORIENTED_EDGE ( 'NONE', *, *, #8160, .T. ) ;
#214 = FACE_OUTER_BOUND ( 'NONE', #9397, .T. ) ;
#215 = ORIENTED_EDGE ( 'NONE', *, *, #8526, .F. ) ;
#216 = LINE ( 'NONE', #2488, #3283 ) ;
#217 = CARTESIAN_POINT ( 'NONE',  ( 2.534158027177594086, -0.06033368667145151687, 2.499271863213890388 ) ) ;
#218 = SURFACE_STYLE_USAGE ( .BOTH. , #1807 ) ;
#219 = CARTESIAN_POINT ( 'NONE',  ( 1.662533775404607672, -0.2300721710563045641, 2.489390848401560330 ) ) ;
#220 = DIRECTION ( 'NONE',  ( -1.000000000000000000, 0.000000000000000000, 0.000000000000000000 ) ) ;
#221 = VECTOR ( 'NONE', #2693, 1000.000000000000000 ) ;
#222 = ORIENTED_EDGE ( 'NONE', *, *, #384, .T. ) ;
#223 = CARTESIAN_POINT ( 'NONE',  ( 1.662533775404607672, -0.2300721710563045641, 2.489390848401560330 ) ) ;
#224 = CARTESIAN_POINT ( 'NONE',  ( 2.354231440198708114, -0.2034080885730866206, 2.501744421299474830 ) ) ;
#225 = B_SPLINE_CURVE_WITH_KNOTS ( 'NONE', 3,
 ( #5741, #4135, #1209, #5019 ),
 .UNSPECIFIED., .F., .F.,
 ( 4, 4 ),
 ( 0.2987548112372473419, 1.000000000000000000 ),
 .UNSPECIFIED. ) ;
#226 = ORIENTED_EDGE ( 'NONE', *, *, #6163, .F. ) ;
#227 = CARTESIAN_POINT ( 'NONE',  ( 2.086353122880867605, 0.1544588577517886918, 2.495223930083632968 ) ) ;
#228 = VERTEX_POINT ( 'NONE', #9549 ) ;
#229 = B_SPLINE_CURVE_WITH_KNOTS ( 'NONE', 1,
 ( #4169, #1343 ),
 .UNSPECIFIED., .F., .F.,
 ( 2, 2 ),
 ( 0.000000000000000000, 1.000000000000000000 ),
 .UNSPECIFIED. ) ;
#230 = CARTESIAN_POINT ( 'NONE',  ( 2.881632350981399693, 0.000000000000000000, 0.000000000000000000 ) ) ;
#231 = FACE_OUTER_BOUND ( 'NONE', #5272, .T. ) ;
#232 = EDGE_CURVE ( 'NONE', #5569, #6764, #886, .T. ) ;
#233 = CARTESIAN_POINT ( 'NONE',  ( 1.180392449622875484, 0.001234329828731460131, 2.500005898693559825 ) ) ;
#234 = CARTESIAN_POINT ( 'NONE',  ( 2.952625056610553855, 0.3490417246938384843, 2.485612575286573644 ) ) ;
#235 = CARTESIAN_POINT ( 'NONE',  ( 1.566128584581046645, -0.2309924597405297875, 2.499348411795166314 ) ) ;
#236 = EDGE_LOOP ( 'NONE', ( #3676, #1453, #286, #3682 ) ) ;
#237 = ORIENTED_EDGE ( 'NONE', *, *, #2432, .T. ) ;
#238 = CARTESIAN_POINT ( 'NONE',  ( 2.299611974122751423, -0.05321044262901335198, 2.509435945345543040 ) ) ;
#239 = CARTESIAN_POINT ( 'NONE',  ( 1.094431667061967817, -0.2104764548047798334, 2.491400681692171659 ) ) ;
#240 = FACE_OUTER_BOUND ( 'NONE', #4551, .T. ) ;
#241 = ORIENTED_EDGE ( 'NONE', *, *, #7185, .F. ) ;
#242 = CARTESIAN_POINT ( 'NONE',  ( 2.445277883076570458, -0.06639737306823097207, 2.499118122228246808 ) ) ;
#243 = EDGE_CURVE ( 'NONE', #8028, #4431, #8831, .T. ) ;
#244 = CARTESIAN_POINT ( 'NONE',  ( 2.660917452748341017, 0.3689686100927540569, 2.482732801725997085 ) ) ;
#245 = CARTESIAN_POINT ( 'NONE',  ( 2.300445336282767261, -0.2342366914577876380, 2.499046452624462678 ) ) ;
#246 = CARTESIAN_POINT ( 'NONE',  ( 3.058092859917100448, 0.1550766931828142237, 2.505204825803966528 ) ) ;
#247 = DIRECTION ( 'NONE',  ( -1.334402673828313339E-16, 0.000000000000000000, -1.000000000000000000 ) ) ;
#248 = B_SPLINE_CURVE_WITH_KNOTS ( 'NONE', 1,
 ( #7952, #1739 ),
 .UNSPECIFIED., .F., .F.,
 ( 2, 2 ),
 ( 0.000000000000000000, 1.000000000000000000 ),
 .UNSPECIFIED. ) ;
#249 = DIRECTION ( 'NONE',  ( 1.000000000000000000, 0.000000000000000000, 0.000000000000000000 ) ) ;
#250 = CARTESIAN_POINT ( 'NONE',  ( 3.211157342063377662, -0.1364509175148550524, 2.506288320826108418 ) ) ;
#251 = VERTEX_POINT ( 'NONE', #1618 ) ;
#252 = CARTESIAN_POINT ( 'NONE',  ( 2.696073387183302028, 0.1827289845411645686, 2.503339792798523256 ) ) ;
#253 = PLANE ( 'NONE',  #444 ) ;
#254 = CARTESIAN_POINT ( 'NONE',  ( 1.624660284127364074, 0.3707616397034622091, 2.472354304407925696 ) ) ;
#255 = CARTESIAN_POINT ( 'NONE',  ( 2.840225097219448713, 0.1550766931828142237, 2.505204825803966973 ) ) ;
#256 = ORIENTED_EDGE ( 'NONE', *, *, #663, .T. ) ;
#257 = EDGE_CURVE ( 'NONE', #1092, #1633, #6008, .T. ) ;
#258 = SURFACE_SIDE_STYLE ('',( #3103 ) ) ;
#259 = ORIENTED_EDGE ( 'NONE', *, *, #2530, .F. ) ;
#260 = CARTESIAN_POINT ( 'NONE',  ( 2.384559623074435919, -0.1187013637960765144, 2.507191653271235499 ) ) ;
#261 = EDGE_CURVE ( 'NONE', #4695, #5016, #5153, .T. ) ;
#262 = VERTEX_POINT ( 'NONE', #8253 ) ;
#263 = CARTESIAN_POINT ( 'NONE',  ( 1.228766876288089893, -0.005935369072766508332, 2.500044212440532210 ) ) ;
#264 = B_SPLINE_CURVE_WITH_KNOTS ( 'NONE', 1,
 ( #4883, #1116 ),
 .UNSPECIFIED., .F., .F.,
 ( 2, 2 ),
 ( 0.000000000000000000, 1.000000000000000000 ),
 .UNSPECIFIED. ) ;
#265 = CARTESIAN_POINT ( 'NONE',  ( 1.315509605135618321, 0.4603938909049393180, 2.467415186019552564 ) ) ;
#266 = CARTESIAN_POINT ( 'NONE',  ( 2.951366540178003373, 0.3532492032259618164, 2.474923626482715022 ) ) ;
#267 = SURFACE_STYLE_USAGE ( .BOTH. , #2443 ) ;
#268 = CARTESIAN_POINT ( 'NONE',  ( 2.511319048644352847, -0.1860608573088346485, 2.503094356467111314 ) ) ;
#269 = CARTESIAN_POINT ( 'NONE',  ( 2.405232302830831337, 0.000000000000000000, 0.000000000000000000 ) ) ;
#270 = ORIENTED_EDGE ( 'NONE', *, *, #2726, .T. ) ;
#271 = CARTESIAN_POINT ( 'NONE',  ( 1.576457688715584338, -0.02725804951578474425, 2.499851395330649595 ) ) ;
#272 = FACE_OUTER_BOUND ( 'NONE', #6177, .T. ) ;
#273 = VERTEX_POINT ( 'NONE', #3699 ) ;
#274 = CARTESIAN_POINT ( 'NONE',  ( 4.500000000000000000, 0.1827289845411645963, 2.503339792798523700 ) ) ;
#275 = ORIENTED_EDGE ( 'NONE', *, *, #2133, .T. ) ;
#276 = EDGE_CURVE ( 'NONE', #9072, #6520, #3888, .T. ) ;
#277 = CARTESIAN_POINT ( 'NONE',  ( 2.469204012212705912, -0.1213697060741518591, 2.507067564321716624 ) ) ;
#278 = CARTESIAN_POINT ( 'NONE',  ( 3.052427132572566038, -0.02333664088184882190, 2.509935580997754379 ) ) ;
#279 = LINE ( 'NONE', #1963, #3272 ) ;
#280 =( GEOMETRIC_REPRESENTATION_CONTEXT ( 3 ) GLOBAL_UNCERTAINTY_ASSIGNED_CONTEXT ( ( #6589 ) ) GLOBAL_UNIT_ASSIGNED_CONTEXT ( ( #2805, #5712, #2905 ) ) REPRESENTATION_CONTEXT ( 'NONE', 'WORKASPACE' ) );
#281 = ORIENTED_EDGE ( 'NONE', *, *, #9179, .T. ) ;
#282 = CARTESIAN_POINT ( 'NONE',  ( 2.765655408573372664, 0.3840461591935530050, 2.470414288155636573 ) ) ;
#283 = CIRCLE ( 'NONE', #8811, 2.510000000000000231 ) ;
#284 = CARTESIAN_POINT ( 'NONE',  ( 2.643091908526457701, -0.1967597741077606044, 2.502280461167470271 ) ) ;
#285 = CARTESIAN_POINT ( 'NONE',  ( 1.163292472606964667, -0.3429338980487653399, 2.476367569963934034 ) ) ;
#286 = ORIENTED_EDGE ( 'NONE', *, *, #5048, .T. ) ;
#287 = CARTESIAN_POINT ( 'NONE',  ( 1.070330338384372082, 0.2195139210043760836, 2.500382698405442916 ) ) ;
#288 = FILL_AREA_STYLE ('',( #1832 ) ) ;
#289 = CARTESIAN_POINT ( 'NONE',  ( 2.301527708959646201, 0.3637897292993508280, 2.473465776958398976 ) ) ;
#290 = AXIS2_PLACEMENT_3D ( 'NONE', #457, #4172, #3510 ) ;
#291 = B_SPLINE_CURVE_WITH_KNOTS ( 'NONE', 1,
 ( #6689, #9005 ),
 .UNSPECIFIED., .F., .F.,
 ( 2, 2 ),
 ( 0.000000000000000000, 1.000000000000000000 ),
 .UNSPECIFIED. ) ;
#292 = DIRECTION ( 'NONE',  ( 0.000000000000000000, 0.000000000000000000, -1.000000000000000000 ) ) ;
#293 = EDGE_CURVE ( 'NONE', #6642, #2076, #7748, .T. ) ;
#294 = B_SPLINE_SURFACE_WITH_KNOTS ( 'NONE', 1, 3, ( 
 ( #5114, #8686, #9362, #3517 ),
 ( #5843, #6409, #6557, #2060 ) ),
 .UNSPECIFIED., .F., .F., .F.,
 ( 2, 2 ),
 ( 4, 4 ),
 ( 0.000000000000000000, 1.000000000000000000 ),
 ( 0.000000000000000000, 1.000000000000000000 ),
 .UNSPECIFIED. ) ;
#295 = DIRECTION ( 'NONE',  ( -1.000000000000000000, -0.000000000000000000, -0.000000000000000000 ) ) ;
#296 = EDGE_LOOP ( 'NONE', ( #7359, #2535, #3928, #1679 ) ) ;
#297 = CARTESIAN_POINT ( 'NONE',  ( 2.746916222460121126, 0.1913833304915104894, 2.492666810221138007 ) ) ;
#298 = COLOUR_RGB ( '',0.2980392156862745057, 0.2980392156862745057, 0.2980392156862745057 ) ;
#299 = FACE_OUTER_BOUND ( 'NONE', #8497, .T. ) ;
#300 = FACE_OUTER_BOUND ( 'NONE', #7123, .T. ) ;
#301 =( NAMED_UNIT ( * ) SI_UNIT ( $, .STERADIAN. ) SOLID_ANGLE_UNIT ( ) );
#302 = ORIENTED_EDGE ( 'NONE', *, *, #6564, .T. ) ;
#303 = AXIS2_PLACEMENT_3D ( 'NONE', #8884, #81, #8928 ) ;
#304 = EDGE_CURVE ( 'NONE', #6891, #1912, #3128, .T. ) ;
#305 = DIRECTION ( 'NONE',  ( -1.000000000000000000, -0.000000000000000000, -0.000000000000000000 ) ) ;
#306 = ORIENTED_EDGE ( 'NONE', *, *, #6171, .T. ) ;
#307 = DIRECTION ( 'NONE',  ( 1.000000000000000000, 0.000000000000000000, 0.000000000000000000 ) ) ;
#308 = STYLED_ITEM ( 'NONE', ( #7841 ), #6 ) ;
#309 = VERTEX_POINT ( 'NONE', #1506 ) ;
#310 = CARTESIAN_POINT ( 'NONE',  ( 0.9918883613007056788, 0.3207100123066976005, 2.479343756929692777 ) ) ;
#311 = EDGE_CURVE ( 'NONE', #5919, #7935, #9472, .T. ) ;
#312 = CARTESIAN_POINT ( 'NONE',  ( 2.660917452748341017, 0.3674986156302331164, 2.472841435982069402 ) ) ;
#313 = CARTESIAN_POINT ( 'NONE',  ( 2.348165803623886383, 0.3726562069317834736, 2.482181973876052883 ) ) ;
#314 =( NAMED_UNIT ( * ) PLANE_ANGLE_UNIT ( ) SI_UNIT ( $, .RADIAN. ) );
#315 = LINE ( 'NONE', #5401, #5132 ) ;
#316 = VECTOR ( 'NONE', #1495, 1000.000000000000000 ) ;
#317 = ORIENTED_EDGE ( 'NONE', *, *, #4446, .T. ) ;
#318 = CARTESIAN_POINT ( 'NONE',  ( 2.300445336282767261, -0.2342366914577876380, 2.499046452624462678 ) ) ;
#319 = CARTESIAN_POINT ( 'NONE',  ( 2.542106588054496186, -0.1713464895951993805, 2.494145595920030267 ) ) ;
#320 = ORIENTED_EDGE ( 'NONE', *, *, #3587, .T. ) ;
#321 = CARTESIAN_POINT ( 'NONE',  ( 3.015323932527831818, 0.1771982694780495082, 2.503835460367448640 ) ) ;
#322 = VERTEX_POINT ( 'NONE', #5214 ) ;
#323 = ADVANCED_FACE ( 'NONE', ( #4472 ), #4727, .T. ) ;
#324 = CARTESIAN_POINT ( 'NONE',  ( 2.479023398782607579, -0.1263346871411471506, 2.506824988727568204 ) ) ;
#325 = CARTESIAN_POINT ( 'NONE',  ( 2.338200829250268509, 0.1503814369515536209, 2.495472985912767783 ) ) ;
#326 = DIRECTION ( 'NONE',  ( 1.000000000000000000, 0.000000000000000000, 0.000000000000000000 ) ) ;
#327 = LINE ( 'NONE', #6269, #434 ) ;
#328 = EDGE_LOOP ( 'NONE', ( #5537, #2310, #5515, #7596, #4798, #2083, #1522, #7380, #7490, #1891, #597, #6513, #7808, #2153, #7530, #8946, #7854, #5688, #7726, #7627, #7984, #7861, #2008, #2035, #1334, #3354, #6096, #3072, #2938, #7939, #5415 ) ) ;
#329 = EDGE_CURVE ( 'NONE', #7208, #2076, #7274, .T. ) ;
#330 = ADVANCED_FACE ( 'NONE', ( #175 ), #4644, .F. ) ;
#331 = CARTESIAN_POINT ( 'NONE',  ( 2.792357508477454786, 0.3025711122089583816, 2.481650317442889442 ) ) ;
#332 = FACE_OUTER_BOUND ( 'NONE', #2188, .T. ) ;
#333 = CARTESIAN_POINT ( 'NONE',  ( 2.964137387253224620, -0.2025409522305853804, 2.501814773853078044 ) ) ;
#334 = EDGE_LOOP ( 'NONE', ( #4947, #4261, #4155, #8625 ) ) ;
#335 = CARTESIAN_POINT ( 'NONE',  ( 2.826241482329388433, 0.3137970416581185029, 2.480487606465263895 ) ) ;
#336 = CARTESIAN_POINT ( 'NONE',  ( 2.463720645978764168, -0.1170857222191631769, 2.507267623061490536 ) ) ;
#337 = CARTESIAN_POINT ( 'NONE',  ( 2.570346292878634031, -0.3105310558893243367, 2.490717345248587566 ) ) ;
#338 = VECTOR ( 'NONE', #7638, 1000.000000000000000 ) ;
#339 = CARTESIAN_POINT ( 'NONE',  ( 3.302079996438208376, -0.1636506512110639522, 2.501318900527474298 ) ) ;
#340 = LINE ( 'NONE', #1126, #985 ) ;
#341 = VECTOR ( 'NONE', #6383, 1000.000000000000000 ) ;
#342 = B_SPLINE_CURVE_WITH_KNOTS ( 'NONE', 3,
 ( #9338, #2041, #7957, #7213 ),
 .UNSPECIFIED., .F., .F.,
 ( 4, 4 ),
 ( 0.000000000000000000, 1.000000000000000000 ),
 .UNSPECIFIED. ) ;
#343 = ORIENTED_EDGE ( 'NONE', *, *, #9300, .T. ) ;
#344 = SURFACE_SIDE_STYLE ('',( #5573 ) ) ;
#345 = B_SPLINE_CURVE_WITH_KNOTS ( 'NONE', 3,
 ( #466, #9407, #2745, #8059, #2011, #5025 ),
 .UNSPECIFIED., .F., .F.,
 ( 4, 2, 4 ),
 ( 0.000000000000000000, 0.5000000000000000000, 1.000000000000000000 ),
 .UNSPECIFIED. ) ;
#346 = CARTESIAN_POINT ( 'NONE',  ( 1.555852088297736913, 0.4308897362497237649, 2.473449134678585182 ) ) ;
#347 = EDGE_CURVE ( 'NONE', #1967, #6278, #8779, .T. ) ;
#348 = VERTEX_POINT ( 'NONE', #3076 ) ;
#349 = VECTOR ( 'NONE', #6889, 1000.000000000000000 ) ;
#350 = ORIENTED_EDGE ( 'NONE', *, *, #95, .F. ) ;
#351 = CARTESIAN_POINT ( 'NONE',  ( 1.657369223336927710, -0.2300721710563045641, 2.489390848401560330 ) ) ;
#352 = ORIENTED_EDGE ( 'NONE', *, *, #5981, .T. ) ;
#353 = CARTESIAN_POINT ( 'NONE',  ( 0.9773187156984656232, -0.1005780050413175586, 2.508010227248101742 ) ) ;
#354 = AXIS2_PLACEMENT_3D ( 'NONE', #3342, #249, #292 ) ;
#355 = ORIENTED_EDGE ( 'NONE', *, *, #8809, .T. ) ;
#356 = CARTESIAN_POINT ( 'NONE',  ( 2.370399374511178880, 0.3988589676873616208, 2.467977221257951825 ) ) ;
#357 = CARTESIAN_POINT ( 'NONE',  ( 2.511319048644352847, -0.1853195789928631931, 2.493121868991146961 ) ) ;
#358 = AXIS2_PLACEMENT_3D ( 'NONE', #6854, #6136, #7645 ) ;
#359 = ORIENTED_EDGE ( 'NONE', *, *, #7323, .T. ) ;
#360 = CARTESIAN_POINT ( 'NONE',  ( 3.252378913073163069, 0.01257182957296817082, 2.499968389620394582 ) ) ;
#361 = EDGE_CURVE ( 'NONE', #881, #1318, #6583, .T. ) ;
#362 = DIRECTION ( 'NONE',  ( 0.000000000000000000, 0.07280039224747592019, 0.9973465309954276936 ) ) ;
#363 = EDGE_LOOP ( 'NONE', ( #4820, #8668, #731, #6131 ) ) ;
#364 = PLANE ( 'NONE',  #3784 ) ;
#365 = B_SPLINE_CURVE_WITH_KNOTS ( 'NONE', 1,
 ( #5418, #7487 ),
 .UNSPECIFIED., .F., .F.,
 ( 2, 2 ),
 ( 0.000000000000000000, 1.000000000000000000 ),
 .UNSPECIFIED. ) ;
#366 = ORIENTED_EDGE ( 'NONE', *, *, #4553, .T. ) ;
#367 = ORIENTED_EDGE ( 'NONE', *, *, #3822, .T. ) ;
#368 = DIRECTION ( 'NONE',  ( 0.000000000000000000, -0.9985212433570153090, -0.05436291534456377111 ) ) ;
#369 = DIRECTION ( 'NONE',  ( 0.000000000000000000, 0.9997434916552103701, 0.02264841921742678787 ) ) ;
#370 = DIRECTION ( 'NONE',  ( 0.000000000000000000, 0.9999873558481577884, -0.005028731829187268153 ) ) ;
#371 = ORIENTED_EDGE ( 'NONE', *, *, #6690, .T. ) ;
#372 = ORIENTED_EDGE ( 'NONE', *, *, #3105, .T. ) ;
#373 = EDGE_CURVE ( 'NONE', #2602, #4724, #7829, .T. ) ;
#374 = CARTESIAN_POINT ( 'NONE',  ( 2.279764576244943441, -0.05859528732237448412, 2.509337646072463901 ) ) ;
#375 = CARTESIAN_POINT ( 'NONE',  ( 2.532298550476452803, -0.1544390364353402378, 2.505244216443762717 ) ) ;
#376 = CARTESIAN_POINT ( 'NONE',  ( 2.626070989566030800, -0.2297816353684445922, 2.499460021694166478 ) ) ;
#377 = ORIENTED_EDGE ( 'NONE', *, *, #5154, .T. ) ;
#378 = EDGE_CURVE ( 'NONE', #78, #160, #5903, .T. ) ;
#379 = SURFACE_STYLE_FILL_AREA ( #5612 ) ;
#380 = EDGE_CURVE ( 'NONE', #2291, #2096, #2309, .T. ) ;
#381 = DIRECTION ( 'NONE',  ( 0.000000000000000000, -0.08103907911278350473, 0.9967109248205078265 ) ) ;
#382 = CARTESIAN_POINT ( 'NONE',  ( 2.341233647537682927, -0.1952312750352842574, 2.502395801876293291 ) ) ;
#383 = ORIENTED_EDGE ( 'NONE', *, *, #4434, .T. ) ;
#384 = EDGE_CURVE ( 'NONE', #9513, #6132, #6530, .T. ) ;
#385 = FACE_OUTER_BOUND ( 'NONE', #3622, .T. ) ;
#386 = CARTESIAN_POINT ( 'NONE',  ( 2.255014956219874911, 0.1840924499690385352, 2.503239894589488923 ) ) ;
#387 = EDGE_LOOP ( 'NONE', ( #3788, #5746, #9367, #9189 ) ) ;
#388 = PLANE ( 'NONE',  #6956 ) ;
#389 = B_SPLINE_CURVE_WITH_KNOTS ( 'NONE', 1,
 ( #6267, #3368 ),
 .UNSPECIFIED., .F., .F.,
 ( 2, 2 ),
 ( 0.000000000000000000, 1.000000000000000000 ),
 .UNSPECIFIED. ) ;
#390 = CARTESIAN_POINT ( 'NONE',  ( 1.022360031386479129, 0.2180183049075158641, 2.490475538408671419 ) ) ;
#391 = ORIENTED_EDGE ( 'NONE', *, *, #7196, .T. ) ;
#392 = CARTESIAN_POINT ( 'NONE',  ( 2.280515387535539507, 0.2035993831601810300, 2.491695665842198260 ) ) ;
#393 = ORIENTED_EDGE ( 'NONE', *, *, #210, .F. ) ;
#394 = CARTESIAN_POINT ( 'NONE',  ( 2.354231440198708114, -0.1432758959389720255, 2.505907423996920791 ) ) ;
#395 = ORIENTED_EDGE ( 'NONE', *, *, #6735, .F. ) ;
#396 = DIRECTION ( 'NONE',  ( 0.000000000000000000, 0.000000000000000000, 1.000000000000000000 ) ) ;
#397 = APPLICATION_PROTOCOL_DEFINITION ( 'draft international standard', 'automotive_design', 1998, #1767 ) ;
#398 = CARTESIAN_POINT ( 'NONE',  ( 2.509781281173834255, -0.1939586291433668119, 2.492466733752256580 ) ) ;
#399 = CARTESIAN_POINT ( 'NONE',  ( 3.001954774471419451, 0.01257182957296817082, 2.499968389620394582 ) ) ;
#400 = ORIENTED_EDGE ( 'NONE', *, *, #896, .F. ) ;
#401 = PRODUCT_RELATED_PRODUCT_CATEGORY ( 'part', '', ( #6129 ) ) ;
#402 = B_SPLINE_CURVE_WITH_KNOTS ( 'NONE', 3,
 ( #5535, #1840, #5040, #1981 ),
 .UNSPECIFIED., .F., .F.,
 ( 4, 4 ),
 ( 0.000000000000000000, 1.000000000000000000 ),
 .UNSPECIFIED. ) ;
#403 = CARTESIAN_POINT ( 'NONE',  ( 2.998860061933319443, 0.2213792493774534575, 2.500218236063619592 ) ) ;
#404 = EDGE_CURVE ( 'NONE', #8435, #8013, #4633, .T. ) ;
#405 = ORIENTED_EDGE ( 'NONE', *, *, #920, .T. ) ;
#406 = ORIENTED_EDGE ( 'NONE', *, *, #8387, .F. ) ;
#407 = EDGE_LOOP ( 'NONE', ( #9544, #2929, #7005, #7868, #5218, #2245, #5121, #4266, #2343, #5081, #1406 ) ) ;
#408 = PLANE ( 'NONE',  #4488 ) ;
#409 = CARTESIAN_POINT ( 'NONE',  ( 1.023887904185588837, -0.2986096705017416419, 2.493195454431451630 ) ) ;
#410 = LINE ( 'NONE', #2505, #3741 ) ;
#411 = CARTESIAN_POINT ( 'NONE',  ( 2.932447530860537110, 0.3966051793289779859, 2.478468142165525023 ) ) ;
#412 = CARTESIAN_POINT ( 'NONE',  ( 2.224397852682010068, 0.2356091906882731291, 2.489120511224422128 ) ) ;
#413 = EDGE_LOOP ( 'NONE', ( #6592, #3445, #8971, #4762 ) ) ;
#414 = ORIENTED_EDGE ( 'NONE', *, *, #4963, .T. ) ;
#415 = CARTESIAN_POINT ( 'NONE',  ( 1.516204428033355089, -0.1768831128608509273, 2.493734621884344804 ) ) ;
#416 = CARTESIAN_POINT ( 'NONE',  ( 2.354231438496517281, -0.1200668666900512743, 2.507126631728687105 ) ) ;
#417 = FACE_OUTER_BOUND ( 'NONE', #134, .T. ) ;
#418 = VERTEX_POINT ( 'NONE', #957 ) ;
#419 = CARTESIAN_POINT ( 'NONE',  ( 2.767375564066024474, 0.3449540277677828337, 2.476086977213600271 ) ) ;
#420 = AXIS2_PLACEMENT_3D ( 'NONE', #606, #4978, #4228 ) ;
#421 = DIRECTION ( 'NONE',  ( 0.000000000000000000, -0.09169438969097980230, 0.9957871955890971183 ) ) ;
#422 = B_SPLINE_CURVE_WITH_KNOTS ( 'NONE', 3,
 ( #6064, #8909, #9003, #8863, #3876, #7464 ),
 .UNSPECIFIED., .F., .F.,
 ( 4, 2, 4 ),
 ( 0.000000000000000000, 0.5000000000000000000, 1.000000000000000000 ),
 .UNSPECIFIED. ) ;
#423 = ADVANCED_FACE ( 'NONE', ( #5604 ), #4011, .F. ) ;
#424 = CARTESIAN_POINT ( 'NONE',  ( 1.392254850066266370, 0.3571362102707448805, 2.474359255911204869 ) ) ;
#425 = CARTESIAN_POINT ( 'NONE',  ( 2.349552306942635838, -0.1848063625908639429, 2.493178742355153243 ) ) ;
#426 = B_SPLINE_CURVE_WITH_KNOTS ( 'NONE', 3,
 ( #5384, #1686, #4646, #3908 ),
 .UNSPECIFIED., .F., .F.,
 ( 4, 4 ),
 ( 0.000000000000000000, 1.000000000000000000 ),
 .UNSPECIFIED. ) ;
#427 = CARTESIAN_POINT ( 'NONE',  ( 2.932076165355807618, 0.3144303794166389276, 2.480374753238231200 ) ) ;
#428 = VECTOR ( 'NONE', #162, 1000.000000000000000 ) ;
#429 = FACE_OUTER_BOUND ( 'NONE', #1303, .T. ) ;
#430 = VERTEX_POINT ( 'NONE', #7636 ) ;
#431 = CARTESIAN_POINT ( 'NONE',  ( 3.185739436517772472, -0.2072533580782376095, 2.491492199145901587 ) ) ;
#432 = EDGE_CURVE ( 'NONE', #8636, #7318, #198, .T. ) ;
#433 = CARTESIAN_POINT ( 'NONE',  ( 2.270929698120789375, -0.2293408894616412452, 2.499515817741688295 ) ) ;
#434 = VECTOR ( 'NONE', #7732, 1000.000000000000000 ) ;
#435 = ADVANCED_FACE ( 'NONE', ( #4034 ), #3248, .T. ) ;
#436 = EDGE_CURVE ( 'NONE', #1179, #6132, #410, .T. ) ;
#437 = VERTEX_POINT ( 'NONE', #1915 ) ;
#438 = CARTESIAN_POINT ( 'NONE',  ( 2.298615940899430221, 0.1859814645965812696, 2.503168574730713303 ) ) ;
#439 = MECHANICAL_DESIGN_GEOMETRIC_PRESENTATION_REPRESENTATION (  '', ( #4038 ), #130 ) ;
#440 = ORIENTED_EDGE ( 'NONE', *, *, #1928, .T. ) ;
#441 = CARTESIAN_POINT ( 'NONE',  ( 2.429003376354568200, -0.1227702731138204523, 2.496995956356994562 ) ) ;
#442 = ORIENTED_EDGE ( 'NONE', *, *, #6648, .T. ) ;
#443 = CARTESIAN_POINT ( 'NONE',  ( 2.204199776340657557, 0.000000000000000000, 0.000000000000000000 ) ) ;
#444 = AXIS2_PLACEMENT_3D ( 'NONE', #2322, #3958, #7608 ) ;
#445 = CARTESIAN_POINT ( 'NONE',  ( 2.617199480292035307, -0.2497336350636719382, 2.487517428651293550 ) ) ;
#446 = DIRECTION ( 'NONE',  ( -1.000000000000000000, -0.000000000000000000, -0.000000000000000000 ) ) ;
#447 = DIRECTION ( 'NONE',  ( 1.000000000000000000, 0.000000000000000000, 0.000000000000000000 ) ) ;
#448 = ORIENTED_EDGE ( 'NONE', *, *, #8705, .F. ) ;
#449 = CARTESIAN_POINT ( 'NONE',  ( 2.425843088335733366, -0.1036778266986940894, 2.507857832543749943 ) ) ;
#450 = ORIENTED_EDGE ( 'NONE', *, *, #4939, .T. ) ;
#451 = CARTESIAN_POINT ( 'NONE',  ( 2.204199776340657557, -0.09275084147147026614, 2.498278863819316520 ) ) ;
#452 = ORIENTED_EDGE ( 'NONE', *, *, #6488, .T. ) ;
#453 = CARTESIAN_POINT ( 'NONE',  ( 3.063831605771293543, 2.617244474663163567E-06, 2.500008323848869729 ) ) ;
#454 = CARTESIAN_POINT ( 'NONE',  ( 3.093496371354855778, -0.01948914193164277830, 2.499924033515172450 ) ) ;
#455 = DIRECTION ( 'NONE',  ( 0.000000000000000000, 0.9987425442515559526, 0.05013312579451681406 ) ) ;
#456 = B_SPLINE_CURVE_WITH_KNOTS ( 'NONE', 3,
 ( #4639, #7388, #5273, #3191 ),
 .UNSPECIFIED., .F., .F.,
 ( 4, 4 ),
 ( 0.000000000000000000, 1.000000000000000000 ),
 .UNSPECIFIED. ) ;
#457 = CARTESIAN_POINT ( 'NONE',  ( 4.500000000000000000, 0.000000000000000000, 0.000000000000000000 ) ) ;
#458 = CARTESIAN_POINT ( 'NONE',  ( 2.965870426274356930, 0.3966051793289779859, 2.478468142165525023 ) ) ;
#459 = EDGE_CURVE ( 'NONE', #348, #2900, #4781, .T. ) ;
#460 = ORIENTED_EDGE ( 'NONE', *, *, #9114, .F. ) ;
#461 = VERTEX_POINT ( 'NONE', #3320 ) ;
#462 = FILL_AREA_STYLE ('',( #9450 ) ) ;
#463 = LINE ( 'NONE', #7228, #5055 ) ;
#464 = CARTESIAN_POINT ( 'NONE',  ( 2.342144659223156733, -0.08338108527323290220, 2.508623269017736135 ) ) ;
#465 = EDGE_LOOP ( 'NONE', ( #4204, #8301, #6156, #4247 ) ) ;
#466 = CARTESIAN_POINT ( 'NONE',  ( 0.9997478914790399740, -0.2266435085075205191, 2.489705348038478316 ) ) ;
#467 = CARTESIAN_POINT ( 'NONE',  ( 1.548039511563446657, 0.02132736045883052919, 2.499999984626347427 ) ) ;
#468 = CYLINDRICAL_SURFACE ( 'NONE', #8823, 2.500000000000000000 ) ;
#469 = CARTESIAN_POINT ( 'NONE',  ( 2.637335743205095007, -0.1871763142755285547, 2.503011192019370501 ) ) ;
#470 = EDGE_CURVE ( 'NONE', #5956, #5569, #2189, .T. ) ;
#471 = PRESENTATION_LAYER_ASSIGNMENT (  '', '', ( #4864 ) ) ;
#472 = ADVANCED_FACE ( 'NONE', ( #4079 ), #9113, .T. ) ;
#473 = CARTESIAN_POINT ( 'NONE',  ( 1.888053096262113595, 0.01061483692916303720, 2.499977464945827954 ) ) ;
#474 = VERTEX_POINT ( 'NONE', #9301 ) ;
#475 = VECTOR ( 'NONE', #6522, 1000.000000000000000 ) ;
#476 = CYLINDRICAL_SURFACE ( 'NONE', #4959, 2.500000000000000000 ) ;
#477 = CARTESIAN_POINT ( 'NONE',  ( 1.246648735784181117, 0.4383518007887507451, 2.471826014088784884 ) ) ;
#478 = CARTESIAN_POINT ( 'NONE',  ( 1.127389845637439381, 0.001535600819293364734, 2.499999572884677335 ) ) ;
#479 = ORIENTED_EDGE ( 'NONE', *, *, #5837, .T. ) ;
#480 = AXIS2_PLACEMENT_3D ( 'NONE', #6242, #933, #7800 ) ;
#481 = EDGE_CURVE ( 'NONE', #5010, #7586, #7642, .T. ) ;
#482 = DIRECTION ( 'NONE',  ( 1.000000000000000000, 0.000000000000000000, 0.000000000000000000 ) ) ;
#483 = VERTEX_POINT ( 'NONE', #643 ) ;
#484 = DIRECTION ( 'NONE',  ( 1.000000000000000000, 0.000000000000000000, 0.000000000000000000 ) ) ;
#485 = EDGE_LOOP ( 'NONE', ( #3512, #6837, #5996, #8158 ) ) ;
#486 = CARTESIAN_POINT ( 'NONE',  ( 2.316442354681448990, 0.1794400425718897241, 2.503577755818376716 ) ) ;
#487 = LINE ( 'NONE', #1946, #341 ) ;
#488 = ADVANCED_FACE ( 'NONE', ( #9394 ), #5581, .F. ) ;
#489 = EDGE_CURVE ( 'NONE', #3702, #5023, #617, .T. ) ;
#490 = B_SPLINE_CURVE_WITH_KNOTS ( 'NONE', 3,
 ( #4747, #8600, #3996, #6365 ),
 .UNSPECIFIED., .F., .F.,
 ( 4, 4 ),
 ( 0.000000000000000000, 1.000000000000000000 ),
 .UNSPECIFIED. ) ;
#491 = SURFACE_STYLE_USAGE ( .BOTH. , #9434 ) ;
#492 = DIRECTION ( 'NONE',  ( -1.000000000000000000, -0.000000000000000000, -0.000000000000000000 ) ) ;
#493 = AXIS2_PLACEMENT_3D ( 'NONE', #3726, #2283, #8813 ) ;
#494 = EDGE_CURVE ( 'NONE', #4907, #8357, #5327, .T. ) ;
#495 = AXIS2_PLACEMENT_3D ( 'NONE', #8912, #2391, #4513 ) ;
#496 = CARTESIAN_POINT ( 'NONE',  ( 2.293829317516721478, -0.1287153723724043519, 2.506697919011072084 ) ) ;
#497 = ORIENTED_EDGE ( 'NONE', *, *, #3063, .T. ) ;
#498 = CARTESIAN_POINT ( 'NONE',  ( 1.181289257043464325, -0.2406617673519212408, 2.498435980183011829 ) ) ;
#499 = ORIENTED_EDGE ( 'NONE', *, *, #7241, .T. ) ;
#500 = CARTESIAN_POINT ( 'NONE',  ( 1.001469469033490434, -0.1115760738288171794, 2.497508914848743267 ) ) ;
#501 = CARTESIAN_POINT ( 'NONE',  ( 2.256747995241840776, 0.2734468841593768462, 2.495060480538203507 ) ) ;
#502 = CARTESIAN_POINT ( 'NONE',  ( 1.163292472606964667, -0.3443056336409604512, 2.486273040243789367 ) ) ;
#503 = AXIS2_PLACEMENT_3D ( 'NONE', #6004, #3052, #2866 ) ;
#504 = CARTESIAN_POINT ( 'NONE',  ( 2.319199294265130273, -0.07759539877612810221, 2.508800301755556905 ) ) ;
#505 = CARTESIAN_POINT ( 'NONE',  ( 2.320065813775424424, -0.1243694272899651121, 2.496905679671170386 ) ) ;
#506 = ORIENTED_EDGE ( 'NONE', *, *, #2421, .T. ) ;
#507 = CARTESIAN_POINT ( 'NONE',  ( 1.539164314221983521, -0.1249445326752679220, 2.496876176318506779 ) ) ;
#508 = DIRECTION ( 'NONE',  ( 0.000000000000000000, 0.000000000000000000, -1.000000000000000000 ) ) ;
#509 = STYLED_ITEM ( 'NONE', ( #4882 ), #3910 ) ;
#510 = EDGE_CURVE ( 'NONE', #951, #6602, #1582, .T. ) ;
#511 = ORIENTED_EDGE ( 'NONE', *, *, #8860, .T. ) ;
#512 = FILL_AREA_STYLE ('',( #7053 ) ) ;
#513 = ORIENTED_EDGE ( 'NONE', *, *, #9085, .F. ) ;
#514 = CARTESIAN_POINT ( 'NONE',  ( 2.932076164495490023, 0.3144303770486314709, 2.480374753570758539 ) ) ;
#515 = DIRECTION ( 'NONE',  ( -1.000000000000000000, -0.000000000000000000, -0.000000000000000000 ) ) ;
#516 = CARTESIAN_POINT ( 'NONE',  ( 4.500000000000000000, 0.2641792259297762180, 2.496058760643896424 ) ) ;
#517 = CYLINDRICAL_SURFACE ( 'NONE', #5280, 2.510000000000000231 ) ;
#518 = LINE ( 'NONE', #8790, #4223 ) ;
#519 = EDGE_LOOP ( 'NONE', ( #1393, #281, #6051, #2347 ) ) ;
#520 = ORIENTED_EDGE ( 'NONE', *, *, #2073, .T. ) ;
#521 = CARTESIAN_POINT ( 'NONE',  ( 3.130013979308440941, -0.1053673393113183920, 2.497778557800201416 ) ) ;
#522 = B_SPLINE_CURVE_WITH_KNOTS ( 'NONE', 3,
 ( #4131, #412, #2469, #3949 ),
 .UNSPECIFIED., .F., .F.,
 ( 4, 4 ),
 ( 0.000000000000000000, 1.000000000000000000 ),
 .UNSPECIFIED. ) ;
#523 = EDGE_CURVE ( 'NONE', #9160, #9371, #2368, .T. ) ;
#524 = CARTESIAN_POINT ( 'NONE',  ( 2.458578719867668738, -0.05759539111682296375, 2.499351976112210494 ) ) ;
#525 = CARTESIAN_POINT ( 'NONE',  ( 2.260461650287735935, -0.2197427717047596707, 2.490323897464647107 ) ) ;
#526 = CARTESIAN_POINT ( 'NONE',  ( 3.269090360780903204, 0.01257182957296817082, 2.499968389620394582 ) ) ;
#527 = DIRECTION ( 'NONE',  ( -1.000000000000000000, 0.000000000000000000, 0.000000000000000000 ) ) ;
#528 = CARTESIAN_POINT ( 'NONE',  ( 1.001469469033490434, -0.1115760738288165688, 2.497508914848743267 ) ) ;
#529 = VERTEX_POINT ( 'NONE', #8726 ) ;
#530 = CARTESIAN_POINT ( 'NONE',  ( 2.282191146199588072, 0.3459691546142519281, 2.486042104240292261 ) ) ;
#531 = ORIENTED_EDGE ( 'NONE', *, *, #4249, .T. ) ;
#532 = CARTESIAN_POINT ( 'NONE',  ( 4.500000000000000000, -0.2309924597405297875, 2.499348411795166314 ) ) ;
#533 = VERTEX_POINT ( 'NONE', #4219 ) ;
#534 = DIRECTION ( 'NONE',  ( -1.000000000000000000, -0.000000000000000000, -0.000000000000000000 ) ) ;
#535 = CARTESIAN_POINT ( 'NONE',  ( 2.621635234924697411, -0.2393029197397825714, 2.488542537094769802 ) ) ;
#536 = B_SPLINE_CURVE_WITH_KNOTS ( 'NONE', 3,
 ( #3398, #5496, #9099, #1047 ),
 .UNSPECIFIED., .F., .F.,
 ( 4, 4 ),
 ( 0.000000000000000000, 1.000000000000000000 ),
 .UNSPECIFIED. ) ;
#537 = EDGE_CURVE ( 'NONE', #3094, #86, #3691, .T. ) ;
#538 = FILL_AREA_STYLE ('',( #5052 ) ) ;
#539 = LINE ( 'NONE', #3542, #18 ) ;
#540 = DIRECTION ( 'NONE',  ( -1.000000000000000000, 0.000000000000000000, 8.340016711426955288E-17 ) ) ;
#541 = EDGE_CURVE ( 'NONE', #1950, #4310, #7857, .T. ) ;
#542 = ORIENTED_EDGE ( 'NONE', *, *, #7826, .T. ) ;
#543 =( NAMED_UNIT ( * ) PLANE_ANGLE_UNIT ( ) SI_UNIT ( $, .RADIAN. ) );
#544 = ORIENTED_EDGE ( 'NONE', *, *, #5147, .T. ) ;
#545 = DIRECTION ( 'NONE',  ( -1.000000000000000000, -0.000000000000000000, -0.000000000000000000 ) ) ;
#546 = CARTESIAN_POINT ( 'NONE',  ( 1.569571575511992778, -0.1241079079637038285, 2.506929840897202943 ) ) ;
#547 = CARTESIAN_POINT ( 'NONE',  ( 3.211157342063377662, -0.1359072883614094174, 2.496303108392538661 ) ) ;
#548 = ADVANCED_FACE ( 'NONE', ( #5691 ), #8011, .T. ) ;
#549 = CARTESIAN_POINT ( 'NONE',  ( 1.781318735633162564, 0.008928862086430910255, 2.509984118559685840 ) ) ;
#550 = FILL_AREA_STYLE ('',( #645 ) ) ;
#551 = ORIENTED_EDGE ( 'NONE', *, *, #760, .F. ) ;
#552 = CARTESIAN_POINT ( 'NONE',  ( 1.516204428033355089, -0.1768831128608509273, 2.493734621884344804 ) ) ;
#553 = EDGE_CURVE ( 'NONE', #1131, #3133, #4365, .T. ) ;
#554 = ADVANCED_FACE ( 'NONE', ( #6494 ), #8656, .T. ) ;
#555 = CARTESIAN_POINT ( 'NONE',  ( 2.629660856110518363, 0.3950250790129175571, 2.468593767097137626 ) ) ;
#556 = ORIENTED_EDGE ( 'NONE', *, *, #3963, .F. ) ;
#557 = CARTESIAN_POINT ( 'NONE',  ( 2.570346292843098013, -0.3105310558799421194, 2.490717345249751080 ) ) ;
#558 = VERTEX_POINT ( 'NONE', #4272 ) ;
#559 = CARTESIAN_POINT ( 'NONE',  ( 2.564486210053318338, -0.2820786340282835924, 2.494099365347085762 ) ) ;
#560 = CARTESIAN_POINT ( 'NONE',  ( 2.454983374286176634, -0.2330232735877345307, 2.489116355892286414 ) ) ;
#561 = CARTESIAN_POINT ( 'NONE',  ( 2.612763725650701918, -0.2601574917591775726, 2.486426769378413226 ) ) ;
#562 = CARTESIAN_POINT ( 'NONE',  ( 2.698734839966531407, 0.3950250790129175571, 2.468593767097137626 ) ) ;
#563 = CARTESIAN_POINT ( 'NONE',  ( 2.581692811765796236, -0.2843986643782882018, 2.483770802570125724 ) ) ;
#564 = ORIENTED_EDGE ( 'NONE', *, *, #1568, .T. ) ;
#565 = EDGE_CURVE ( 'NONE', #2327, #28, #2674, .T. ) ;
#566 = VERTEX_POINT ( 'NONE', #5202 ) ;
#567 = ORIENTED_EDGE ( 'NONE', *, *, #7338, .T. ) ;
#568 = LINE ( 'NONE', #2902, #3491 ) ;
#569 = AXIS2_PLACEMENT_3D ( 'NONE', #669, #3663, #4991 ) ;
#570 = CYLINDRICAL_SURFACE ( 'NONE', #3346, 2.500000000000000000 ) ;
#571 = ORIENTED_EDGE ( 'NONE', *, *, #1208, .T. ) ;
#572 = CARTESIAN_POINT ( 'NONE',  ( 2.245607030103355051, -0.1838298327453947723, 2.503259194049390235 ) ) ;
#573 = B_SPLINE_CURVE_WITH_KNOTS ( 'NONE', 3,
 ( #4914, #4212, #6301, #1240 ),
 .UNSPECIFIED., .F., .F.,
 ( 4, 4 ),
 ( 0.000000000000000000, 1.000000000000000000 ),
 .UNSPECIFIED. ) ;
#574 = CARTESIAN_POINT ( 'NONE',  ( 2.313752600197278575, -0.1487351160211018986, 2.505589324941777107 ) ) ;
#575 = CARTESIAN_POINT ( 'NONE',  ( 1.392254850066266370, 0.3585647551118278376, 2.484256692934849298 ) ) ;
#576 = CARTESIAN_POINT ( 'NONE',  ( 2.485933810278436962, -0.2084437394376713604, 2.491295094400695298 ) ) ;
#577 = B_SPLINE_SURFACE_WITH_KNOTS ( 'NONE', 1, 3, ( 
 ( #8657, #2030, #9427, #1983 ),
 ( #7948, #1277, #6426, #1186 ) ),
 .UNSPECIFIED., .F., .F., .F.,
 ( 2, 2 ),
 ( 4, 4 ),
 ( 0.000000000000000000, 1.000000000000000000 ),
 ( 0.000000000000000000, 1.000000000000000000 ),
 .UNSPECIFIED. ) ;
#578 = CARTESIAN_POINT ( 'NONE',  ( 1.576457688715584338, -0.02725804951578474425, 2.499851395330649595 ) ) ;
#579 = ORIENTED_EDGE ( 'NONE', *, *, #4178, .F. ) ;
#580 = CARTESIAN_POINT ( 'NONE',  ( 2.405232302830831337, 0.3892790442385808403, 2.469506393131367439 ) ) ;
#581 = CARTESIAN_POINT ( 'NONE',  ( 2.298616681076801616, 0.1852397518452122416, 2.493195852908387078 ) ) ;
#582 = CARTESIAN_POINT ( 'NONE',  ( 2.932880790617061084, -0.2292359742274495404, 2.489467988972743129 ) ) ;
#583 = FACE_OUTER_BOUND ( 'NONE', #6014, .T. ) ;
#584 = ORIENTED_EDGE ( 'NONE', *, *, #1039, .T. ) ;
#585 = EDGE_CURVE ( 'NONE', #4606, #3415, #9346, .T. ) ;
#586 = AXIS2_PLACEMENT_3D ( 'NONE', #1085, #9188, #5483 ) ;
#587 = CARTESIAN_POINT ( 'NONE',  ( 2.932447530860537110, 0.3960784792236274887, 2.475176683809395595 ) ) ;
#588 = ORIENTED_EDGE ( 'NONE', *, *, #9608, .T. ) ;
#589 = CARTESIAN_POINT ( 'NONE',  ( 1.161570944305657660, -0.2403555797318659148, 2.488419015216641217 ) ) ;
#590 = ADVANCED_FACE ( 'NONE', ( #8951 ), #973, .T. ) ;
#591 = ORIENTED_EDGE ( 'NONE', *, *, #1811, .T. ) ;
#592 = CARTESIAN_POINT ( 'NONE',  ( 2.216578626493900028, 0.000000000000000000, 0.000000000000000000 ) ) ;
#593 = CARTESIAN_POINT ( 'NONE',  ( 3.235667465365422490, 0.01262211689126004413, 2.509968263178876224 ) ) ;
#594 = CARTESIAN_POINT ( 'NONE',  ( 2.086353122880875599, 0.000000000000000000, 0.000000000000000000 ) ) ;
#595 = CARTESIAN_POINT ( 'NONE',  ( 2.692792991893113275, -0.05662104804356698357, 2.499358729138025925 ) ) ;
#596 = CARTESIAN_POINT ( 'NONE',  ( 3.093496371354855778, -0.01948914193164277830, 2.499924033515172450 ) ) ;
#597 = ORIENTED_EDGE ( 'NONE', *, *, #3835, .F. ) ;
#598 = AXIS2_PLACEMENT_3D ( 'NONE', #3872, #9097, #6881 ) ;
#599 = CARTESIAN_POINT ( 'NONE',  ( 2.989204558813184587, 0.2477341590463576770, 2.487695276041982151 ) ) ;
#600 = FACE_OUTER_BOUND ( 'NONE', #3703, .T. ) ;
#601 = EDGE_CURVE ( 'NONE', #7733, #2284, #6739, .T. ) ;
#602 = EDGE_LOOP ( 'NONE', ( #2285, #4227, #5826, #7461 ) ) ;
#603 = CARTESIAN_POINT ( 'NONE',  ( 2.425843312167490495, -0.1036857961492296670, 2.507857503064498061 ) ) ;
#604 = ORIENTED_EDGE ( 'NONE', *, *, #852, .F. ) ;
#605 =( LENGTH_UNIT ( ) NAMED_UNIT ( * ) SI_UNIT ( .MILLI., .METRE. ) );
#606 = CARTESIAN_POINT ( 'NONE',  ( 2.148711580528111842, 0.01257182957296817082, 2.499968389620394582 ) ) ;
#607 = CARTESIAN_POINT ( 'NONE',  ( 3.058092859917100448, 0.1544588577518069827, 2.495223930083632080 ) ) ;
#608 = CARTESIAN_POINT ( 'NONE',  ( 2.592152940145814544, -0.05662104804356698357, 2.499358729138025925 ) ) ;
#609 = FACE_OUTER_BOUND ( 'NONE', #4111, .T. ) ;
#610 = ADVANCED_FACE ( 'NONE', ( #58 ), #3174, .T. ) ;
#611 = CARTESIAN_POINT ( 'NONE',  ( 4.500000000000000000, -0.2309924597405297875, 2.499348411795166314 ) ) ;
#612 = ADVANCED_FACE ( 'NONE', ( #9538 ), #1218, .T. ) ;
#613 = B_SPLINE_CURVE_WITH_KNOTS ( 'NONE', 3,
 ( #4793, #1882, #1022, #7743 ),
 .UNSPECIFIED., .F., .F.,
 ( 4, 4 ),
 ( 0.000000000000000000, 1.000000000000000000 ),
 .UNSPECIFIED. ) ;
#614 = ORIENTED_EDGE ( 'NONE', *, *, #6470, .T. ) ;
#615 = VERTEX_POINT ( 'NONE', #5974 ) ;
#616 = ORIENTED_EDGE ( 'NONE', *, *, #5406, .F. ) ;
#617 = CIRCLE ( 'NONE', #3145, 2.299999999999999822 ) ;
#618 = DIRECTION ( 'NONE',  ( 0.000000000000000000, -0.9980895720334529431, 0.06178354310072279448 ) ) ;
#619 = ORIENTED_EDGE ( 'NONE', *, *, #565, .F. ) ;
#620 = PRESENTATION_STYLE_ASSIGNMENT (( #2755 ) ) ;
#621 = CARTESIAN_POINT ( 'NONE',  ( 3.235667465365422490, 0.01257182957296817082, 2.499968389620394582 ) ) ;
#622 = CARTESIAN_POINT ( 'NONE',  ( 4.500000000000000000, 0.000000000000000000, 2.500000000000000000 ) ) ;
#623 = CARTESIAN_POINT ( 'NONE',  ( 2.453695501181130112, 0.1544588577517886918, 2.495223930083632968 ) ) ;
#624 = PLANE ( 'NONE',  #3800 ) ;
#625 =( GEOMETRIC_REPRESENTATION_CONTEXT ( 3 ) GLOBAL_UNCERTAINTY_ASSIGNED_CONTEXT ( ( #6485 ) ) GLOBAL_UNIT_ASSIGNED_CONTEXT ( ( #1786, #3287, #6234 ) ) REPRESENTATION_CONTEXT ( 'NONE', 'WORKASPACE' ) );
#626 = VERTEX_POINT ( 'NONE', #8186 ) ;
#627 = CARTESIAN_POINT ( 'NONE',  ( 2.826794044801901329, 0.2781401420645645550, 2.484479434684920829 ) ) ;
#628 = EDGE_CURVE ( 'NONE', #5264, #9160, #9563, .T. ) ;
#629 = CARTESIAN_POINT ( 'NONE',  ( 3.255844991115442344, -0.03547442350415754703, 2.509749303272549525 ) ) ;
#630 = CARTESIAN_POINT ( 'NONE',  ( 1.625668009722495810, 0.2052471451724957319, 2.502354550634329655 ) ) ;
#631 = CARTESIAN_POINT ( 'NONE',  ( 1.108203841345388962, 0.3191758262147318947, 2.489623825392130119 ) ) ;
#632 = ORIENTED_EDGE ( 'NONE', *, *, #6155, .T. ) ;
#633 = AXIS2_PLACEMENT_3D ( 'NONE', #5753, #8690, #6031 ) ;
#634 = PLANE ( 'NONE',  #3646 ) ;
#635 = EDGE_LOOP ( 'NONE', ( #3569, #4933, #567, #9483 ) ) ;
#636 = DIRECTION ( 'NONE',  ( 1.000000000000000000, 0.000000000000000000, 0.000000000000000000 ) ) ;
#637 = TOROIDAL_SURFACE ( 'NONE', #2393, 2.299999999999999822, 0.2000000000000000111 ) ;
#638 = VERTEX_POINT ( 'NONE', #7364 ) ;
#639 = ORIENTED_EDGE ( 'NONE', *, *, #1957, .T. ) ;
#640 = CARTESIAN_POINT ( 'NONE',  ( 1.441437219236310296, 0.02132736020639248303, 2.499999962082978477 ) ) ;
#641 = CARTESIAN_POINT ( 'NONE',  ( 2.117609719517861588, 0.3950250790129175571, 2.468593767097137626 ) ) ;
#642 = B_SPLINE_CURVE_WITH_KNOTS ( 'NONE', 1,
 ( #9592, #7472 ),
 .UNSPECIFIED., .F., .F.,
 ( 2, 2 ),
 ( 0.000000000000000000, 1.000000000000000000 ),
 .UNSPECIFIED. ) ;
#643 = CARTESIAN_POINT ( 'NONE',  ( 2.117609719517861588, 0.1827289845411645963, 2.503339792798523700 ) ) ;
#644 = CARTESIAN_POINT ( 'NONE',  ( 2.509621702443624258, -0.2293066079227345233, 2.499519288913930382 ) ) ;
#645 = FILL_AREA_STYLE_COLOUR ( '', #2241 ) ;
#647 = ADVANCED_FACE ( 'NONE', ( #5302, #3827, #4511, #8240, #2288, #3779 ), #2389, .T. ) ;
#646 = VECTOR ( 'NONE', #5393, 1000.000000000000227 ) ;
#648 = AXIS2_PLACEMENT_3D ( 'NONE', #4970, #6597, #7174 ) ;
#649 = CARTESIAN_POINT ( 'NONE',  ( 1.132794026983930502, 0.3509373700740214264, 2.485551919008766042 ) ) ;
#650 = B_SPLINE_SURFACE_WITH_KNOTS ( 'NONE', 1, 3, ( 
 ( #7150, #6112, #1851, #4663 ),
 ( #9375, #5714, #9054, #6832 ) ),
 .UNSPECIFIED., .F., .F., .F.,
 ( 2, 2 ),
 ( 4, 4 ),
 ( 0.000000000000000000, 1.000000000000000000 ),
 ( 0.000000000000000000, 1.000000000000000000 ),
 .UNSPECIFIED. ) ;
#651 = CARTESIAN_POINT ( 'NONE',  ( 0.8981781650063318523, 0.04695119361388375850, 2.509560835169817317 ) ) ;
#652 = VERTEX_POINT ( 'NONE', #4021 ) ;
#653 = VERTEX_POINT ( 'NONE', #8438 ) ;
#654 = VERTEX_POINT ( 'NONE', #4771 ) ;
#655 = AXIS2_PLACEMENT_3D ( 'NONE', #2654, #4699, #3238 ) ;
#656 = CARTESIAN_POINT ( 'NONE',  ( 2.255014956219874911, 0.1833590139133849661, 2.493266827280367526 ) ) ;
#657 = CARTESIAN_POINT ( 'NONE',  ( 2.425657405583639736, -0.2240880030852741289, 2.499976913268051604 ) ) ;
#658 = LINE ( 'NONE', #3655, #5770 ) ;
#659 = CARTESIAN_POINT ( 'NONE',  ( 3.255844991115442344, -0.03547442350415754703, 2.509749303272549525 ) ) ;
#660 = CARTESIAN_POINT ( 'NONE',  ( 2.458578710686579072, -0.05782577878128489224, 2.509349383854592830 ) ) ;
#661 = B_SPLINE_SURFACE_WITH_KNOTS ( 'NONE', 1, 3, ( 
 ( #2084, #2815, #6293, #9381 ),
 ( #2763, #5047, #441, #1897 ) ),
 .UNSPECIFIED., .F., .F., .F.,
 ( 2, 2 ),
 ( 4, 4 ),
 ( 0.000000000000000000, 1.000000000000000000 ),
 ( 0.000000000000000000, 1.000000000000000000 ),
 .UNSPECIFIED. ) ;
#662 = ORIENTED_EDGE ( 'NONE', *, *, #896, .T. ) ;
#663 = EDGE_CURVE ( 'NONE', #7658, #652, #1486, .T. ) ;
#664 = ORIENTED_EDGE ( 'NONE', *, *, #5206, .T. ) ;
#665 = ORIENTED_EDGE ( 'NONE', *, *, #8478, .T. ) ;
#666 = PLANE ( 'NONE',  #7046 ) ;
#667 = EDGE_CURVE ( 'NONE', #3846, #3702, #1741, .T. ) ;
#668 = ORIENTED_EDGE ( 'NONE', *, *, #5036, .T. ) ;
#669 = CARTESIAN_POINT ( 'NONE',  ( 1.640153973164186096, 0.1430937420675128802, 2.495901476617440107 ) ) ;
#670 = LINE ( 'NONE', #2906, #8257 ) ;
#671 = CARTESIAN_POINT ( 'NONE',  ( 2.484952097818029948, 0.1820009806186936030, 2.493366327488568679 ) ) ;
#672 = COLOUR_RGB ( '',0.6666666666666666297, 0.6666666666666666297, 0.6666666666666666297 ) ;
#673 = CARTESIAN_POINT ( 'NONE',  ( 3.093503138993078494, -0.1962159646772897725, 2.502318783689592152 ) ) ;
#674 = CARTESIAN_POINT ( 'NONE',  ( 2.641451710881328019, -0.2014260269099943379, 2.501904785495094430 ) ) ;
#675 = EDGE_CURVE ( 'NONE', #5531, #3094, #7770, .T. ) ;
#676 = B_SPLINE_CURVE_WITH_KNOTS ( 'NONE', 3,
 ( #580, #1381, #6723, #5863 ),
 .UNSPECIFIED., .F., .F.,
 ( 4, 4 ),
 ( 0.000000000000000000, 1.000000000000000000 ),
 .UNSPECIFIED. ) ;
#677 = CARTESIAN_POINT ( 'NONE',  ( 3.130013979308440941, -0.1053673393113183920, 2.497778557800201416 ) ) ;
#678 = ORIENTED_EDGE ( 'NONE', *, *, #8985, .T. ) ;
#679 = DIRECTION ( 'NONE',  ( -1.000000000000000000, 0.000000000000000000, 0.000000000000000000 ) ) ;
#680 = LINE ( 'NONE', #5915, #6060 ) ;
#681 = CARTESIAN_POINT ( 'NONE',  ( 1.576457688715584338, -0.02736708171384788502, 2.509850800911972435 ) ) ;
#682 = ADVANCED_FACE ( 'NONE', ( #2492 ), #9110, .T. ) ;
#683 = ORIENTED_EDGE ( 'NONE', *, *, #8356, .T. ) ;
#684 = CARTESIAN_POINT ( 'NONE',  ( 2.282191146199588072, 0.3459691546142519281, 2.486042104240292261 ) ) ;
#685 = ORIENTED_EDGE ( 'NONE', *, *, #1603, .F. ) ;
#686 = CARTESIAN_POINT ( 'NONE',  ( 3.097148132149224242, -0.1062330825052728439, 2.497741886621079210 ) ) ;
#687 = CARTESIAN_POINT ( 'NONE',  ( 5.500000000000000000, -5.510910596163087707E-17, -1.000000000000000222 ) ) ;
#688 = FILL_AREA_STYLE ('',( #7466 ) ) ;
#689 = FACE_BOUND ( 'NONE', #6474, .T. ) ;
#690 = DIRECTION ( 'NONE',  ( 0.000000000000000000, 0.000000000000000000, -1.000000000000000000 ) ) ;
#691 = B_SPLINE_CURVE_WITH_KNOTS ( 'NONE', 3,
 ( #1646, #8376, #1689, #5958 ),
 .UNSPECIFIED., .F., .F.,
 ( 4, 4 ),
 ( 0.000000000000000000, 1.000000000000000000 ),
 .UNSPECIFIED. ) ;
#692 = ADVANCED_FACE ( 'NONE', ( #3213 ), #1808, .T. ) ;
#693 = CARTESIAN_POINT ( 'NONE',  ( 3.299831243650101165, -0.06813744104513655420, 2.500374260030349127 ) ) ;
#694 = CARTESIAN_POINT ( 'NONE',  ( 2.086353122880875599, 0.01262211689126004413, 2.509968263178876224 ) ) ;
#695 = ORIENTED_EDGE ( 'NONE', *, *, #8054, .T. ) ;
#696 = ORIENTED_EDGE ( 'NONE', *, *, #1867, .F. ) ;
#697 = SURFACE_STYLE_FILL_AREA ( #1456 ) ;
#698 = CARTESIAN_POINT ( 'NONE',  ( 1.094434427590988079, -0.1555610919463674136, 2.505244036185557910 ) ) ;
#699 = LINE ( 'NONE', #3698, #3329 ) ;
#700 = CARTESIAN_POINT ( 'NONE',  ( 1.022360031386479129, 0.2180183049075158641, 2.490475538408671419 ) ) ;
#701 = CARTESIAN_POINT ( 'NONE',  ( 2.117609719517861588, 0.000000000000000000, 0.000000000000000000 ) ) ;
#702 = CARTESIAN_POINT ( 'NONE',  ( 2.479025019937752372, -0.1258321780137749146, 2.496837598336009822 ) ) ;
#703 = EDGE_LOOP ( 'NONE', ( #241, #3373, #5694, #8164 ) ) ;
#704 = ORIENTED_EDGE ( 'NONE', *, *, #9564, .F. ) ;
#705 = EDGE_CURVE ( 'NONE', #3449, #805, #4860, .T. ) ;
#706 = ORIENTED_EDGE ( 'NONE', *, *, #6330, .T. ) ;
#707 = FACE_OUTER_BOUND ( 'NONE', #4999, .T. ) ;
#708 = FACE_OUTER_BOUND ( 'NONE', #3806, .T. ) ;
#709 = CARTESIAN_POINT ( 'NONE',  ( 1.647040053532354165, 0.1430937420675128802, 2.495901476617440107 ) ) ;
#710 = EDGE_CURVE ( 'NONE', #1943, #4767, #9169, .T. ) ;
#711 = ORIENTED_EDGE ( 'NONE', *, *, #2609, .T. ) ;
#712 = ORIENTED_EDGE ( 'NONE', *, *, #2759, .T. ) ;
#713 = CARTESIAN_POINT ( 'NONE',  ( 4.500000000000000000, -0.05684753223574125214, 2.509356164054577842 ) ) ;
#714 = CARTESIAN_POINT ( 'NONE',  ( 2.887140939299873921, -0.2025409522305853804, 2.501814773853078044 ) ) ;
#715 = DIRECTION ( 'NONE',  ( -1.000000000000000000, -0.000000000000000000, -0.000000000000000000 ) ) ;
#716 = VERTEX_POINT ( 'NONE', #9244 ) ;
#717 = FACE_OUTER_BOUND ( 'NONE', #7706, .T. ) ;
#718 = EDGE_CURVE ( 'NONE', #7092, #1417, #2777, .T. ) ;
#719 = CARTESIAN_POINT ( 'NONE',  ( -4.500000000000000000, 0.000000000000000000, 0.4499999999999999001 ) ) ;
#720 = CARTESIAN_POINT ( 'NONE',  ( 1.390533354600380633, 0.4590342622972505837, 2.457496194511238574 ) ) ;
#721 = AXIS2_PLACEMENT_3D ( 'NONE', #8607, #8473, #1132 ) ;
#722 = CARTESIAN_POINT ( 'NONE',  ( 3.251512393562173919, -0.01844857768386853197, 2.509932200275824865 ) ) ;
#723 = ORIENTED_EDGE ( 'NONE', *, *, #5181, .F. ) ;
#724 = ADVANCED_FACE ( 'NONE', ( #2628 ), #9320, .T. ) ;
#725 = ADVANCED_FACE ( 'NONE', ( #1147 ), #5180, .T. ) ;
#726 = CARTESIAN_POINT ( 'NONE',  ( 2.948106776304786791, 0.3644372414834211593, 2.473294462254738590 ) ) ;
#727 = CIRCLE ( 'NONE', #6196, 2.500000000000000000 ) ;
#728 = UNCERTAINTY_MEASURE_WITH_UNIT (LENGTH_MEASURE( 1.000000000000000082E-05 ), #3513, 'distance_accuracy_value', 'NONE');
#729 = ORIENTED_EDGE ( 'NONE', *, *, #7988, .F. ) ;
#730 = CARTESIAN_POINT ( 'NONE',  ( 2.475544171701593577, -0.2094773529008085999, 2.501243538446760617 ) ) ;
#731 = ORIENTED_EDGE ( 'NONE', *, *, #2502, .T. ) ;
#732 = B_SPLINE_SURFACE_WITH_KNOTS ( 'NONE', 1, 3, ( 
 ( #4742, #7696, #1575, #5271, #7542, #6762 ),
 ( #82, #4533, #8262, #1018, #8209, #285 ) ),
 .UNSPECIFIED., .F., .F., .F.,
 ( 2, 2 ),
 ( 4, 2, 4 ),
 ( 0.000000000000000000, 1.000000000000000000 ),
 ( 0.000000000000000000, 0.5000000000000000000, 1.000000000000000000 ),
 .UNSPECIFIED. ) ;
#733 = LINE ( 'NONE', #4459, #112 ) ;
#734 = DIRECTION ( 'NONE',  ( -0.000000000000000000, 1.000000000000000000, -0.000000000000000000 ) ) ;
#735 =( LENGTH_UNIT ( ) NAMED_UNIT ( * ) SI_UNIT ( .MILLI., .METRE. ) );
#736 = CARTESIAN_POINT ( 'NONE',  ( 2.506343854511168256, -0.07792600457793050217, 2.508790076354591392 ) ) ;
#737 = CIRCLE ( 'NONE', #6201, 2.500000000000000000 ) ;
#738 = ORIENTED_EDGE ( 'NONE', *, *, #3637, .T. ) ;
#739 = FACE_OUTER_BOUND ( 'NONE', #6362, .T. ) ;
#740 = CARTESIAN_POINT ( 'NONE',  ( 2.204199776340657557, 0.000000000000000000, 0.000000000000000000 ) ) ;
#741 = EDGE_LOOP ( 'NONE', ( #7537, #2899, #9380, #7306 ) ) ;
#742 = COLOUR_RGB ( '',0.6666666666666666297, 0.6666666666666666297, 0.6666666666666666297 ) ;
#743 = ORIENTED_EDGE ( 'NONE', *, *, #2480, .T. ) ;
#744 = CARTESIAN_POINT ( 'NONE',  ( 2.581692811765796236, -0.2855362590358013763, 2.493705885780406195 ) ) ;
#745 = CARTESIAN_POINT ( 'NONE',  ( 2.319199294265130273, -0.07728625376108376466, 2.498805081429837927 ) ) ;
#746 = CARTESIAN_POINT ( 'NONE',  ( 2.698074606906408768, -0.1229547356548853637, 2.497855990507768631 ) ) ;
#747 = CARTESIAN_POINT ( 'NONE',  ( 2.989204558813184587, 0.2487250956825431403, 2.497646057146150511 ) ) ;
#748 = CARTESIAN_POINT ( 'NONE',  ( 3.130013979308440941, -0.1053673393113183920, 2.497778557800201416 ) ) ;
#749 = CIRCLE ( 'NONE', #2818, 2.500000000000000000 ) ;
#750 = DIRECTION ( 'NONE',  ( 1.000000000000000000, 0.000000000000000000, 0.000000000000000000 ) ) ;
#751 = ORIENTED_EDGE ( 'NONE', *, *, #8128, .T. ) ;
#752 = ORIENTED_EDGE ( 'NONE', *, *, #8761, .T. ) ;
#753 = ORIENTED_EDGE ( 'NONE', *, *, #4399, .F. ) ;
#754 = DIRECTION ( 'NONE',  ( 1.000000000000000000, 0.000000000000000000, 0.000000000000000000 ) ) ;
#755 = B_SPLINE_CURVE_WITH_KNOTS ( 'NONE', 3,
 ( #1444, #1246, #8673, #3508 ),
 .UNSPECIFIED., .F., .F.,
 ( 4, 4 ),
 ( 0.000000000000000000, 1.000000000000000000 ),
 .UNSPECIFIED. ) ;
#756 = CARTESIAN_POINT ( 'NONE',  ( 2.086353122880875599, -0.2292359742274495404, 2.489467988972743129 ) ) ;
#757 = CARTESIAN_POINT ( 'NONE',  ( 1.780752329522085065, 0.04647743860040294550, 2.499850482305512323 ) ) ;
#758 = ORIENTED_EDGE ( 'NONE', *, *, #8925, .F. ) ;
#759 = CARTESIAN_POINT ( 'NONE',  ( 0.7902854603719711157, 0.1203848328117689825, 2.508290520598796647 ) ) ;
#760 = EDGE_CURVE ( 'NONE', #805, #8480, #7344, .T. ) ;
#761 = ORIENTED_EDGE ( 'NONE', *, *, #9459, .T. ) ;
#762 = CARTESIAN_POINT ( 'NONE',  ( 3.097035744541611457, -0.09892134540933980591, 2.498052866860602350 ) ) ;
#763 = SURFACE_STYLE_FILL_AREA ( #8168 ) ;
#764 = FACE_OUTER_BOUND ( 'NONE', #4216, .T. ) ;
#765 =( GEOMETRIC_REPRESENTATION_CONTEXT ( 3 ) GLOBAL_UNCERTAINTY_ASSIGNED_CONTEXT ( ( #4358 ) ) GLOBAL_UNIT_ASSIGNED_CONTEXT ( ( #9584, #1658, #8864 ) ) REPRESENTATION_CONTEXT ( 'NONE', 'WORKASPACE' ) );
#766 = EDGE_CURVE ( 'NONE', #8357, #2108, #3579, .T. ) ;
#767 = CARTESIAN_POINT ( 'NONE',  ( 2.342719109556029355, 0.1781735066997538752, 2.493642757395355680 ) ) ;
#768 = CARTESIAN_POINT ( 'NONE',  ( 1.781165970462923909, 0.002033401889662393019, 2.509999999301361751 ) ) ;
#769 = B_SPLINE_CURVE_WITH_KNOTS ( 'NONE', 1,
 ( #1071, #7007 ),
 .UNSPECIFIED., .F., .F.,
 ( 2, 2 ),
 ( 0.000000000000000000, 1.000000000000000000 ),
 .UNSPECIFIED. ) ;
#770 = ORIENTED_EDGE ( 'NONE', *, *, #1165, .T. ) ;
#771 = PLANE ( 'NONE',  #503 ) ;
#772 = CARTESIAN_POINT ( 'NONE',  ( 1.566128584581046645, -0.2309924597405297875, 2.499348411795166314 ) ) ;
#773 = B_SPLINE_CURVE_WITH_KNOTS ( 'NONE', 3,
 ( #3439, #1142, #4110, #5628 ),
 .UNSPECIFIED., .F., .F.,
 ( 4, 4 ),
 ( 0.000000000000000000, 1.000000000000000000 ),
 .UNSPECIFIED. ) ;
#774 = CARTESIAN_POINT ( 'NONE',  ( 2.816595252271961947, 0.2145344319036866509, 2.500945448612917232 ) ) ;
#775 = B_SPLINE_CURVE_WITH_KNOTS ( 'NONE', 3,
 ( #2448, #6165, #9104, #7572 ),
 .UNSPECIFIED., .F., .F.,
 ( 4, 4 ),
 ( 0.000000000000000000, 0.1189210351215573974 ),
 .UNSPECIFIED. ) ;
#776 = EDGE_LOOP ( 'NONE', ( #6245, #4165, #5325, #4661, #1520, #7000, #8174, #6857, #3694, #6264, #2211, #5794, #9337, #5488, #8346 ) ) ;
#777 = EDGE_CURVE ( 'NONE', #180, #7140, #8888, .T. ) ;
#778 = AXIS2_PLACEMENT_3D ( 'NONE', #1097, #6298, #6885 ) ;
#779 = CARTESIAN_POINT ( 'NONE',  ( 2.276368668441867804, -0.1813450223369683645, 2.503440429264017109 ) ) ;
#780 = VERTEX_POINT ( 'NONE', #2950 ) ;
#781 = CARTESIAN_POINT ( 'NONE',  ( 3.093489597830168858, -0.01956131693522765794, 2.509923774715033140 ) ) ;
#782 = EDGE_CURVE ( 'NONE', #5059, #53, #8846, .T. ) ;
#783 = EDGE_LOOP ( 'NONE', ( #8993, #8693, #213, #1543 ) ) ;
#784 = CARTESIAN_POINT ( 'NONE',  ( 1.338899840007008457, 0.3566699052782576485, 2.474426559960707372 ) ) ;
#785 = EDGE_CURVE ( 'NONE', #942, #4327, #3495, .T. ) ;
#786 = CIRCLE ( 'NONE', #7315, 2.510000000000000231 ) ;
#787 = FILL_AREA_STYLE ('',( #4508 ) ) ;
#788 = CARTESIAN_POINT ( 'NONE',  ( 2.946993698780764781, 0.3594068957899240746, 2.484143653775501726 ) ) ;
#789 = CARTESIAN_POINT ( 'NONE',  ( 0.7971619419132143225, -0.02550827375483072021, 2.510000000620432825 ) ) ;
#790 = CARTESIAN_POINT ( 'NONE',  ( 3.361312794421991601, -0.2298472701587221390, 2.496106570276670045 ) ) ;
#791 = EDGE_CURVE ( 'NONE', #5168, #1207, #8552, .T. ) ;
#792 = ORIENTED_EDGE ( 'NONE', *, *, #1937, .T. ) ;
#793 = AXIS2_PLACEMENT_3D ( 'NONE', #4257, #5724, #1236 ) ;
#794 = DIRECTION ( 'NONE',  ( -1.000000000000000000, -0.000000000000000000, -0.000000000000000000 ) ) ;
#795 = B_SPLINE_CURVE_WITH_KNOTS ( 'NONE', 3,
 ( #8068, #5942, #7332, #5171 ),
 .UNSPECIFIED., .F., .F.,
 ( 4, 4 ),
 ( 0.9480781303994271214, 1.000000000000000000 ),
 .UNSPECIFIED. ) ;
#796 = ORIENTED_EDGE ( 'NONE', *, *, #6681, .F. ) ;
#797 = FACE_OUTER_BOUND ( 'NONE', #7647, .T. ) ;
#798 = EDGE_LOOP ( 'NONE', ( #704, #1980, #8670, #2647 ) ) ;
#799 = CARTESIAN_POINT ( 'NONE',  ( 2.262504160562355260, -0.09819356130532837235, 2.498070860587860764 ) ) ;
#800 = LINE ( 'NONE', #6124, #5485 ) ;
#801 = CARTESIAN_POINT ( 'NONE',  ( 3.090895537349496625, -0.1564711339235533294, 2.495179775725894444 ) ) ;
#802 = CARTESIAN_POINT ( 'NONE',  ( 1.292406635476338606, -0.05651962361396299650, 2.499361024771438622 ) ) ;
#803 = AXIS2_PLACEMENT_3D ( 'NONE', #4463, #7414, #5250 ) ;
#804 = CARTESIAN_POINT ( 'NONE',  ( 2.457099684972713582, -0.1005436841115365521, 2.497977375314932580 ) ) ;
#805 = VERTEX_POINT ( 'NONE', #2270 ) ;
#806 = VERTEX_POINT ( 'NONE', #5233 ) ;
#807 = ORIENTED_EDGE ( 'NONE', *, *, #9378, .T. ) ;
#808 = DIRECTION ( 'NONE',  ( -1.000000000000000000, -0.000000000000000000, -0.000000000000000000 ) ) ;
#809 = ADVANCED_FACE ( 'NONE', ( #2174 ), #8568, .F. ) ;
#810 =( GEOMETRIC_REPRESENTATION_CONTEXT ( 3 ) GLOBAL_UNCERTAINTY_ASSIGNED_CONTEXT ( ( #5241 ) ) GLOBAL_UNIT_ASSIGNED_CONTEXT ( ( #9368, #5806, #2126 ) ) REPRESENTATION_CONTEXT ( 'NONE', 'WORKASPACE' ) );
#811 = CARTESIAN_POINT ( 'NONE',  ( 2.907937407556844267, 0.2477341590463576770, 2.487695276041982151 ) ) ;
#812 = CARTESIAN_POINT ( 'NONE',  ( 3.130013979308440941, -0.1057888086685636747, 2.507769672031402219 ) ) ;
#813 = ORIENTED_EDGE ( 'NONE', *, *, #1048, .T. ) ;
#814 = PRESENTATION_STYLE_ASSIGNMENT (( #3899 ) ) ;
#815 = B_SPLINE_CURVE_WITH_KNOTS ( 'NONE', 3,
 ( #3645, #9540, #6596, #2736 ),
 .UNSPECIFIED., .F., .F.,
 ( 4, 4 ),
 ( 0.000000000000000000, 1.000000000000000000 ),
 .UNSPECIFIED. ) ;
#816 = ORIENTED_EDGE ( 'NONE', *, *, #2705, .F. ) ;
#817 = LINE ( 'NONE', #5329, #5743 ) ;
#818 = CARTESIAN_POINT ( 'NONE',  ( 3.071276335330218821, -0.1765536489330275516, 2.493757969220035786 ) ) ;
#819 = CIRCLE ( 'NONE', #3941, 2.510000000000000231 ) ;
#820 = AXIS2_PLACEMENT_3D ( 'NONE', #7589, #912, #6852 ) ;
#821 = CYLINDRICAL_SURFACE ( 'NONE', #3187, 2.500000000000000000 ) ;
#822 = EDGE_CURVE ( 'NONE', #1576, #8310, #5663, .T. ) ;
#823 = B_SPLINE_SURFACE_WITH_KNOTS ( 'NONE', 1, 3, ( 
 ( #1379, #7248, #5861, #8802 ),
 ( #578, #5955, #5136, #2998 ) ),
 .UNSPECIFIED., .F., .F., .F.,
 ( 2, 2 ),
 ( 4, 4 ),
 ( 0.000000000000000000, 1.000000000000000000 ),
 ( 0.000000000000000000, 1.000000000000000000 ),
 .UNSPECIFIED. ) ;
#824 = CARTESIAN_POINT ( 'NONE',  ( 4.500000000000000000, -0.1209359191368966358, 2.507084861639612416 ) ) ;
#825 = ORIENTED_EDGE ( 'NONE', *, *, #7590, .T. ) ;
#826 = CARTESIAN_POINT ( 'NONE',  ( 3.292424493319719758, -0.1359072883614094174, 2.496303108392538661 ) ) ;
#827 = B_SPLINE_CURVE_WITH_KNOTS ( 'NONE', 3,
 ( #7966, #2781, #5878, #1248, #5737, #5064, #2000, #6496, #9445, #1205 ),
 .UNSPECIFIED., .F., .F.,
 ( 4, 2, 2, 2, 4 ),
 ( 0.000000000000000000, 0.4704925108044072379, 0.7057387662066116896, 0.8233618939077140819, 0.9409850216088165853 ),
 .UNSPECIFIED. ) ;
#828 = AXIS2_PLACEMENT_3D ( 'NONE', #3514, #6449, #9452 ) ;
#829 = CARTESIAN_POINT ( 'NONE',  ( 2.952625056610553855, 0.3476511202129865530, 2.475709736341208611 ) ) ;
#830 =( LENGTH_UNIT ( ) NAMED_UNIT ( * ) SI_UNIT ( .MILLI., .METRE. ) );
#831 = PRESENTATION_STYLE_ASSIGNMENT (( #878 ) ) ;
#832 = ORIENTED_EDGE ( 'NONE', *, *, #5585, .F. ) ;
#833 = CARTESIAN_POINT ( 'NONE',  ( 3.247365478760182000, -0.03533309113959914871, 2.499750302064292384 ) ) ;
#834 = VERTEX_POINT ( 'NONE', #399 ) ;
#835 = CARTESIAN_POINT ( 'NONE',  ( 2.342719109556029355, 0.1788862007265528964, 2.503617328424937227 ) ) ;
#836 = ORIENTED_EDGE ( 'NONE', *, *, #1642, .F. ) ;
#837 = CARTESIAN_POINT ( 'NONE',  ( 2.724235271281369997, -0.05662104804356698357, 2.499358729138025925 ) ) ;
#838 = B_SPLINE_CURVE_WITH_KNOTS ( 'NONE', 1,
 ( #562, #2794 ),
 .UNSPECIFIED., .F., .F.,
 ( 2, 2 ),
 ( 0.000000000000000000, 1.000000000000000000 ),
 .UNSPECIFIED. ) ;
#839 = EDGE_CURVE ( 'NONE', #1996, #844, #6236, .T. ) ;
#840 = CARTESIAN_POINT ( 'NONE',  ( 1.482263879080983449, 0.04265472038624683326, 2.499727071336893758 ) ) ;
#841 = CARTESIAN_POINT ( 'NONE',  ( 2.948292459056874648, 0.3658949904493548066, 2.483187640103757143 ) ) ;
#842 = CARTESIAN_POINT ( 'NONE',  ( 2.368908078254373883, 0.3708735240784140075, 2.472337541668069072 ) ) ;
#843 = CARTESIAN_POINT ( 'NONE',  ( 2.637335743205095007, -0.1871763142755285547, 2.503011192019370501 ) ) ;
#844 = VERTEX_POINT ( 'NONE', #9333 ) ;
#845 = CARTESIAN_POINT ( 'NONE',  ( 2.965870426274356930, 0.3950250790129263279, 2.468593767097136293 ) ) ;
#846 = EDGE_CURVE ( 'NONE', #2890, #4431, #1237, .T. ) ;
#847 = CARTESIAN_POINT ( 'NONE',  ( 0.9695574795675230284, -0.09651411375299154272, 2.498181807089261408 ) ) ;
#848 = ORIENTED_EDGE ( 'NONE', *, *, #5817, .F. ) ;
#849 = CARTESIAN_POINT ( 'NONE',  ( 2.564486210053318338, -0.2820786340282835924, 2.494099365347085762 ) ) ;
#850 = ORIENTED_EDGE ( 'NONE', *, *, #2141, .F. ) ;
#851 = B_SPLINE_CURVE_WITH_KNOTS ( 'NONE', 3,
 ( #3658, #4382, #8643, #5848 ),
 .UNSPECIFIED., .F., .F.,
 ( 4, 4 ),
 ( 0.000000000000000000, 1.000000000000000000 ),
 .UNSPECIFIED. ) ;
#852 = EDGE_CURVE ( 'NONE', #5531, #348, #1728, .T. ) ;
#853 = CARTESIAN_POINT ( 'NONE',  ( 1.094428778919523060, -0.1919558412161214977, 2.492688735138216760 ) ) ;
#854 = CARTESIAN_POINT ( 'NONE',  ( 2.484952097818029948, 0.000000000000000000, 0.000000000000000000 ) ) ;
#855 = CARTESIAN_POINT ( 'NONE',  ( 2.405232302830831337, 0.3569651543193791965, 2.474383939206230121 ) ) ;
#856 = PLANE ( 'NONE',  #7435 ) ;
#857 = CARTESIAN_POINT ( 'NONE',  ( 2.932447530860537110, 0.3950250790129263279, 2.468593767097136293 ) ) ;
#858 = ORIENTED_EDGE ( 'NONE', *, *, #8419, .F. ) ;
#859 = EDGE_CURVE ( 'NONE', #7756, #228, #3461, .T. ) ;
#860 = EDGE_CURVE ( 'NONE', #1910, #654, #5198, .T. ) ;
#861 = ORIENTED_EDGE ( 'NONE', *, *, #5405, .T. ) ;
#862 = DIRECTION ( 'NONE',  ( -1.000000000000000000, 0.000000000000000000, 8.340016711426955288E-17 ) ) ;
#863 = CARTESIAN_POINT ( 'NONE',  ( 2.874762089145795230, 0.1550766931828142237, 2.505204825803966973 ) ) ;
#864 = CARTESIAN_POINT ( 'NONE',  ( 3.129506054068736276, -0.1434268239728841987, 2.506181934192436955 ) ) ;
#865 = ORIENTED_EDGE ( 'NONE', *, *, #4030, .T. ) ;
#866 = FILL_AREA_STYLE ('',( #8212 ) ) ;
#867 = ORIENTED_EDGE ( 'NONE', *, *, #9283, .T. ) ;
#868 = CARTESIAN_POINT ( 'NONE',  ( 2.389524695785710140, 0.3971835633745925964, 2.478383849940770212 ) ) ;
#869 = CARTESIAN_POINT ( 'NONE',  ( 2.791384284401949412, 0.3047881303277069076, 2.491433908955641652 ) ) ;
#870 = CYLINDRICAL_SURFACE ( 'NONE', #9325, 0.4499999999999999001 ) ;
#871 = CARTESIAN_POINT ( 'NONE',  ( 2.330897890696548735, -0.2046848707354196051, 2.491627865995805546 ) ) ;
#872 = ORIENTED_EDGE ( 'NONE', *, *, #2489, .T. ) ;
#873 = CARTESIAN_POINT ( 'NONE',  ( 1.769424251503944001, -0.05722668513584023425, 2.499474089997160586 ) ) ;
#874 = CARTESIAN_POINT ( 'NONE',  ( 2.256747995241840776, 0.2723574543420088090, 2.485120000536058971 ) ) ;
#875 = PRODUCT_DEFINITION ( 'δ֪', '', #4510, #2434 ) ;
#876 = FACE_OUTER_BOUND ( 'NONE', #4638, .T. ) ;
#877 = ADVANCED_FACE ( 'NONE', ( #7443 ), #4698, .T. ) ;
#878 = SURFACE_STYLE_USAGE ( .BOTH. , #9531 ) ;
#879 = VERTEX_POINT ( 'NONE', #818 ) ;
#880 = CARTESIAN_POINT ( 'NONE',  ( 2.578412416475610147, 0.000000000000000000, 0.000000000000000000 ) ) ;
#881 = VERTEX_POINT ( 'NONE', #3237 ) ;
#882 = CARTESIAN_POINT ( 'NONE',  ( 2.322046429800451062, -0.05266076266337145484, 2.499445307278339357 ) ) ;
#884 = EDGE_LOOP ( 'NONE', ( #3799, #751, #9335, #929 ) ) ;
#883 = PRESENTATION_LAYER_ASSIGNMENT (  '', '', ( #6032 ) ) ;
#885 = CARTESIAN_POINT ( 'NONE',  ( 2.571542154640000799, 0.2906845807296062900, 2.483042986846191180 ) ) ;
#886 = B_SPLINE_CURVE_WITH_KNOTS ( 'NONE', 3,
 ( #7142, #467, #7930, #1258 ),
 .UNSPECIFIED., .F., .F.,
 ( 4, 4 ),
 ( 0.2987548082066219801, 1.000000000000000000 ),
 .UNSPECIFIED. ) ;
#887 = CARTESIAN_POINT ( 'NONE',  ( 3.326775802495638423, -0.2301529181243587296, 2.499425860928633725 ) ) ;
#888 = CARTESIAN_POINT ( 'NONE',  ( 2.457099684972713582, -0.1005436841115365521, 2.497977375314932580 ) ) ;
#889 = ADVANCED_FACE ( 'NONE', ( #4487 ), #6768, .T. ) ;
#890 = CARTESIAN_POINT ( 'NONE',  ( 3.068885191398339263, -0.2184094225167455550, 2.500578455057883787 ) ) ;
#891 = CARTESIAN_POINT ( 'NONE',  ( 2.697496954949315739, 0.3689686100927540569, 2.482732801725997529 ) ) ;
#892 = CARTESIAN_POINT ( 'NONE',  ( 4.500000000000000000, 0.000000000000000000, 2.510000000000000231 ) ) ;
#893 = B_SPLINE_CURVE_WITH_KNOTS ( 'NONE', 3,
 ( #2482, #7561, #155, #3157 ),
 .UNSPECIFIED., .F., .F.,
 ( 4, 4 ),
 ( 0.000000000000000000, 1.000000000000000000 ),
 .UNSPECIFIED. ) ;
#894 = AXIS2_PLACEMENT_3D ( 'NONE', #592, #1395, #4363 ) ;
#895 = CARTESIAN_POINT ( 'NONE',  ( 2.534158027177594086, -0.06057502141813732310, 2.509268950666746267 ) ) ;
#896 = EDGE_CURVE ( 'NONE', #4695, #7779, #1684, .T. ) ;
#897 = CARTESIAN_POINT ( 'NONE',  ( 2.999293321688194069, -0.2025409522305853804, 2.501814773853078044 ) ) ;
#898 = ORIENTED_EDGE ( 'NONE', *, *, #4816, .F. ) ;
#899 = LINE ( 'NONE', #227, #2240 ) ;
#900 = EDGE_LOOP ( 'NONE', ( #7565, #1593, #1052, #2554 ) ) ;
#901 = CARTESIAN_POINT ( 'NONE',  ( 1.161570944305657660, -0.2403555797318659148, 2.488419015216641217 ) ) ;
#902 = CARTESIAN_POINT ( 'NONE',  ( 1.094428778919523060, -0.1927236645809859983, 2.502659490078769533 ) ) ;
#903 = CIRCLE ( 'NONE', #7600, 0.4499999999999999001 ) ;
#904 = CARTESIAN_POINT ( 'NONE',  ( 2.952625056610553855, 0.3490417246938384843, 2.485612575286573644 ) ) ;
#905 = CARTESIAN_POINT ( 'NONE',  ( 2.337148626987063604, -0.1224670033783974016, 2.507011688567623242 ) ) ;
#906 = DIRECTION ( 'NONE',  ( 0.000000000000000000, 0.1580100316051670228, 0.9874375068388550059 ) ) ;
#907 = B_SPLINE_SURFACE_WITH_KNOTS ( 'NONE', 1, 3, ( 
 ( #5543, #4063, #8484, #7119 ),
 ( #4768, #9331, #7855, #1899 ) ),
 .UNSPECIFIED., .F., .F., .F.,
 ( 2, 2 ),
 ( 4, 4 ),
 ( 0.000000000000000000, 1.000000000000000000 ),
 ( 0.000000000000000000, 1.000000000000000000 ),
 .UNSPECIFIED. ) ;
#908 = ORIENTED_EDGE ( 'NONE', *, *, #6623, .F. ) ;
#909 = ORIENTED_EDGE ( 'NONE', *, *, #6323, .F. ) ;
#910 = B_SPLINE_CURVE_WITH_KNOTS ( 'NONE', 3,
 ( #2336, #3729, #2387, #6593 ),
 .UNSPECIFIED., .F., .F.,
 ( 4, 4 ),
 ( 0.000000000000000000, 1.000000000000000000 ),
 .UNSPECIFIED. ) ;
#911 = ADVANCED_FACE ( 'NONE', ( #764 ), #925, .T. ) ;
#912 = DIRECTION ( 'NONE',  ( -1.000000000000000000, -0.000000000000000000, -0.000000000000000000 ) ) ;
#913 = PRESENTATION_LAYER_ASSIGNMENT (  '', '', ( #4038 ) ) ;
#914 = CARTESIAN_POINT ( 'NONE',  ( 2.389524692703610675, 0.3956011599801403378, 2.468509810502431900 ) ) ;
#915 = CARTESIAN_POINT ( 'NONE',  ( 2.874762089145795674, 0.1544588577518025696, 2.495223930083632524 ) ) ;
#916 = ORIENTED_EDGE ( 'NONE', *, *, #5276, .T. ) ;
#917 = CIRCLE ( 'NONE', #8679, 0.2000000000000000944 ) ;
#918 = EDGE_CURVE ( 'NONE', #9356, #172, #3764, .T. ) ;
#919 = CARTESIAN_POINT ( 'NONE',  ( 2.826241473883466249, 0.3150527770208354505, 2.490409495631935588 ) ) ;
#920 = EDGE_CURVE ( 'NONE', #9630, #273, #2523, .T. ) ;
#921 = ORIENTED_EDGE ( 'NONE', *, *, #2854, .T. ) ;
#922 = FACE_OUTER_BOUND ( 'NONE', #6553, .T. ) ;
#923 = CARTESIAN_POINT ( 'NONE',  ( 2.697496954949315739, 0.3674986156302331164, 2.472841435982069402 ) ) ;
#924 = COLOUR_RGB ( '',1.000000000000000000, 1.000000000000000000, 1.000000000000000000 ) ;
#925 = PLANE ( 'NONE',  #7798 ) ;
#926 = SURFACE_STYLE_USAGE ( .BOTH. , #1639 ) ;
#927 = CARTESIAN_POINT ( 'NONE',  ( 2.509621677659696015, -0.1746177943601522620, 2.493900860547141551 ) ) ;
#928 = B_SPLINE_CURVE_WITH_KNOTS ( 'NONE', 1,
 ( #8205, #1573 ),
 .UNSPECIFIED., .F., .F.,
 ( 2, 2 ),
 ( 0.000000000000000000, 1.000000000000000000 ),
 .UNSPECIFIED. ) ;
#929 = ORIENTED_EDGE ( 'NONE', *, *, #4806, .F. ) ;
#930 = CARTESIAN_POINT ( 'NONE',  ( 1.292406635476338606, -0.05674570210841601431, 2.509358468870524383 ) ) ;
#931 = CARTESIAN_POINT ( 'NONE',  ( 2.592152940145814544, -0.05684753223574125214, 2.509356164054577842 ) ) ;
#932 = PRESENTATION_LAYER_ASSIGNMENT (  '', '', ( #9153 ) ) ;
#933 = DIRECTION ( 'NONE',  ( -1.000000000000000000, -0.000000000000000000, -0.000000000000000000 ) ) ;
#934 = SURFACE_STYLE_FILL_AREA ( #3246 ) ;
#935 = VERTEX_POINT ( 'NONE', #8217 ) ;
#936 = DIRECTION ( 'NONE',  ( -1.000000000000000000, 0.000000000000000000, 0.000000000000000000 ) ) ;
#937 = COLOUR_RGB ( '',0.2980392156862745057, 0.2980392156862745057, 0.2980392156862745057 ) ;
#938 = ADVANCED_FACE ( 'NONE', ( #3903 ), #870, .T. ) ;
#939 = UNCERTAINTY_MEASURE_WITH_UNIT (LENGTH_MEASURE( 1.000000000000000082E-05 ), #4761, 'distance_accuracy_value', 'NONE');
#940 = EDGE_LOOP ( 'NONE', ( #5266, #6249, #3282, #8318 ) ) ;
#941 = CARTESIAN_POINT ( 'NONE',  ( 1.778751947024478364, -0.03135663913353299581, 2.499998398705080227 ) ) ;
#942 = VERTEX_POINT ( 'NONE', #4938 ) ;
#943 = CARTESIAN_POINT ( 'NONE',  ( 3.230879094835615639, 4.838056489167904609E-11, 2.509999988992202002 ) ) ;
#944 = CARTESIAN_POINT ( 'NONE',  ( 2.534158027177594086, -0.06057502141813732310, 2.509268950666746267 ) ) ;
#945 = LINE ( 'NONE', #2669, #9177 ) ;
#946 = CARTESIAN_POINT ( 'NONE',  ( 4.500000000000000000, 0.000000000000000000, 0.000000000000000000 ) ) ;
#947 =( LENGTH_UNIT ( ) NAMED_UNIT ( * ) SI_UNIT ( .MILLI., .METRE. ) );
#948 = CARTESIAN_POINT ( 'NONE',  ( 2.167094173005884361, -0.2017340161659371967, 2.491847384315813319 ) ) ;
#949 = CARTESIAN_POINT ( 'NONE',  ( 2.497240240026343372, -0.1649086247224756108, 2.504581202270802720 ) ) ;
#950 = CARTESIAN_POINT ( 'NONE',  ( 3.061263251529999785, -0.1865283205226533625, 2.503076810751882597 ) ) ;
#951 = VERTEX_POINT ( 'NONE', #4749 ) ;
#952 = CARTESIAN_POINT ( 'NONE',  ( 2.327245546864423531, -0.1469154922194111923, 2.505697340231658909 ) ) ;
#953 = B_SPLINE_CURVE_WITH_KNOTS ( 'NONE', 3,
 ( #4238, #7194, #524, #5035 ),
 .UNSPECIFIED., .F., .F.,
 ( 4, 4 ),
 ( 0.000000000000000000, 1.000000000000000000 ),
 .UNSPECIFIED. ) ;
#954 = VERTEX_POINT ( 'NONE', #1073 ) ;
#955 =( NAMED_UNIT ( * ) SI_UNIT ( $, .STERADIAN. ) SOLID_ANGLE_UNIT ( ) );
#956 = CARTESIAN_POINT ( 'NONE',  ( 2.671914025684617666, -0.1892283122320340683, 2.493711102390435919 ) ) ;
#957 = CARTESIAN_POINT ( 'NONE',  ( 1.569571575511992778, -0.1236134541471153453, 2.496942072606775476 ) ) ;
#958 = DIRECTION ( 'NONE',  ( -1.000000000000000000, -0.000000000000000000, -0.000000000000000000 ) ) ;
#959 = FACE_OUTER_BOUND ( 'NONE', #4602, .T. ) ;
#960 = ORIENTED_EDGE ( 'NONE', *, *, #9047, .T. ) ;
#961 = AXIS2_PLACEMENT_3D ( 'NONE', #3132, #2406, #19 ) ;
#962 = CARTESIAN_POINT ( 'NONE',  ( 2.698734839966531407, 0.3950250790129175571, 2.468593767097137626 ) ) ;
#963 = CARTESIAN_POINT ( 'NONE',  ( 1.659951499370767580, -0.2300721710563045641, 2.489390848401560330 ) ) ;
#964 = CARTESIAN_POINT ( 'NONE',  ( 2.999479004441937491, -0.2301529181243587296, 2.499425860928633725 ) ) ;
#965 = ORIENTED_EDGE ( 'NONE', *, *, #4076, .T. ) ;
#966 = VECTOR ( 'NONE', #1742, 1000.000000000000000 ) ;
#967 = CARTESIAN_POINT ( 'NONE',  ( 2.697496954949315739, 0.3674986156302331164, 2.472841435982069402 ) ) ;
#968 = EDGE_LOOP ( 'NONE', ( #3748, #3891, #6684, #4008, #3371, #3608, #3749, #7072, #8677, #6940, #6388, #5236, #9389, #5470 ) ) ;
#969 = EDGE_CURVE ( 'NONE', #5931, #1576, #9539, .T. ) ;
#970 = CARTESIAN_POINT ( 'NONE',  ( 2.270926879893065742, -0.2293399348206447974, 2.499515911724205175 ) ) ;
#971 = CARTESIAN_POINT ( 'NONE',  ( 2.645753361309656437, -0.2552323279968282121, 2.486937164213305795 ) ) ;
#972 = SURFACE_SIDE_STYLE ('',( #6861 ) ) ;
#973 = B_SPLINE_SURFACE_WITH_KNOTS ( 'NONE', 1, 3, ( 
 ( #3732, #2238, #890, #6687 ),
 ( #4461, #8141, #4414, #6787 ) ),
 .UNSPECIFIED., .F., .F., .F.,
 ( 2, 2 ),
 ( 4, 4 ),
 ( 0.000000000000000000, 1.000000000000000000 ),
 ( 0.000000000000000000, 1.000000000000000000 ),
 .UNSPECIFIED. ) ;
#974 = AXIS2_PLACEMENT_3D ( 'NONE', #1861, #1666, #6218 ) ;
#975 = VECTOR ( 'NONE', #9155, 1000.000000000000000 ) ;
#976 = PLANE ( 'NONE',  #2572 ) ;
#977 = EDGE_CURVE ( 'NONE', #3808, #1075, #7227, .T. ) ;
#978 = ADVANCED_FACE ( 'NONE', ( #7887 ), #6875, .T. ) ;
#979 = CARTESIAN_POINT ( 'NONE',  ( 2.831467060735308294, -0.1204541027259926483, 2.497096475736665599 ) ) ;
#980 = ORIENTED_EDGE ( 'NONE', *, *, #7203, .T. ) ;
#981 = CARTESIAN_POINT ( 'NONE',  ( 2.728554507498650139, 0.1862543910074269948, 2.503080738649079873 ) ) ;
#982 = DIRECTION ( 'NONE',  ( -1.000000000000000000, -0.000000000000000000, -0.000000000000000000 ) ) ;
#983 =( GEOMETRIC_REPRESENTATION_CONTEXT ( 3 ) GLOBAL_UNCERTAINTY_ASSIGNED_CONTEXT ( ( #8135 ) ) GLOBAL_UNIT_ASSIGNED_CONTEXT ( ( #8513, #1181, #1836 ) ) REPRESENTATION_CONTEXT ( 'NONE', 'WORKASPACE' ) );
#984 = ADVANCED_FACE ( 'NONE', ( #4189 ), #3336, .F. ) ;
#985 = VECTOR ( 'NONE', #5570, 1000.000000000000000 ) ;
#986 = CARTESIAN_POINT ( 'NONE',  ( 2.645753361309656437, -0.2552323279968282121, 2.486937164213305795 ) ) ;
#987 = SURFACE_SIDE_STYLE ('',( #934 ) ) ;
#988 = ORIENTED_EDGE ( 'NONE', *, *, #1718, .T. ) ;
#989 = ADVANCED_FACE ( 'NONE', ( #5524 ), #9347, .T. ) ;
#990 = CARTESIAN_POINT ( 'NONE',  ( 2.365978116576936241, -0.05358900929213042397, 2.499425750068878571 ) ) ;
#991 = ORIENTED_EDGE ( 'NONE', *, *, #232, .T. ) ;
#992 = DIRECTION ( 'NONE',  ( 0.000000000000000000, 0.000000000000000000, 1.000000000000000000 ) ) ;
#993 = ORIENTED_EDGE ( 'NONE', *, *, #667, .F. ) ;
#994 = PLANE ( 'NONE',  #598 ) ;
#995 =( LENGTH_UNIT ( ) NAMED_UNIT ( * ) SI_UNIT ( .MILLI., .METRE. ) );
#996 = CARTESIAN_POINT ( 'NONE',  ( 2.466321928337154912, -0.08405479553050471120, 2.508592193113166502 ) ) ;
#997 = CARTESIAN_POINT ( 'NONE',  ( 2.255020980432139499, 0.1840863203842553752, 2.503240345361864350 ) ) ;
#998 = CARTESIAN_POINT ( 'NONE',  ( 2.534158027177594086, 0.000000000000000000, 0.000000000000000000 ) ) ;
#999 = CARTESIAN_POINT ( 'NONE',  ( 0.7898341364249591434, 0.02859630449438603159, 2.499879827123845821 ) ) ;
#1000 = MECHANICAL_DESIGN_GEOMETRIC_PRESENTATION_REPRESENTATION (  '', ( #7060 ), #3178 ) ;
#1001 = ADVANCED_FACE ( 'NONE', ( #8418 ), #2568, .T. ) ;
#1002 = ORIENTED_EDGE ( 'NONE', *, *, #9621, .T. ) ;
#1003 = LINE ( 'NONE', #845, #9034 ) ;
#1004 = CARTESIAN_POINT ( 'NONE',  ( 1.667599359790336688, 0.3313599080282578768, 2.478263105835378788 ) ) ;
#1005 = ORIENTED_EDGE ( 'NONE', *, *, #1084, .T. ) ;
#1006 = CARTESIAN_POINT ( 'NONE',  ( 0.8620261527772710153, -0.1448189065890112537, 2.505818725345942077 ) ) ;
#1007 = VERTEX_POINT ( 'NONE', #3565 ) ;
#1008 = CARTESIAN_POINT ( 'NONE',  ( 4.500000000000000000, -0.2034080885730866206, 2.501744421299474830 ) ) ;
#1009 = CARTESIAN_POINT ( 'NONE',  ( 3.251790917691548710, -0.1359072883614094174, 2.496303108392538661 ) ) ;
#1010 = CARTESIAN_POINT ( 'NONE',  ( 0.8988381410905202928, 0.09513154355218426950, 2.508659432459576788 ) ) ;
#1011 = CARTESIAN_POINT ( 'NONE',  ( 2.322046429800451062, -0.05287140571402494660, 2.509443088507452568 ) ) ;
#1012 = FACE_OUTER_BOUND ( 'NONE', #5265, .T. ) ;
#1013 = ADVANCED_FACE ( 'NONE', ( #6607 ), #7898, .F. ) ;
#1014 = VERTEX_POINT ( 'NONE', #8064 ) ;
#1015 = ORIENTED_EDGE ( 'NONE', *, *, #329, .F. ) ;
#1016 = CARTESIAN_POINT ( 'NONE',  ( 4.299999999999999822, 3.061616997868383141E-16, -2.500000000000000000 ) ) ;
#1017 = CARTESIAN_POINT ( 'NONE',  ( 2.466321928337154912, -0.08405479553050471120, 2.508592193113166058 ) ) ;
#1018 = CARTESIAN_POINT ( 'NONE',  ( 1.091847191819639296, -0.3319277005247076584, 2.477954954374290697 ) ) ;
#1019 = ORIENTED_EDGE ( 'NONE', *, *, #6158, .T. ) ;
#1020 = CARTESIAN_POINT ( 'NONE',  ( 3.292424493319719758, -0.1364509175148550524, 2.506288320826108418 ) ) ;
#1021 =( NAMED_UNIT ( * ) SI_UNIT ( $, .STERADIAN. ) SOLID_ANGLE_UNIT ( ) );
#1022 = CARTESIAN_POINT ( 'NONE',  ( 2.765665391797801576, 0.1668583633552305767, 2.504546579102158610 ) ) ;
#1023 = CARTESIAN_POINT ( 'NONE',  ( 0.8246521685234189381, -0.1020891214976182015, 2.498271523685666740 ) ) ;
#1024 = CARTESIAN_POINT ( 'NONE',  ( 2.612763725650701474, -0.2611981217262142607, 2.496372476455927192 ) ) ;
#1025 = EDGE_CURVE ( 'NONE', #5066, #6516, #4873, .T. ) ;
#1026 = CARTESIAN_POINT ( 'NONE',  ( 2.641250554566564990, -0.2006235327788787881, 2.491937037345711481 ) ) ;
#1027 = EDGE_CURVE ( 'NONE', #9614, #3937, #518, .T. ) ;
#1028 = DIRECTION ( 'NONE',  ( 1.000000000000000000, 0.000000000000000000, 0.000000000000000000 ) ) ;
#1029 = VERTEX_POINT ( 'NONE', #1414 ) ;
#1030 = CARTESIAN_POINT ( 'NONE',  ( 0.8999062758131060047, -0.1856451878142316436, 2.503459250038599038 ) ) ;
#1031 = ORIENTED_EDGE ( 'NONE', *, *, #1664, .T. ) ;
#1032 = FACE_BOUND ( 'NONE', #6003, .T. ) ;
#1033 = LINE ( 'NONE', #3959, #966 ) ;
#1034 = CARTESIAN_POINT ( 'NONE',  ( 2.257189253575690557, 0.3034604568867341756, 2.491771134244274322 ) ) ;
#1035 = B_SPLINE_CURVE_WITH_KNOTS ( 'NONE', 3,
 ( #2666, #4156, #5769, #3395 ),
 .UNSPECIFIED., .F., .F.,
 ( 4, 4 ),
 ( 0.9480780303304077172, 1.000000000000000000 ),
 .UNSPECIFIED. ) ;
#1036 = ORIENTED_EDGE ( 'NONE', *, *, #9273, .F. ) ;
#1037 = B_SPLINE_CURVE_WITH_KNOTS ( 'NONE', 3,
 ( #7735, #7694, #4687, #7785 ),
 .UNSPECIFIED., .F., .F.,
 ( 4, 4 ),
 ( 0.000000000000000000, 1.000000000000000000 ),
 .UNSPECIFIED. ) ;
#1038 = B_SPLINE_CURVE_WITH_KNOTS ( 'NONE', 1,
 ( #2790, #2159 ),
 .UNSPECIFIED., .F., .F.,
 ( 2, 2 ),
 ( 0.000000000000000000, 1.000000000000000000 ),
 .UNSPECIFIED. ) ;
#1039 = EDGE_CURVE ( 'NONE', #8581, #1502, #1571, .T. ) ;
#1040 = EDGE_LOOP ( 'NONE', ( #4927, #2447, #8057, #6379 ) ) ;
#1041 = FILL_AREA_STYLE ('',( #8332 ) ) ;
#1042 = VERTEX_POINT ( 'NONE', #6459 ) ;
#1043 = CARTESIAN_POINT ( 'NONE',  ( 3.201254261938807133, -0.1632154101174175254, 2.494666456643092722 ) ) ;
#1044 = ORIENTED_EDGE ( 'NONE', *, *, #5696, .T. ) ;
#1045 = CARTESIAN_POINT ( 'NONE',  ( 0.8706338106990590964, 0.2401675128977830143, 2.498483453166839396 ) ) ;
#1046 = FACE_OUTER_BOUND ( 'NONE', #3536, .T. ) ;
#1047 = CARTESIAN_POINT ( 'NONE',  ( 2.405232302830831337, 0.1644653016167798021, 2.494584367096872146 ) ) ;
#1048 = EDGE_CURVE ( 'NONE', #2377, #8083, #8952, .T. ) ;
#1049 = EDGE_CURVE ( 'NONE', #7103, #533, #1361, .T. ) ;
#1050 = CARTESIAN_POINT ( 'NONE',  ( 4.500000000000000000, 0.000000000000000000, 0.000000000000000000 ) ) ;
#1051 = CARTESIAN_POINT ( 'NONE',  ( 2.509621677659696015, -0.1746177943601522620, 2.493900860547141551 ) ) ;
#1052 = ORIENTED_EDGE ( 'NONE', *, *, #7730, .T. ) ;
#1053 = CARTESIAN_POINT ( 'NONE',  ( 3.045719295271546390, 0.008334290382165763719, 2.510000000271281451 ) ) ;
#1054 = CARTESIAN_POINT ( 'NONE',  ( 2.542451856779942787, -0.1830861253534215582, 2.503313698021698119 ) ) ;
#1055 = VECTOR ( 'NONE', #6571, 1000.000000000000000 ) ;
#1056 = ORIENTED_EDGE ( 'NONE', *, *, #1750, .F. ) ;
#1057 = CARTESIAN_POINT ( 'NONE',  ( 2.302983000563780802, -0.1267595933021929688, 2.496784332998319478 ) ) ;
#1058 = ORIENTED_EDGE ( 'NONE', *, *, #9313, .T. ) ;
#1059 = VERTEX_POINT ( 'NONE', #2898 ) ;
#1060 = CARTESIAN_POINT ( 'NONE',  ( 1.870035935261877169, 0.1096897928328601224, 2.497926422084447484 ) ) ;
#1061 = CARTESIAN_POINT ( 'NONE',  ( 2.637335743205095007, -0.1864305919078969864, 2.493039035875866727 ) ) ;
#1062 = AXIS2_PLACEMENT_3D ( 'NONE', #2549, #8538, #4127 ) ;
#1063 = ORIENTED_EDGE ( 'NONE', *, *, #3068, .F. ) ;
#1064 = CARTESIAN_POINT ( 'NONE',  ( 1.390533354600380633, 0.4590342622972505837, 2.457496194511238574 ) ) ;
#1065 =( GEOMETRIC_REPRESENTATION_CONTEXT ( 3 ) GLOBAL_UNCERTAINTY_ASSIGNED_CONTEXT ( ( #6779 ) ) GLOBAL_UNIT_ASSIGNED_CONTEXT ( ( #2566, #7842, #3425 ) ) REPRESENTATION_CONTEXT ( 'NONE', 'WORKASPACE' ) );
#1066 = DIRECTION ( 'NONE',  ( 1.000000000000000000, 0.000000000000000000, 0.000000000000000000 ) ) ;
#1067 = CARTESIAN_POINT ( 'NONE',  ( 1.068608810083886640, 0.3213189391376301551, 2.479264838485688571 ) ) ;
#1068 = ORIENTED_EDGE ( 'NONE', *, *, #6220, .F. ) ;
#1069 = EDGE_LOOP ( 'NONE', ( #8405, #371, #8221, #4593 ) ) ;
#1070 = CARTESIAN_POINT ( 'NONE',  ( 2.790276436849969066, 0.3633350098368424708, 2.473456623963084855 ) ) ;
#1071 = CARTESIAN_POINT ( 'NONE',  ( 2.840225097219448713, 0.1544588577518069827, 2.495223930083632080 ) ) ;
#1072 = SURFACE_STYLE_FILL_AREA ( #288 ) ;
#1073 = CARTESIAN_POINT ( 'NONE',  ( 2.948292459056874648, 0.3658949904493548066, 2.483187640103757143 ) ) ;
#1074 = COLOUR_RGB ( '',0.2980392156862745057, 0.2980392156862745057, 0.2980392156862745057 ) ;
#1075 = VERTEX_POINT ( 'NONE', #4232 ) ;
#1076 = DIRECTION ( 'NONE',  ( 0.000000000000000000, 0.000000000000000000, -1.000000000000000000 ) ) ;
#1077 = EDGE_CURVE ( 'NONE', #6771, #8066, #851, .T. ) ;
#1078 = ORIENTED_EDGE ( 'NONE', *, *, #777, .T. ) ;
#1079 = CARTESIAN_POINT ( 'NONE',  ( 2.790276436849969066, 0.1890500426927995414, 2.502870368468541162 ) ) ;
#1080 = ORIENTED_EDGE ( 'NONE', *, *, #52, .F. ) ;
#1081 = CIRCLE ( 'NONE', #5287, 2.500000000000000000 ) ;
#1082 =( NAMED_UNIT ( * ) PLANE_ANGLE_UNIT ( ) SI_UNIT ( $, .RADIAN. ) );
#1083 = CARTESIAN_POINT ( 'NONE',  ( 1.195891891611592595, -0.2338799292577677935, 2.489070839348793918 ) ) ;
#1084 = EDGE_CURVE ( 'NONE', #4498, #3937, #2166, .T. ) ;
#1085 = CARTESIAN_POINT ( 'NONE',  ( 2.788172032324740535, 0.000000000000000000, 0.000000000000000000 ) ) ;
#1086 = ORIENTED_EDGE ( 'NONE', *, *, #8266, .T. ) ;
#1087 = CIRCLE ( 'NONE', #8381, 2.500000000000000444 ) ;
#1088 = ORIENTED_EDGE ( 'NONE', *, *, #5353, .F. ) ;
#1089 = PRESENTATION_LAYER_ASSIGNMENT (  '', '', ( #7923 ) ) ;
#1090 = ORIENTED_EDGE ( 'NONE', *, *, #7981, .T. ) ;
#1091 = CARTESIAN_POINT ( 'NONE',  ( 3.230879094835743093, 4.852406643424649147E-11, 2.499999989035925907 ) ) ;
#1092 = VERTEX_POINT ( 'NONE', #5705 ) ;
#1093 = CYLINDRICAL_SURFACE ( 'NONE', #9352, 2.510000000000000231 ) ;
#1094 = ORIENTED_EDGE ( 'NONE', *, *, #7296, .F. ) ;
#1095 = CARTESIAN_POINT ( 'NONE',  ( 2.405232302830831337, 0.3892790442385808403, 2.469506393131367439 ) ) ;
#1096 = CARTESIAN_POINT ( 'NONE',  ( 2.511319048644352847, -0.1853195789928631931, 2.493121868991146961 ) ) ;
#1097 = CARTESIAN_POINT ( 'NONE',  ( 2.117609719517868694, 0.000000000000000000, 0.000000000000000000 ) ) ;
#1098 = ADVANCED_FACE ( 'NONE', ( #2016 ), #7664, .T. ) ;
#1099 = FACE_OUTER_BOUND ( 'NONE', #8067, .T. ) ;
#1100 = VECTOR ( 'NONE', #8788, 1000.000000000000000 ) ;
#1101 = ORIENTED_EDGE ( 'NONE', *, *, #2472, .F. ) ;
#1102 = CARTESIAN_POINT ( 'NONE',  ( 3.268038159383964913, -0.06887642682565277286, 2.499276178814485050 ) ) ;
#1103 = DIRECTION ( 'NONE',  ( 1.000000000000000000, 0.000000000000000000, 0.000000000000000000 ) ) ;
#1104 = EDGE_CURVE ( 'NONE', #1996, #5931, #4982, .T. ) ;
#1105 = ORIENTED_EDGE ( 'NONE', *, *, #4446, .F. ) ;
#1106 = CARTESIAN_POINT ( 'NONE',  ( 0.9997478914790399740, -0.2266435085075205191, 2.489705348038478316 ) ) ;
#1107 = VERTEX_POINT ( 'NONE', #3521 ) ;
#1108 = CARTESIAN_POINT ( 'NONE',  ( 3.253327958251678531, -0.02402793291284281360, 2.499890920608749401 ) ) ;
#1109 = DIRECTION ( 'NONE',  ( 0.000000000000000000, -1.000000000000000000, 0.000000000000000000 ) ) ;
#1110 = CARTESIAN_POINT ( 'NONE',  ( 1.565828560537869674, -0.009086196340649587908, 2.499999995000035113 ) ) ;
#1111 = ADVANCED_FACE ( 'NONE', ( #9411 ), #2796, .T. ) ;
#1112 = CARTESIAN_POINT ( 'NONE',  ( 2.998860061933319443, 0.2213792493774534575, 2.500218236063619592 ) ) ;
#1113 = ORIENTED_EDGE ( 'NONE', *, *, #8698, .F. ) ;
#1114 = STYLED_ITEM ( 'NONE', ( #7393 ), #724 ) ;
#1115 = CARTESIAN_POINT ( 'NONE',  ( 1.555852095793083034, 0.4291730377106169891, 2.463594756610147929 ) ) ;
#1116 = CARTESIAN_POINT ( 'NONE',  ( 3.093503138993078494, -0.1962159646772897725, 2.502318783689592152 ) ) ;
#1117 = CARTESIAN_POINT ( 'NONE',  ( 4.500000000000000000, 0.000000000000000000, 2.500000000000000000 ) ) ;
#1118 = ORIENTED_EDGE ( 'NONE', *, *, #5687, .T. ) ;
#1119 = CARTESIAN_POINT ( 'NONE',  ( 4.500000000000000000, -0.2301529181243587296, 2.499425860928633725 ) ) ;
#1120 = FACE_OUTER_BOUND ( 'NONE', #6795, .T. ) ;
#1121 = CARTESIAN_POINT ( 'NONE',  ( 2.211070038175347641, 0.01262211689126004413, 2.509968263178876224 ) ) ;
#1122 = CIRCLE ( 'NONE', #1436, 2.510000000000000231 ) ;
#1123 = CARTESIAN_POINT ( 'NONE',  ( 2.485933272161825691, -0.2092775247457743237, 2.501260273911463550 ) ) ;
#1124 = EDGE_CURVE ( 'NONE', #3546, #77, #4835, .T. ) ;
#1125 = VERTEX_POINT ( 'NONE', #3746 ) ;
#1126 = CARTESIAN_POINT ( 'NONE',  ( 2.583921004793332532, 0.1820009806186898005, 2.493366327488569123 ) ) ;
#1127 = B_SPLINE_CURVE_WITH_KNOTS ( 'NONE', 3,
 ( #9561, #2367, #1525, #8270 ),
 .UNSPECIFIED., .F., .F.,
 ( 4, 4 ),
 ( 0.000000000000000000, 1.000000000000000000 ),
 .UNSPECIFIED. ) ;
#1128 = MECHANICAL_DESIGN_GEOMETRIC_PRESENTATION_REPRESENTATION (  '', ( #6252 ), #7489 ) ;
#1129 = ORIENTED_EDGE ( 'NONE', *, *, #6045, .F. ) ;
#1130 = DIRECTION ( 'NONE',  ( -1.000000000000000000, -0.000000000000000000, -0.000000000000000000 ) ) ;
#1131 = VERTEX_POINT ( 'NONE', #5414 ) ;
#1132 = DIRECTION ( 'NONE',  ( 0.000000000000000000, 0.000000000000000000, 1.000000000000000000 ) ) ;
#1133 = B_SPLINE_CURVE_WITH_KNOTS ( 'NONE', 3,
 ( #2975, #6746, #11, #849 ),
 .UNSPECIFIED., .F., .F.,
 ( 4, 4 ),
 ( 0.000000000000000000, 1.000000000000000000 ),
 .UNSPECIFIED. ) ;
#1134 = CARTESIAN_POINT ( 'NONE',  ( 2.341233647537682927, -0.1952312750352842574, 2.502395801876293291 ) ) ;
#1135 = EDGE_LOOP ( 'NONE', ( #6590, #4287, #6704, #5479 ) ) ;
#1136 = AXIS2_PLACEMENT_3D ( 'NONE', #6790, #4024, #3831 ) ;
#1137 = EDGE_CURVE ( 'NONE', #3094, #2900, #6545, .T. ) ;
#1138 = B_SPLINE_SURFACE_WITH_KNOTS ( 'NONE', 1, 3, ( 
 ( #7186, #4379, #5798, #9363 ),
 ( #2793, #4334, #6605, #2746 ) ),
 .UNSPECIFIED., .F., .F., .F.,
 ( 2, 2 ),
 ( 4, 4 ),
 ( 0.000000000000000000, 1.000000000000000000 ),
 ( 0.000000000000000000, 1.000000000000000000 ),
 .UNSPECIFIED. ) ;
#1139 = VERTEX_POINT ( 'NONE', #8923 ) ;
#1140 = CARTESIAN_POINT ( 'NONE',  ( 1.132778806722409382, 0.2104408102140334080, 2.501219184987808042 ) ) ;
#1141 = ORIENTED_EDGE ( 'NONE', *, *, #4963, .F. ) ;
#1142 = CARTESIAN_POINT ( 'NONE',  ( 2.311519562248469661, 0.3985192442462389129, 2.468032153374686732 ) ) ;
#1143 = COLOUR_RGB ( '',0.6666666666666666297, 0.6666666666666666297, 0.6666666666666666297 ) ;
#1144 = ORIENTED_EDGE ( 'NONE', *, *, #3751, .F. ) ;
#1145 = FACE_OUTER_BOUND ( 'NONE', #3055, .T. ) ;
#1146 = CARTESIAN_POINT ( 'NONE',  ( 2.272305676583483702, -0.1344440603469637396, 2.506413449137018024 ) ) ;
#1147 = FACE_OUTER_BOUND ( 'NONE', #8343, .T. ) ;
#1148 = SURFACE_STYLE_USAGE ( .BOTH. , #4066 ) ;
#1149 = AXIS2_PLACEMENT_3D ( 'NONE', #1887, #1130, #4098 ) ;
#1150 = VECTOR ( 'NONE', #4834, 1000.000000000000114 ) ;
#1151 = ORIENTED_EDGE ( 'NONE', *, *, #2258, .T. ) ;
#1152 = CARTESIAN_POINT ( 'NONE',  ( 2.534158027177594086, -0.06057502141813732310, 2.509268950666746267 ) ) ;
#1153 = DIRECTION ( 'NONE',  ( -1.000000000000000000, -0.000000000000000000, -0.000000000000000000 ) ) ;
#1154 = ORIENTED_EDGE ( 'NONE', *, *, #1663, .F. ) ;
#1155 = CARTESIAN_POINT ( 'NONE',  ( 1.161570944305657660, -0.1064164990975954989, 2.497734078864243479 ) ) ;
#1156 = EDGE_CURVE ( 'NONE', #8066, #1763, #7588, .T. ) ;
#1157 = EDGE_LOOP ( 'NONE', ( #6427, #8309, #5560, #4885 ) ) ;
#1158 = EDGE_LOOP ( 'NONE', ( #6504, #7126, #665, #2474 ) ) ;
#1159 = VECTOR ( 'NONE', #4203, 1000.000000000000000 ) ;
#1160 = ORIENTED_EDGE ( 'NONE', *, *, #373, .T. ) ;
#1161 = DIRECTION ( 'NONE',  ( 0.000000000000000000, 0.9874375068388552279, -0.1580100316051670506 ) ) ;
#1162 = DIRECTION ( 'NONE',  ( -1.000000000000000000, -0.000000000000000000, -0.000000000000000000 ) ) ;
#1163 = CARTESIAN_POINT ( 'NONE',  ( 3.119169912788892329, -0.04322851812532748500, 2.509739267737906232 ) ) ;
#1164 = B_SPLINE_SURFACE_WITH_KNOTS ( 'NONE', 1, 3, ( 
 ( #2444, #2493, #6934, #268 ),
 ( #7771, #1051, #7625, #357 ) ),
 .UNSPECIFIED., .F., .F., .F.,
 ( 2, 2 ),
 ( 4, 4 ),
 ( 0.000000000000000000, 1.000000000000000000 ),
 ( 0.000000000000000000, 1.000000000000000000 ),
 .UNSPECIFIED. ) ;
#1165 = EDGE_CURVE ( 'NONE', #5160, #8684, #2457, .T. ) ;
#1166 = ORIENTED_EDGE ( 'NONE', *, *, #4233, .T. ) ;
#1167 = B_SPLINE_CURVE_WITH_KNOTS ( 'NONE', 3,
 ( #897, #3170, #3977, #9156, #7629, #3218, #950, #1759 ),
 .UNSPECIFIED., .F., .F.,
 ( 4, 2, 2, 4 ),
 ( 0.000000000000000000, 0.2499790533886070698, 0.4999581067772141396, 0.9999162135544282792 ),
 .UNSPECIFIED. ) ;
#1168 = LINE ( 'NONE', #7095, #1638 ) ;
#1169 = B_SPLINE_CURVE_WITH_KNOTS ( 'NONE', 3,
 ( #1975, #8737, #2115, #5073 ),
 .UNSPECIFIED., .F., .F.,
 ( 4, 4 ),
 ( 0.000000000000000000, 0.9999356269817993859 ),
 .UNSPECIFIED. ) ;
#1170 = ADVANCED_FACE ( 'NONE', ( #959 ), #5426, .T. ) ;
#1171 = CARTESIAN_POINT ( 'NONE',  ( 2.641854023510854521, -0.2014260269099943379, 2.501904785495094430 ) ) ;
#1172 = CARTESIAN_POINT ( 'NONE',  ( 2.308305906130250662, -0.2093535025683832262, 2.501253907735548232 ) ) ;
#1173 = VERTEX_POINT ( 'NONE', #3936 ) ;
#1174 = CARTESIAN_POINT ( 'NONE',  ( 2.319199294265130273, -0.07759539877612810221, 2.508800301755556905 ) ) ;
#1175 = FACE_OUTER_BOUND ( 'NONE', #8534, .T. ) ;
#1176 = EDGE_CURVE ( 'NONE', #935, #4422, #4586, .T. ) ;
#1177 = SURFACE_STYLE_USAGE ( .BOTH. , #5382 ) ;
#1178 = ADVANCED_FACE ( 'NONE', ( #6900 ), #2399, .T. ) ;
#1179 = VERTEX_POINT ( 'NONE', #6700 ) ;
#1180 = CARTESIAN_POINT ( 'NONE',  ( 2.224397852682010068, 0.2356091906882731291, 2.489120511224422128 ) ) ;
#1181 =( NAMED_UNIT ( * ) PLANE_ANGLE_UNIT ( ) SI_UNIT ( $, .RADIAN. ) );
#1182 = EDGE_LOOP ( 'NONE', ( #1144, #8618 ) ) ;
#1183 = LINE ( 'NONE', #4195, #9415 ) ;
#1184 = CARTESIAN_POINT ( 'NONE',  ( 2.475544171701593577, -0.2094773529008085999, 2.501243538446760617 ) ) ;
#1185 = ORIENTED_EDGE ( 'NONE', *, *, #7772, .T. ) ;
#1186 = CARTESIAN_POINT ( 'NONE',  ( 1.569571575511992778, -0.1236134541471153453, 2.496942072606775476 ) ) ;
#1187 = ORIENTED_EDGE ( 'NONE', *, *, #146, .T. ) ;
#1188 = PLANE ( 'NONE',  #4101 ) ;
#1189 = ORIENTED_EDGE ( 'NONE', *, *, #1711, .T. ) ;
#1190 = CARTESIAN_POINT ( 'NONE',  ( 2.354231438496517281, -0.1200668666900512743, 2.507126631728687105 ) ) ;
#1191 = CARTESIAN_POINT ( 'NONE',  ( 4.500000000000000000, 0.1550766931827675388, 2.505204825803970081 ) ) ;
#1192 = CARTESIAN_POINT ( 'NONE',  ( 3.201254261938807133, -0.1632154101174175254, 2.494666456643092722 ) ) ;
#1193 = DIRECTION ( 'NONE',  ( -1.000000000000000000, -0.000000000000000000, -0.000000000000000000 ) ) ;
#1194 = ORIENTED_EDGE ( 'NONE', *, *, #9246, .F. ) ;
#1195 = SURFACE_STYLE_FILL_AREA ( #4957 ) ;
#1196 = CARTESIAN_POINT ( 'NONE',  ( 2.340363403547041532, -0.2236999916625351803, 2.490061558345090909 ) ) ;
#1197 = ORIENTED_EDGE ( 'NONE', *, *, #2217, .F. ) ;
#1198 = SURFACE_SIDE_STYLE ('',( #7912 ) ) ;
#1199 = EDGE_LOOP ( 'NONE', ( #1015, #1749, #8517, #4275, #8430 ) ) ;
#1200 = EDGE_CURVE ( 'NONE', #2754, #4458, #2701, .T. ) ;
#1201 = VERTEX_POINT ( 'NONE', #5370 ) ;
#1202 = DIRECTION ( 'NONE',  ( 0.000000000000000000, 0.005028731829187268153, 0.9999873558481577884 ) ) ;
#1203 = SURFACE_SIDE_STYLE ('',( #9254 ) ) ;
#1204 = CARTESIAN_POINT ( 'NONE',  ( 3.223226721822630481, -0.1024102094396284746, 2.498126804060336603 ) ) ;
#1205 = CARTESIAN_POINT ( 'NONE',  ( 1.887787383200180802, 1.078035736011966761E-05, 2.509999510168126946 ) ) ;
#1206 = CARTESIAN_POINT ( 'NONE',  ( 0.8620261527772710153, -0.1442419388336765584, 2.495835383810699248 ) ) ;
#1207 = VERTEX_POINT ( 'NONE', #8308 ) ;
#1208 = EDGE_CURVE ( 'NONE', #4777, #1623, #3623, .T. ) ;
#1209 = CARTESIAN_POINT ( 'NONE',  ( 1.535565026372111230, 0.04282534004741216788, 2.509725979602284163 ) ) ;
#1210 = CARTESIAN_POINT ( 'NONE',  ( 2.541872765981290971, -0.1995419974093126103, 2.492083446744664421 ) ) ;
#1211 = CARTESIAN_POINT ( 'NONE',  ( 3.026632723977835671, -0.1992952403751692414, 2.492043788211112165 ) ) ;
#1212 = ORIENTED_EDGE ( 'NONE', *, *, #5579, .F. ) ;
#1213 = CARTESIAN_POINT ( 'NONE',  ( 2.578412416475610147, 0.3689686100927540569, 2.482732801725997085 ) ) ;
#1214 =( GEOMETRIC_REPRESENTATION_CONTEXT ( 3 ) GLOBAL_UNCERTAINTY_ASSIGNED_CONTEXT ( ( #2229 ) ) GLOBAL_UNIT_ASSIGNED_CONTEXT ( ( #5658, #8598, #2563 ) ) REPRESENTATION_CONTEXT ( 'NONE', 'WORKASPACE' ) );
#1215 = DIRECTION ( 'NONE',  ( -1.000000000000000000, -0.000000000000000000, -0.000000000000000000 ) ) ;
#1216 = CARTESIAN_POINT ( 'NONE',  ( 2.564486210053318338, -0.3077528660414649564, 2.480985323101139173 ) ) ;
#1217 = CARTESIAN_POINT ( 'NONE',  ( 6.500000000000000000, 0.000000000000000000, -1.000000000000000000 ) ) ;
#1218 = B_SPLINE_SURFACE_WITH_KNOTS ( 'NONE', 1, 3, ( 
 ( #3018, #1446, #5150, #7412 ),
 ( #108, #842, #3115, #3064 ) ),
 .UNSPECIFIED., .F., .F., .F.,
 ( 2, 2 ),
 ( 4, 4 ),
 ( 0.000000000000000000, 1.000000000000000000 ),
 ( 0.000000000000000000, 1.000000000000000000 ),
 .UNSPECIFIED. ) ;
#1219 = EDGE_CURVE ( 'NONE', #3492, #8283, #4629, .T. ) ;
#1220 = VERTEX_POINT ( 'NONE', #8879 ) ;
#1221 = CARTESIAN_POINT ( 'NONE',  ( 2.583921004793332532, 0.1550766931827964323, 2.505204825803967861 ) ) ;
#1222 = AXIS2_PLACEMENT_3D ( 'NONE', #5102, #545, #1202 ) ;
#1223 = ADVANCED_FACE ( 'NONE', ( #4474 ), #9191, .T. ) ;
#1224 = EDGE_CURVE ( 'NONE', #28, #2327, #1925, .T. ) ;
#1225 = VERTEX_POINT ( 'NONE', #3226 ) ;
#1226 = CARTESIAN_POINT ( 'NONE',  ( 2.572658054396231631, -0.3093924013881683699, 2.480781405377535886 ) ) ;
#1227 = CARTESIAN_POINT ( 'NONE',  ( -6.499999999999997335, 0.000000000000000000, -1.000000000000002665 ) ) ;
#1228 = CARTESIAN_POINT ( 'NONE',  ( 1.093896566716669572, -0.008832952761681415674, 2.510069230736309720 ) ) ;
#1229 = ADVANCED_FACE ( 'NONE', ( #1012 ), #7745, .T. ) ;
#1230 = VERTEX_POINT ( 'NONE', #6176 ) ;
#1231 = DIRECTION ( 'NONE',  ( 0.000000000000000000, 0.005028731829187268153, 0.9999873558481577884 ) ) ;
#1232 = EDGE_LOOP ( 'NONE', ( #61, #632, #7218, #395 ) ) ;
#1233 = CARTESIAN_POINT ( 'NONE',  ( 3.211157342063377662, -0.1359072883614094174, 2.496303108392538661 ) ) ;
#1234 = ORIENTED_EDGE ( 'NONE', *, *, #565, .T. ) ;
#1235 = DIRECTION ( 'NONE',  ( 0.000000000000000000, 1.224646799147353207E-16, 1.000000000000000000 ) ) ;
#1236 = DIRECTION ( 'NONE',  ( 0.000000000000000000, 0.000000000000000000, -1.000000000000000000 ) ) ;
#1237 = LINE ( 'NONE', #5726, #7651 ) ;
#1238 = FACE_OUTER_BOUND ( 'NONE', #9489, .T. ) ;
#1239 = EDGE_CURVE ( 'NONE', #1612, #6655, #6420, .T. ) ;
#1240 = CARTESIAN_POINT ( 'NONE',  ( 1.516204428033355089, -0.1768831128608509273, 2.493734621884344804 ) ) ;
#1241 = CARTESIAN_POINT ( 'NONE',  ( 2.245607030103355051, -0.1838298327453947723, 2.503259194049390235 ) ) ;
#1242 = ORIENTED_EDGE ( 'NONE', *, *, #8932, .F. ) ;
#1243 = CARTESIAN_POINT ( 'NONE',  ( 2.734326365612967269, 0.1549038109063240187, 2.495196386681546308 ) ) ;
#1244 = ORIENTED_EDGE ( 'NONE', *, *, #1342, .F. ) ;
#1245 = CARTESIAN_POINT ( 'NONE',  ( 2.692792991893113275, -0.05662104804356698357, 2.499358729138025925 ) ) ;
#1246 = CARTESIAN_POINT ( 'NONE',  ( 2.441154795665647637, -0.1383550567873575443, 2.496180744454209233 ) ) ;
#1247 = CARTESIAN_POINT ( 'NONE',  ( 3.211157342063377662, -0.1364509175148550524, 2.506288320826108418 ) ) ;
#1248 = CARTESIAN_POINT ( 'NONE',  ( 1.874985981439340810, -0.06946771049576462576, 2.509071494551539327 ) ) ;
#1249 = CARTESIAN_POINT ( 'NONE',  ( 2.337148626987066713, -0.1219790870302758651, 2.497023594190859619 ) ) ;
#1250 = VERTEX_POINT ( 'NONE', #1270 ) ;
#1251 = EDGE_CURVE ( 'NONE', #8684, #6306, #5788, .T. ) ;
#1252 = CARTESIAN_POINT ( 'NONE',  ( 1.517461424391118197, -0.1471386622512652897, 2.505869550255870326 ) ) ;
#1253 = FACE_OUTER_BOUND ( 'NONE', #3080, .T. ) ;
#1254 = CARTESIAN_POINT ( 'NONE',  ( 2.332180948599852588, -0.07817603840117812175, 2.508782342987288860 ) ) ;
#1255 = VERTEX_POINT ( 'NONE', #2859 ) ;
#1256 = CARTESIAN_POINT ( 'NONE',  ( 2.279354235905662218, -0.1651384016624551365, 2.504568292607334268 ) ) ;
#1257 = CARTESIAN_POINT ( 'NONE',  ( 2.793928197645979772, 0.2772789854120240594, 2.484575690988076957 ) ) ;
#1258 = CARTESIAN_POINT ( 'NONE',  ( 1.523090541236123086, 0.06397509756469109410, 2.499181303325468395 ) ) ;
#1259 = DIRECTION ( 'NONE',  ( 0.000000000000000000, 0.000000000000000000, 1.000000000000000000 ) ) ;
#1260 = CARTESIAN_POINT ( 'NONE',  ( 3.201254261938807133, -0.1632154101174175254, 2.494666456643092722 ) ) ;
#1261 = B_SPLINE_CURVE_WITH_KNOTS ( 'NONE', 3,
 ( #7672, #6930, #3256, #9150 ),
 .UNSPECIFIED., .F., .F.,
 ( 4, 4 ),
 ( 0.5309429004209779146, 0.9999985152241557262 ),
 .UNSPECIFIED. ) ;
#1262 = ORIENTED_EDGE ( 'NONE', *, *, #4692, .F. ) ;
#1263 = VERTEX_POINT ( 'NONE', #7244 ) ;
#1264 = FILL_AREA_STYLE_COLOUR ( '', #1143 ) ;
#1265 = DIRECTION ( 'NONE',  ( -1.000000000000000000, -0.000000000000000000, -0.000000000000000000 ) ) ;
#1266 = EDGE_CURVE ( 'NONE', #8193, #8138, #670, .T. ) ;
#1267 = ORIENTED_EDGE ( 'NONE', *, *, #9344, .F. ) ;
#1268 = VECTOR ( 'NONE', #6543, 1000.000000000000000 ) ;
#1269 = CARTESIAN_POINT ( 'NONE',  ( 2.347856332369579579, 0.3990582523711118101, 2.467944997607222746 ) ) ;
#1270 = CARTESIAN_POINT ( 'NONE',  ( 2.484952097818117878, 0.3689686100927540569, 2.482732801725997085 ) ) ;
#1271 = CARTESIAN_POINT ( 'NONE',  ( 1.665116051438449540, -0.2300721710563045641, 2.489390848401560330 ) ) ;
#1272 = CARTESIAN_POINT ( 'NONE',  ( 1.001469469033490434, -0.1120223781241318356, 2.507498950508137980 ) ) ;
#1273 = EDGE_CURVE ( 'NONE', #6962, #1612, #1695, .T. ) ;
#1274 = VERTEX_POINT ( 'NONE', #8843 ) ;
#1275 = EDGE_CURVE ( 'NONE', #9345, #5569, #7341, .T. ) ;
#1276 = AXIS2_PLACEMENT_3D ( 'NONE', #6582, #2914, #6625 ) ;
#1277 = CARTESIAN_POINT ( 'NONE',  ( 1.576457644935022939, -0.1247597042327314026, 2.496885128611791238 ) ) ;
#1278 = VERTEX_POINT ( 'NONE', #714 ) ;
#1279 = CARTESIAN_POINT ( 'NONE',  ( 3.223226720962312442, -0.1024102118273346185, 2.498126803930342366 ) ) ;
#1280 = ADVANCED_FACE ( 'NONE', ( #5713 ), #7293, .F. ) ;
#1281 = ORIENTED_EDGE ( 'NONE', *, *, #4878, .T. ) ;
#1282 = DIRECTION ( 'NONE',  ( 0.000000000000000000, 0.000000000000000000, -1.000000000000000000 ) ) ;
#1283 = VECTOR ( 'NONE', #2290, 1000.000000000000000 ) ;
#1284 = CARTESIAN_POINT ( 'NONE',  ( 1.507959314714496291, 0.3375718718092537429, 2.487532773044681900 ) ) ;
#1285 = CARTESIAN_POINT ( 'NONE',  ( 3.000716889455846470, -0.01532118296729107626, 2.506619843360827549 ) ) ;
#1286 = ORIENTED_EDGE ( 'NONE', *, *, #8203, .T. ) ;
#1287 = EDGE_CURVE ( 'NONE', #7911, #6440, #1372, .T. ) ;
#1288 = CARTESIAN_POINT ( 'NONE',  ( 3.280231325051196745, -0.1024102094452444822, 2.498126804060031070 ) ) ;
#1289 = AXIS2_PLACEMENT_3D ( 'NONE', #7795, #1927, #5428 ) ;
#1290 = DIRECTION ( 'NONE',  ( 0.000000000000000000, -0.03710033658858810646, 0.9993115455277266079 ) ) ;
#1291 = EDGE_LOOP ( 'NONE', ( #5242, #6925, #1864, #2501 ) ) ;
#1292 = CARTESIAN_POINT ( 'NONE',  ( 1.222130717622356810, -0.2076481486717079439, 2.491396303042834770 ) ) ;
#1293 = ORIENTED_EDGE ( 'NONE', *, *, #1394, .F. ) ;
#1294 = CARTESIAN_POINT ( 'NONE',  ( 2.284530219060251000, 0.3903727190202694319, 2.479587142720498960 ) ) ;
#1295 = CARTESIAN_POINT ( 'NONE',  ( 2.384559623074435919, -0.1187013637960765283, 2.507191653271235499 ) ) ;
#1296 = EDGE_CURVE ( 'NONE', #8013, #77, #5857, .T. ) ;
#1297 = CARTESIAN_POINT ( 'NONE',  ( 1.317964694777384871, -0.2599184451052687361, 2.486671869554366587 ) ) ;
#1298 = MECHANICAL_DESIGN_GEOMETRIC_PRESENTATION_REPRESENTATION (  '', ( #4253 ), #7985 ) ;
#1299 = CARTESIAN_POINT ( 'NONE',  ( 2.793815810038323466, 0.2845521805920729341, 2.483764001415671441 ) ) ;
#1300 = CARTESIAN_POINT ( 'NONE',  ( 2.319199294265130273, -0.07759539877612810221, 2.508800301755556905 ) ) ;
#1301 = AXIS2_PLACEMENT_3D ( 'NONE', #1488, #4502, #7455 ) ;
#1302 = B_SPLINE_CURVE_WITH_KNOTS ( 'NONE', 3,
 ( #7566, #4611, #8237, #3060, #6783, #5493, #6733, #7462, #3110, #3161 ),
 .UNSPECIFIED., .F., .F.,
 ( 4, 2, 2, 2, 4 ),
 ( 0.000000000000000000, 0.2500000000000000000, 0.5000000000000000000, 0.7500000000000000000, 1.000000000000000000 ),
 .UNSPECIFIED. ) ;
#1303 = EDGE_LOOP ( 'NONE', ( #7447, #1699, #7331, #4701 ) ) ;
#1304 = CARTESIAN_POINT ( 'NONE',  ( 2.165825340865373150, 0.1820009806186898005, 2.493366327488569123 ) ) ;
#1305 = B_SPLINE_CURVE_WITH_KNOTS ( 'NONE', 1,
 ( #9493, #2194 ),
 .UNSPECIFIED., .F., .F.,
 ( 2, 2 ),
 ( 0.000000000000000000, 1.000000000000000000 ),
 .UNSPECIFIED. ) ;
#1306 = PRESENTATION_LAYER_ASSIGNMENT (  '', '', ( #5209 ) ) ;
#1307 = ORIENTED_EDGE ( 'NONE', *, *, #8577, .F. ) ;
#1308 = CARTESIAN_POINT ( 'NONE',  ( 2.564486210053318338, -0.3089838775056330533, 2.490909264393543321 ) ) ;
#1309 = ORIENTED_EDGE ( 'NONE', *, *, #2402, .T. ) ;
#1310 = CARTESIAN_POINT ( 'NONE',  ( 2.117609719517861588, -0.01534155688081586914, 2.509953114429126941 ) ) ;
#1311 = DIRECTION ( 'NONE',  ( 0.000000000000000000, -0.09169438969097956638, 0.9957871955890971183 ) ) ;
#1312 = EDGE_CURVE ( 'NONE', #8559, #3250, #5763, .T. ) ;
#1313 = CARTESIAN_POINT ( 'NONE',  ( 2.262504160562355704, -0.09819356130532776172, 2.498070860587861208 ) ) ;
#1314 = CARTESIAN_POINT ( 'NONE',  ( 2.768056400825340102, 0.2071771139886276203, 2.491400739230713146 ) ) ;
#1315 = CARTESIAN_POINT ( 'NONE',  ( 2.285157456343514415, -0.2007469217934570727, 2.491927100336293943 ) ) ;
#1316 = B_SPLINE_CURVE_WITH_KNOTS ( 'NONE', 3,
 ( #7870, #4729, #6349, #5556 ),
 .UNSPECIFIED., .F., .F.,
 ( 4, 4 ),
 ( 0.000000000000000000, 1.000000000000000000 ),
 .UNSPECIFIED. ) ;
#1317 = ORIENTED_EDGE ( 'NONE', *, *, #4692, .T. ) ;
#1318 = VERTEX_POINT ( 'NONE', #4241 ) ;
#1319 = ORIENTED_EDGE ( 'NONE', *, *, #7858, .F. ) ;
#1320 = FACE_OUTER_BOUND ( 'NONE', #1182, .T. ) ;
#1321 = FILL_AREA_STYLE_COLOUR ( '', #2103 ) ;
#1322 = PLANE ( 'NONE',  #569 ) ;
#1323 = EDGE_CURVE ( 'NONE', #4374, #1263, #9419, .T. ) ;
#1324 = CARTESIAN_POINT ( 'NONE',  ( 2.645753361309656437, -0.2562532573088155408, 2.496884912870159123 ) ) ;
#1325 = CARTESIAN_POINT ( 'NONE',  ( -3.781872720455399683, 0.000000000000000000, 0.000000000000000000 ) ) ;
#1326 = CARTESIAN_POINT ( 'NONE',  ( 2.493808833439248751, -0.2070899543762012573, 2.491409257486341566 ) ) ;
#1327 = ADVANCED_FACE ( 'NONE', ( #5129 ), #4892, .F. ) ;
#1328 = B_SPLINE_CURVE_WITH_KNOTS ( 'NONE', 3,
 ( #3116, #8242, #8954, #8342 ),
 .UNSPECIFIED., .F., .F.,
 ( 4, 4 ),
 ( 0.000000000000000000, 1.000000000000000000 ),
 .UNSPECIFIED. ) ;
#1329 = ORIENTED_EDGE ( 'NONE', *, *, #7147, .F. ) ;
#1330 = CARTESIAN_POINT ( 'NONE',  ( 1.579900679646538686, -0.1258341457442372358, 2.506843786071405233 ) ) ;
#1331 = CARTESIAN_POINT ( 'NONE',  ( 1.183950746546068578, 0.3928787923059953169, 2.468936259719189952 ) ) ;
#1332 = CARTESIAN_POINT ( 'NONE',  ( 3.247365478760182000, -0.03533309113959914871, 2.499750302064292384 ) ) ;
#1333 = FACE_OUTER_BOUND ( 'NONE', #1291, .T. ) ;
#1334 = ORIENTED_EDGE ( 'NONE', *, *, #8761, .F. ) ;
#1335 = EDGE_CURVE ( 'NONE', #1907, #8099, #6393, .T. ) ;
#1336 = CARTESIAN_POINT ( 'NONE',  ( 2.944145544255288627, 0.3490417246938384843, 2.485612575286573644 ) ) ;
#1337 = UNCERTAINTY_MEASURE_WITH_UNIT (LENGTH_MEASURE( 1.000000000000000082E-05 ), #3866, 'distance_accuracy_value', 'NONE');
#1338 = ORIENTED_EDGE ( 'NONE', *, *, #5385, .T. ) ;
#1339 = CARTESIAN_POINT ( 'NONE',  ( 3.273878731310496448, 4.852509534599910856E-11, 2.499999989035925463 ) ) ;
#1340 = EDGE_CURVE ( 'NONE', #3441, #8658, #7349, .T. ) ;
#1341 = EDGE_LOOP ( 'NONE', ( #9533, #5849 ) ) ;
#1342 = EDGE_CURVE ( 'NONE', #5195, #8246, #9296, .T. ) ;
#1343 = CARTESIAN_POINT ( 'NONE',  ( 1.392254850066266370, 0.3585647551118277820, 2.484256692934849298 ) ) ;
#1344 = CARTESIAN_POINT ( 'NONE',  ( 2.117609719517868694, -0.1204541027259926483, 2.497096475736665599 ) ) ;
#1345 = CARTESIAN_POINT ( 'NONE',  ( 1.317964694777384871, -0.2609581188856897604, 2.496618557032583841 ) ) ;
#1346 = CARTESIAN_POINT ( 'NONE',  ( 2.493180529351969099, -0.1319817101772354784, 2.506527643609520073 ) ) ;
#1347 = CARTESIAN_POINT ( 'NONE',  ( 2.932880790617067301, -0.2292359742274489298, 2.489467988972742685 ) ) ;
#1348 = B_SPLINE_CURVE_WITH_KNOTS ( 'NONE', 3,
 ( #3244, #1690, #1083, #206, #3298, #8377, #6287, #9043 ),
 .UNSPECIFIED., .F., .F.,
 ( 4, 2, 2, 4 ),
 ( 0.000000000000000000, 0.2499999999999997780, 0.4999999999999995559, 1.000000000000000000 ),
 .UNSPECIFIED. ) ;
#1349 = ORIENTED_EDGE ( 'NONE', *, *, #5017, .T. ) ;
#1350 = CARTESIAN_POINT ( 'NONE',  ( 2.964818224878527531, 0.3144303770541997944, 2.480374753569976498 ) ) ;
#1351 = B_SPLINE_CURVE_WITH_KNOTS ( 'NONE', 3,
 ( #7512, #3821, #6781, #1392 ),
 .UNSPECIFIED., .F., .F.,
 ( 4, 4 ),
 ( 0.0001275861903987705968, 1.000000000000000000 ),
 .UNSPECIFIED. ) ;
#1352 = CARTESIAN_POINT ( 'NONE',  ( 4.500000000000000000, 0.000000000000000000, 0.000000000000000000 ) ) ;
#1353 = ORIENTED_EDGE ( 'NONE', *, *, #9216, .F. ) ;
#1354 = CARTESIAN_POINT ( 'NONE',  ( 2.576865820590506395, -0.3113531717702958668, 2.490614223850837305 ) ) ;
#1355 = ORIENTED_EDGE ( 'NONE', *, *, #1594, .F. ) ;
#1356 = DIRECTION ( 'NONE',  ( 8.805601280792895211E-14, -0.9961028828938723878, 0.08819890413444182731 ) ) ;
#1357 = CARTESIAN_POINT ( 'NONE',  ( 1.888053096262113595, 0.01061483692916303720, 2.499977464945827954 ) ) ;
#1358 = CARTESIAN_POINT ( 'NONE',  ( 0.9918883613007056788, 0.3207100123066976005, 2.479343756929692777 ) ) ;
#1359 = CARTESIAN_POINT ( 'NONE',  ( 2.637335743205095007, -0.1864305919078969864, 2.493039035875866727 ) ) ;
#1360 = CARTESIAN_POINT ( 'NONE',  ( 2.581692811765796236, -0.2855362590358014319, 2.493705885780406195 ) ) ;
#1361 = LINE ( 'NONE', #611, #3920 ) ;
#1362 = ORIENTED_EDGE ( 'NONE', *, *, #2319, .T. ) ;
#1363 = VERTEX_POINT ( 'NONE', #8197 ) ;
#1364 = ORIENTED_EDGE ( 'NONE', *, *, #9216, .T. ) ;
#1365 = DIRECTION ( 'NONE',  ( 0.000000000000000000, 0.000000000000000000, 1.000000000000000000 ) ) ;
#1366 = ADVANCED_FACE ( 'NONE', ( #3127 ), #6265, .T. ) ;
#1367 = STYLED_ITEM ( 'NONE', ( #620 ), #7390 ) ;
#1368 = CARTESIAN_POINT ( 'NONE',  ( 1.716252519444233293, 0.1299405110455756629, 2.506766913558374110 ) ) ;
#1369 = ORIENTED_EDGE ( 'NONE', *, *, #852, .T. ) ;
#1370 = B_SPLINE_SURFACE_WITH_KNOTS ( 'NONE', 1, 3, ( 
 ( #4220, #5014, #2883, #7918, #5835, #6445, #5692, #9395 ),
 ( #2151, #1299, #5105, #4273, #7223, #8049, #4366, #7312 ) ),
 .UNSPECIFIED., .F., .F., .F.,
 ( 2, 2 ),
 ( 4, 2, 2, 4 ),
 ( 0.000000000000000000, 1.000000000000000000 ),
 ( 0.000000000000000000, 0.2500000000000000000, 0.5000000000000000000, 1.000000000000000000 ),
 .UNSPECIFIED. ) ;
#1371 = CARTESIAN_POINT ( 'NONE',  ( 1.163292472606964667, -0.3443056336409604512, 2.486273040243789811 ) ) ;
#1372 = LINE ( 'NONE', #6615, #3762 ) ;
#1373 = CARTESIAN_POINT ( 'NONE',  ( 1.291538661109068009, 0.3417487612563173127, 2.476709636101450673 ) ) ;
#1374 = CARTESIAN_POINT ( 'NONE',  ( 2.302983000563780802, -0.1272666316754017257, 2.506771470330313001 ) ) ;
#1375 = B_SPLINE_CURVE_WITH_KNOTS ( 'NONE', 3,
 ( #9526, #2218, #4491, #2909 ),
 .UNSPECIFIED., .F., .F.,
 ( 4, 4 ),
 ( 0.000000000000000000, 0.9998989153771131733 ),
 .UNSPECIFIED. ) ;
#1376 = VECTOR ( 'NONE', #5060, 1000.000000000000000 ) ;
#1377 = EDGE_CURVE ( 'NONE', #9553, #3277, #6894, .T. ) ;
#1378 = B_SPLINE_SURFACE_WITH_KNOTS ( 'NONE', 1, 3, ( 
 ( #7076, #5723, #7716, #1045 ),
 ( #4016, #310, #3306, #6251 ) ),
 .UNSPECIFIED., .F., .F., .F.,
 ( 2, 2 ),
 ( 4, 4 ),
 ( 0.000000000000000000, 1.000000000000000000 ),
 ( 0.000000000000000000, 1.000000000000000000 ),
 .UNSPECIFIED. ) ;
#1379 = CARTESIAN_POINT ( 'NONE',  ( 1.576457688715584338, -0.02736708171384788502, 2.509850800911972435 ) ) ;
#1380 = ORIENTED_EDGE ( 'NONE', *, *, #1604, .T. ) ;
#1381 = CARTESIAN_POINT ( 'NONE',  ( 2.405232302830831337, 0.3897980829642322953, 2.472799068322209415 ) ) ;
#1382 = AXIS2_PLACEMENT_3D ( 'NONE', #2468, #5231, #8934 ) ;
#1383 = CARTESIAN_POINT ( 'NONE',  ( 2.946993699237084652, 0.3579749984559746356, 2.474246666716705345 ) ) ;
#1384 = EDGE_CURVE ( 'NONE', #6400, #5841, #800, .T. ) ;
#1385 = B_SPLINE_CURVE_WITH_KNOTS ( 'NONE', 3,
 ( #9429, #353, #2221, #7448, #39, #5914 ),
 .UNSPECIFIED., .F., .F.,
 ( 4, 2, 4 ),
 ( 0.000000000000000000, 0.3815919444084299172, 0.7631838888168598345 ),
 .UNSPECIFIED. ) ;
#1386 = DIRECTION ( 'NONE',  ( 1.000000000000000000, 0.000000000000000000, -2.168404344971008868E-16 ) ) ;
#1387 = CARTESIAN_POINT ( 'NONE',  ( 1.523090541236123086, 0.06423099795494986719, 2.509178028538770810 ) ) ;
#1388 = ORIENTED_EDGE ( 'NONE', *, *, #3129, .T. ) ;
#1389 = COLOUR_RGB ( '',0.2980392156862745057, 0.2980392156862745057, 0.2980392156862745057 ) ;
#1390 = FILL_AREA_STYLE ('',( #2875 ) ) ;
#1391 = VERTEX_POINT ( 'NONE', #5935 ) ;
#1392 = CARTESIAN_POINT ( 'NONE',  ( 2.471773635239680189, -0.1540714906128568540, 2.505266847220138704 ) ) ;
#1393 = ORIENTED_EDGE ( 'NONE', *, *, #3212, .F. ) ;
#1394 = EDGE_CURVE ( 'NONE', #4036, #7663, #1617, .T. ) ;
#1395 = DIRECTION ( 'NONE',  ( 1.000000000000000000, 0.000000000000000000, 0.000000000000000000 ) ) ;
#1396 = CARTESIAN_POINT ( 'NONE',  ( 2.484952097818029948, 0.1827289845411645963, 2.503339792798523700 ) ) ;
#1397 = CARTESIAN_POINT ( 'NONE',  ( 1.618634918656721045, -0.1253328144862920490, 2.496856360628890048 ) ) ;
#1398 = DIRECTION ( 'NONE',  ( -1.000000000000000000, 0.000000000000000000, 0.000000000000000000 ) ) ;
#1399 = CARTESIAN_POINT ( 'NONE',  ( 2.580846937243775230, -0.1141267184763750525, 2.498055982441285572 ) ) ;
#1400 = VERTEX_POINT ( 'NONE', #9068 ) ;
#1401 = AXIS2_PLACEMENT_3D ( 'NONE', #6657, #3137, #5224 ) ;
#1402 = EDGE_CURVE ( 'NONE', #1107, #4074, #7113, .T. ) ;
#1403 = EDGE_CURVE ( 'NONE', #8330, #7604, #6639, .T. ) ;
#1404 = PLANE ( 'NONE',  #7509 ) ;
#1405 = CARTESIAN_POINT ( 'NONE',  ( 2.536740784202287102, -0.2091714009954847575, 2.491256176302555581 ) ) ;
#1406 = ORIENTED_EDGE ( 'NONE', *, *, #1527, .T. ) ;
#1407 = B_SPLINE_CURVE_WITH_KNOTS ( 'NONE', 1,
 ( #1269, #9517 ),
 .UNSPECIFIED., .F., .F.,
 ( 2, 2 ),
 ( 0.000000000000000000, 1.000000000000000000 ),
 .UNSPECIFIED. ) ;
#1408 = ADVANCED_FACE ( 'NONE', ( #5367 ), #3887, .T. ) ;
#1409 = EDGE_LOOP ( 'NONE', ( #1307, #7480, #6855, #551 ) ) ;
#1410 = CARTESIAN_POINT ( 'NONE',  ( 2.405232302830831337, 0.1943447023056229794, 2.492434580221864149 ) ) ;
#1411 = CARTESIAN_POINT ( 'NONE',  ( 2.756915435686840166, 0.000000000000000000, 2.500000000000000000 ) ) ;
#1412 = CARTESIAN_POINT ( 'NONE',  ( 1.779154861258751552, -0.01643554154224666913, 2.509949460582087788 ) ) ;
#1413 = FACE_OUTER_BOUND ( 'NONE', #5502, .T. ) ;
#1414 = CARTESIAN_POINT ( 'NONE',  ( 3.093496371354855778, -0.01948914193164277830, 2.499924033515172450 ) ) ;
#1415 = ORIENTED_EDGE ( 'NONE', *, *, #5853, .F. ) ;
#1416 = ORIENTED_EDGE ( 'NONE', *, *, #436, .F. ) ;
#1417 = VERTEX_POINT ( 'NONE', #9015 ) ;
#1418 = VECTOR ( 'NONE', #8739, 1000.000000000000000 ) ;
#1419 = CARTESIAN_POINT ( 'NONE',  ( 2.949158978567447242, 0.3950250790129263279, 2.468593767097136293 ) ) ;
#1420 = CARTESIAN_POINT ( 'NONE',  ( 1.684701292356559854, 0.1430471440706816977, 2.505920569164165723 ) ) ;
#1421 = CARTESIAN_POINT ( 'NONE',  ( 1.781318735633162564, 0.008928862086430910255, 2.509984118559685840 ) ) ;
#1422 = DIRECTION ( 'NONE',  ( 0.000000000000000000, 0.000000000000000000, 1.000000000000000000 ) ) ;
#1423 = DIRECTION ( 'NONE',  ( 0.000000000000000000, -0.9957563393606240210, -0.09202886842252182287 ) ) ;
#1424 = CARTESIAN_POINT ( 'NONE',  ( 1.667602823131481227, 0.3326805646540382799, 2.488176782806547749 ) ) ;
#1425 = FILL_AREA_STYLE ('',( #6114 ) ) ;
#1426 = B_SPLINE_CURVE_WITH_KNOTS ( 'NONE', 1,
 ( #8386, #3824 ),
 .UNSPECIFIED., .F., .F.,
 ( 2, 2 ),
 ( 0.000000000000000000, 1.000000000000000000 ),
 .UNSPECIFIED. ) ;
#1427 =( GEOMETRIC_REPRESENTATION_CONTEXT ( 3 ) GLOBAL_UNCERTAINTY_ASSIGNED_CONTEXT ( ( #8904 ) ) GLOBAL_UNIT_ASSIGNED_CONTEXT ( ( #1754, #314, #6210 ) ) REPRESENTATION_CONTEXT ( 'NONE', 'WORKASPACE' ) );
#1428 = VERTEX_POINT ( 'NONE', #15 ) ;
#1429 = CARTESIAN_POINT ( 'NONE',  ( -5.500000000000000000, 5.510910596163087707E-17, -1.000000000000000222 ) ) ;
#1430 = CARTESIAN_POINT ( 'NONE',  ( 2.346066372196721428, -0.07848316887702679046, 2.498768061701460930 ) ) ;
#1431 = APPLICATION_CONTEXT ( 'automotive_design' ) ;
#1432 = DIRECTION ( 'NONE',  ( -1.000000000000000000, -0.000000000000000000, -0.000000000000000000 ) ) ;
#1433 = ADVANCED_FACE ( 'NONE', ( #231 ), #1863, .T. ) ;
#1434 = FACE_OUTER_BOUND ( 'NONE', #6942, .T. ) ;
#1435 = VERTEX_POINT ( 'NONE', #3176 ) ;
#1436 = AXIS2_PLACEMENT_3D ( 'NONE', #3454, #5783, #2149 ) ;
#1437 = SURFACE_STYLE_USAGE ( .BOTH. , #6729 ) ;
#1438 = VERTEX_POINT ( 'NONE', #8350 ) ;
#1439 = CARTESIAN_POINT ( 'NONE',  ( 4.500000000000000000, 0.01262211689126004413, 2.509968263178876224 ) ) ;
#1440 = PRESENTATION_LAYER_ASSIGNMENT (  '', '', ( #5650 ) ) ;
#1441 = VERTEX_POINT ( 'NONE', #4679 ) ;
#1442 = B_SPLINE_CURVE_WITH_KNOTS ( 'NONE', 3,
 ( #6699, #1565, #4524, #7783 ),
 .UNSPECIFIED., .F., .F.,
 ( 4, 4 ),
 ( 0.000000000000000000, 1.000000000000000000 ),
 .UNSPECIFIED. ) ;
#1443 = PLANE ( 'NONE',  #8955 ) ;
#1444 = CARTESIAN_POINT ( 'NONE',  ( 2.434446389192383986, -0.1305919500364444430, 2.496586818555621701 ) ) ;
#1445 = EDGE_CURVE ( 'NONE', #1917, #6841, #2630, .T. ) ;
#1446 = CARTESIAN_POINT ( 'NONE',  ( 2.368908078288205932, 0.3723570181742396623, 2.482226891834814264 ) ) ;
#1447 = CARTESIAN_POINT ( 'NONE',  ( 3.177982023650693488, -0.2301529181243587296, 2.499425860928633725 ) ) ;
#1448 = CARTESIAN_POINT ( 'NONE',  ( 4.500000000000000000, 0.000000000000000000, 0.000000000000000000 ) ) ;
#1449 = EDGE_CURVE ( 'NONE', #1502, #8956, #389, .T. ) ;
#1450 = CARTESIAN_POINT ( 'NONE',  ( 1.183950746546068578, 0.3928787923059953169, 2.468936259719189952 ) ) ;
#1451 = CARTESIAN_POINT ( 'NONE',  ( 2.840225097219448713, 0.1544588577518069827, 2.495223930083632080 ) ) ;
#1452 = ORIENTED_EDGE ( 'NONE', *, *, #4759, .F. ) ;
#1453 = ORIENTED_EDGE ( 'NONE', *, *, #1077, .T. ) ;
#1454 = CIRCLE ( 'NONE', #5814, 2.500000000000000000 ) ;
#1455 = ORIENTED_EDGE ( 'NONE', *, *, #7105, .F. ) ;
#1456 = FILL_AREA_STYLE ('',( #8100 ) ) ;
#1457 = CARTESIAN_POINT ( 'NONE',  ( 1.094428778919523060, -0.1927236645809859983, 2.502659490078769533 ) ) ;
#1458 = CARTESIAN_POINT ( 'NONE',  ( 1.754465747964042199, -0.07436312491102420319, 2.508926710694784123 ) ) ;
#1459 = DIRECTION ( 'NONE',  ( 0.000000000000000000, 0.07280039224747592019, 0.9973465309954276936 ) ) ;
#1460 = CARTESIAN_POINT ( 'NONE',  ( 2.840225097219448713, 0.1544588577518069827, 2.495223930083632080 ) ) ;
#1461 = CARTESIAN_POINT ( 'NONE',  ( 2.463722369804626222, -0.1170874595254711437, 2.507267541931229804 ) ) ;
#1462 = B_SPLINE_SURFACE_WITH_KNOTS ( 'NONE', 1, 3, ( 
 ( #62, #7470, #649, #2927 ),
 ( #1450, #6599, #1611, #6638 ) ),
 .UNSPECIFIED., .F., .F., .F.,
 ( 2, 2 ),
 ( 4, 4 ),
 ( 0.000000000000000000, 1.000000000000000000 ),
 ( 0.000000000000000000, 1.000000000000000000 ),
 .UNSPECIFIED. ) ;
#1463 = VERTEX_POINT ( 'NONE', #7130 ) ;
#1464 = ORIENTED_EDGE ( 'NONE', *, *, #3578, .T. ) ;
#1465 = EDGE_CURVE ( 'NONE', #1463, #1835, #1316, .T. ) ;
#1466 = ORIENTED_EDGE ( 'NONE', *, *, #2373, .T. ) ;
#1467 = CIRCLE ( 'NONE', #6895, 2.500000000000000000 ) ;
#1468 = CARTESIAN_POINT ( 'NONE',  ( 2.660917452748341017, 0.1820009806186898005, 2.493366327488569123 ) ) ;
#1469 = CARTESIAN_POINT ( 'NONE',  ( 4.500000000000000000, -0.1364509175148550524, 2.506288320826108418 ) ) ;
#1470 = FACE_OUTER_BOUND ( 'NONE', #2548, .T. ) ;
#1471 = EDGE_CURVE ( 'NONE', #8655, #8480, #5640, .T. ) ;
#1472 = CARTESIAN_POINT ( 'NONE',  ( 2.251062958619977739, -0.2114086753047923761, 2.501098141517760443 ) ) ;
#1473 = EDGE_CURVE ( 'NONE', #1207, #7499, #2147, .T. ) ;
#1474 = DIRECTION ( 'NONE',  ( 1.000000000000000000, 0.000000000000000000, -1.509973174694306569E-16 ) ) ;
#1475 = PLANE ( 'NONE',  #2792 ) ;
#1476 = AXIS2_PLACEMENT_3D ( 'NONE', #979, #6917, #2473 ) ;
#1477 = CARTESIAN_POINT ( 'NONE',  ( 2.661309449669412519, -0.1439637248884589882, 2.506246964771354779 ) ) ;
#1478 = B_SPLINE_CURVE_WITH_KNOTS ( 'NONE', 3,
 ( #3711, #5179, #1580, #6617 ),
 .UNSPECIFIED., .F., .F.,
 ( 4, 4 ),
 ( 0.000000000000000000, 1.000000000000000000 ),
 .UNSPECIFIED. ) ;
#1479 = CARTESIAN_POINT ( 'NONE',  ( 1.781318735633162564, 0.008928862086430910255, 2.509984118559685840 ) ) ;
#1480 = ORIENTED_EDGE ( 'NONE', *, *, #5695, .F. ) ;
#1481 = CARTESIAN_POINT ( 'NONE',  ( 2.598942515453571467, -0.3095636960717204622, 2.490839011168466399 ) ) ;
#1482 = CARTESIAN_POINT ( 'NONE',  ( 2.472573247664885177, -0.2333034775475972544, 2.489090092255441089 ) ) ;
#1483 = CARTESIAN_POINT ( 'NONE',  ( 2.964818224011430470, 0.3144303794166374288, 2.480374753238231200 ) ) ;
#1484 = CARTESIAN_POINT ( 'NONE',  ( 3.255844991115442344, -0.03547442350415754703, 2.509749303272549525 ) ) ;
#1485 = EDGE_LOOP ( 'NONE', ( #1353, #4355, #2631, #1244 ) ) ;
#1486 = B_SPLINE_CURVE_WITH_KNOTS ( 'NONE', 1,
 ( #6982, #997 ),
 .UNSPECIFIED., .F., .F.,
 ( 2, 2 ),
 ( 0.000000000000000000, 1.000000000000000000 ),
 .UNSPECIFIED. ) ;
#1487 = B_SPLINE_CURVE_WITH_KNOTS ( 'NONE', 3,
 ( #6499, #8781, #7179, #8633 ),
 .UNSPECIFIED., .F., .F.,
 ( 4, 4 ),
 ( 0.000000000000000000, 1.000000000000000000 ),
 .UNSPECIFIED. ) ;
#1488 = CARTESIAN_POINT ( 'NONE',  ( 2.384559623074435475, 0.000000000000000000, 0.000000000000000000 ) ) ;
#1489 = EDGE_CURVE ( 'NONE', #8559, #2122, #5274, .T. ) ;
#1490 = EDGE_LOOP ( 'NONE', ( #4518, #5111, #5629, #6231, #5656, #222 ) ) ;
#1491 = DIRECTION ( 'NONE',  ( -1.000000000000000000, -0.000000000000000000, -0.000000000000000000 ) ) ;
#1492 = ORIENTED_EDGE ( 'NONE', *, *, #8331, .T. ) ;
#1493 = CARTESIAN_POINT ( 'NONE',  ( 2.932880790617061084, 0.000000000000000000, 0.000000000000000000 ) ) ;
#1494 = CARTESIAN_POINT ( 'NONE',  ( 2.641801176293318676, -0.2010897106135218770, 2.495243608614942321 ) ) ;
#1495 = DIRECTION ( 'NONE',  ( -1.000000000000000000, -0.000000000000000000, -0.000000000000000000 ) ) ;
#1496 = PLANE ( 'NONE',  #5897 ) ;
#1497 = PLANE ( 'NONE',  #803 ) ;
#1498 = EDGE_LOOP ( 'NONE', ( #6486, #2910, #2850, #2017 ) ) ;
#1499 = CARTESIAN_POINT ( 'NONE',  ( 3.299831243721482288, -0.06840999099747607781, 2.510375757071417357 ) ) ;
#1500 = CARTESIAN_POINT ( 'NONE',  ( 2.466321928337154912, -0.08371991586703655952, 2.498597801905543925 ) ) ;
#1501 = VERTEX_POINT ( 'NONE', #9299 ) ;
#1502 = VERTEX_POINT ( 'NONE', #8452 ) ;
#1503 = CARTESIAN_POINT ( 'NONE',  ( 2.581692811765796236, -0.2843986643782882018, 2.483770802570125724 ) ) ;
#1504 = CARTESIAN_POINT ( 'NONE',  ( 1.161570944305657660, -0.1064164990975954989, 2.497734078864243479 ) ) ;
#1505 = CARTESIAN_POINT ( 'NONE',  ( 1.161570944305657660, -0.1068421650939858775, 2.507725015179700367 ) ) ;
#1506 = CARTESIAN_POINT ( 'NONE',  ( 1.887787383200180802, 1.078035736011966761E-05, 2.509999510168126946 ) ) ;
#1507 = ADVANCED_FACE ( 'NONE', ( #7686 ), #3319, .F. ) ;
#1508 = CARTESIAN_POINT ( 'NONE',  ( 3.130013979308440941, -0.1057888086685636747, 2.507769672031402219 ) ) ;
#1509 = B_SPLINE_CURVE_WITH_KNOTS ( 'NONE', 3,
 ( #8424, #94, #1644, #4002 ),
 .UNSPECIFIED., .F., .F.,
 ( 4, 4 ),
 ( 0.000000000000000000, 1.000000000000000000 ),
 .UNSPECIFIED. ) ;
#1510 = CARTESIAN_POINT ( 'NONE',  ( 3.326775802495638423, -0.2292359742274489298, 2.489467988972742685 ) ) ;
#1511 = B_SPLINE_CURVE_WITH_KNOTS ( 'NONE', 1,
 ( #833, #2582 ),
 .UNSPECIFIED., .F., .F.,
 ( 2, 2 ),
 ( 0.000000000000000000, 1.000000000000000000 ),
 .UNSPECIFIED. ) ;
#1512 = EDGE_LOOP ( 'NONE', ( #460, #2248, #8511, #7156 ) ) ;
#1513 = ORIENTED_EDGE ( 'NONE', *, *, #2461, .F. ) ;
#1514 = B_SPLINE_CURVE_WITH_KNOTS ( 'NONE', 3,
 ( #4470, #3697, #8196, #8919 ),
 .UNSPECIFIED., .F., .F.,
 ( 4, 4 ),
 ( 0.000000000000000000, 1.000000000000000000 ),
 .UNSPECIFIED. ) ;
#1515 = ORIENTED_EDGE ( 'NONE', *, *, #4309, .F. ) ;
#1516 = CARTESIAN_POINT ( 'NONE',  ( 2.819273893334119929, 0.01257182957296817082, 2.499968389620394582 ) ) ;
#1517 = CARTESIAN_POINT ( 'NONE',  ( 2.768051366967340776, 0.2080011676468116188, 2.501366729261738087 ) ) ;
#1518 = CARTESIAN_POINT ( 'NONE',  ( 2.258914294017850821, 0.3652801990870572224, 2.483278151185428495 ) ) ;
#1519 = ORIENTED_EDGE ( 'NONE', *, *, #8757, .F. ) ;
#1520 = ORIENTED_EDGE ( 'NONE', *, *, #4624, .F. ) ;
#1521 = SURFACE_STYLE_FILL_AREA ( #866 ) ;
#1522 = ORIENTED_EDGE ( 'NONE', *, *, #6291, .F. ) ;
#1523 = EDGE_CURVE ( 'NONE', #3926, #7409, #786, .T. ) ;
#1524 = FACE_OUTER_BOUND ( 'NONE', #8334, .T. ) ;
#1525 = CARTESIAN_POINT ( 'NONE',  ( 2.279764576179922120, -0.05836184000165185043, 2.499340284931656608 ) ) ;
#1526 = CARTESIAN_POINT ( 'NONE',  ( 1.161570944305657660, -0.2403555797318659148, 2.488419015216641217 ) ) ;
#1527 = EDGE_CURVE ( 'NONE', #228, #3051, #9525, .T. ) ;
#1528 = AXIS2_PLACEMENT_3D ( 'NONE', #4841, #6909, #2648 ) ;
#1529 = EDGE_CURVE ( 'NONE', #1720, #430, #7814, .T. ) ;
#1530 = CARTESIAN_POINT ( 'NONE',  ( 1.454295552010481662, 0.3565756325990430686, 2.474440166791367357 ) ) ;
#1531 = VERTEX_POINT ( 'NONE', #4923 ) ;
#1532 = DIRECTION ( 'NONE',  ( 0.000000000000000000, -1.000000000000000000, 0.000000000000000000 ) ) ;
#1533 = CARTESIAN_POINT ( 'NONE',  ( 2.285155462299096385, -0.2015479651663660554, 2.501894965368709922 ) ) ;
#1534 = ADVANCED_FACE ( 'NONE', ( #2550 ), #8560, .T. ) ;
#1535 = DIRECTION ( 'NONE',  ( 1.000000000000000000, 0.000000000000000000, 0.000000000000000000 ) ) ;
#1536 = PRESENTATION_LAYER_ASSIGNMENT (  '', '', ( #4805 ) ) ;
#1537 = DIRECTION ( 'NONE',  ( 0.000000000000000000, 0.000000000000000000, 1.000000000000000000 ) ) ;
#1538 = VERTEX_POINT ( 'NONE', #4032 ) ;
#1539 = ORIENTED_EDGE ( 'NONE', *, *, #7640, .F. ) ;
#1540 = CARTESIAN_POINT ( 'NONE',  ( 2.564486210053318338, -0.2809548147692068065, 2.484162714489129620 ) ) ;
#1541 = VECTOR ( 'NONE', #715, 1000.000000000000000 ) ;
#1542 = UNCERTAINTY_MEASURE_WITH_UNIT (LENGTH_MEASURE( 1.000000000000000082E-05 ), #4149, 'distance_accuracy_value', 'NONE');
#1543 = ORIENTED_EDGE ( 'NONE', *, *, #9336, .F. ) ;
#1544 = CARTESIAN_POINT ( 'NONE',  ( 2.621635234927587987, -0.2402601314119139075, 2.498496707243776704 ) ) ;
#1545 = VERTEX_POINT ( 'NONE', #325 ) ;
#1546 = DIRECTION ( 'NONE',  ( -1.000000000000000000, -0.000000000000000000, -0.000000000000000000 ) ) ;
#1547 = B_SPLINE_SURFACE_WITH_KNOTS ( 'NONE', 1, 3, ( 
 ( #3403, #5777, #2677, #4958 ),
 ( #4867, #9388, #1196, #5637 ) ),
 .UNSPECIFIED., .F., .F., .F.,
 ( 2, 2 ),
 ( 4, 4 ),
 ( 0.000000000000000000, 1.000000000000000000 ),
 ( 0.000000000000000000, 1.000000000000000000 ),
 .UNSPECIFIED. ) ;
#1548 = DIRECTION ( 'NONE',  ( 1.000000000000000000, 0.000000000000000000, 0.000000000000000000 ) ) ;
#1549 = CARTESIAN_POINT ( 'NONE',  ( 3.172589790480661698, -0.1530386746769686335, 2.496484412671833297 ) ) ;
#1550 = CARTESIAN_POINT ( 'NONE',  ( 1.667698327472291409, -0.2300721710563045641, 2.489390848401560330 ) ) ;
#1551 = FILL_AREA_STYLE ('',( #5925 ) ) ;
#1552 = FACE_OUTER_BOUND ( 'NONE', #9455, .T. ) ;
#1553 = CIRCLE ( 'NONE', #4657, 0.4499999999999999001 ) ;
#1554 = EDGE_CURVE ( 'NONE', #2576, #5919, #7328, .T. ) ;
#1555 = EDGE_LOOP ( 'NONE', ( #1080, #148, #8837, #1212 ) ) ;
#1556 = B_SPLINE_CURVE_WITH_KNOTS ( 'NONE', 3,
 ( #4182, #1254, #464, #2839, #8683, #416 ),
 .UNSPECIFIED., .F., .F.,
 ( 4, 2, 4 ),
 ( 0.000000000000000000, 0.5000000000000000000, 1.000000000000000000 ),
 .UNSPECIFIED. ) ;
#1557 = CARTESIAN_POINT ( 'NONE',  ( 3.330571911552793640, -0.1488656997666511217, 2.496868669859806822 ) ) ;
#1558 = CARTESIAN_POINT ( 'NONE',  ( 2.251062958400211311, -0.2105664094515598272, 2.491133607108335646 ) ) ;
#1559 = AXIS2_PLACEMENT_3D ( 'NONE', #4956, #7954, #2039 ) ;
#1560 = EDGE_LOOP ( 'NONE', ( #2185, #406, #6182, #867 ) ) ;
#1561 = CARTESIAN_POINT ( 'NONE',  ( 2.522951374024337223, -0.2205004460482446749, 2.500295893147954196 ) ) ;
#1562 = FACE_OUTER_BOUND ( 'NONE', #3350, .T. ) ;
#1563 = CARTESIAN_POINT ( 'NONE',  ( 1.094434427590988079, -0.1555610919463674136, 2.505244036185557910 ) ) ;
#1564 = CARTESIAN_POINT ( 'NONE',  ( 2.584044793295543929, -0.3102096543760115566, 2.480679336458446294 ) ) ;
#1565 = CARTESIAN_POINT ( 'NONE',  ( 2.354231440198708114, -0.1594747756984332132, 2.498248501189125559 ) ) ;
#1566 = VECTOR ( 'NONE', #5397, 1000.000000000000114 ) ;
#1567 = CARTESIAN_POINT ( 'NONE',  ( 0.8706338106990590964, 0.2401675128977830143, 2.498483453166839396 ) ) ;
#1568 = EDGE_CURVE ( 'NONE', #4683, #1029, #4453, .T. ) ;
#1569 = VERTEX_POINT ( 'NONE', #7221 ) ;
#1570 = EDGE_LOOP ( 'NONE', ( #2331, #6344, #5419, #3980 ) ) ;
#1571 = B_SPLINE_CURVE_WITH_KNOTS ( 'NONE', 3,
 ( #9551, #2065, #6511, #1315 ),
 .UNSPECIFIED., .F., .F.,
 ( 4, 4 ),
 ( 0.000000000000000000, 1.000000000000000000 ),
 .UNSPECIFIED. ) ;
#1572 = ORIENTED_EDGE ( 'NONE', *, *, #553, .F. ) ;
#1573 = CARTESIAN_POINT ( 'NONE',  ( 2.425657405583639736, -0.1927530370964304907, 2.502587913878372206 ) ) ;
#1574 = FACE_OUTER_BOUND ( 'NONE', #1490, .T. ) ;
#1575 = CARTESIAN_POINT ( 'NONE',  ( 1.033096919290210414, -0.2916172653289337835, 2.493090376594503610 ) ) ;
#1576 = VERTEX_POINT ( 'NONE', #7964 ) ;
#1577 = FACE_OUTER_BOUND ( 'NONE', #5437, .T. ) ;
#1578 = ORIENTED_EDGE ( 'NONE', *, *, #3386, .F. ) ;
#1579 = CARTESIAN_POINT ( 'NONE',  ( 2.341233647537682927, -0.1944534611905221755, 2.492426097486347913 ) ) ;
#1580 = CARTESIAN_POINT ( 'NONE',  ( 3.029134334340245260, -0.01571359454003273468, 2.509950840427720209 ) ) ;
#1581 = CARTESIAN_POINT ( 'NONE',  ( 2.506343859209865688, -0.07761554250421524859, 2.498794896764554796 ) ) ;
#1582 = CIRCLE ( 'NONE', #2051, 2.500000000000000000 ) ;
#1583 = CARTESIAN_POINT ( 'NONE',  ( 3.211157342063377662, -0.1359072883614094174, 2.496303108392538661 ) ) ;
#1584 = EDGE_CURVE ( 'NONE', #77, #5255, #4338, .T. ) ;
#1585 = CARTESIAN_POINT ( 'NONE',  ( 3.223226721823413854, -0.1028198502752030313, 2.508119311276697072 ) ) ;
#1586 = ORIENTED_EDGE ( 'NONE', *, *, #5017, .F. ) ;
#1587 = CARTESIAN_POINT ( 'NONE',  ( 2.532298550476452803, -0.1544390364353402378, 2.505244216443762717 ) ) ;
#1588 = CARTESIAN_POINT ( 'NONE',  ( 3.096741303439197956, -0.1355204546154246958, 2.506505286994634041 ) ) ;
#1589 = B_SPLINE_CURVE_WITH_KNOTS ( 'NONE', 3,
 ( #6258, #8393, #1608, #4775 ),
 .UNSPECIFIED., .F., .F.,
 ( 4, 4 ),
 ( 0.000000000000000000, 1.000000000000000000 ),
 .UNSPECIFIED. ) ;
#1590 = CARTESIAN_POINT ( 'NONE',  ( 2.542451856779942787, -0.1823566985591848211, 2.493340336674998436 ) ) ;
#1591 = EDGE_CURVE ( 'NONE', #7135, #1278, #8725, .T. ) ;
#1592 = CARTESIAN_POINT ( 'NONE',  ( 2.258914294017850821, 0.3638248994891007948, 2.473384612734490506 ) ) ;
#1593 = ORIENTED_EDGE ( 'NONE', *, *, #8474, .T. ) ;
#1594 = EDGE_CURVE ( 'NONE', #2144, #4075, #8267, .T. ) ;
#1595 = CARTESIAN_POINT ( 'NONE',  ( 3.097148132149224242, -0.1066580148352939406, 2.507732854167563641 ) ) ;
#1596 = ORIENTED_EDGE ( 'NONE', *, *, #9279, .T. ) ;
#1597 = CARTESIAN_POINT ( 'NONE',  ( 2.301109275710332636, 0.3648256846787968355, 2.483417942021051150 ) ) ;
#1598 = VERTEX_POINT ( 'NONE', #8773 ) ;
#1599 = CARTESIAN_POINT ( 'NONE',  ( 3.255844991115442344, -0.03533309113959915565, 2.499750302064292828 ) ) ;
#1600 = VECTOR ( 'NONE', #5258, 1000.000000000000000 ) ;
#1601 = CARTESIAN_POINT ( 'NONE',  ( 2.524455078124317353, -0.1458882532041947955, 2.495752365835474773 ) ) ;
#1602 = CARTESIAN_POINT ( 'NONE',  ( 2.282191146199588072, 0.3459691546142519281, 2.486042104240292261 ) ) ;
#1603 = EDGE_CURVE ( 'NONE', #7483, #6710, #7915, .T. ) ;
#1604 = EDGE_CURVE ( 'NONE', #4571, #8259, #9021, .T. ) ;
#1605 = CARTESIAN_POINT ( 'NONE',  ( 1.824356778977260340, -0.1534456739553034799, 2.505305255880888371 ) ) ;
#1606 = CARTESIAN_POINT ( 'NONE',  ( 2.353426814938833989, -0.2034080885730866206, 2.501744421299474830 ) ) ;
#1607 = CARTESIAN_POINT ( 'NONE',  ( 2.660917452748341017, 0.1820009806186898005, 2.493366327488569123 ) ) ;
#1608 = CARTESIAN_POINT ( 'NONE',  ( 3.248893221319324454, -0.03068181469761960961, 2.509817045112051392 ) ) ;
#1609 = B_SPLINE_CURVE_WITH_KNOTS ( 'NONE', 3,
 ( #5094, #2718, #8763, #4159, #2869, #7120 ),
 .UNSPECIFIED., .F., .F.,
 ( 4, 2, 4 ),
 ( 0.000000000000000000, 0.4086926983116214163, 0.8173853966232428325 ),
 .UNSPECIFIED. ) ;
#1610 = PRESENTATION_LAYER_ASSIGNMENT (  '', '', ( #6252 ) ) ;
#1611 = CARTESIAN_POINT ( 'NONE',  ( 1.132794026774520901, 0.3495392129517338464, 2.475649321756416388 ) ) ;
#1612 = VERTEX_POINT ( 'NONE', #593 ) ;
#1613 = DIRECTION ( 'NONE',  ( 0.000000000000000000, 0.005028731829187268153, 0.9999873558481577884 ) ) ;
#1614 = EDGE_CURVE ( 'NONE', #7409, #1943, #6442, .T. ) ;
#1615 = ORIENTED_EDGE ( 'NONE', *, *, #7038, .T. ) ;
#1616 = CARTESIAN_POINT ( 'NONE',  ( 2.214040962212883823, 0.1550766931827964323, 2.505204825803967861 ) ) ;
#1617 = LINE ( 'NONE', #119, #1600 ) ;
#1618 = CARTESIAN_POINT ( 'NONE',  ( 3.255844991115442344, -0.03533309113959915565, 2.499750302064292828 ) ) ;
#1619 = CARTESIAN_POINT ( 'NONE',  ( 3.071271301472171533, -0.1772645227300297111, 2.503732671229357720 ) ) ;
#1620 = VECTOR ( 'NONE', #2061, 1000.000000000000000 ) ;
#1621 = CARTESIAN_POINT ( 'NONE',  ( 0.8706338106990590964, 0.2392106702169153332, 2.488529335823544741 ) ) ;
#1622 = VERTEX_POINT ( 'NONE', #1344 ) ;
#1623 = VERTEX_POINT ( 'NONE', #641 ) ;
#1624 = ORIENTED_EDGE ( 'NONE', *, *, #6983, .T. ) ;
#1625 = CARTESIAN_POINT ( 'NONE',  ( 4.500000000000000000, 0.000000000000000000, 0.000000000000000000 ) ) ;
#1626 = AXIS2_PLACEMENT_3D ( 'NONE', #7618, #307, #2436 ) ;
#1627 = VECTOR ( 'NONE', #6706, 1000.000000000000000 ) ;
#1628 = EDGE_CURVE ( 'NONE', #1633, #7751, #5335, .T. ) ;
#1629 = FACE_OUTER_BOUND ( 'NONE', #6288, .T. ) ;
#1630 = DIRECTION ( 'NONE',  ( 1.000000000000000000, 0.000000000000000000, 0.000000000000000000 ) ) ;
#1631 = ORIENTED_EDGE ( 'NONE', *, *, #8588, .F. ) ;
#1632 = CARTESIAN_POINT ( 'NONE',  ( 2.581692811765796236, -0.2855362590358014319, 2.493705885780406195 ) ) ;
#1633 = VERTEX_POINT ( 'NONE', #2733 ) ;
#1634 = CARTESIAN_POINT ( 'NONE',  ( 2.629660856110518363, 0.3966051793289692151, 2.478468142165526356 ) ) ;
#1635 = DIRECTION ( 'NONE',  ( 0.000000000000000000, -0.03710033658858809952, 0.9993115455277264969 ) ) ;
#1636 = DIRECTION ( 'NONE',  ( 0.000000000000000000, 0.06178354310071569599, 0.9980895720334532761 ) ) ;
#1637 = AXIS2_PLACEMENT_3D ( 'NONE', #6040, #1778, #1630 ) ;
#1638 = VECTOR ( 'NONE', #3418, 1000.000000000000000 ) ;
#1639 = SURFACE_SIDE_STYLE ('',( #7601 ) ) ;
#1640 = B_SPLINE_SURFACE_WITH_KNOTS ( 'NONE', 1, 3, ( 
 ( #9231, #7107, #4941, #1079 ),
 ( #3432, #6372, #9318, #5664 ) ),
 .UNSPECIFIED., .F., .F., .F.,
 ( 2, 2 ),
 ( 4, 4 ),
 ( 0.000000000000000000, 1.000000000000000000 ),
 ( 0.000000000000000000, 1.000000000000000000 ),
 .UNSPECIFIED. ) ;
#1641 = CARTESIAN_POINT ( 'NONE',  ( 2.262504160562355704, -0.09858633555054907571, 2.508063144030212577 ) ) ;
#1642 = EDGE_CURVE ( 'NONE', #2363, #1872, #1122, .T. ) ;
#1643 = ORIENTED_EDGE ( 'NONE', *, *, #3147, .T. ) ;
#1644 = CARTESIAN_POINT ( 'NONE',  ( 3.015323932527937956, 0.1764923002766573545, 2.493860020286321255 ) ) ;
#1645 = CIRCLE ( 'NONE', #1934, 1.450000000000000178 ) ;
#1646 = CARTESIAN_POINT ( 'NONE',  ( 2.354231438496517281, -0.1200668666900512743, 2.507126631728687105 ) ) ;
#1647 = CARTESIAN_POINT ( 'NONE',  ( 2.790276436849969066, 0.1882968552717126653, 2.492898773375041177 ) ) ;
#1648 = EDGE_CURVE ( 'NONE', #418, #9148, #6071, .T. ) ;
#1649 = CARTESIAN_POINT ( 'NONE',  ( 3.254586474683443420, -0.02979937011083835102, 2.509829518155853201 ) ) ;
#1650 = EDGE_LOOP ( 'NONE', ( #7024, #5598, #5913, #9447 ) ) ;
#1651 = CARTESIAN_POINT ( 'NONE',  ( 2.571542154640000799, 0.2641792259297762180, 2.496058760643896424 ) ) ;
#1652 = VERTEX_POINT ( 'NONE', #8046 ) ;
#1653 = CARTESIAN_POINT ( 'NONE',  ( 3.247365478760182000, -0.03533309113959914871, 2.499750302064292384 ) ) ;
#1654 = ORIENTED_EDGE ( 'NONE', *, *, #481, .T. ) ;
#1655 = CARTESIAN_POINT ( 'NONE',  ( 1.291538661109068009, 0.3417487612563173127, 2.476709636101450673 ) ) ;
#1656 = CARTESIAN_POINT ( 'NONE',  ( 2.493180529351969099, -0.1319817101772354784, 2.506527643609520073 ) ) ;
#1657 = CARTESIAN_POINT ( 'NONE',  ( 3.177982023650693488, -0.2301529181243587296, 2.499425860928633725 ) ) ;
#1658 =( NAMED_UNIT ( * ) PLANE_ANGLE_UNIT ( ) SI_UNIT ( $, .RADIAN. ) );
#1659 = CARTESIAN_POINT ( 'NONE',  ( 1.569571575511992778, -0.1241079079637038285, 2.506929840897202943 ) ) ;
#1660 = CARTESIAN_POINT ( 'NONE',  ( 1.335444645985828904, 0.000000000000000000, 0.000000000000000000 ) ) ;
#1661 = LINE ( 'NONE', #2542, #975 ) ;
#1662 = CARTESIAN_POINT ( 'NONE',  ( 2.223944042334981219, 0.2705116037016522812, 2.485321603387127265 ) ) ;
#1663 = EDGE_CURVE ( 'NONE', #6540, #9440, #2386, .T. ) ;
#1664 = EDGE_CURVE ( 'NONE', #7927, #7318, #6526, .T. ) ;
#1665 = ORIENTED_EDGE ( 'NONE', *, *, #1968, .T. ) ;
#1666 = DIRECTION ( 'NONE',  ( -1.000000000000000000, -0.000000000000000000, -0.000000000000000000 ) ) ;
#1667 = ORIENTED_EDGE ( 'NONE', *, *, #5530, .T. ) ;
#1668 = CARTESIAN_POINT ( 'NONE',  ( 2.278129609103805020, 0.1605750131290795135, 2.504969348351149261 ) ) ;
#1669 = CARTESIAN_POINT ( 'NONE',  ( 2.280515387535539507, 0.2035993831601810300, 2.491695665842198260 ) ) ;
#1670 = CARTESIAN_POINT ( 'NONE',  ( 2.621186619276883789, -0.2948924044137620215, 2.482547708070510062 ) ) ;
#1671 = LINE ( 'NONE', #3841, #7122 ) ;
#1672 = DIRECTION ( 'NONE',  ( -1.000000000000000000, -0.000000000000000000, -0.000000000000000000 ) ) ;
#1673 = ORIENTED_EDGE ( 'NONE', *, *, #2344, .T. ) ;
#1674 = VERTEX_POINT ( 'NONE', #1396 ) ;
#1675 = B_SPLINE_CURVE_WITH_KNOTS ( 'NONE', 3,
 ( #2641, #2506, #4130, #1061 ),
 .UNSPECIFIED., .F., .F.,
 ( 4, 4 ),
 ( 0.000000000000000000, 1.000000000000000000 ),
 .UNSPECIFIED. ) ;
#1676 = CARTESIAN_POINT ( 'NONE',  ( 1.579900679646538686, -0.1258341457442372358, 2.506843786071405233 ) ) ;
#1677 = DIRECTION ( 'NONE',  ( 1.000000000000000000, 0.000000000000000000, 0.000000000000000000 ) ) ;
#1678 = DIRECTION ( 'NONE',  ( 0.000000000000000000, -0.04818164109039706905, 0.9988385902946663730 ) ) ;
#1679 = ORIENTED_EDGE ( 'NONE', *, *, #5916, .F. ) ;
#1680 = FACE_OUTER_BOUND ( 'NONE', #1135, .T. ) ;
#1681 = ORIENTED_EDGE ( 'NONE', *, *, #7196, .F. ) ;
#1682 = DIRECTION ( 'NONE',  ( -1.000000000000000000, -0.000000000000000000, -0.000000000000000000 ) ) ;
#1683 = CARTESIAN_POINT ( 'NONE',  ( 2.591799049670771904, -0.3099262735761540988, 2.480714773307815868 ) ) ;
#1684 = LINE ( 'NONE', #7548, #2849 ) ;
#1685 = EDGE_CURVE ( 'NONE', #9402, #3477, #4364, .T. ) ;
#1686 = CARTESIAN_POINT ( 'NONE',  ( 2.882519502012879098, 0.1764923002807597674, 2.493860020286066348 ) ) ;
#1687 = ORIENTED_EDGE ( 'NONE', *, *, #3611, .T. ) ;
#1688 = CARTESIAN_POINT ( 'NONE',  ( 1.722482933656547699, -0.1080170346116670621, 2.497794615314172351 ) ) ;
#1689 = CARTESIAN_POINT ( 'NONE',  ( 2.320065813775423536, -0.1248669049991250474, 2.506893302389854750 ) ) ;
#1690 = CARTESIAN_POINT ( 'NONE',  ( 1.181431098678295211, -0.2396982609453835178, 2.488482505423486479 ) ) ;
#1691 = B_SPLINE_CURVE_WITH_KNOTS ( 'NONE', 3,
 ( #8208, #8261, #2264, #863 ),
 .UNSPECIFIED., .F., .F.,
 ( 4, 4 ),
 ( 0.000000000000000000, 1.000000000000000000 ),
 .UNSPECIFIED. ) ;
#1692 = DIRECTION ( 'NONE',  ( 0.000000000000000000, 0.9999813204896919050, 0.006112174056100162442 ) ) ;
#1693 = ORIENTED_EDGE ( 'NONE', *, *, #436, .T. ) ;
#1694 = EDGE_CURVE ( 'NONE', #4036, #8193, #6929, .T. ) ;
#1695 = B_SPLINE_CURVE_WITH_KNOTS ( 'NONE', 3,
 ( #621, #5809, #4295, #3664 ),
 .UNSPECIFIED., .F., .F.,
 ( 4, 4 ),
 ( 0.000000000000000000, 1.000000000000000000 ),
 .UNSPECIFIED. ) ;
#1696 = VERTEX_POINT ( 'NONE', #7310 ) ;
#1697 = CARTESIAN_POINT ( 'NONE',  ( 2.384559623074435919, -0.1182284499960921526, 2.497202841903621184 ) ) ;
#1699 = ORIENTED_EDGE ( 'NONE', *, *, #4912, .T. ) ;
#1698 = AXIS2_PLACEMENT_3D ( 'NONE', #5566, #8502, #4791 ) ;
#1700 = DIRECTION ( 'NONE',  ( -1.000000000000000000, -0.000000000000000000, -0.000000000000000000 ) ) ;
#1701 = CARTESIAN_POINT ( 'NONE',  ( 2.932880790617061084, 0.000000000000000000, 2.500000000000000000 ) ) ;
#1702 = CARTESIAN_POINT ( 'NONE',  ( 2.276672144918165053, -0.1717681731734697903, 2.494107978271657089 ) ) ;
#1703 = CARTESIAN_POINT ( 'NONE',  ( 2.532301199654241497, -0.1538264215081688591, 2.495262998572694180 ) ) ;
#1704 = CARTESIAN_POINT ( 'NONE',  ( 2.645753361309656437, -0.2552323279968282121, 2.486937164213305795 ) ) ;
#1705 = CARTESIAN_POINT ( 'NONE',  ( 2.964137387253224620, 0.000000000000000000, 0.000000000000000000 ) ) ;
#1706 = MECHANICAL_DESIGN_GEOMETRIC_PRESENTATION_REPRESENTATION (  '', ( #9123 ), #6335 ) ;
#1707 = CARTESIAN_POINT ( 'NONE',  ( 2.507749632650952076, -0.05307680472071633210, 2.509438760959931791 ) ) ;
#1708 = FACE_OUTER_BOUND ( 'NONE', #3216, .T. ) ;
#1709 = ORIENTED_EDGE ( 'NONE', *, *, #4902, .T. ) ;
#1710 = CARTESIAN_POINT ( 'NONE',  ( 2.425843312167490495, -0.1036857961492296670, 2.507857503064498061 ) ) ;
#1711 = EDGE_CURVE ( 'NONE', #9251, #1139, #3643, .T. ) ;
#1712 = ORIENTED_EDGE ( 'NONE', *, *, #4794, .F. ) ;
#1713 = DIRECTION ( 'NONE',  ( -1.000000000000000000, -0.000000000000000000, -0.000000000000000000 ) ) ;
#1714 = CARTESIAN_POINT ( 'NONE',  ( 1.888023620069019248, 0.007060851500996069216, 2.499992555072158229 ) ) ;
#1715 = VECTOR ( 'NONE', #1398, 1000.000000000000000 ) ;
#1716 = CARTESIAN_POINT ( 'NONE',  ( 1.886689134266857693, 0.06267472750342324705, 2.509756510194755208 ) ) ;
#1717 = CARTESIAN_POINT ( 'NONE',  ( 2.262504160562355704, -0.09858633555054907571, 2.508063144030212577 ) ) ;
#1718 = EDGE_CURVE ( 'NONE', #7055, #262, #755, .T. ) ;
#1719 = CARTESIAN_POINT ( 'NONE',  ( 3.326775802495638423, -0.2301529181243587296, 2.499425860928633725 ) ) ;
#1720 = VERTEX_POINT ( 'NONE', #8091 ) ;
#1721 = CARTESIAN_POINT ( 'NONE',  ( 2.790276436849969066, 0.3647883498761897991, 2.483350450458936987 ) ) ;
#1722 = STYLED_ITEM ( 'NONE', ( #5436 ), #9478 ) ;
#1723 = EDGE_CURVE ( 'NONE', #1633, #654, #2553, .T. ) ;
#1724 = CARTESIAN_POINT ( 'NONE',  ( 1.392254850066266370, 0.3585647551118277820, 2.484256692934849298 ) ) ;
#1725 = CARTESIAN_POINT ( 'NONE',  ( 2.425657405583639736, -0.2237904094556793788, 2.496656890806872031 ) ) ;
#1726 = ORIENTED_EDGE ( 'NONE', *, *, #9074, .F. ) ;
#1727 = CIRCLE ( 'NONE', #7416, 2.510000000000000231 ) ;
#1728 = B_SPLINE_CURVE_WITH_KNOTS ( 'NONE', 1,
 ( #3856, #8271 ),
 .UNSPECIFIED., .F., .F.,
 ( 2, 2 ),
 ( 0.000000000000000000, 1.000000000000000000 ),
 .UNSPECIFIED. ) ;
#1729 = EDGE_LOOP ( 'NONE', ( #7255, #761, #3504, #6830 ) ) ;
#1730 = CARTESIAN_POINT ( 'NONE',  ( 2.528247126229059116, 0.2906845807296062900, 2.483042986846191180 ) ) ;
#1731 = CARTESIAN_POINT ( 'NONE',  ( 2.354231440198708558, -0.1195885823806021875, 2.497138076071124591 ) ) ;
#1732 = CARTESIAN_POINT ( 'NONE',  ( 2.368908071056042619, 0.3723570182785571614, 2.482226891819153458 ) ) ;
#1733 = CARTESIAN_POINT ( 'NONE',  ( 2.887140939299873921, 0.000000000000000000, 0.000000000000000000 ) ) ;
#1735 = B_SPLINE_CURVE_WITH_KNOTS ( 'NONE', 1,
 ( #3234, #6364 ),
 .UNSPECIFIED., .F., .F.,
 ( 2, 2 ),
 ( 0.000000000000000000, 1.000000000000000000 ),
 .UNSPECIFIED. ) ;
#1734 = B_SPLINE_CURVE_WITH_KNOTS ( 'NONE', 3,
 ( #8130, #6007, #1483, #8942 ),
 .UNSPECIFIED., .F., .F.,
 ( 4, 4 ),
 ( 0.000000000000000000, 1.000000000000000000 ),
 .UNSPECIFIED. ) ;
#1736 = CARTESIAN_POINT ( 'NONE',  ( 1.068608810083886640, 0.3213189391376301551, 2.479264838485688571 ) ) ;
#1737 = VERTEX_POINT ( 'NONE', #6833 ) ;
#1738 = CARTESIAN_POINT ( 'NONE',  ( 2.703576963161876012, 0.1821086559677011496, 2.493358467825553593 ) ) ;
#1739 = CARTESIAN_POINT ( 'NONE',  ( 2.338200829250268509, 0.1509829626993598461, 2.505454877856419404 ) ) ;
#1740 = B_SPLINE_CURVE_WITH_KNOTS ( 'NONE', 1,
 ( #6345, #7960 ),
 .UNSPECIFIED., .F., .F.,
 ( 2, 2 ),
 ( 0.000000000000000000, 1.000000000000000000 ),
 .UNSPECIFIED. ) ;
#1741 = CIRCLE ( 'NONE', #2981, 0.2000000000000000944 ) ;
#1742 = DIRECTION ( 'NONE',  ( 1.000000000000000000, 0.000000000000000000, 0.000000000000000000 ) ) ;
#1743 = CYLINDRICAL_SURFACE ( 'NONE', #4828, 2.500000000000000000 ) ;
#1744 = DIRECTION ( 'NONE',  ( -1.000000000000000000, 0.000000000000000000, 0.000000000000000000 ) ) ;
#1745 = UNCERTAINTY_MEASURE_WITH_UNIT (LENGTH_MEASURE( 1.000000000000000082E-05 ), #735, 'distance_accuracy_value', 'NONE');
#1746 = ORIENTED_EDGE ( 'NONE', *, *, #6811, .T. ) ;
#1747 = CARTESIAN_POINT ( 'NONE',  ( 1.722482933656547699, -0.1080170346116670621, 2.497794615314172351 ) ) ;
#1748 = B_SPLINE_CURVE_WITH_KNOTS ( 'NONE', 1,
 ( #8710, #8659 ),
 .UNSPECIFIED., .F., .F.,
 ( 2, 2 ),
 ( 0.000000000000000000, 1.000000000000000000 ),
 .UNSPECIFIED. ) ;
#1749 = ORIENTED_EDGE ( 'NONE', *, *, #5405, .F. ) ;
#1750 = EDGE_CURVE ( 'NONE', #1935, #2814, #5559, .T. ) ;
#1751 = CARTESIAN_POINT ( 'NONE',  ( 1.264618791350241356, -0.02495720925535014831, 2.500074765508457642 ) ) ;
#1752 = B_SPLINE_CURVE_WITH_KNOTS ( 'NONE', 3,
 ( #7305, #2228, #4406, #5871 ),
 .UNSPECIFIED., .F., .F.,
 ( 4, 4 ),
 ( 0.000000000000000000, 1.000000000000000000 ),
 .UNSPECIFIED. ) ;
#1753 = CARTESIAN_POINT ( 'NONE',  ( 2.291453303354844540, -0.2056353854666300163, 2.491533291049274457 ) ) ;
#1754 =( LENGTH_UNIT ( ) NAMED_UNIT ( * ) SI_UNIT ( .MILLI., .METRE. ) );
#1755 = CARTESIAN_POINT ( 'NONE',  ( 2.592152940145814544, -0.05684753223574125214, 2.509356164054577842 ) ) ;
#1756 = DIRECTION ( 'NONE',  ( 1.000000000000000000, 0.000000000000000000, 0.000000000000000000 ) ) ;
#1757 = VERTEX_POINT ( 'NONE', #2388 ) ;
#1758 = CARTESIAN_POINT ( 'NONE',  ( 5.500000000000000000, 0.000000000000000000, 0.000000000000000000 ) ) ;
#1759 = CARTESIAN_POINT ( 'NONE',  ( 3.071271301472171533, -0.1772645227300297111, 2.503732671229357720 ) ) ;
#1760 = VERTEX_POINT ( 'NONE', #7568 ) ;
#1761 = CARTESIAN_POINT ( 'NONE',  ( 2.518808252987231544, 0.1544588577517892469, 2.495223930083633412 ) ) ;
#1762 =( GEOMETRIC_REPRESENTATION_CONTEXT ( 3 ) GLOBAL_UNCERTAINTY_ASSIGNED_CONTEXT ( ( #4658 ) ) GLOBAL_UNIT_ASSIGNED_CONTEXT ( ( #9112, #2503, #8401 ) ) REPRESENTATION_CONTEXT ( 'NONE', 'WORKASPACE' ) );
#1763 = VERTEX_POINT ( 'NONE', #888 ) ;
#1764 = EDGE_CURVE ( 'NONE', #6080, #3558, #422, .T. ) ;
#1765 = CARTESIAN_POINT ( 'NONE',  ( 3.251419552185923045, -0.01837507737437104813, 2.499932470394247819 ) ) ;
#1766 = CARTESIAN_POINT ( 'NONE',  ( 1.087615522400340318, -0.3434175617516445067, 2.486396022776126369 ) ) ;
#1767 = APPLICATION_CONTEXT ( 'automotive_design' ) ;
#1768 = CARTESIAN_POINT ( 'NONE',  ( 2.708514131587241636, -0.05662104804356698357, 2.499358729138025925 ) ) ;
#1769 = CARTESIAN_POINT ( 'NONE',  ( 1.315508806746366721, 0.4585596472450420014, 2.457584847576440357 ) ) ;
#1770 = CARTESIAN_POINT ( 'NONE',  ( 1.566128584581046645, -0.2300721710563045641, 2.489390848401560330 ) ) ;
#1771 = ORIENTED_EDGE ( 'NONE', *, *, #4164, .T. ) ;
#1772 = EDGE_CURVE ( 'NONE', #3415, #8357, #6130, .T. ) ;
#1773 = AXIS2_PLACEMENT_3D ( 'NONE', #4303, #1386, #9385 ) ;
#1774 = B_SPLINE_CURVE_WITH_KNOTS ( 'NONE', 3,
 ( #5477, #6284, #9182, #3384 ),
 .UNSPECIFIED., .F., .F.,
 ( 4, 4 ),
 ( 0.000000000000000000, 0.2116696074171041386 ),
 .UNSPECIFIED. ) ;
#1775 = CARTESIAN_POINT ( 'NONE',  ( 2.765655408224378053, 0.3855823441250749717, 2.480295945264962665 ) ) ;
#1776 = B_SPLINE_CURVE_WITH_KNOTS ( 'NONE', 3,
 ( #4031, #324, #277, #6266 ),
 .UNSPECIFIED., .F., .F.,
 ( 4, 4 ),
 ( 8.248559108570762224E-05, 1.000000000000000000 ),
 .UNSPECIFIED. ) ;
#1777 = PLANE ( 'NONE',  #7613 ) ;
#1778 = DIRECTION ( 'NONE',  ( 0.000000000000000000, -0.9957871955890971183, -0.09169438969097956638 ) ) ;
#1779 = VERTEX_POINT ( 'NONE', #1602 ) ;
#1780 = ORIENTED_EDGE ( 'NONE', *, *, #1219, .F. ) ;
#1781 = FACE_OUTER_BOUND ( 'NONE', #1560, .T. ) ;
#1782 = CARTESIAN_POINT ( 'NONE',  ( 1.579900679646538686, -0.1253328144862920490, 2.496856360628890048 ) ) ;
#1783 = CARTESIAN_POINT ( 'NONE',  ( 2.570346292878384453, -0.3092691368573577959, 2.480595705040812504 ) ) ;
#1784 = B_SPLINE_CURVE_WITH_KNOTS ( 'NONE', 1,
 ( #7506, #681 ),
 .UNSPECIFIED., .F., .F.,
 ( 2, 2 ),
 ( 0.000000000000000000, 1.000000000000000000 ),
 .UNSPECIFIED. ) ;
#1785 = CARTESIAN_POINT ( 'NONE',  ( 2.445277883076570458, -0.06639737306823097207, 2.499118122228246808 ) ) ;
#1786 =( LENGTH_UNIT ( ) NAMED_UNIT ( * ) SI_UNIT ( .MILLI., .METRE. ) );
#1787 = EDGE_CURVE ( 'NONE', #1757, #1201, #6701, .T. ) ;
#1788 = PLANE ( 'NONE',  #4405 ) ;
#1789 = CARTESIAN_POINT ( 'NONE',  ( 2.767375564066024474, 0.3449540277677828337, 2.476086977213600271 ) ) ;
#1790 = EDGE_CURVE ( 'NONE', #5498, #9249, #6457, .T. ) ;
#1791 = B_SPLINE_CURVE_WITH_KNOTS ( 'NONE', 3,
 ( #7, #789, #3781, #4415, #8953, #6740 ),
 .UNSPECIFIED., .F., .F.,
 ( 4, 2, 4 ),
 ( 0.2116696074171041386, 0.6058348037085520277, 1.000000000000000000 ),
 .UNSPECIFIED. ) ;
#1792 = EDGE_CURVE ( 'NONE', #954, #3870, #7384, .T. ) ;
#1793 = ORIENTED_EDGE ( 'NONE', *, *, #8750, .F. ) ;
#1794 = CARTESIAN_POINT ( 'NONE',  ( 3.251667129188507754, -0.1632154101174175254, 2.494666456643092722 ) ) ;
#1795 = PRESENTATION_LAYER_ASSIGNMENT (  '', '', ( #205 ) ) ;
#1796 = CARTESIAN_POINT ( 'NONE',  ( 4.500000000000000000, -0.1258341457442372358, 2.506843786071405233 ) ) ;
#1797 = CARTESIAN_POINT ( 'NONE',  ( 2.353426814938833989, -0.2034080885730866206, 2.501744421299474830 ) ) ;
#1798 = ORIENTED_EDGE ( 'NONE', *, *, #8642, .F. ) ;
#1799 = B_SPLINE_CURVE_WITH_KNOTS ( 'NONE', 3,
 ( #7121, #7254, #9334, #6480 ),
 .UNSPECIFIED., .F., .F.,
 ( 4, 4 ),
 ( 0.000000000000000000, 0.2987548112372473419 ),
 .UNSPECIFIED. ) ;
#1800 = CIRCLE ( 'NONE', #6422, 2.510000000000000231 ) ;
#1801 = DIRECTION ( 'NONE',  ( 0.000000000000000000, 0.1580100316051670228, 0.9874375068388550059 ) ) ;
#1802 = VERTEX_POINT ( 'NONE', #8294 ) ;
#1803 = CARTESIAN_POINT ( 'NONE',  ( 2.874762089145887156, -0.09275084147147026614, 2.498278863819316520 ) ) ;
#1804 = ORIENTED_EDGE ( 'NONE', *, *, #8084, .F. ) ;
#1805 = CARTESIAN_POINT ( 'NONE',  ( 2.474547420995392155, -0.05322801500016240833, 2.509435575113610373 ) ) ;
#1806 = DIRECTION ( 'NONE',  ( -1.000000000000000000, -0.000000000000000000, -0.000000000000000000 ) ) ;
#1807 = SURFACE_SIDE_STYLE ('',( #6884 ) ) ;
#1808 = CYLINDRICAL_SURFACE ( 'NONE', #3616, 2.500000000000000000 ) ;
#1809 = CARTESIAN_POINT ( 'NONE',  ( 1.173057111650021023, 0.001897220706287389928, 2.509999285757170462 ) ) ;
#1810 = VERTEX_POINT ( 'NONE', #3778 ) ;
#1811 = EDGE_CURVE ( 'NONE', #9109, #9251, #4714, .T. ) ;
#1812 = CARTESIAN_POINT ( 'NONE',  ( 2.696259069935394770, 0.1550766931828142237, 2.505204825803966973 ) ) ;
#1813 = CARTESIAN_POINT ( 'NONE',  ( 2.284414725334340979, -0.1587682744402006407, 2.494953433439446311 ) ) ;
#1814 = ORIENTED_EDGE ( 'NONE', *, *, #1790, .T. ) ;
#1815 = B_SPLINE_CURVE_WITH_KNOTS ( 'NONE', 3,
 ( #4696, #868, #5380, #4537 ),
 .UNSPECIFIED., .F., .F.,
 ( 4, 4 ),
 ( 0.000000000000000000, 1.000000000000000000 ),
 .UNSPECIFIED. ) ;
#1816 = CARTESIAN_POINT ( 'NONE',  ( 3.023555867989116575, 0.1544588577517139183, 2.495223930083638297 ) ) ;
#1817 = ORIENTED_EDGE ( 'NONE', *, *, #3212, .T. ) ;
#1818 = DIRECTION ( 'NONE',  ( 0.000000000000000000, 0.000000000000000000, 1.000000000000000000 ) ) ;
#1819 = CARTESIAN_POINT ( 'NONE',  ( 1.163292472606964667, -0.3443056336409604512, 2.486273040243789811 ) ) ;
#1820 = CARTESIAN_POINT ( 'NONE',  ( 3.029134334252697514, -0.01565099057658024886, 2.499951036282597627 ) ) ;
#1821 = CARTESIAN_POINT ( 'NONE',  ( 2.472573247664885177, -0.2342366914577876380, 2.499046452624462678 ) ) ;
#1822 = VERTEX_POINT ( 'NONE', #1657 ) ;
#1823 = ORIENTED_EDGE ( 'NONE', *, *, #6676, .F. ) ;
#1824 = EDGE_CURVE ( 'NONE', #3531, #115, #2071, .T. ) ;
#1825 = DIRECTION ( 'NONE',  ( -1.000000000000000000, -0.000000000000000000, -0.000000000000000000 ) ) ;
#1826 = CARTESIAN_POINT ( 'NONE',  ( 1.161570944305657660, -0.2403555797318659148, 2.488419015216641217 ) ) ;
#1827 = CARTESIAN_POINT ( 'NONE',  ( 2.291453304994398810, -0.2064579282866345622, 2.501499424110505743 ) ) ;
#1828 = ADVANCED_FACE ( 'NONE', ( #3684 ), #2442, .T. ) ;
#1829 = VERTEX_POINT ( 'NONE', #9055 ) ;
#1830 = CYLINDRICAL_SURFACE ( 'NONE', #1698, 0.4499999999999999001 ) ;
#1831 = PLANE ( 'NONE',  #5143 ) ;
#1832 = FILL_AREA_STYLE_COLOUR ( '', #6973 ) ;
#1833 = CARTESIAN_POINT ( 'NONE',  ( 2.581692811765796236, -0.2855362590358013763, 2.493705885780406195 ) ) ;
#1834 = DIRECTION ( 'NONE',  ( 1.000000000000000000, 0.000000000000000000, 0.000000000000000000 ) ) ;
#1835 = VERTEX_POINT ( 'NONE', #5399 ) ;
#1836 =( NAMED_UNIT ( * ) SI_UNIT ( $, .STERADIAN. ) SOLID_ANGLE_UNIT ( ) );
#1837 = EDGE_CURVE ( 'NONE', #2333, #5803, #9118, .T. ) ;
#1838 = VERTEX_POINT ( 'NONE', #3016 ) ;
#1839 = DIRECTION ( 'NONE',  ( 0.000000000000000000, 0.000000000000000000, 1.000000000000000000 ) ) ;
#1840 = CARTESIAN_POINT ( 'NONE',  ( 2.564486210053318338, -0.3081632031961875628, 2.484293303531940555 ) ) ;
#1841 = B_SPLINE_CURVE_WITH_KNOTS ( 'NONE', 3,
 ( #7295, #6328, #3390, #2659 ),
 .UNSPECIFIED., .F., .F.,
 ( 4, 4 ),
 ( 0.000000000000000000, 1.000000000000000000 ),
 .UNSPECIFIED. ) ;
#1842 = FACE_OUTER_BOUND ( 'NONE', #4293, .T. ) ;
#1843 = ORIENTED_EDGE ( 'NONE', *, *, #5912, .T. ) ;
#1844 = EDGE_CURVE ( 'NONE', #3546, #4306, #4754, .T. ) ;
#1845 = DIRECTION ( 'NONE',  ( 0.000000000000000000, 0.005028731829187268153, 0.9999873558481577884 ) ) ;
#1846 = ORIENTED_EDGE ( 'NONE', *, *, #8839, .F. ) ;
#1847 = CARTESIAN_POINT ( 'NONE',  ( 1.633267892796018028, 0.1430937420675128802, 2.495901476617440107 ) ) ;
#1848 = EDGE_CURVE ( 'NONE', #5160, #1, #6703, .T. ) ;
#1849 = EDGE_LOOP ( 'NONE', ( #5217, #3118, #479, #7417 ) ) ;
#1850 = DIRECTION ( 'NONE',  ( 0.000000000000000000, 1.000000000000000000, -1.224646799147353207E-16 ) ) ;
#1851 = CARTESIAN_POINT ( 'NONE',  ( 3.039384810134185599, 0.01216708066951435220, 2.509970551462941568 ) ) ;
#1852 = CARTESIAN_POINT ( 'NONE',  ( 2.117609719517868694, -0.2025409522306009791, 2.501814773853076712 ) ) ;
#1853 = CARTESIAN_POINT ( 'NONE',  ( 2.735138319522994355, 0.3961681770162882033, 2.478538071400298026 ) ) ;
#1854 = CARTESIAN_POINT ( 'NONE',  ( 6.049999999999997158, 0.000000000000000000, -1.000000000000002665 ) ) ;
#1855 = ORIENTED_EDGE ( 'NONE', *, *, #977, .F. ) ;
#1856 = DIRECTION ( 'NONE',  ( 1.000000000000000000, 0.000000000000000000, 0.000000000000000000 ) ) ;
#1857 = CARTESIAN_POINT ( 'NONE',  ( 2.342719109556029355, 0.1781735066997538752, 2.493642757395355680 ) ) ;
#1858 = MECHANICAL_DESIGN_GEOMETRIC_PRESENTATION_REPRESENTATION (  '', ( #6032 ), #8654 ) ;
#1859 = B_SPLINE_CURVE_WITH_KNOTS ( 'NONE', 1,
 ( #720, #7504 ),
 .UNSPECIFIED., .F., .F.,
 ( 2, 2 ),
 ( 0.000000000000000000, 1.000000000000000000 ),
 .UNSPECIFIED. ) ;
#1860 = EDGE_LOOP ( 'NONE', ( #6611, #38, #1281, #2999 ) ) ;
#1861 = CARTESIAN_POINT ( 'NONE',  ( 4.500000000000000000, 0.000000000000000000, 0.000000000000000000 ) ) ;
#1862 = ORIENTED_EDGE ( 'NONE', *, *, #1584, .F. ) ;
#1863 = B_SPLINE_SURFACE_WITH_KNOTS ( 'NONE', 1, 3, ( 
 ( #8963, #2252, #2401, #3743 ),
 ( #1669, #4626, #8151, #3931 ) ),
 .UNSPECIFIED., .F., .F., .F.,
 ( 2, 2 ),
 ( 4, 4 ),
 ( 0.000000000000000000, 1.000000000000000000 ),
 ( 0.000000000000000000, 1.000000000000000000 ),
 .UNSPECIFIED. ) ;
#1864 = ORIENTED_EDGE ( 'NONE', *, *, #304, .T. ) ;
#1865 = DIRECTION ( 'NONE',  ( 1.000000000000000000, 0.000000000000000000, 0.000000000000000000 ) ) ;
#1866 = CARTESIAN_POINT ( 'NONE',  ( 1.251785577343388800, -0.3256321559133191768, 2.478922807183433275 ) ) ;
#1867 = EDGE_CURVE ( 'NONE', #558, #8581, #7864, .T. ) ;
#1868 = CARTESIAN_POINT ( 'NONE',  ( 3.029134334340245260, -0.01571359454003273468, 2.509950840427720209 ) ) ;
#1869 = PLANE ( 'NONE',  #8666 ) ;
#1870 = AXIS2_PLACEMENT_3D ( 'NONE', #2879, #7309, #9441 ) ;
#1871 = ORIENTED_EDGE ( 'NONE', *, *, #5969, .F. ) ;
#1872 = VERTEX_POINT ( 'NONE', #6785 ) ;
#1873 = FACE_OUTER_BOUND ( 'NONE', #4785, .T. ) ;
#1874 = VECTOR ( 'NONE', #7187, 1000.000000000000000 ) ;
#1875 = CARTESIAN_POINT ( 'NONE',  ( 2.644329793541959184, -0.1920924703054185390, 2.502643082402959962 ) ) ;
#1876 = CARTESIAN_POINT ( 'NONE',  ( 3.013765493321369782, -0.2011171530979175281, 2.491897414808156519 ) ) ;
#1877 = ORIENTED_EDGE ( 'NONE', *, *, #3751, .T. ) ;
#1878 = B_SPLINE_CURVE_WITH_KNOTS ( 'NONE', 1,
 ( #8612, #1985 ),
 .UNSPECIFIED., .F., .F.,
 ( 2, 2 ),
 ( 0.000000000000000000, 1.000000000000000000 ),
 .UNSPECIFIED. ) ;
#1879 = CARTESIAN_POINT ( 'NONE',  ( 2.245607297358069410, -0.1838379368383022960, 2.503258598902445620 ) ) ;
#1880 = EDGE_CURVE ( 'NONE', #2246, #4865, #4265, .T. ) ;
#1881 = DIRECTION ( 'NONE',  ( 0.000000000000000000, -0.9957563393606240210, -0.09202886842252182287 ) ) ;
#1882 = CARTESIAN_POINT ( 'NONE',  ( 2.734326269492943773, 0.1555234250219473813, 2.505177172298098665 ) ) ;
#1883 = CARTESIAN_POINT ( 'NONE',  ( 2.282186532306803795, 0.3445862106477882714, 2.476138191505352637 ) ) ;
#1884 = TOROIDAL_SURFACE ( 'NONE', #8375, 2.299999999999999822, 0.2000000000000000111 ) ;
#1885 = DIRECTION ( 'NONE',  ( -1.000000000000000000, -0.000000000000000000, -0.000000000000000000 ) ) ;
#1886 = VERTEX_POINT ( 'NONE', #2589 ) ;
#1887 = CARTESIAN_POINT ( 'NONE',  ( 4.500000000000000000, 0.000000000000000000, 0.000000000000000000 ) ) ;
#1888 = VERTEX_POINT ( 'NONE', #4859 ) ;
#1889 = AXIS2_PLACEMENT_3D ( 'NONE', #4803, #1692, #7611 ) ;
#1890 = DIRECTION ( 'NONE',  ( -1.000000000000000000, -0.000000000000000000, -0.000000000000000000 ) ) ;
#1891 = ORIENTED_EDGE ( 'NONE', *, *, #6500, .F. ) ;
#1892 = AXIS2_PLACEMENT_3D ( 'NONE', #2086, #3537, #1282 ) ;
#1893 = ADVANCED_FACE ( 'NONE', ( #3308 ), #3929, .F. ) ;
#1894 = CARTESIAN_POINT ( 'NONE',  ( 2.316609338549485031, 0.1787216364645765887, 2.493603592923205436 ) ) ;
#1895 = ORIENTED_EDGE ( 'NONE', *, *, #5669, .T. ) ;
#1896 = B_SPLINE_CURVE_WITH_KNOTS ( 'NONE', 1,
 ( #8842, #1371 ),
 .UNSPECIFIED., .F., .F.,
 ( 2, 2 ),
 ( 0.000000000000000000, 1.000000000000000000 ),
 .UNSPECIFIED. ) ;
#1897 = CARTESIAN_POINT ( 'NONE',  ( 2.434446389192383986, -0.1305919500364444430, 2.496586818555621701 ) ) ;
#1898 = ORIENTED_EDGE ( 'NONE', *, *, #9165, .F. ) ;
#1899 = CARTESIAN_POINT ( 'NONE',  ( 2.534158027177594530, -0.08978189798707385261, 2.498387322012709522 ) ) ;
#1900 = CARTESIAN_POINT ( 'NONE',  ( 1.335444645985828904, -0.1549647159930864493, 2.501872042006737296 ) ) ;
#1901 = FILL_AREA_STYLE_COLOUR ( '', #1389 ) ;
#1902 = EDGE_CURVE ( 'NONE', #2989, #3428, #8446, .T. ) ;
#1903 = AXIS2_PLACEMENT_3D ( 'NONE', #5567, #8463, #2565 ) ;
#1904 = EDGE_LOOP ( 'NONE', ( #5661, #8611, #2056, #4706 ) ) ;
#1905 = CARTESIAN_POINT ( 'NONE',  ( 3.292424493319719758, -0.1364509175148550524, 2.506288320826108418 ) ) ;
#1906 = CARTESIAN_POINT ( 'NONE',  ( 2.246116221602012963, -0.1654614304890619503, 2.494581171518979179 ) ) ;
#1907 = VERTEX_POINT ( 'NONE', #3257 ) ;
#1908 = CARTESIAN_POINT ( 'NONE',  ( 1.221575135960931036, -0.1391306218635783021, 2.506172412439956698 ) ) ;
#1909 = EDGE_CURVE ( 'NONE', #1545, #626, #536, .T. ) ;
#1910 = VERTEX_POINT ( 'NONE', #313 ) ;
#1911 = EDGE_CURVE ( 'NONE', #2371, #7574, #4869, .T. ) ;
#1912 = VERTEX_POINT ( 'NONE', #7623 ) ;
#1913 = FILL_AREA_STYLE ('',( #2599 ) ) ;
#1914 = CARTESIAN_POINT ( 'NONE',  ( 1.335444645985828904, -0.1717310646574233268, 2.494094713805317554 ) ) ;
#1915 = CARTESIAN_POINT ( 'NONE',  ( -6.049999999999998934, 5.510910596163096951E-17, -7.500000000000000000 ) ) ;
#1916 = CARTESIAN_POINT ( 'NONE',  ( -4.299999999999998934, 0.000000000000000000, 0.000000000000000000 ) ) ;
#1917 = VERTEX_POINT ( 'NONE', #8525 ) ;
#1918 = AXIS2_PLACEMENT_3D ( 'NONE', #5425, #247, #4643 ) ;
#1919 = CARTESIAN_POINT ( 'NONE',  ( 1.090835300914187567, 0.3213676708004462035, 2.489342825639742962 ) ) ;
#1920 = CARTESIAN_POINT ( 'NONE',  ( 2.245607297358069410, -0.1838379368383022960, 2.503258598902445620 ) ) ;
#1921 = CARTESIAN_POINT ( 'NONE',  ( 2.999293321688194069, -0.2025409522305853804, 2.501814773853078044 ) ) ;
#1922 = ORIENTED_EDGE ( 'NONE', *, *, #8016, .F. ) ;
#1923 = CARTESIAN_POINT ( 'NONE',  ( 2.793521368935839799, 0.2496778024025445852, 2.497718067024145672 ) ) ;
#1924 = CARTESIAN_POINT ( 'NONE',  ( 1.633267892796018472, 0.1430937420675128802, 2.495901476617440107 ) ) ;
#1925 = CIRCLE ( 'NONE', #4707, 2.299999999999999822 ) ;
#1926 = CARTESIAN_POINT ( 'NONE',  ( 2.493808017658842413, -0.2079184549834497409, 2.501374882559567414 ) ) ;
#1927 = DIRECTION ( 'NONE',  ( 1.000000000000000000, 0.000000000000000000, 0.000000000000000000 ) ) ;
#1928 = EDGE_CURVE ( 'NONE', #9632, #1569, #945, .T. ) ;
#1929 = VECTOR ( 'NONE', #2997, 1000.000000000000114 ) ;
#1930 = LINE ( 'NONE', #1979, #9514 ) ;
#1931 = ORIENTED_EDGE ( 'NONE', *, *, #5631, .F. ) ;
#1932 = CARTESIAN_POINT ( 'NONE',  ( 3.193496849071637111, -0.1859849057382305104, 2.503198125226443693 ) ) ;
#1933 = CARTESIAN_POINT ( 'NONE',  ( 1.093896566716669572, -0.008797761714822121062, 2.500068954916642383 ) ) ;
#1934 = AXIS2_PLACEMENT_3D ( 'NONE', #3393, #6332, #4904 ) ;
#1935 = VERTEX_POINT ( 'NONE', #4020 ) ;
#1936 = CIRCLE ( 'NONE', #1136, 2.510000000000000231 ) ;
#1937 = EDGE_CURVE ( 'NONE', #1502, #5533, #2077, .T. ) ;
#1938 = B_SPLINE_SURFACE_WITH_KNOTS ( 'NONE', 1, 3, ( 
 ( #2861, #8557, #1228, #4150, #9476, #1272 ),
 ( #6469, #478, #1933, #7993, #7110, #528 ) ),
 .UNSPECIFIED., .F., .F., .F.,
 ( 2, 2 ),
 ( 4, 2, 4 ),
 ( 0.000000000000000000, 1.000000000000000000 ),
 ( 0.000000000000000000, 0.5000000000000000000, 1.000000000000000000 ),
 .UNSPECIFIED. ) ;
#1939 = LINE ( 'NONE', #8479, #6585 ) ;
#1940 = ORIENTED_EDGE ( 'NONE', *, *, #9057, .T. ) ;
#1941 = DIRECTION ( 'NONE',  ( -1.000000000000000000, -0.000000000000000000, -0.000000000000000000 ) ) ;
#1942 = VECTOR ( 'NONE', #636, 1000.000000000000000 ) ;
#1943 = VERTEX_POINT ( 'NONE', #1852 ) ;
#1944 = CARTESIAN_POINT ( 'NONE',  ( 2.425657405583639736, -0.1927530370964304907, 2.502587913878371761 ) ) ;
#1945 = ADVANCED_FACE ( 'NONE', ( #8567 ), #4814, .T. ) ;
#1946 = CARTESIAN_POINT ( 'NONE',  ( 2.117609719517861588, -0.01528043514025484960, 2.499953301224229651 ) ) ;
#1947 = CARTESIAN_POINT ( 'NONE',  ( 3.310311931790684614, -0.1859849054403967250, 2.503198125245930328 ) ) ;
#1948 = DIRECTION ( 'NONE',  ( 1.000000000000000000, 0.000000000000000000, 0.000000000000000000 ) ) ;
#1949 = CIRCLE ( 'NONE', #40, 2.500000000000000000 ) ;
#1950 = VERTEX_POINT ( 'NONE', #7906 ) ;
#1951 = DIRECTION ( 'NONE',  ( 0.000000000000000000, 0.000000000000000000, 1.000000000000000000 ) ) ;
#1952 = CARTESIAN_POINT ( 'NONE',  ( 2.246116221602046270, -0.1661232762098523719, 2.504559496205140956 ) ) ;
#1953 = ORIENTED_EDGE ( 'NONE', *, *, #3637, .F. ) ;
#1954 = FILL_AREA_STYLE_COLOUR ( '', #5041 ) ;
#1955 = ORIENTED_EDGE ( 'NONE', *, *, #2437, .T. ) ;
#1956 = EDGE_LOOP ( 'NONE', ( #4133, #2689, #7880, #4905, #513, #5739, #7844, #5538, #1681, #5363, #3652, #3606, #4618, #8913 ) ) ;
#1957 = EDGE_CURVE ( 'NONE', #2665, #4027, #5001, .T. ) ;
#1958 = VECTOR ( 'NONE', #1231, 1000.000000000000000 ) ;
#1959 = EDGE_LOOP ( 'NONE', ( #7287, #7422, #1364, #3488 ) ) ;
#1960 = CARTESIAN_POINT ( 'NONE',  ( 2.354231440198708114, -0.1427050756364263151, 2.495923729080598452 ) ) ;
#1961 = DIRECTION ( 'NONE',  ( 0.000000000000000000, 0.000000000000000000, 1.000000000000000000 ) ) ;
#1962 = CARTESIAN_POINT ( 'NONE',  ( 2.354231440198708114, 0.000000000000000000, 0.000000000000000000 ) ) ;
#1963 = CARTESIAN_POINT ( 'NONE',  ( 2.211070038175347641, -0.01528043514025484960, 2.499953301224229651 ) ) ;
#1964 = CARTESIAN_POINT ( 'NONE',  ( 2.308305906130250662, -0.2085194248689075935, 2.491288752724650113 ) ) ;
#1965 = ORIENTED_EDGE ( 'NONE', *, *, #2010, .F. ) ;
#1966 = EDGE_CURVE ( 'NONE', #2122, #1014, #4354, .T. ) ;
#1967 = VERTEX_POINT ( 'NONE', #9433 ) ;
#1968 = EDGE_CURVE ( 'NONE', #3945, #2715, #487, .T. ) ;
#1969 =( NAMED_UNIT ( * ) PLANE_ANGLE_UNIT ( ) SI_UNIT ( $, .RADIAN. ) );
#1970 = B_SPLINE_CURVE_WITH_KNOTS ( 'NONE', 3,
 ( #3789, #4622, #9207, #7725 ),
 .UNSPECIFIED., .F., .F.,
 ( 4, 4 ),
 ( 0.000000000000000000, 1.000000000000000000 ),
 .UNSPECIFIED. ) ;
#1971 = FACE_OUTER_BOUND ( 'NONE', #9293, .T. ) ;
#1972 = CARTESIAN_POINT ( 'NONE',  ( 2.480877469908264299, -0.07752384123120233117, 2.498797733019334721 ) ) ;
#1973 = CARTESIAN_POINT ( 'NONE',  ( 1.662533775404607672, -0.2300721710563045641, 2.489390848401560330 ) ) ;
#1974 = ORIENTED_EDGE ( 'NONE', *, *, #6683, .F. ) ;
#1975 = CARTESIAN_POINT ( 'NONE',  ( 1.569571575511992778, -0.1241079079637038285, 2.506929840897202943 ) ) ;
#1976 = FILL_AREA_STYLE ('',( #6184 ) ) ;
#1977 = CARTESIAN_POINT ( 'NONE',  ( 1.633267892796018472, 0.1436661170357829420, 2.505885082523909624 ) ) ;
#1978 = LINE ( 'NONE', #8605, #7677 ) ;
#1979 = CARTESIAN_POINT ( 'NONE',  ( 2.216578626493900028, -0.2017340161659371967, 2.491847384315813319 ) ) ;
#1980 = ORIENTED_EDGE ( 'NONE', *, *, #5762, .T. ) ;
#1981 = CARTESIAN_POINT ( 'NONE',  ( 2.564486210053318338, -0.3089838775056330533, 2.490909264393543321 ) ) ;
#1982 = EDGE_CURVE ( 'NONE', #309, #180, #9236, .T. ) ;
#1983 = CARTESIAN_POINT ( 'NONE',  ( 1.569571575511992778, -0.1241079079637038285, 2.506929840897202943 ) ) ;
#1984 = ORIENTED_EDGE ( 'NONE', *, *, #7786, .T. ) ;
#1985 = CARTESIAN_POINT ( 'NONE',  ( 2.564486210053318338, -0.2820786340282835924, 2.494099365347085762 ) ) ;
#1986 = ORIENTED_EDGE ( 'NONE', *, *, #1867, .T. ) ;
#1987 = CARTESIAN_POINT ( 'NONE',  ( 2.474547421019357873, -0.05301595119492413105, 2.499437823818346782 ) ) ;
#1988 = CARTESIAN_POINT ( 'NONE',  ( 3.250213633285067960, -0.02500655077148023278, 2.509883997668622246 ) ) ;
#1989 = ADVANCED_FACE ( 'NONE', ( #9332 ), #9032, .F. ) ;
#1990 = CARTESIAN_POINT ( 'NONE',  ( 1.767408349505242615, 0.2205230041526144158, 2.500346877711284943 ) ) ;
#1991 = CARTESIAN_POINT ( 'NONE',  ( 1.780943019868786337, 3.346011192800385961E-08, 2.499999891265936025 ) ) ;
#1992 = B_SPLINE_CURVE_WITH_KNOTS ( 'NONE', 1,
 ( #8265, #1632 ),
 .UNSPECIFIED., .F., .F.,
 ( 2, 2 ),
 ( 0.000000000000000000, 1.000000000000000000 ),
 .UNSPECIFIED. ) ;
#1993 = CARTESIAN_POINT ( 'NONE',  ( 3.058092859917100448, 0.1544588577518069827, 2.495223930083632080 ) ) ;
#1994 = CARTESIAN_POINT ( 'NONE',  ( 2.267118703210397435, -0.1384539575887309137, 2.496167308355615067 ) ) ;
#1995 = ORIENTED_EDGE ( 'NONE', *, *, #5154, .F. ) ;
#1996 = VERTEX_POINT ( 'NONE', #7856 ) ;
#1997 = CARTESIAN_POINT ( 'NONE',  ( 0.8984048622035124554, 0.03015862478637645894, 2.509875006135209308 ) ) ;
#1998 = CARTESIAN_POINT ( 'NONE',  ( 3.119691441867945336, -0.04353503308369446878, 2.499736574304711745 ) ) ;
#1999 = CARTESIAN_POINT ( 'NONE',  ( 1.070330338384372082, 0.2195139210043760836, 2.500382698405442916 ) ) ;
#2000 = CARTESIAN_POINT ( 'NONE',  ( 1.885066681819700829, -0.02823019682676868036, 2.509851028793587346 ) ) ;
#2001 = CARTESIAN_POINT ( 'NONE',  ( 3.058092859917100448, 0.1544588577518069827, 2.495223930083632080 ) ) ;
#2002 = ORIENTED_EDGE ( 'NONE', *, *, #4612, .F. ) ;
#2003 = EDGE_CURVE ( 'NONE', #6150, #9109, #3628, .T. ) ;
#2004 = DIRECTION ( 'NONE',  ( 0.000000000000000000, 0.000000000000000000, -1.000000000000000000 ) ) ;
#2005 = PLANE ( 'NONE',  #194 ) ;
#2006 = CARTESIAN_POINT ( 'NONE',  ( 2.493184033169769886, -0.05287140571402494660, 2.509443088507452568 ) ) ;
#2007 = B_SPLINE_CURVE_WITH_KNOTS ( 'NONE', 1,
 ( #6712, #3044 ),
 .UNSPECIFIED., .F., .F.,
 ( 2, 2 ),
 ( 0.000000000000000000, 1.000000000000000000 ),
 .UNSPECIFIED. ) ;
#2008 = ORIENTED_EDGE ( 'NONE', *, *, #7590, .F. ) ;
#2009 = ORIENTED_EDGE ( 'NONE', *, *, #1340, .T. ) ;
#2010 = EDGE_CURVE ( 'NONE', #3865, #1107, #3802, .T. ) ;
#2011 = CARTESIAN_POINT ( 'NONE',  ( 1.125454002548186949, -0.3424916312305779642, 2.476428816236812658 ) ) ;
#2012 = CARTESIAN_POINT ( 'NONE',  ( 3.058092859917100448, 0.1550766931828142237, 2.505204825803966973 ) ) ;
#2013 = EDGE_CURVE ( 'NONE', #7773, #6407, #1609, .T. ) ;
#2014 = CARTESIAN_POINT ( 'NONE',  ( 2.607213877504125588, -0.09993591874897417293, 2.498377464085267174 ) ) ;
#2015 = DIRECTION ( 'NONE',  ( 0.000000000000000000, 0.000000000000000000, 1.000000000000000000 ) ) ;
#2016 = FACE_OUTER_BOUND ( 'NONE', #236, .T. ) ;
#2017 = ORIENTED_EDGE ( 'NONE', *, *, #2120, .F. ) ;
#2018 = EDGE_LOOP ( 'NONE', ( #2936, #8501 ) ) ;
#2019 = CIRCLE ( 'NONE', #1870, 0.4499999999999999001 ) ;
#2020 = PRESENTATION_STYLE_ASSIGNMENT (( #8606 ) ) ;
#2021 = VERTEX_POINT ( 'NONE', #5824 ) ;
#2022 = CARTESIAN_POINT ( 'NONE',  ( 4.500000000000000000, 0.000000000000000000, -0.4499999999999999001 ) ) ;
#2023 = EDGE_CURVE ( 'NONE', #135, #4695, #8615, .T. ) ;
#2024 = CARTESIAN_POINT ( 'NONE',  ( 2.290494484887955817, -0.1543817466182278997, 2.505252800597435492 ) ) ;
#2025 = DIRECTION ( 'NONE',  ( 1.000000000000000000, 0.000000000000000000, 0.000000000000000000 ) ) ;
#2026 = CARTESIAN_POINT ( 'NONE',  ( 2.510968859423527100, -0.1907692355712487797, 2.502744371699747283 ) ) ;
#2027 = CIRCLE ( 'NONE', #8051, 2.500000000000000000 ) ;
#2028 = ORIENTED_EDGE ( 'NONE', *, *, #8848, .T. ) ;
#2029 = B_SPLINE_CURVE_WITH_KNOTS ( 'NONE', 3,
 ( #3231, #4087, #3326, #6135 ),
 .UNSPECIFIED., .F., .F.,
 ( 4, 4 ),
 ( 0.000000000000000000, 1.000000000000000000 ),
 .UNSPECIFIED. ) ;
#2030 = CARTESIAN_POINT ( 'NONE',  ( 1.576457644935021829, -0.1252587430496621412, 2.506872669126238407 ) ) ;
#2031 = STYLED_ITEM ( 'NONE', ( #2540 ), #9278 ) ;
#2032 = ADVANCED_FACE ( 'NONE', ( #2139 ), #2637, .T. ) ;
#2033 = VERTEX_POINT ( 'NONE', #5678 ) ;
#2034 = CARTESIAN_POINT ( 'NONE',  ( 2.571542154640000799, 0.000000000000000000, 0.000000000000000000 ) ) ;
#2035 = ORIENTED_EDGE ( 'NONE', *, *, #3245, .T. ) ;
#2036 = DIRECTION ( 'NONE',  ( 1.000000000000000000, 0.000000000000000000, 0.000000000000000000 ) ) ;
#2037 = MECHANICAL_DESIGN_GEOMETRIC_PRESENTATION_REPRESENTATION (  '', ( #3727 ), #4042 ) ;
#2038 = CARTESIAN_POINT ( 'NONE',  ( 3.248893221321570657, -0.03055957638503380841, 2.499817774016086513 ) ) ;
#2039 = DIRECTION ( 'NONE',  ( 0.000000000000000000, 0.000000000000000000, -1.000000000000000000 ) ) ;
#2040 = VERTEX_POINT ( 'NONE', #7302 ) ;
#2041 = CARTESIAN_POINT ( 'NONE',  ( 2.457580412306104023, -0.09362825336598729065, 2.498255721664762063 ) ) ;
#2042 = CARTESIAN_POINT ( 'NONE',  ( 2.302983000563781246, -0.1272666316754017257, 2.506771470330313001 ) ) ;
#2043 = EDGE_CURVE ( 'NONE', #2541, #348, #7259, .T. ) ;
#2044 = ORIENTED_EDGE ( 'NONE', *, *, #2726, .F. ) ;
#2045 = CARTESIAN_POINT ( 'NONE',  ( 1.161570944305657660, -0.1068421650939858775, 2.507725015179700367 ) ) ;
#2046 = EDGE_LOOP ( 'NONE', ( #8287, #2643, #4916, #5504 ) ) ;
#2047 = CARTESIAN_POINT ( 'NONE',  ( 2.311519562248469661, 0.3985192442462389129, 2.468032153374686732 ) ) ;
#2048 = CARTESIAN_POINT ( 'NONE',  ( 2.405232302830831337, 0.3583930149366567619, 2.484281474963055292 ) ) ;
#2049 = CARTESIAN_POINT ( 'NONE',  ( 3.235296099000930070, -0.06887642683127677412, 2.499276178814405558 ) ) ;
#2050 = CARTESIAN_POINT ( 'NONE',  ( 2.522955167788405895, -0.2196194620501336348, 2.490334775063145933 ) ) ;
#2051 = AXIS2_PLACEMENT_3D ( 'NONE', #594, #8586, #5736 ) ;
#2052 = ORIENTED_EDGE ( 'NONE', *, *, #3121, .F. ) ;
#2053 = CARTESIAN_POINT ( 'NONE',  ( 1.108203841345388962, 0.3191758262147318947, 2.489623825392130119 ) ) ;
#2054 = EDGE_CURVE ( 'NONE', #626, #9553, #2079, .T. ) ;
#2055 = CARTESIAN_POINT ( 'NONE',  ( 2.932880790617061084, 0.01262211689126004413, 2.509968263178876224 ) ) ;
#2056 = ORIENTED_EDGE ( 'NONE', *, *, #9246, .T. ) ;
#2057 = B_SPLINE_CURVE_WITH_KNOTS ( 'NONE', 1,
 ( #596, #8728 ),
 .UNSPECIFIED., .F., .F.,
 ( 2, 2 ),
 ( 0.000000000000000000, 1.000000000000000000 ),
 .UNSPECIFIED. ) ;
#2058 = CARTESIAN_POINT ( 'NONE',  ( 2.793928197645979772, 0.2783881013536720905, 2.494513993752029091 ) ) ;
#2059 = ORIENTED_EDGE ( 'NONE', *, *, #4258, .F. ) ;
#2060 = CARTESIAN_POINT ( 'NONE',  ( 3.093496371354855778, -0.01948914193164277830, 2.499924033515172450 ) ) ;
#2061 = DIRECTION ( 'NONE',  ( -1.000000000000000000, -0.000000000000000000, -0.000000000000000000 ) ) ;
#2062 = CARTESIAN_POINT ( 'NONE',  ( 2.262504160562355704, -0.09858633555054907571, 2.508063144030212577 ) ) ;
#2063 = EDGE_CURVE ( 'NONE', #6300, #6461, #75, .T. ) ;
#2064 = CARTESIAN_POINT ( 'NONE',  ( 2.999293321688194069, -0.2017340161659217090, 2.491847384315815095 ) ) ;
#2065 = CARTESIAN_POINT ( 'NONE',  ( 2.276803520018884086, -0.1887740540513443421, 2.492876061726888803 ) ) ;
#2066 = EDGE_LOOP ( 'NONE', ( #2584, #127, #63, #7934 ) ) ;
#2067 = EDGE_LOOP ( 'NONE', ( #9464, #4848, #8442, #3396, #3149, #4921, #6653, #4055 ) ) ;
#2068 = FACE_OUTER_BOUND ( 'NONE', #6192, .T. ) ;
#2069 = CARTESIAN_POINT ( 'NONE',  ( 1.781318735633162564, 0.008928862086430910255, 2.509984118559685840 ) ) ;
#2070 = ORIENTED_EDGE ( 'NONE', *, *, #3147, .F. ) ;
#2071 = CIRCLE ( 'NONE', #7481, 2.510000000000000231 ) ;
#2072 = DIRECTION ( 'NONE',  ( 0.000000000000000000, 0.000000000000000000, -1.000000000000000000 ) ) ;
#2073 = EDGE_CURVE ( 'NONE', #1652, #8542, #1859, .T. ) ;
#2074 = DIRECTION ( 'NONE',  ( 1.000000000000000000, 0.000000000000000000, 8.340016711426955288E-17 ) ) ;
#2075 = LINE ( 'NONE', #4198, #6401 ) ;
#2076 = VERTEX_POINT ( 'NONE', #7401 ) ;
#2078 = B_SPLINE_CURVE_WITH_KNOTS ( 'NONE', 3,
 ( #287, #4792, #9268, #4842 ),
 .UNSPECIFIED., .F., .F.,
 ( 4, 4 ),
 ( 0.000000000000000000, 0.9999951884457681794 ),
 .UNSPECIFIED. ) ;
#2077 = B_SPLINE_CURVE_WITH_KNOTS ( 'NONE', 3,
 ( #5632, #1753, #6931, #6254 ),
 .UNSPECIFIED., .F., .F.,
 ( 4, 4 ),
 ( 0.000000000000000000, 1.000000000000000000 ),
 .UNSPECIFIED. ) ;
#2079 = CIRCLE ( 'NONE', #1276, 2.500000000000000000 ) ;
#2080 = ADVANCED_FACE ( 'NONE', ( #3721 ), #637, .T. ) ;
#2081 = ADVANCED_FACE ( 'NONE', ( #2278 ), #8853, .T. ) ;
#2082 = CYLINDRICAL_SURFACE ( 'NONE', #8574, 2.500000000000000000 ) ;
#2083 = ORIENTED_EDGE ( 'NONE', *, *, #1844, .F. ) ;
#2084 = CARTESIAN_POINT ( 'NONE',  ( 2.425843088335733366, -0.1036778266986940894, 2.507857832543749943 ) ) ;
#2085 = ORIENTED_EDGE ( 'NONE', *, *, #304, .F. ) ;
#2086 = CARTESIAN_POINT ( 'NONE',  ( 2.571542154640000799, 0.000000000000000000, 0.000000000000000000 ) ) ;
#2087 = COLOUR_RGB ( '',0.2980392156862745057, 0.2980392156862745057, 0.2980392156862745057 ) ;
#2088 = CARTESIAN_POINT ( 'NONE',  ( 2.612763725650701918, -0.2601574917591775726, 2.486426769378413226 ) ) ;
#2089 = CARTESIAN_POINT ( 'NONE',  ( 3.000716889455846470, -0.01530080905377074162, 2.503286572292529044 ) ) ;
#2090 = EDGE_LOOP ( 'NONE', ( #738, #7022, #836, #542, #3038, #9295, #137, #8365, #8256, #1615, #980, #8204 ) ) ;
#2091 = CIRCLE ( 'NONE', #3340, 2.500000000000000000 ) ;
#2092 = B_SPLINE_CURVE_WITH_KNOTS ( 'NONE', 1,
 ( #5337, #6239 ),
 .UNSPECIFIED., .F., .F.,
 ( 2, 2 ),
 ( 0.000000000000000000, 1.000000000000000000 ),
 .UNSPECIFIED. ) ;
#2093 = VECTOR ( 'NONE', #9555, 1000.000000000000000 ) ;
#2094 = DIRECTION ( 'NONE',  ( 0.000000000000000000, 0.06178354310072258632, 0.9980895720334529431 ) ) ;
#2095 = B_SPLINE_CURVE_WITH_KNOTS ( 'NONE', 3,
 ( #3119, #1053, #6117, #9062 ),
 .UNSPECIFIED., .F., .F.,
 ( 4, 4 ),
 ( 0.3603494723735420346, 1.000000000000000000 ),
 .UNSPECIFIED. ) ;
#2096 = VERTEX_POINT ( 'NONE', #4496 ) ;
#2097 = CARTESIAN_POINT ( 'NONE',  ( 3.361312794421991601, -0.2292359742274489298, 2.489467988972742685 ) ) ;
#2098 = ORIENTED_EDGE ( 'NONE', *, *, #6199, .T. ) ;
#2099 = B_SPLINE_SURFACE_WITH_KNOTS ( 'NONE', 1, 3, ( 
 ( #394, #4252, #3489, #6334 ),
 ( #6428, #9282, #8563, #2624 ) ),
 .UNSPECIFIED., .F., .F., .F.,
 ( 2, 2 ),
 ( 4, 4 ),
 ( 0.000000000000000000, 1.000000000000000000 ),
 ( 0.000000000000000000, 1.000000000000000000 ),
 .UNSPECIFIED. ) ;
#2100 = CARTESIAN_POINT ( 'NONE',  ( 1.087004547856070147, -0.01368437037859605854, 2.500011595150040566 ) ) ;
#2101 = CARTESIAN_POINT ( 'NONE',  ( 2.384559623074435475, -0.1182284499960921526, 2.497202841903621184 ) ) ;
#2102 = CARTESIAN_POINT ( 'NONE',  ( 1.684701287958144889, 0.1424772352021622113, 2.495936821872531297 ) ) ;
#2103 = COLOUR_RGB ( '',0.2980392156862745057, 0.2980392156862745057, 0.2980392156862745057 ) ;
#2104 = CARTESIAN_POINT ( 'NONE',  ( 2.492827744756053843, -0.2329522863139019129, 2.489123009559784716 ) ) ;
#2105 = CARTESIAN_POINT ( 'NONE',  ( 2.262504160562355260, -0.06902348918236875241, 2.509050768306829049 ) ) ;
#2106 = MECHANICAL_DESIGN_GEOMETRIC_PRESENTATION_REPRESENTATION (  '', ( #5049 ), #3347 ) ;
#2107 = ADVANCED_FACE ( 'NONE', ( #876 ), #2481, .T. ) ;
#2108 = VERTEX_POINT ( 'NONE', #8226 ) ;
#2109 = CARTESIAN_POINT ( 'NONE',  ( 2.724235271281369997, -0.05662104804356698357, 2.499358729138025925 ) ) ;
#2110 = FACE_OUTER_BOUND ( 'NONE', #6829, .T. ) ;
#2111 = AXIS2_PLACEMENT_3D ( 'NONE', #9144, #2532, #1744 ) ;
#2112 = EDGE_LOOP ( 'NONE', ( #5220, #7148, #520, #816 ) ) ;
#2113 = ORIENTED_EDGE ( 'NONE', *, *, #1911, .F. ) ;
#2114 = CARTESIAN_POINT ( 'NONE',  ( 2.576307885819499433, -0.2853533734046546089, 2.493726826693786425 ) ) ;
#2115 = CARTESIAN_POINT ( 'NONE',  ( 1.517469042378095656, -0.1470129541967379327, 2.505878394387719421 ) ) ;
#2116 = CARTESIAN_POINT ( 'NONE',  ( 3.235667465365422490, 0.01257182957296817082, 2.499968389620394582 ) ) ;
#2117 = CARTESIAN_POINT ( 'NONE',  ( 2.622274805844214463, -0.1437981449431131320, 2.506255031232534680 ) ) ;
#2118 = CARTESIAN_POINT ( 'NONE',  ( 3.071276335330218821, -0.1765536489330275516, 2.493757969220035786 ) ) ;
#2119 = DIRECTION ( 'NONE',  ( 0.000000000000000000, 0.005028731829187268153, 0.9999873558481577884 ) ) ;
#2120 = EDGE_CURVE ( 'NONE', #4222, #6642, #1734, .T. ) ;
#2121 = B_SPLINE_CURVE_WITH_KNOTS ( 'NONE', 3,
 ( #6718, #2821, #9436, #6482 ),
 .UNSPECIFIED., .F., .F.,
 ( 4, 4 ),
 ( 0.000000000000000000, 1.000000000000000000 ),
 .UNSPECIFIED. ) ;
#2122 = VERTEX_POINT ( 'NONE', #2324 ) ;
#2123 = EDGE_LOOP ( 'NONE', ( #7074, #8213, #9277, #3660 ) ) ;
#2124 = B_SPLINE_CURVE_WITH_KNOTS ( 'NONE', 1,
 ( #6749, #68 ),
 .UNSPECIFIED., .F., .F.,
 ( 2, 2 ),
 ( 0.000000000000000000, 1.000000000000000000 ),
 .UNSPECIFIED. ) ;
#2125 = ORIENTED_EDGE ( 'NONE', *, *, #5505, .T. ) ;
#2126 =( NAMED_UNIT ( * ) SI_UNIT ( $, .STERADIAN. ) SOLID_ANGLE_UNIT ( ) );
#2127 = ADVANCED_FACE ( 'NONE', ( #5140 ), #6188, .T. ) ;
#2128 = CARTESIAN_POINT ( 'NONE',  ( 2.696259069935394770, 0.1544588577518069827, 2.495223930083632080 ) ) ;
#2129 = CARTESIAN_POINT ( 'NONE',  ( 2.251062958400211311, -0.2105664094515598272, 2.491133607108335646 ) ) ;
#2130 = CARTESIAN_POINT ( 'NONE',  ( 3.269090360780903204, 0.01262211689126004413, 2.509968263178876224 ) ) ;
#2131 = CARTESIAN_POINT ( 'NONE',  ( 1.291538661109068009, 0.3431157563013425560, 2.486616474645856112 ) ) ;
#2132 = CARTESIAN_POINT ( 'NONE',  ( 2.505731345338997773, -0.2003786561947067391, 2.491958820450774770 ) ) ;
#2133 = EDGE_CURVE ( 'NONE', #2715, #5066, #5954, .T. ) ;
#2134 = ORIENTED_EDGE ( 'NONE', *, *, #6598, .T. ) ;
#2135 = ORIENTED_EDGE ( 'NONE', *, *, #3538, .T. ) ;
#2136 = CARTESIAN_POINT ( 'NONE',  ( 2.493180529351969099, -0.1319817101772354784, 2.506527643609520073 ) ) ;
#2137 = CARTESIAN_POINT ( 'NONE',  ( 2.354231440198708114, -0.1195885823806021875, 2.497138076071124591 ) ) ;
#2138 = B_SPLINE_CURVE_WITH_KNOTS ( 'NONE', 3,
 ( #6724, #41, #1588, #3053 ),
 .UNSPECIFIED., .F., .F.,
 ( 4, 4 ),
 ( 0.000000000000000000, 1.000000000000000000 ),
 .UNSPECIFIED. ) ;
#2139 = FACE_OUTER_BOUND ( 'NONE', #6821, .T. ) ;
#2140 = EDGE_CURVE ( 'NONE', #3292, #1622, #7028, .T. ) ;
#2141 = EDGE_CURVE ( 'NONE', #5498, #5046, #8778, .T. ) ;
#2142 = CARTESIAN_POINT ( 'NONE',  ( 4.500000000000000000, 0.000000000000000000, 2.500000000000000000 ) ) ;
#2143 = DIRECTION ( 'NONE',  ( 0.000000000000000000, 0.000000000000000000, -1.000000000000000000 ) ) ;
#2144 = VERTEX_POINT ( 'NONE', #6966 ) ;
#2145 = CARTESIAN_POINT ( 'NONE',  ( 1.516204671994106246, -0.1775847408030911123, 2.503709979177680012 ) ) ;
#2146 = ORIENTED_EDGE ( 'NONE', *, *, #4499, .F. ) ;
#2147 = B_SPLINE_CURVE_WITH_KNOTS ( 'NONE', 3,
 ( #5508, #409, #1766, #1819 ),
 .UNSPECIFIED., .F., .F.,
 ( 4, 4 ),
 ( 0.000000000000000000, 1.000000000000000000 ),
 .UNSPECIFIED. ) ;
#2148 = LINE ( 'NONE', #4217, #2495 ) ;
#2149 = DIRECTION ( 'NONE',  ( 0.000000000000000000, 0.000000000000000000, 1.000000000000000000 ) ) ;
#2150 = CARTESIAN_POINT ( 'NONE',  ( 1.716252519444233293, 0.1294228197665096280, 2.496779794380850959 ) ) ;
#2151 = CARTESIAN_POINT ( 'NONE',  ( 2.793928197645979772, 0.2772789854120240594, 2.484575690988076957 ) ) ;
#2152 = FACE_OUTER_BOUND ( 'NONE', #5450, .T. ) ;
#2153 = ORIENTED_EDGE ( 'NONE', *, *, #1403, .F. ) ;
#2154 = CARTESIAN_POINT ( 'NONE',  ( 0.8986462328319975157, 0.01227912322136985070, 2.510209512447203917 ) ) ;
#2155 = DIRECTION ( 'NONE',  ( 1.000000000000000000, 0.000000000000000000, 0.000000000000000000 ) ) ;
#2156 = ORIENTED_EDGE ( 'NONE', *, *, #404, .T. ) ;
#2157 = ORIENTED_EDGE ( 'NONE', *, *, #7889, .T. ) ;
#2158 = CARTESIAN_POINT ( 'NONE',  ( 2.570572352089031565, -0.2842009843928297586, 2.493859330928217766 ) ) ;
#2159 = CARTESIAN_POINT ( 'NONE',  ( 2.223944042334981663, 0.2715936501164588623, 2.495262889800675676 ) ) ;
#2160 = CARTESIAN_POINT ( 'NONE',  ( 3.058092859917100448, 0.1546648028954760168, 2.498550895323743415 ) ) ;
#2161 = CARTESIAN_POINT ( 'NONE',  ( 1.400610559240172082, -1.637778328998336542E-11, 2.509999982504607097 ) ) ;
#2162 = CARTESIAN_POINT ( 'NONE',  ( 2.932447530860537110, 0.3950250790129263279, 2.468593767097136293 ) ) ;
#2163 = CARTESIAN_POINT ( 'NONE',  ( 1.001469469033490434, -0.1115760738288171794, 2.497508914848743267 ) ) ;
#2164 = EDGE_LOOP ( 'NONE', ( #3024, #4235, #6793, #5804 ) ) ;
#2165 = ORIENTED_EDGE ( 'NONE', *, *, #6243, .F. ) ;
#2166 = B_SPLINE_CURVE_WITH_KNOTS ( 'NONE', 3,
 ( #2163, #7933, #7980, #7327, #2935, #5891 ),
 .UNSPECIFIED., .F., .F.,
 ( 4, 2, 4 ),
 ( 0.000000000000000000, 0.4999999999701955633, 0.7646473887403751890 ),
 .UNSPECIFIED. ) ;
#2167 = VERTEX_POINT ( 'NONE', #6871 ) ;
#2168 = DIRECTION ( 'NONE',  ( 1.000000000000000000, 0.000000000000000000, -0.000000000000000000 ) ) ;
#2169 = CARTESIAN_POINT ( 'NONE',  ( 1.767625831662646529, 0.07810141566637690547, 2.498911718483809885 ) ) ;
#2170 = LINE ( 'NONE', #9558, #5263 ) ;
#2171 = CARTESIAN_POINT ( 'NONE',  ( 0.9918897345553636669, 0.3219928632989840778, 2.489261130539163869 ) ) ;
#2172 = DIRECTION ( 'NONE',  ( 0.000000000000000000, 0.9967389537263259269, 0.08069360646636866696 ) ) ;
#2173 = CARTESIAN_POINT ( 'NONE',  ( 1.781318735633162564, 0.008893288930708077508, 2.499984181832356267 ) ) ;
#2174 = FACE_OUTER_BOUND ( 'NONE', #4409, .T. ) ;
#2175 = B_SPLINE_SURFACE_WITH_KNOTS ( 'NONE', 1, 3, ( 
 ( #2663, #3351, #1140, #4250 ),
 ( #9379, #5671, #4058, #6378 ) ),
 .UNSPECIFIED., .F., .F., .F.,
 ( 2, 2 ),
 ( 4, 4 ),
 ( 0.000000000000000000, 1.000000000000000000 ),
 ( 0.000000000000000000, 1.000000000000000000 ),
 .UNSPECIFIED. ) ;
#2176 = CARTESIAN_POINT ( 'NONE',  ( 2.756915435686840166, -0.2292359742274495404, 2.489467988972743129 ) ) ;
#2177 = ORIENTED_EDGE ( 'NONE', *, *, #6932, .T. ) ;
#2178 = CARTESIAN_POINT ( 'NONE',  ( 2.638961913611791221, -0.2727680177207275070, 2.495190016510533404 ) ) ;
#2179 = STYLED_ITEM ( 'NONE', ( #6233 ), #8558 ) ;
#2180 = CARTESIAN_POINT ( 'NONE',  ( 3.247365478760182000, -0.03547442350415755397, 2.509749303272549525 ) ) ;
#2181 = EDGE_CURVE ( 'NONE', #8782, #3865, #1348, .T. ) ;
#2182 = CARTESIAN_POINT ( 'NONE',  ( 2.564486210053318338, -0.3089838775056330533, 2.490909264393543321 ) ) ;
#2183 = VECTOR ( 'NONE', #8529, 1000.000000000000000 ) ;
#2184 = DIRECTION ( 'NONE',  ( 0.000000000000000000, 0.000000000000000000, -1.000000000000000000 ) ) ;
#2185 = ORIENTED_EDGE ( 'NONE', *, *, #6627, .F. ) ;
#2186 = CARTESIAN_POINT ( 'NONE',  ( 2.263064064019335575, 0.3232923834582496769, 2.479101499145695442 ) ) ;
#2187 = VECTOR ( 'NONE', #2222, 1000.000000000000000 ) ;
#2188 = EDGE_LOOP ( 'NONE', ( #8759, #4300, #50, #6012 ) ) ;
#2189 = B_SPLINE_CURVE_WITH_KNOTS ( 'NONE', 3,
 ( #5459, #4129, #1110, #8402 ),
 .UNSPECIFIED., .F., .F.,
 ( 4, 4 ),
 ( 0.000000000000000000, 0.2987548082066219801 ),
 .UNSPECIFIED. ) ;
#2190 = FACE_OUTER_BOUND ( 'NONE', #2816, .T. ) ;
#2191 = CARTESIAN_POINT ( 'NONE',  ( 3.129461416835822352, -0.06951957256860030743, 2.499290775042253276 ) ) ;
#2192 = CARTESIAN_POINT ( 'NONE',  ( 1.824356778977260340, -0.1528343366088679989, 2.495323960040725542 ) ) ;
#2193 = EDGE_CURVE ( 'NONE', #9402, #2696, #2863, .T. ) ;
#2194 = CARTESIAN_POINT ( 'NONE',  ( 2.313752600197278575, -0.1487351160211018986, 2.505589324941777107 ) ) ;
#2195 = SURFACE_SIDE_STYLE ('',( #8776 ) ) ;
#2196 = CARTESIAN_POINT ( 'NONE',  ( 3.071271301472171533, -0.1772645227300297111, 2.503732671229357720 ) ) ;
#2197 = EDGE_CURVE ( 'NONE', #1092, #1910, #49, .T. ) ;
#2198 = CYLINDRICAL_SURFACE ( 'NONE', #9195, 2.510000000000000231 ) ;
#2199 = EDGE_LOOP ( 'NONE', ( #5787, #1234 ) ) ;
#2200 = VERTEX_POINT ( 'NONE', #2477 ) ;
#2201 = CARTESIAN_POINT ( 'NONE',  ( 1.100993991040779552, -0.1391382170845266719, 2.496159285046325671 ) ) ;
#2202 = DIRECTION ( 'NONE',  ( 0.000000000000000000, 0.000000000000000000, 1.000000000000000000 ) ) ;
#2203 = CARTESIAN_POINT ( 'NONE',  ( 1.888053096262113595, 0.01065729627687968945, 2.509977374805611117 ) ) ;
#2204 = CARTESIAN_POINT ( 'NONE',  ( 3.255844991115442344, -0.03533309113959915565, 2.499750302064292828 ) ) ;
#2205 = CARTESIAN_POINT ( 'NONE',  ( 2.479025019940145569, -0.1263355067267845633, 2.506824948729303948 ) ) ;
#2206 = ORIENTED_EDGE ( 'NONE', *, *, #8054, .F. ) ;
#2207 = VERTEX_POINT ( 'NONE', #986 ) ;
#2208 = CARTESIAN_POINT ( 'NONE',  ( 3.211157342063377662, -0.1360884980792246568, 2.499631512537061617 ) ) ;
#2209 = CARTESIAN_POINT ( 'NONE',  ( 2.322046429800451062, -0.05287140571402494660, 2.509443088507452568 ) ) ;
#2210 = CARTESIAN_POINT ( 'NONE',  ( 2.441154795668479593, -0.1389084770177971551, 2.506165467431853866 ) ) ;
#2211 = ORIENTED_EDGE ( 'NONE', *, *, #3089, .F. ) ;
#2212 = FACE_OUTER_BOUND ( 'NONE', #7784, .T. ) ;
#2213 = CARTESIAN_POINT ( 'NONE',  ( 3.234071341897937657, 0.008414780060087882763, 2.509989421015037969 ) ) ;
#2214 = CARTESIAN_POINT ( 'NONE',  ( 3.087317227789430962, -0.05734159432242109250, 2.499369824089313852 ) ) ;
#2215 = CARTESIAN_POINT ( 'NONE',  ( 2.204199776340657557, -0.09275084147147026614, 2.498278863819316520 ) ) ;
#2216 = SURFACE_STYLE_USAGE ( .BOTH. , #6386 ) ;
#2217 = EDGE_CURVE ( 'NONE', #6237, #2355, #1033, .T. ) ;
#2218 = CARTESIAN_POINT ( 'NONE',  ( 2.300273772609036538, -0.1508252770966004019, 2.505465250199371052 ) ) ;
#2219 = VECTOR ( 'NONE', #9288, 1000.000000000000000 ) ;
#2220 = ORIENTED_EDGE ( 'NONE', *, *, #2862, .T. ) ;
#2221 = CARTESIAN_POINT ( 'NONE',  ( 0.9570523635761033487, -0.08538480170340527475, 2.508618876631625305 ) ) ;
#2222 = DIRECTION ( 'NONE',  ( -1.000000000000000000, -0.000000000000000000, -0.000000000000000000 ) ) ;
#2223 = CARTESIAN_POINT ( 'NONE',  ( 2.826794044801901329, 0.2792527026328228135, 2.494417352423660805 ) ) ;
#2224 = DIRECTION ( 'NONE',  ( 1.000000000000000000, 0.000000000000000000, 0.000000000000000000 ) ) ;
#2225 = VERTEX_POINT ( 'NONE', #4704 ) ;
#2226 = AXIS2_PLACEMENT_3D ( 'NONE', #1009, #368, #4876 ) ;
#2227 = ADVANCED_FACE ( 'NONE', ( #9234 ), #7824, .T. ) ;
#2228 = CARTESIAN_POINT ( 'NONE',  ( 2.932076164494707093, 0.3156880985546608454, 2.490296252585345371 ) ) ;
#2229 = UNCERTAINTY_MEASURE_WITH_UNIT (LENGTH_MEASURE( 1.000000000000000082E-05 ), #5658, 'distance_accuracy_value', 'NONE');
#2230 = ORIENTED_EDGE ( 'NONE', *, *, #4399, .T. ) ;
#2231 = SURFACE_STYLE_FILL_AREA ( #5243 ) ;
#2232 = EDGE_CURVE ( 'NONE', #437, #6138, #6102, .T. ) ;
#2233 = VECTOR ( 'NONE', #5715, 1000.000000000000000 ) ;
#2234 = ORIENTED_EDGE ( 'NONE', *, *, #8297, .T. ) ;
#2235 = B_SPLINE_CURVE_WITH_KNOTS ( 'NONE', 3,
 ( #1484, #1649, #6055, #722 ),
 .UNSPECIFIED., .F., .F.,
 ( 4, 4 ),
 ( 0.000000000000000000, 1.000000000000000000 ),
 .UNSPECIFIED. ) ;
#2236 = CARTESIAN_POINT ( 'NONE',  ( 2.788172032324740535, -0.01534155688081141090, 2.509953114429126941 ) ) ;
#2237 = CARTESIAN_POINT ( 'NONE',  ( 2.211070038175347641, 0.000000000000000000, 0.000000000000000000 ) ) ;
#2238 = CARTESIAN_POINT ( 'NONE',  ( 3.037546300369355023, -0.2297072156705544377, 2.499466902242145405 ) ) ;
#2239 = DIRECTION ( 'NONE',  ( -1.000000000000000000, -0.000000000000000000, -0.000000000000000000 ) ) ;
#2240 = VECTOR ( 'NONE', #2451, 1000.000000000000114 ) ;
#2241 = COLOUR_RGB ( '',0.6666666666666666297, 0.6666666666666666297, 0.6666666666666666297 ) ;
#2242 = FACE_OUTER_BOUND ( 'NONE', #6204, .T. ) ;
#2243 = CARTESIAN_POINT ( 'NONE',  ( 2.472573247664885177, -0.2333034775475972544, 2.489090092255441089 ) ) ;
#2244 = ADVANCED_FACE ( 'NONE', ( #300 ), #6414, .T. ) ;
#2245 = ORIENTED_EDGE ( 'NONE', *, *, #7697, .T. ) ;
#2246 = VERTEX_POINT ( 'NONE', #8475 ) ;
#2247 = VECTOR ( 'NONE', #7336, 1000.000000000000000 ) ;
#2248 = ORIENTED_EDGE ( 'NONE', *, *, #5603, .T. ) ;
#2249 = DIRECTION ( 'NONE',  ( 1.000000000000000000, 8.763881314259064614E-14, -8.602582885162272362E-15 ) ) ;
#2250 = CIRCLE ( 'NONE', #8591, 0.4499999999999999001 ) ;
#2251 = CARTESIAN_POINT ( 'NONE',  ( 1.100993991040779552, -0.1396947699528647557, 2.506143922186510498 ) ) ;
#2252 = CARTESIAN_POINT ( 'NONE',  ( 2.262846865830302256, 0.2245515188428486020, 2.500016970238781333 ) ) ;
#2253 = CARTESIAN_POINT ( 'NONE',  ( 2.952625056610553855, 0.3476511202129865530, 2.475709736341208611 ) ) ;
#2254 = CARTESIAN_POINT ( 'NONE',  ( 2.826292325670447525, 0.2413072905326733575, 2.488602911987530142 ) ) ;
#2255 = EDGE_CURVE ( 'NONE', #8562, #4691, #5482, .T. ) ;
#2256 = CARTESIAN_POINT ( 'NONE',  ( 3.302079996438208376, -0.1632154101174175254, 2.494666456643092722 ) ) ;
#2257 = B_SPLINE_SURFACE_WITH_KNOTS ( 'NONE', 1, 3, ( 
 ( #2942, #6519, #5945, #5808 ),
 ( #8795, #8749, #7290, #4480 ) ),
 .UNSPECIFIED., .F., .F., .F.,
 ( 2, 2 ),
 ( 4, 4 ),
 ( 0.000000000000000000, 1.000000000000000000 ),
 ( 0.000000000000000000, 1.000000000000000000 ),
 .UNSPECIFIED. ) ;
#2258 = EDGE_CURVE ( 'NONE', #4790, #558, #8076, .T. ) ;
#2259 = ORIENTED_EDGE ( 'NONE', *, *, #8469, .T. ) ;
#2260 = ORIENTED_EDGE ( 'NONE', *, *, #9459, .F. ) ;
#2261 = COLOUR_RGB ( '',0.6666666666666666297, 0.6666666666666666297, 0.6666666666666666297 ) ;
#2262 = LINE ( 'NONE', #1468, #1627 ) ;
#2263 = EDGE_CURVE ( 'NONE', #638, #5264, #5435, .T. ) ;
#2264 = CARTESIAN_POINT ( 'NONE',  ( 2.874762089145795230, 0.1548707480391451341, 2.501877860563855638 ) ) ;
#2265 = FACE_OUTER_BOUND ( 'NONE', #6632, .T. ) ;
#2266 =( NAMED_UNIT ( * ) SI_UNIT ( $, .STERADIAN. ) SOLID_ANGLE_UNIT ( ) );
#2267 = ORIENTED_EDGE ( 'NONE', *, *, #6448, .T. ) ;
#2268 = FACE_OUTER_BOUND ( 'NONE', #2800, .T. ) ;
#2269 = CARTESIAN_POINT ( 'NONE',  ( 4.500000000000000000, -0.2301529181243587296, 2.499425860928633725 ) ) ;
#2270 = CARTESIAN_POINT ( 'NONE',  ( 2.698734839966531407, 0.3966051793289692151, 2.478468142165526356 ) ) ;
#2271 = CARTESIAN_POINT ( 'NONE',  ( 2.756915435686840166, 0.000000000000000000, 0.000000000000000000 ) ) ;
#2272 = B_SPLINE_CURVE_WITH_KNOTS ( 'NONE', 1,
 ( #4188, #8551 ),
 .UNSPECIFIED., .F., .F.,
 ( 2, 2 ),
 ( 0.000000000000000000, 1.000000000000000000 ),
 .UNSPECIFIED. ) ;
#2273 = CARTESIAN_POINT ( 'NONE',  ( 2.696073387183302028, 0.1820009806186898282, 2.493366327488569123 ) ) ;
#2274 = ORIENTED_EDGE ( 'NONE', *, *, #1025, .T. ) ;
#2275 = CARTESIAN_POINT ( 'NONE',  ( 2.405232302830831337, 0.000000000000000000, 0.000000000000000000 ) ) ;
#2276 = EDGE_CURVE ( 'NONE', #7371, #9405, #402, .T. ) ;
#2277 = CARTESIAN_POINT ( 'NONE',  ( 2.790276436849969066, 0.3633350098368424708, 2.473456623963084855 ) ) ;
#2278 = FACE_OUTER_BOUND ( 'NONE', #1158, .T. ) ;
#2279 = CARTESIAN_POINT ( 'NONE',  ( 2.257180002579507683, 0.3016247224100224167, 2.481912445719860916 ) ) ;
#2280 = EDGE_LOOP ( 'NONE', ( #6502, #5058, #3754, #3303, #7469, #4874 ) ) ;
#2281 = CARTESIAN_POINT ( 'NONE',  ( 2.932447530860537110, 0.3955517791182768805, 2.471885225453265722 ) ) ;
#2282 = VERTEX_POINT ( 'NONE', #6100 ) ;
#2283 = DIRECTION ( 'NONE',  ( -1.000000000000000000, -0.000000000000000000, -0.000000000000000000 ) ) ;
#2284 = VERTEX_POINT ( 'NONE', #4945 ) ;
#2285 = ORIENTED_EDGE ( 'NONE', *, *, #65, .F. ) ;
#2286 = CARTESIAN_POINT ( 'NONE',  ( 2.445275079141491670, -0.06666515774505003822, 2.509114536393830530 ) ) ;
#2287 = CARTESIAN_POINT ( 'NONE',  ( 2.270926879865667214, -0.2284262298783070466, 2.489557681002210199 ) ) ;
#2288 = FACE_BOUND ( 'NONE', #2280, .T. ) ;
#2289 = SURFACE_STYLE_USAGE ( .BOTH. , #5249 ) ;
#2290 = DIRECTION ( 'NONE',  ( -1.000000000000000000, -0.000000000000000000, -0.000000000000000000 ) ) ;
#2291 = VERTEX_POINT ( 'NONE', #5621 ) ;
#2292 = CARTESIAN_POINT ( 'NONE',  ( 3.071276335330218821, -0.1765536489330275516, 2.493757969220035786 ) ) ;
#2293 = DIRECTION ( 'NONE',  ( -1.000000000000000000, -0.000000000000000000, -0.000000000000000000 ) ) ;
#2294 = ORIENTED_EDGE ( 'NONE', *, *, #7633, .T. ) ;
#2295 = PLANE ( 'NONE',  #6521 ) ;
#2296 = CARTESIAN_POINT ( 'NONE',  ( 1.142474045499838775, -0.2397263444823860001, 2.488479792843822036 ) ) ;
#2297 = CARTESIAN_POINT ( 'NONE',  ( 2.698074606876965653, -0.1234465546724592827, 2.507847414468101999 ) ) ;
#2298 = DIRECTION ( 'NONE',  ( -1.000000000000000000, -0.000000000000000000, -0.000000000000000000 ) ) ;
#2299 = CARTESIAN_POINT ( 'NONE',  ( 2.302983000563780802, -0.1272666316754017257, 2.506771470330313001 ) ) ;
#2300 = DIRECTION ( 'NONE',  ( -1.000000000000000000, -0.000000000000000000, -0.000000000000000000 ) ) ;
#2301 = EDGE_LOOP ( 'NONE', ( #8017, #1166 ) ) ;
#2302 = ADVANCED_FACE ( 'NONE', ( #9275 ), #1938, .T. ) ;
#2303 = ORIENTED_EDGE ( 'NONE', *, *, #74, .F. ) ;
#2304 = CARTESIAN_POINT ( 'NONE',  ( 2.881632350981399693, -0.01534155688081141090, 2.509953114429126941 ) ) ;
#2305 = ADVANCED_FACE ( 'NONE', ( #6423 ), #8582, .T. ) ;
#2306 = CARTESIAN_POINT ( 'NONE',  ( 2.788172032324728988, -0.1204541027259926483, 2.497096475736665599 ) ) ;
#2307 = CARTESIAN_POINT ( 'NONE',  ( 2.364749121202834203, 0.1512774186066459803, 2.505437133443754405 ) ) ;
#2308 = ORIENTED_EDGE ( 'NONE', *, *, #705, .T. ) ;
#2309 = B_SPLINE_CURVE_WITH_KNOTS ( 'NONE', 1,
 ( #2600, #5557 ),
 .UNSPECIFIED., .F., .F.,
 ( 2, 2 ),
 ( 0.000000000000000000, 1.000000000000000000 ),
 .UNSPECIFIED. ) ;
#2310 = ORIENTED_EDGE ( 'NONE', *, *, #7741, .T. ) ;
#2311 = B_SPLINE_CURVE_WITH_KNOTS ( 'NONE', 3,
 ( #6778, #8285, #990, #6924 ),
 .UNSPECIFIED., .F., .F.,
 ( 4, 4 ),
 ( 0.000000000000000000, 1.000000000000000000 ),
 .UNSPECIFIED. ) ;
#2312 = CARTESIAN_POINT ( 'NONE',  ( 3.093511900519622770, -0.07522806488632455268, 2.508879312096611081 ) ) ;
#2313 = DIRECTION ( 'NONE',  ( 0.000000000000000000, 0.000000000000000000, 1.000000000000000000 ) ) ;
#2314 = FILL_AREA_STYLE_COLOUR ( '', #6091 ) ;
#2315 = EDGE_CURVE ( 'NONE', #3407, #1263, #9218, .T. ) ;
#2316 = CYLINDRICAL_SURFACE ( 'NONE', #5358, 2.500000000000000000 ) ;
#2317 = CARTESIAN_POINT ( 'NONE',  ( 2.117609719517861588, 0.1820009806186892176, 2.493366327488569567 ) ) ;
#2318 = EDGE_CURVE ( 'NONE', #1250, #7681, #2075, .T. ) ;
#2319 = EDGE_CURVE ( 'NONE', #5320, #1131, #8264, .T. ) ;
#2320 = ORIENTED_EDGE ( 'NONE', *, *, #2662, .F. ) ;
#2321 = CARTESIAN_POINT ( 'NONE',  ( 2.591799049715535208, -0.3111659786688163454, 2.490637632401252244 ) ) ;
#2322 = CARTESIAN_POINT ( 'NONE',  ( 2.679207203848828378, 0.3674986156302331164, 2.472841435982069402 ) ) ;
#2323 = B_SPLINE_CURVE_WITH_KNOTS ( 'NONE', 1,
 ( #6820, #3859 ),
 .UNSPECIFIED., .F., .F.,
 ( 2, 2 ),
 ( 0.000000000000000000, 1.000000000000000000 ),
 .UNSPECIFIED. ) ;
#2324 = CARTESIAN_POINT ( 'NONE',  ( 3.023555867989116575, 0.1550766931827207706, 2.505204825803972746 ) ) ;
#2325 = AXIS2_PLACEMENT_3D ( 'NONE', #1493, #9002, #6685 ) ;
#2326 = CARTESIAN_POINT ( 'NONE',  ( 2.258914294017850821, 0.3652801990870571669, 2.483278151185428495 ) ) ;
#2327 = VERTEX_POINT ( 'NONE', #5765 ) ;
#2328 = CARTESIAN_POINT ( 'NONE',  ( -4.500000000000000000, 0.000000000000000000, 0.000000000000000000 ) ) ;
#2329 = AXIS2_PLACEMENT_3D ( 'NONE', #8307, #71, #2456 ) ;
#2330 = UNCERTAINTY_MEASURE_WITH_UNIT (LENGTH_MEASURE( 1.000000000000000082E-05 ), #3496, 'distance_accuracy_value', 'NONE');
#2331 = ORIENTED_EDGE ( 'NONE', *, *, #6104, .F. ) ;
#2332 = DIRECTION ( 'NONE',  ( -1.000000000000000000, -0.000000000000000000, -0.000000000000000000 ) ) ;
#2333 = VERTEX_POINT ( 'NONE', #4297 ) ;
#2334 = DIRECTION ( 'NONE',  ( -1.000000000000000000, 0.000000000000000000, 0.000000000000000000 ) ) ;
#2335 = B_SPLINE_SURFACE_WITH_KNOTS ( 'NONE', 1, 3, ( 
 ( #2042, #496, #4162, #8576, #8720, #7082, #1952, #1241 ),
 ( #2724, #4122, #9438, #9292, #1994, #3500, #1906, #6435 ) ),
 .UNSPECIFIED., .F., .F., .F.,
 ( 2, 2 ),
 ( 4, 2, 2, 4 ),
 ( 0.000000000000000000, 1.000000000000000000 ),
 ( 0.000000000000000000, 0.2500000000000000000, 0.5000000000000000000, 1.000000000000000000 ),
 .UNSPECIFIED. ) ;
#2336 = CARTESIAN_POINT ( 'NONE',  ( 2.405232302830831337, 0.1951220811148454415, 2.502404318542751582 ) ) ;
#2337 = CARTESIAN_POINT ( 'NONE',  ( 3.143445031722684302, -0.2292359742274483192, 2.489467988972742685 ) ) ;
#2338 = CARTESIAN_POINT ( 'NONE',  ( 1.781422658357864508, -0.1985222742836297294, 2.492525651782011575 ) ) ;
#2339 = B_SPLINE_CURVE_WITH_KNOTS ( 'NONE', 3,
 ( #453, #2828, #2732, #5782 ),
 .UNSPECIFIED., .F., .F.,
 ( 4, 4 ),
 ( 0.3602239947127079955, 1.000000000000000000 ),
 .UNSPECIFIED. ) ;
#2340 =( NAMED_UNIT ( * ) SI_UNIT ( $, .STERADIAN. ) SOLID_ANGLE_UNIT ( ) );
#2341 = CARTESIAN_POINT ( 'NONE',  ( 3.143445031722684302, -0.2292359742274483192, 2.489467988972742685 ) ) ;
#2342 = CIRCLE ( 'NONE', #1559, 1.450000000000000178 ) ;
#2343 = ORIENTED_EDGE ( 'NONE', *, *, #5700, .T. ) ;
#2344 = EDGE_CURVE ( 'NONE', #5046, #3043, #3906, .T. ) ;
#2345 = CARTESIAN_POINT ( 'NONE',  ( 2.534158027177594086, -0.06033368667145151687, 2.499271863213890388 ) ) ;
#2346 = CARTESIAN_POINT ( 'NONE',  ( 2.932880790617061084, -0.2301529181243587296, 2.499425860928633725 ) ) ;
#2347 = ORIENTED_EDGE ( 'NONE', *, *, #4356, .F. ) ;
#2348 = CARTESIAN_POINT ( 'NONE',  ( 2.457099684972713138, -0.1005436841115365521, 2.497977375314932580 ) ) ;
#2349 = VERTEX_POINT ( 'NONE', #9376 ) ;
#2350 = CARTESIAN_POINT ( 'NONE',  ( 2.874762089145887156, -0.09275084147147026614, 2.498278863819316520 ) ) ;
#2351 = CARTESIAN_POINT ( 'NONE',  ( 1.137315510006160713, -6.379838443817641689E-05, 2.510003178101638532 ) ) ;
#2352 = CARTESIAN_POINT ( 'NONE',  ( 2.977011390544407110, 0.2822401951925916364, 2.494308496041926837 ) ) ;
#2353 = DIRECTION ( 'NONE',  ( 0.000000000000000000, -0.9980895720334529431, 0.06178354310072279448 ) ) ;
#2354 = CARTESIAN_POINT ( 'NONE',  ( 2.735141740383995046, 0.3945897768434944441, 2.468663424274500251 ) ) ;
#2355 = VERTEX_POINT ( 'NONE', #6525 ) ;
#2356 = EDGE_CURVE ( 'NONE', #2096, #8771, #183, .T. ) ;
#2357 = ORIENTED_EDGE ( 'NONE', *, *, #9171, .T. ) ;
#2358 = DIRECTION ( 'NONE',  ( 0.000000000000000000, 0.000000000000000000, 1.000000000000000000 ) ) ;
#2359 = B_SPLINE_CURVE_WITH_KNOTS ( 'NONE', 1,
 ( #3807, #189 ),
 .UNSPECIFIED., .F., .F.,
 ( 2, 2 ),
 ( 0.000000000000000000, 1.000000000000000000 ),
 .UNSPECIFIED. ) ;
#2360 = DIRECTION ( 'NONE',  ( 1.000000000000000000, 0.000000000000000000, 0.000000000000000000 ) ) ;
#2361 = CARTESIAN_POINT ( 'NONE',  ( 1.001469545846966236, -0.1120221775831970329, 2.507498959467285626 ) ) ;
#2362 = EDGE_CURVE ( 'NONE', #6516, #2225, #8032, .T. ) ;
#2363 = VERTEX_POINT ( 'NONE', #7944 ) ;
#2364 = B_SPLINE_CURVE_WITH_KNOTS ( 'NONE', 3,
 ( #473, #3476, #7063, #9370, #5710, #8648 ),
 .UNSPECIFIED., .F., .F.,
 ( 4, 2, 4 ),
 ( 0.000000000000000000, 0.5000000000000000000, 1.000000000000000000 ),
 .UNSPECIFIED. ) ;
#2365 = ORIENTED_EDGE ( 'NONE', *, *, #4989, .T. ) ;
#2366 = CARTESIAN_POINT ( 'NONE',  ( 1.161570977141077154, 0.1929042742342178263, 2.492546477195995980 ) ) ;
#2367 = CARTESIAN_POINT ( 'NONE',  ( 2.299611974166430706, -0.05299844883302116949, 2.499438192575255790 ) ) ;
#2368 = CIRCLE ( 'NONE', #3601, 2.510000000000000231 ) ;
#2369 = LINE ( 'NONE', #1583, #2410 ) ;
#2370 = CARTESIAN_POINT ( 'NONE',  ( 2.262504160562355260, -0.09819356130532837235, 2.498070860587860764 ) ) ;
#2371 = VERTEX_POINT ( 'NONE', #1374 ) ;
#2372 = CARTESIAN_POINT ( 'NONE',  ( 1.446195903233685298, 0.02391468775309949640, 2.510210062459310443 ) ) ;
#2373 = EDGE_CURVE ( 'NONE', #3139, #3449, #1841, .T. ) ;
#2374 = CARTESIAN_POINT ( 'NONE',  ( 1.576457688715584338, -0.02736708171384788502, 2.509850800911972435 ) ) ;
#2375 = B_SPLINE_CURVE_WITH_KNOTS ( 'NONE', 1,
 ( #9124, #4741 ),
 .UNSPECIFIED., .F., .F.,
 ( 2, 2 ),
 ( 0.000000000000000000, 1.000000000000000000 ),
 .UNSPECIFIED. ) ;
#2376 = DIRECTION ( 'NONE',  ( 1.734723475976807094E-16, 0.000000000000000000, 1.000000000000000000 ) ) ;
#2377 = VERTEX_POINT ( 'NONE', #4348 ) ;
#2378 = EDGE_CURVE ( 'NONE', #1263, #9284, #1478, .T. ) ;
#2379 = ADVANCED_FACE ( 'NONE', ( #3810 ), #6715, .T. ) ;
#2380 = VECTOR ( 'NONE', #9617, 1000.000000000000114 ) ;
#2381 = LINE ( 'NONE', #4764, #646 ) ;
#2382 = ORIENTED_EDGE ( 'NONE', *, *, #6743, .F. ) ;
#2383 = DIRECTION ( 'NONE',  ( -1.000000000000000000, -0.000000000000000000, -0.000000000000000000 ) ) ;
#2384 = ORIENTED_EDGE ( 'NONE', *, *, #4868, .F. ) ;
#2385 = CYLINDRICAL_SURFACE ( 'NONE', #6990, 2.510000000000000231 ) ;
#2386 = CIRCLE ( 'NONE', #6866, 2.510000000000000231 ) ;
#2387 = CARTESIAN_POINT ( 'NONE',  ( 2.366403238248156349, 0.1792232696875189490, 2.503593244478430790 ) ) ;
#2388 = CARTESIAN_POINT ( 'NONE',  ( 2.425843312167490495, -0.1036857961492296670, 2.507857503064498061 ) ) ;
#2389 = CYLINDRICAL_SURFACE ( 'NONE', #8696, 2.500000000000000000 ) ;
#2390 = CARTESIAN_POINT ( 'NONE',  ( 0.7932090301261459642, 4.487679078546478055E-08, 2.499996992555101549 ) ) ;
#2391 = DIRECTION ( 'NONE',  ( 0.000000000000000000, -0.000000000000000000, 1.000000000000000000 ) ) ;
#2392 = CARTESIAN_POINT ( 'NONE',  ( 2.471773635239680189, -0.1540714906128568540, 2.505266847220138704 ) ) ;
#2393 = AXIS2_PLACEMENT_3D ( 'NONE', #9625, #8281, #42 ) ;
#2394 = DIRECTION ( 'NONE',  ( -1.000000000000000000, -0.000000000000000000, -0.000000000000000000 ) ) ;
#2395 = ORIENTED_EDGE ( 'NONE', *, *, #1694, .T. ) ;
#2396 = B_SPLINE_CURVE_WITH_KNOTS ( 'NONE', 1,
 ( #2995, #5950 ),
 .UNSPECIFIED., .F., .F.,
 ( 2, 2 ),
 ( 0.000000000000000000, 1.000000000000000000 ),
 .UNSPECIFIED. ) ;
#2397 = CARTESIAN_POINT ( 'NONE',  ( 2.463720645978764168, -0.1170857222191631769, 2.507267623061490536 ) ) ;
#2398 = ORIENTED_EDGE ( 'NONE', *, *, #6444, .T. ) ;
#2399 = B_SPLINE_SURFACE_WITH_KNOTS ( 'NONE', 1, 3, ( 
 ( #6849, #2986, #7430, #8255 ),
 ( #857, #3843, #6800, #123 ) ),
 .UNSPECIFIED., .F., .F., .F.,
 ( 2, 2 ),
 ( 4, 4 ),
 ( 0.000000000000000000, 1.000000000000000000 ),
 ( 0.000000000000000000, 1.000000000000000000 ),
 .UNSPECIFIED. ) ;
#2400 = CARTESIAN_POINT ( 'NONE',  ( 3.255844991115442344, -0.03533309113959914871, 2.499750302064292384 ) ) ;
#2401 = CARTESIAN_POINT ( 'NONE',  ( 2.257145879819540291, 0.2442533261781540954, 2.498259957075850135 ) ) ;
#2402 = EDGE_CURVE ( 'NONE', #3593, #780, #5889, .T. ) ;
#2403 = CARTESIAN_POINT ( 'NONE',  ( 2.638961862820114135, -0.2727681412308283204, 2.495190003834792947 ) ) ;
#2404 = FACE_OUTER_BOUND ( 'NONE', #3313, .T. ) ;
#2405 = AXIS2_PLACEMENT_3D ( 'NONE', #2497, #7524, #3217 ) ;
#2406 = DIRECTION ( 'NONE',  ( -1.000000000000000000, -0.000000000000000000, -0.000000000000000000 ) ) ;
#2407 = ORIENTED_EDGE ( 'NONE', *, *, #7338, .F. ) ;
#2408 = CARTESIAN_POINT ( 'NONE',  ( 4.500000000000000000, 0.000000000000000000, -2.299999999999999822 ) ) ;
#2409 = VECTOR ( 'NONE', #4810, 1000.000000000000000 ) ;
#2410 = VECTOR ( 'NONE', #4796, 1000.000000000000000 ) ;
#2411 = LINE ( 'NONE', #2306, #143 ) ;
#2412 = CARTESIAN_POINT ( 'NONE',  ( 2.425657405583639736, -0.2240880030852763494, 2.499976913268051160 ) ) ;
#2413 = ORIENTED_EDGE ( 'NONE', *, *, #5229, .F. ) ;
#2414 = EDGE_CURVE ( 'NONE', #86, #9345, #7367, .T. ) ;
#2415 = ORIENTED_EDGE ( 'NONE', *, *, #1449, .F. ) ;
#2416 = CARTESIAN_POINT ( 'NONE',  ( 3.080367571676653871, -0.04700508433772073585, 2.499574088545722272 ) ) ;
#2417 = CARTESIAN_POINT ( 'NONE',  ( 2.638961862878415943, -0.2716814154273463622, 2.485249007818071121 ) ) ;
#2418 = CARTESIAN_POINT ( 'NONE',  ( 2.490213109133065039, -0.07728625376108376466, 2.498805081429837927 ) ) ;
#2419 = VECTOR ( 'NONE', #484, 1000.000000000000000 ) ;
#2420 = VECTOR ( 'NONE', #7958, 1000.000000000000114 ) ;
#2421 = EDGE_CURVE ( 'NONE', #9257, #3808, #3679, .T. ) ;
#2422 = CARTESIAN_POINT ( 'NONE',  ( 2.319199294265130273, -0.07728625376108376466, 2.498805081429837927 ) ) ;
#2423 = B_SPLINE_SURFACE_WITH_KNOTS ( 'NONE', 1, 3, ( 
 ( #7351, #8222, #7398, #6529 ),
 ( #3718, #6671, #5957, #2954 ) ),
 .UNSPECIFIED., .F., .F., .F.,
 ( 2, 2 ),
 ( 4, 4 ),
 ( 0.000000000000000000, 1.000000000000000000 ),
 ( 0.000000000000000000, 1.000000000000000000 ),
 .UNSPECIFIED. ) ;
#2424 = CARTESIAN_POINT ( 'NONE',  ( 2.510500226423368009, -0.1768650773684222743, 2.493750311868779157 ) ) ;
#2425 = ORIENTED_EDGE ( 'NONE', *, *, #7497, .F. ) ;
#2426 = CARTESIAN_POINT ( 'NONE',  ( 2.758043317024710284, 0.1987461264796885341, 2.502136349620085909 ) ) ;
#2427 = CARTESIAN_POINT ( 'NONE',  ( 2.086353122880875599, -0.2292359742274489298, 2.489467988972742685 ) ) ;
#2428 = CARTESIAN_POINT ( 'NONE',  ( 2.453695501181130112, 0.000000000000000000, 0.000000000000000000 ) ) ;
#2429 = B_SPLINE_CURVE_WITH_KNOTS ( 'NONE', 3,
 ( #923, #4926, #2521, #4697 ),
 .UNSPECIFIED., .F., .F.,
 ( 4, 4 ),
 ( 0.000000000000000000, 1.000000000000000000 ),
 .UNSPECIFIED. ) ;
#2430 = CARTESIAN_POINT ( 'NONE',  ( 2.756915435686840166, 0.000000000000000000, 2.510000000000000231 ) ) ;
#2431 = ORIENTED_EDGE ( 'NONE', *, *, #1156, .F. ) ;
#2432 = EDGE_CURVE ( 'NONE', #7140, #1438, #5088, .T. ) ;
#2433 = CARTESIAN_POINT ( 'NONE',  ( 2.353426814938833989, -0.2025976977819587688, 2.491777312051269622 ) ) ;
#2434 = PRODUCT_DEFINITION_CONTEXT ( 'detailed design', #1767, 'design' ) ;
#2435 = ORIENTED_EDGE ( 'NONE', *, *, #2502, .F. ) ;
#2436 = DIRECTION ( 'NONE',  ( 0.000000000000000000, 0.000000000000000000, -1.000000000000000000 ) ) ;
#2437 = EDGE_CURVE ( 'NONE', #5542, #1720, #1127, .T. ) ;
#2438 = ORIENTED_EDGE ( 'NONE', *, *, #1966, .T. ) ;
#2439 = CARTESIAN_POINT ( 'NONE',  ( 2.698074606906408768, -0.1229547356548853637, 2.497855990507768631 ) ) ;
#2440 = EDGE_CURVE ( 'NONE', #5295, #8732, #3627, .T. ) ;
#2441 = CARTESIAN_POINT ( 'NONE',  ( 2.507749633601883410, -0.05286534336068329093, 2.499440996971762363 ) ) ;
#2442 = PLANE ( 'NONE',  #7803 ) ;
#2443 = SURFACE_SIDE_STYLE ('',( #8486 ) ) ;
#2444 = CARTESIAN_POINT ( 'NONE',  ( 2.503520373047568803, -0.1695726930599017745, 2.504265381657545309 ) ) ;
#2445 = DIRECTION ( 'NONE',  ( -1.000000000000000000, -0.000000000000000000, -0.000000000000000000 ) ) ;
#2446 = EDGE_CURVE ( 'NONE', #461, #9402, #8981, .T. ) ;
#2447 = ORIENTED_EDGE ( 'NONE', *, *, #7910, .F. ) ;
#2448 = CARTESIAN_POINT ( 'NONE',  ( 1.163292505442389935, 0.002007292774499774574, 2.499999194155013704 ) ) ;
#2449 = CARTESIAN_POINT ( 'NONE',  ( 0.8620261527772710153, -0.1442419388336765584, 2.495835383810699248 ) ) ;
#2450 = VERTEX_POINT ( 'NONE', #5951 ) ;
#2451 = DIRECTION ( 'NONE',  ( 0.000000000000000000, 0.06178354310071548783, 0.9980895720334533872 ) ) ;
#2452 = ORIENTED_EDGE ( 'NONE', *, *, #4563, .T. ) ;
#2453 = DIRECTION ( 'NONE',  ( -1.000000000000000000, 0.000000000000000000, 0.000000000000000000 ) ) ;
#2454 = CARTESIAN_POINT ( 'NONE',  ( 1.887749814965556938, 4.841020417620156606E-07, 2.499999511911842109 ) ) ;
#2455 = CARTESIAN_POINT ( 'NONE',  ( 0.8988385091837808316, 0.09477929833578641050, 2.498664272623194904 ) ) ;
#2456 = DIRECTION ( 'NONE',  ( 0.000000000000000000, 0.000000000000000000, 1.000000000000000000 ) ) ;
#2457 = LINE ( 'NONE', #6079, #338 ) ;
#2458 = VERTEX_POINT ( 'NONE', #673 ) ;
#2459 = ORIENTED_EDGE ( 'NONE', *, *, #7697, .F. ) ;
#2460 = CARTESIAN_POINT ( 'NONE',  ( 3.027351977047352261, 0.2350149576857189504, 2.490237362332850868 ) ) ;
#2461 = EDGE_CURVE ( 'NONE', #4027, #9428, #6574, .T. ) ;
#2462 = DIRECTION ( 'NONE',  ( 0.000000000000000000, -0.04729137999843686241, 0.9988811367614485182 ) ) ;
#2463 = FACE_OUTER_BOUND ( 'NONE', #7169, .T. ) ;
#2464 = ORIENTED_EDGE ( 'NONE', *, *, #2945, .T. ) ;
#2465 = B_SPLINE_CURVE_WITH_KNOTS ( 'NONE', 3,
 ( #8035, #2321, #1481, #3630, #8126, #3674, #2178, #8175 ),
 .UNSPECIFIED., .F., .F.,
 ( 4, 2, 2, 4 ),
 ( 0.000000000000000000, 0.2500000000000000000, 0.5000000000000000000, 1.000000000000000000 ),
 .UNSPECIFIED. ) ;
#2466 = DIRECTION ( 'NONE',  ( 0.000000000000000000, 0.000000000000000000, 1.000000000000000000 ) ) ;
#2467 = EDGE_LOOP ( 'NONE', ( #7698, #6033, #7285, #6286 ) ) ;
#2468 = CARTESIAN_POINT ( 'NONE',  ( 2.086353122880875599, 0.000000000000000000, 0.000000000000000000 ) ) ;
#2469 = CARTESIAN_POINT ( 'NONE',  ( 2.231999575598991647, 0.2087963338019463155, 2.491396124217088115 ) ) ;
#2470 = PRESENTATION_STYLE_ASSIGNMENT (( #7493 ) ) ;
#2471 = CARTESIAN_POINT ( 'NONE',  ( 2.645567678557562363, -0.1874241885608317892, 2.502992643525408845 ) ) ;
#2472 = EDGE_CURVE ( 'NONE', #8472, #4907, #3447, .T. ) ;
#2473 = DIRECTION ( 'NONE',  ( 1.000000000000000000, 0.000000000000000000, 0.000000000000000000 ) ) ;
#2474 = ORIENTED_EDGE ( 'NONE', *, *, #4383, .F. ) ;
#2475 = CARTESIAN_POINT ( 'NONE',  ( 2.723412789472450690, 0.1844410848219416033, 2.493187181386004703 ) ) ;
#2476 = CARTESIAN_POINT ( 'NONE',  ( 2.279733186064873074, -0.1962613919343084434, 2.502320845927142656 ) ) ;
#2477 = CARTESIAN_POINT ( 'NONE',  ( 3.273878731310496448, 4.852509534599910856E-11, 2.499999989035925463 ) ) ;
#2478 = CARTESIAN_POINT ( 'NONE',  ( 3.143445031722684302, -0.2292359742274489298, 2.489467988972742685 ) ) ;
#2479 = ORIENTED_EDGE ( 'NONE', *, *, #3385, .T. ) ;
#2480 = EDGE_CURVE ( 'NONE', #9405, #7594, #8566, .T. ) ;
#2481 = B_SPLINE_SURFACE_WITH_KNOTS ( 'NONE', 1, 3, ( 
 ( #6774, #774, #3099, #2223 ),
 ( #1647, #3054, #7556, #5189 ) ),
 .UNSPECIFIED., .F., .F., .F.,
 ( 2, 2 ),
 ( 4, 4 ),
 ( 0.000000000000000000, 1.000000000000000000 ),
 ( 0.000000000000000000, 1.000000000000000000 ),
 .UNSPECIFIED. ) ;
#2482 = CARTESIAN_POINT ( 'NONE',  ( 2.558234890725588517, -0.05662104804356698357, 2.499358729138025925 ) ) ;
#2483 = ORIENTED_EDGE ( 'NONE', *, *, #8210, .T. ) ;
#2484 = B_SPLINE_CURVE_WITH_KNOTS ( 'NONE', 3,
 ( #5666, #7243, #7940, #5761, #5902, #1421 ),
 .UNSPECIFIED., .F., .F.,
 ( 4, 2, 4 ),
 ( 0.000000000000000000, 0.5000000000000000000, 1.000000000000000000 ),
 .UNSPECIFIED. ) ;
#2485 = CARTESIAN_POINT ( 'NONE',  ( 3.177982023650693488, -0.2292359742274489298, 2.489467988972742685 ) ) ;
#2487 = ORIENTED_EDGE ( 'NONE', *, *, #4233, .F. ) ;
#2486 = AXIS2_PLACEMENT_3D ( 'NONE', #9222, #7699, #6183 ) ;
#2488 = CARTESIAN_POINT ( 'NONE',  ( 4.500000000000000000, -0.1209359191368966358, 2.507084861639612416 ) ) ;
#2489 = EDGE_CURVE ( 'NONE', #4934, #6300, #4972, .T. ) ;
#2490 =( NAMED_UNIT ( * ) PLANE_ANGLE_UNIT ( ) SI_UNIT ( $, .RADIAN. ) );
#2491 = PRESENTATION_STYLE_ASSIGNMENT (( #218 ) ) ;
#2492 = FACE_OUTER_BOUND ( 'NONE', #3661, .T. ) ;
#2493 = CARTESIAN_POINT ( 'NONE',  ( 2.509622411817220566, -0.1753169566499399035, 2.503876417191660764 ) ) ;
#2494 = CARTESIAN_POINT ( 'NONE',  ( 2.311266474198301779, 0.4001095519784353405, 2.477904891462156645 ) ) ;
#2495 = VECTOR ( 'NONE', #3596, 1000.000000000000114 ) ;
#2496 = ORIENTED_EDGE ( 'NONE', *, *, #7875, .T. ) ;
#2497 = CARTESIAN_POINT ( 'NONE',  ( 4.500000000000000000, 0.000000000000000000, 0.000000000000000000 ) ) ;
#2498 = CARTESIAN_POINT ( 'NONE',  ( 2.538723026420985018, -0.1618350423452107334, 2.494769288095969983 ) ) ;
#2499 = ORIENTED_EDGE ( 'NONE', *, *, #6225, .F. ) ;
#2500 = CARTESIAN_POINT ( 'NONE',  ( 0.8999074177430747001, -0.1856464185587569371, 2.503459178910119487 ) ) ;
#2501 = ORIENTED_EDGE ( 'NONE', *, *, #8809, .F. ) ;
#2502 = EDGE_CURVE ( 'NONE', #2167, #9257, #4489, .T. ) ;
#2503 =( NAMED_UNIT ( * ) PLANE_ANGLE_UNIT ( ) SI_UNIT ( $, .RADIAN. ) );
#2504 =( GEOMETRIC_REPRESENTATION_CONTEXT ( 3 ) GLOBAL_UNCERTAINTY_ASSIGNED_CONTEXT ( ( #1745 ) ) GLOBAL_UNIT_ASSIGNED_CONTEXT ( ( #735, #6788, #2340 ) ) REPRESENTATION_CONTEXT ( 'NONE', 'WORKASPACE' ) );
#2505 = CARTESIAN_POINT ( 'NONE',  ( 4.500000000000000000, 0.01262211689126004413, 2.509968263178876224 ) ) ;
#2506 = CARTESIAN_POINT ( 'NONE',  ( 2.639811513236195228, -0.1958936111181990847, 2.492317838938653551 ) ) ;
#2507 = CARTESIAN_POINT ( 'NONE',  ( 1.517451804828601203, -0.2063356887813039831, 2.501670645435425833 ) ) ;
#2508 = B_SPLINE_SURFACE_WITH_KNOTS ( 'NONE', 1, 3, ( 
 ( #2700, #5660, #3471, #5614, #8415, #1977 ),
 ( #424, #7793, #7057, #5523, #6321, #1924 ) ),
 .UNSPECIFIED., .F., .F., .F.,
 ( 2, 2 ),
 ( 4, 2, 4 ),
 ( 0.000000000000000000, 1.000000000000000000 ),
 ( 0.000000000000000000, 0.5000000000000000000, 1.000000000000000000 ),
 .UNSPECIFIED. ) ;
#2509 = B_SPLINE_CURVE_WITH_KNOTS ( 'NONE', 3,
 ( #5444, #6111, #2439, #837 ),
 .UNSPECIFIED., .F., .F.,
 ( 4, 4 ),
 ( 0.000000000000000000, 1.000000000000000000 ),
 .UNSPECIFIED. ) ;
#2510 = EDGE_LOOP ( 'NONE', ( #1455, #1160, #317, #9157 ) ) ;
#2511 = EDGE_CURVE ( 'NONE', #653, #8083, #4368, .T. ) ;
#2512 = EDGE_LOOP ( 'NONE', ( #2826, #1005, #101, #8276, #4161, #7192 ) ) ;
#2513 = EDGE_CURVE ( 'NONE', #7762, #2207, #7494, .T. ) ;
#2514 = DIRECTION ( 'NONE',  ( 0.000000000000000000, 0.000000000000000000, -1.000000000000000000 ) ) ;
#2515 = CARTESIAN_POINT ( 'NONE',  ( 1.094431539448543322, -0.1364207130511499444, 2.496551037694608066 ) ) ;
#2516 = DIRECTION ( 'NONE',  ( -1.000000000000000000, -0.000000000000000000, -0.000000000000000000 ) ) ;
#2517 = ORIENTED_EDGE ( 'NONE', *, *, #7400, .F. ) ;
#2518 = VECTOR ( 'NONE', #2360, 1000.000000000000000 ) ;
#2519 = FILL_AREA_STYLE_COLOUR ( '', #3857 ) ;
#2520 = CARTESIAN_POINT ( 'NONE',  ( 2.564486210053318338, -0.3089838775056307774, 2.490909264393543765 ) ) ;
#2521 = CARTESIAN_POINT ( 'NONE',  ( 2.697496954949315739, 0.3684786119385803915, 2.479435679811354820 ) ) ;
#2522 = CARTESIAN_POINT ( 'NONE',  ( 1.523090541236123086, 0.06423099795494986719, 2.509178028538770810 ) ) ;
#2523 = B_SPLINE_CURVE_WITH_KNOTS ( 'NONE', 3,
 ( #2418, #1581, #6815, #8936 ),
 .UNSPECIFIED., .F., .F.,
 ( 4, 4 ),
 ( 0.000000000000000000, 1.000000000000000000 ),
 .UNSPECIFIED. ) ;
#2524 = CARTESIAN_POINT ( 'NONE',  ( 2.692792991893113275, -0.05662104804356698357, 2.499358729138025925 ) ) ;
#2525 = DIRECTION ( 'NONE',  ( 1.000000000000000000, 0.000000000000000000, 0.000000000000000000 ) ) ;
#2526 = VERTEX_POINT ( 'NONE', #1731 ) ;
#2527 = CARTESIAN_POINT ( 'NONE',  ( 2.723412789472450690, 0.1851788491612293697, 2.503159930111548803 ) ) ;
#2528 = CARTESIAN_POINT ( 'NONE',  ( 2.577541122029611387, -0.3099725682897765400, 2.480709002729848400 ) ) ;
#2529 = CARTESIAN_POINT ( 'NONE',  ( 0.9818325902696590779, 0.2012368928471759966, 2.492107267118092828 ) ) ;
#2530 = EDGE_CURVE ( 'NONE', #5768, #6461, #2429, .T. ) ;
#2531 = ORIENTED_EDGE ( 'NONE', *, *, #1711, .F. ) ;
#2532 = DIRECTION ( 'NONE',  ( 1.334402673828313339E-16, 0.000000000000000000, -1.000000000000000000 ) ) ;
#2533 = ORIENTED_EDGE ( 'NONE', *, *, #1591, .F. ) ;
#2534 = CARTESIAN_POINT ( 'NONE',  ( 2.365978116576936241, -0.05358900929213042397, 2.499425750068878571 ) ) ;
#2535 = ORIENTED_EDGE ( 'NONE', *, *, #7394, .T. ) ;
#2536 = CARTESIAN_POINT ( 'NONE',  ( 2.932880790617061084, 0.000000000000000000, 0.000000000000000000 ) ) ;
#2537 = CARTESIAN_POINT ( 'NONE',  ( 2.951366540178003817, 0.3546622000388641172, 2.484823320988646334 ) ) ;
#2538 = EDGE_CURVE ( 'NONE', #7604, #180, #3572, .T. ) ;
#2539 = FILL_AREA_STYLE_COLOUR ( '', #4206 ) ;
#2540 = PRESENTATION_STYLE_ASSIGNMENT (( #1148 ) ) ;
#2541 = VERTEX_POINT ( 'NONE', #8417 ) ;
#2542 = CARTESIAN_POINT ( 'NONE',  ( 4.500000000000000000, 0.1550766931828142237, 2.505204825803966973 ) ) ;
#2543 = EDGE_CURVE ( 'NONE', #9126, #6271, #5315, .T. ) ;
#2544 = CARTESIAN_POINT ( 'NONE',  ( 1.624660284127364074, 0.3722446862622759145, 2.482243721625557953 ) ) ;
#2545 = ORIENTED_EDGE ( 'NONE', *, *, #4560, .F. ) ;
#2546 = CARTESIAN_POINT ( 'NONE',  ( -3.219397575303089010, 3.061616997868383141E-16, -2.500000000000000000 ) ) ;
#2547 = VECTOR ( 'NONE', #5038, 1000.000000000000000 ) ;
#2548 = EDGE_LOOP ( 'NONE', ( #2614, #9557, #8944, #1513 ) ) ;
#2549 = CARTESIAN_POINT ( 'NONE',  ( 2.932880790617061084, 0.000000000000000000, 0.000000000000000000 ) ) ;
#2550 = FACE_OUTER_BOUND ( 'NONE', #741, .T. ) ;
#2551 = CARTESIAN_POINT ( 'NONE',  ( 1.807848212850675651, 0.1919953340662775010, 2.502982106463142564 ) ) ;
#2552 = CARTESIAN_POINT ( 'NONE',  ( 2.425657405583639736, -0.2240880030852763494, 2.499976913268051160 ) ) ;
#2553 = B_SPLINE_CURVE_WITH_KNOTS ( 'NONE', 1,
 ( #9393, #2048 ),
 .UNSPECIFIED., .F., .F.,
 ( 2, 2 ),
 ( 0.000000000000000000, 1.000000000000000000 ),
 .UNSPECIFIED. ) ;
#2554 = ORIENTED_EDGE ( 'NONE', *, *, #72, .F. ) ;
#2555 = COLOUR_RGB ( '',0.6666666666666666297, 0.6666666666666666297, 0.6666666666666666297 ) ;
#2556 = ORIENTED_EDGE ( 'NONE', *, *, #2827, .T. ) ;
#2557 = CARTESIAN_POINT ( 'NONE',  ( 2.322046429800451062, -0.05266076266337145484, 2.499445307278339357 ) ) ;
#2558 = B_SPLINE_CURVE_WITH_KNOTS ( 'NONE', 3,
 ( #2243, #6794, #64, #4372 ),
 .UNSPECIFIED., .F., .F.,
 ( 4, 4 ),
 ( 0.000000000000000000, 1.000000000000000000 ),
 .UNSPECIFIED. ) ;
#2559 = CARTESIAN_POINT ( 'NONE',  ( 2.117609719517861588, -0.09312184483735615192, 2.508271979274593555 ) ) ;
#2560 = CARTESIAN_POINT ( 'NONE',  ( 2.746916222460121126, 0.1921488638134765115, 2.502637477462022364 ) ) ;
#2561 = VERTEX_POINT ( 'NONE', #6399 ) ;
#2562 = EDGE_CURVE ( 'NONE', #5533, #3860, #3106, .T. ) ;
#2563 =( NAMED_UNIT ( * ) SI_UNIT ( $, .STERADIAN. ) SOLID_ANGLE_UNIT ( ) );
#2564 = EDGE_CURVE ( 'NONE', #4082, #7658, #522, .T. ) ;
#2565 = DIRECTION ( 'NONE',  ( 0.000000000000000000, 0.000000000000000000, 1.000000000000000000 ) ) ;
#2566 =( LENGTH_UNIT ( ) NAMED_UNIT ( * ) SI_UNIT ( .MILLI., .METRE. ) );
#2567 = CARTESIAN_POINT ( 'NONE',  ( 2.509780492503074889, -0.1947363635853637809, 2.502436452323178795 ) ) ;
#2568 = B_SPLINE_SURFACE_WITH_KNOTS ( 'NONE', 1, 3, ( 
 ( #1024, #3997, #6959, #1833 ),
 ( #3701, #2846, #7284, #563 ) ),
 .UNSPECIFIED., .F., .F., .F.,
 ( 2, 2 ),
 ( 4, 4 ),
 ( 0.000000000000000000, 1.000000000000000000 ),
 ( 0.000000000000000000, 1.000000000000000000 ),
 .UNSPECIFIED. ) ;
#2569 = MECHANICAL_DESIGN_GEOMETRIC_PRESENTATION_REPRESENTATION (  '', ( #3186 ), #7973 ) ;
#2570 = EDGE_CURVE ( 'NONE', #3911, #8193, #4146, .T. ) ;
#2571 = B_SPLINE_CURVE_WITH_KNOTS ( 'NONE', 3,
 ( #7207, #9329, #6380, #4301 ),
 .UNSPECIFIED., .F., .F.,
 ( 4, 4 ),
 ( 0.000000000000000000, 1.000000000000000000 ),
 .UNSPECIFIED. ) ;
#2572 = AXIS2_PLACEMENT_3D ( 'NONE', #8420, #7061, #1834 ) ;
#2573 = DIRECTION ( 'NONE',  ( 0.000000000000000000, 0.000000000000000000, 1.000000000000000000 ) ) ;
#2574 = EDGE_LOOP ( 'NONE', ( #7299, #4051, #2517, #8723 ) ) ;
#2575 = CARTESIAN_POINT ( 'NONE',  ( 0.9458135220470289539, -0.2131948035616909043, 2.500970962941825526 ) ) ;
#2576 = VERTEX_POINT ( 'NONE', #8367 ) ;
#2577 = VECTOR ( 'NONE', #7553, 1000.000000000000000 ) ;
#2578 = CIRCLE ( 'NONE', #8899, 2.500000000000000000 ) ;
#2579 = CARTESIAN_POINT ( 'NONE',  ( 2.284414725334340979, -0.1587682744402006407, 2.494953433439446311 ) ) ;
#2580 = ORIENTED_EDGE ( 'NONE', *, *, #6864, .F. ) ;
#2581 = CIRCLE ( 'NONE', #8133, 0.4499999999999999001 ) ;
#2582 = CARTESIAN_POINT ( 'NONE',  ( 3.247365478760182000, -0.03547442350415755397, 2.509749303272549525 ) ) ;
#2583 = ADVANCED_FACE ( 'NONE', ( #3236, #4642 ), #7598, .T. ) ;
#2584 = ORIENTED_EDGE ( 'NONE', *, *, #5456, .F. ) ;
#2585 = EDGE_LOOP ( 'NONE', ( #1995, #3568, #662, #6317 ) ) ;
#2586 = CARTESIAN_POINT ( 'NONE',  ( 2.584044793295543929, -0.3114504929935155153, 2.490602053804279681 ) ) ;
#2587 = B_SPLINE_SURFACE_WITH_KNOTS ( 'NONE', 1, 3, ( 
 ( #3370, #9214, #5460, #5605 ),
 ( #8403, #1769, #5558, #3275 ) ),
 .UNSPECIFIED., .F., .F., .F.,
 ( 2, 2 ),
 ( 4, 4 ),
 ( 0.000000000000000000, 1.000000000000000000 ),
 ( 0.000000000000000000, 1.000000000000000000 ),
 .UNSPECIFIED. ) ;
#2588 = CARTESIAN_POINT ( 'NONE',  ( 4.500000000000000000, 0.000000000000000000, 2.510000000000000231 ) ) ;
#2589 = CARTESIAN_POINT ( 'NONE',  ( 2.342719109556029355, 0.1788862007265528964, 2.503617328424937227 ) ) ;
#2590 = CARTESIAN_POINT ( 'NONE',  ( 2.790269663202919581, 0.3647940702602755492, 2.483349610164251597 ) ) ;
#2591 =( NAMED_UNIT ( * ) SI_UNIT ( $, .STERADIAN. ) SOLID_ANGLE_UNIT ( ) );
#2592 = EDGE_LOOP ( 'NONE', ( #571, #6219, #1798, #2384 ) ) ;
#2593 = CARTESIAN_POINT ( 'NONE',  ( 2.932880790617061084, 0.000000000000000000, 0.000000000000000000 ) ) ;
#2594 = CARTESIAN_POINT ( 'NONE',  ( 2.405232302830831337, 0.1943447023056229517, 2.492434580221864149 ) ) ;
#2595 = ADVANCED_FACE ( 'NONE', ( #4173 ), #7112, .T. ) ;
#2596 = ORIENTED_EDGE ( 'NONE', *, *, #1837, .T. ) ;
#2597 = CARTESIAN_POINT ( 'NONE',  ( 2.581692811765796236, -0.2855362590358014319, 2.493705885780406195 ) ) ;
#2598 = ORIENTED_EDGE ( 'NONE', *, *, #7330, .T. ) ;
#2599 = FILL_AREA_STYLE_COLOUR ( '', #3562 ) ;
#2600 = CARTESIAN_POINT ( 'NONE',  ( 2.522955167788405895, -0.2196194620501336348, 2.490334775063145933 ) ) ;
#2601 = CARTESIAN_POINT ( 'NONE',  ( 3.015323932637184345, 0.1771982691841876845, 2.503835460385638978 ) ) ;
#2602 = VERTEX_POINT ( 'NONE', #139 ) ;
#2603 = CARTESIAN_POINT ( 'NONE',  ( 3.058092859917100448, 0.1544588577518069827, 2.495223930083632080 ) ) ;
#2604 = CARTESIAN_POINT ( 'NONE',  ( 2.645567678557562363, -0.1866774786462467861, 2.493020561280287595 ) ) ;
#2605 = CARTESIAN_POINT ( 'NONE',  ( 3.031774442003643433, -0.1982245320059018989, 2.492129789237120363 ) ) ;
#2606 = ORIENTED_EDGE ( 'NONE', *, *, #6155, .F. ) ;
#2607 = EDGE_LOOP ( 'NONE', ( #4942, #2976, #6307, #5441 ) ) ;
#2608 = DIRECTION ( 'NONE',  ( -1.000000000000000000, -0.000000000000000000, -0.000000000000000000 ) ) ;
#2609 = EDGE_CURVE ( 'NONE', #4724, #2333, #4025, .T. ) ;
#2610 = FACE_OUTER_BOUND ( 'NONE', #8008, .T. ) ;
#2611 = B_SPLINE_CURVE_WITH_KNOTS ( 'NONE', 3,
 ( #6984, #5448, #3922, #4667 ),
 .UNSPECIFIED., .F., .F.,
 ( 4, 4 ),
 ( 0.000000000000000000, 1.000000000000000000 ),
 .UNSPECIFIED. ) ;
#2612 = CARTESIAN_POINT ( 'NONE',  ( 2.637335743205095007, -0.1864305919078969864, 2.493039035875866727 ) ) ;
#2613 = EDGE_CURVE ( 'NONE', #3619, #1438, #3339, .T. ) ;
#2614 = ORIENTED_EDGE ( 'NONE', *, *, #1957, .F. ) ;
#2615 = FACE_OUTER_BOUND ( 'NONE', #776, .T. ) ;
#2616 = DIRECTION ( 'NONE',  ( 1.000000000000000000, 0.000000000000000000, 0.000000000000000000 ) ) ;
#2617 = ADVANCED_FACE ( 'NONE', ( #2152 ), #7269, .T. ) ;
#2618 = CARTESIAN_POINT ( 'NONE',  ( 1.390533354600380633, 0.4590342622972505837, 2.457496194511238574 ) ) ;
#2619 = ORIENTED_EDGE ( 'NONE', *, *, #7010, .F. ) ;
#2620 = EDGE_CURVE ( 'NONE', #2665, #3593, #7967, .T. ) ;
#2621 = EDGE_CURVE ( 'NONE', #1029, #5420, #2057, .T. ) ;
#2622 = FACE_OUTER_BOUND ( 'NONE', #7049, .T. ) ;
#2623 = ORIENTED_EDGE ( 'NONE', *, *, #8609, .F. ) ;
#2624 = CARTESIAN_POINT ( 'NONE',  ( 2.313752600197278575, -0.1481425458377509108, 2.495606897352367515 ) ) ;
#2625 = ORIENTED_EDGE ( 'NONE', *, *, #5579, .T. ) ;
#2626 = CARTESIAN_POINT ( 'NONE',  ( 4.299999999999999822, 2.816687638038912056E-16, 2.299999999999999822 ) ) ;
#2627 = CARTESIAN_POINT ( 'NONE',  ( 2.245607297358069410, -0.1838379368383022960, 2.503258598902445620 ) ) ;
#2628 = FACE_OUTER_BOUND ( 'NONE', #1849, .T. ) ;
#2629 = DIRECTION ( 'NONE',  ( 0.000000000000000000, -1.000000000000000000, 0.000000000000000000 ) ) ;
#2630 = B_SPLINE_CURVE_WITH_KNOTS ( 'NONE', 3,
 ( #2351, #5213, #5985, #6897, #4471, #5313, #7426, #3030 ),
 .UNSPECIFIED., .F., .F.,
 ( 4, 2, 2, 4 ),
 ( 0.1240230010688059409, 0.3430170063393913615, 0.5620110116099767961, 0.9999990221511475541 ),
 .UNSPECIFIED. ) ;
#2631 = ORIENTED_EDGE ( 'NONE', *, *, #9564, .T. ) ;
#2632 =( LENGTH_UNIT ( ) NAMED_UNIT ( * ) SI_UNIT ( .MILLI., .METRE. ) );
#2633 = DIRECTION ( 'NONE',  ( 0.000000000000000000, 0.005028731829187268153, 0.9999873558481577884 ) ) ;
#2634 = ORIENTED_EDGE ( 'NONE', *, *, #9313, .F. ) ;
#2635 = CARTESIAN_POINT ( 'NONE',  ( 2.354231440198708114, -0.1432758959389720255, 2.505907423996920791 ) ) ;
#2636 = ORIENTED_EDGE ( 'NONE', *, *, #1937, .F. ) ;
#2637 = B_SPLINE_SURFACE_WITH_KNOTS ( 'NONE', 1, 3, ( 
 ( #4209, #6431, #7160, #8037 ),
 ( #2766, #535, #445, #2088 ) ),
 .UNSPECIFIED., .F., .F., .F.,
 ( 2, 2 ),
 ( 4, 4 ),
 ( 0.000000000000000000, 1.000000000000000000 ),
 ( 0.000000000000000000, 1.000000000000000000 ),
 .UNSPECIFIED. ) ;
#2638 = ORIENTED_EDGE ( 'NONE', *, *, #1603, .T. ) ;
#2639 = PLANE ( 'NONE',  #7427 ) ;
#2640 = CARTESIAN_POINT ( 'NONE',  ( 1.717622484019977191, 0.2367263346492400333, 2.498811846154795013 ) ) ;
#2641 = CARTESIAN_POINT ( 'NONE',  ( 2.641250554566564990, -0.2006235327788787881, 2.491937037345711481 ) ) ;
#2642 = AXIS2_PLACEMENT_3D ( 'NONE', #9111, #8400, #3367 ) ;
#2643 = ORIENTED_EDGE ( 'NONE', *, *, #2775, .T. ) ;
#2644 = SURFACE_STYLE_FILL_AREA ( #462 ) ;
#2645 = FACE_OUTER_BOUND ( 'NONE', #2090, .T. ) ;
#2646 = CARTESIAN_POINT ( 'NONE',  ( 2.299169452205245712, -0.2090585380437855467, 2.501278596095321660 ) ) ;
#2647 = ORIENTED_EDGE ( 'NONE', *, *, #7454, .F. ) ;
#2648 = DIRECTION ( 'NONE',  ( 0.000000000000000000, 0.000000000000000000, -1.000000000000000000 ) ) ;
#2649 = CARTESIAN_POINT ( 'NONE',  ( 2.881632350981399693, 0.000000000000000000, 0.000000000000000000 ) ) ;
#2650 = DIRECTION ( 'NONE',  ( 1.000000000000000000, 0.000000000000000000, 0.000000000000000000 ) ) ;
#2651 = CARTESIAN_POINT ( 'NONE',  ( 2.348165803623886383, 0.3711715208483898909, 2.472292802665390976 ) ) ;
#2652 = ADVANCED_FACE ( 'NONE', ( #8822 ), #9396, .T. ) ;
#2653 = VECTOR ( 'NONE', #8487, 1000.000000000000000 ) ;
#2654 = CARTESIAN_POINT ( 'NONE',  ( 2.564486210053318338, 0.000000000000000000, 0.000000000000000000 ) ) ;
#2655 = B_SPLINE_SURFACE_WITH_KNOTS ( 'NONE', 1, 3, ( 
 ( #6636, #3828, #3733, #891 ),
 ( #8911, #3877, #8142, #4616 ) ),
 .UNSPECIFIED., .F., .F., .F.,
 ( 2, 2 ),
 ( 4, 4 ),
 ( 0.000000000000000000, 1.000000000000000000 ),
 ( 0.000000000000000000, 1.000000000000000000 ),
 .UNSPECIFIED. ) ;
#2656 = EDGE_CURVE ( 'NONE', #1428, #5674, #7609, .T. ) ;
#2657 = CARTESIAN_POINT ( 'NONE',  ( 1.884952092101430887, -0.05708279517534055325, 2.499989182411466171 ) ) ;
#2658 = CARTESIAN_POINT ( 'NONE',  ( 3.177982023650693488, -0.2301529181243587296, 2.499425860928633725 ) ) ;
#2659 = CARTESIAN_POINT ( 'NONE',  ( 2.790269663202919581, 0.3647940702602755492, 2.483349610164251597 ) ) ;
#2660 = ORIENTED_EDGE ( 'NONE', *, *, #1403, .T. ) ;
#2661 = AXIS2_PLACEMENT_3D ( 'NONE', #5699, #2788, #8183 ) ;
#2662 = EDGE_CURVE ( 'NONE', #5023, #3702, #7495, .T. ) ;
#2663 = CARTESIAN_POINT ( 'NONE',  ( 1.070330338384372082, 0.2195139210043760836, 2.500382698405442472 ) ) ;
#2664 = B_SPLINE_CURVE_WITH_KNOTS ( 'NONE', 3,
 ( #1479, #8707, #768, #3761 ),
 .UNSPECIFIED., .F., .F.,
 ( 4, 4 ),
 ( 0.000000000000000000, 0.04442730863368687250 ),
 .UNSPECIFIED. ) ;
#2665 = VERTEX_POINT ( 'NONE', #8050 ) ;
#2666 = CARTESIAN_POINT ( 'NONE',  ( 3.273878731310624346, 4.837956968377163953E-11, 2.509999988992202002 ) ) ;
#2667 = ORIENTED_EDGE ( 'NONE', *, *, #5815, .F. ) ;
#2668 = CARTESIAN_POINT ( 'NONE',  ( 3.029186234190779370, -0.01569333192373592242, 2.499950777480079545 ) ) ;
#2669 = CARTESIAN_POINT ( 'NONE',  ( 2.354231440198708114, -0.2292359742274489298, 2.489467988972742685 ) ) ;
#2670 = EDGE_CURVE ( 'NONE', #6341, #430, #8177, .T. ) ;
#2671 = EDGE_CURVE ( 'NONE', #2526, #5711, #4244, .T. ) ;
#2672 = DIRECTION ( 'NONE',  ( 0.000000000000000000, 0.000000000000000000, -1.000000000000000000 ) ) ;
#2673 = LINE ( 'NONE', #3634, #8520 ) ;
#2674 = CIRCLE ( 'NONE', #3905, 2.299999999999999822 ) ;
#2675 = EDGE_LOOP ( 'NONE', ( #5635, #4404, #8744, #7036 ) ) ;
#2676 = DIRECTION ( 'NONE',  ( 0.000000000000000000, -0.04818164109039706905, 0.9988385902946663730 ) ) ;
#2677 = CARTESIAN_POINT ( 'NONE',  ( 2.340363714156626695, -0.2245942878715635749, 2.500021845537241827 ) ) ;
#2678 = B_SPLINE_CURVE_WITH_KNOTS ( 'NONE', 3,
 ( #7573, #169, #7775, #8345 ),
 .UNSPECIFIED., .F., .F.,
 ( 4, 4 ),
 ( 0.000000000000000000, 1.000000000000000000 ),
 .UNSPECIFIED. ) ;
#2679 = ORIENTED_EDGE ( 'NONE', *, *, #782, .F. ) ;
#2680 = B_SPLINE_CURVE_WITH_KNOTS ( 'NONE', 3,
 ( #8547, #4088, #7839, #5563, #7097, #2560, #3281, #4788 ),
 .UNSPECIFIED., .F., .F.,
 ( 4, 2, 2, 4 ),
 ( 0.000000000000000000, 0.2499790533888128774, 0.4999581067776257548, 0.9999162135552515096 ),
 .UNSPECIFIED. ) ;
#2681 = ORIENTED_EDGE ( 'NONE', *, *, #2538, .F. ) ;
#2682 = ORIENTED_EDGE ( 'NONE', *, *, #2013, .T. ) ;
#2683 = ORIENTED_EDGE ( 'NONE', *, *, #2440, .F. ) ;
#2684 = FACE_OUTER_BOUND ( 'NONE', #9193, .T. ) ;
#2685 = DIRECTION ( 'NONE',  ( 0.000000000000000000, 0.000000000000000000, 1.000000000000000000 ) ) ;
#2686 = CARTESIAN_POINT ( 'NONE',  ( 2.644329793541992935, -0.1920924703052909743, 2.502643082402969288 ) ) ;
#2687 = DIRECTION ( 'NONE',  ( 0.000000000000000000, 0.000000000000000000, -1.000000000000000000 ) ) ;
#2688 = CARTESIAN_POINT ( 'NONE',  ( 2.767375564066024474, 0.3463338438788539642, 2.485991325122454576 ) ) ;
#2689 = ORIENTED_EDGE ( 'NONE', *, *, #3385, .F. ) ;
#2690 = ORIENTED_EDGE ( 'NONE', *, *, #7340, .F. ) ;
#2691 = COLOUR_RGB ( '',0.6666666666666666297, 0.6666666666666666297, 0.6666666666666666297 ) ;
#2692 = DIRECTION ( 'NONE',  ( -1.000000000000000000, -0.000000000000000000, -0.000000000000000000 ) ) ;
#2693 = DIRECTION ( 'NONE',  ( 1.000000000000000000, 0.000000000000000000, 0.000000000000000000 ) ) ;
#2694 = EDGE_CURVE ( 'NONE', #8765, #7511, #3669, .T. ) ;
#2695 = CARTESIAN_POINT ( 'NONE',  ( 2.291453304988817941, -0.2056353867353424847, 2.491533290947068213 ) ) ;
#2696 = VERTEX_POINT ( 'NONE', #9446 ) ;
#2697 = ORIENTED_EDGE ( 'NONE', *, *, #7377, .F. ) ;
#2698 = SURFACE_STYLE_USAGE ( .BOTH. , #3993 ) ;
#2699 = LINE ( 'NONE', #4044, #9467 ) ;
#2700 = CARTESIAN_POINT ( 'NONE',  ( 1.392254850066266370, 0.3585647551118278376, 2.484256692934849298 ) ) ;
#2701 = CIRCLE ( 'NONE', #961, 2.500000000000000000 ) ;
#2702 = CARTESIAN_POINT ( 'NONE',  ( 2.320511582735530265, 0.3720932304070651564, 2.482266494954080027 ) ) ;
#2703 = FILL_AREA_STYLE ('',( #1264 ) ) ;
#2704 = VECTOR ( 'NONE', #1890, 1000.000000000000000 ) ;
#2705 = EDGE_CURVE ( 'NONE', #1438, #8542, #5070, .T. ) ;
#2706 = CARTESIAN_POINT ( 'NONE',  ( 2.304049703263276960, 0.1514349859042592450, 2.505427638171008109 ) ) ;
#2707 = CARTESIAN_POINT ( 'NONE',  ( 3.070595498570912518, -0.03805614466516114847, 2.499710329188808977 ) ) ;
#2708 = VECTOR ( 'NONE', #3268, 1000.000000000000000 ) ;
#2709 = AXIS2_PLACEMENT_3D ( 'NONE', #1448, #7919, #690 ) ;
#2710 = CARTESIAN_POINT ( 'NONE',  ( 4.500000000000000000, 0.1550766931827964323, 2.505204825803967861 ) ) ;
#2711 = ORIENTED_EDGE ( 'NONE', *, *, #6460, .T. ) ;
#2712 = CARTESIAN_POINT ( 'NONE',  ( 2.302983000563780802, -0.1267595933021929688, 2.496784332998319478 ) ) ;
#2713 = AXIS2_PLACEMENT_3D ( 'NONE', #9487, #8535, #9534 ) ;
#2714 = AXIS2_PLACEMENT_3D ( 'NONE', #4192, #618, #5033 ) ;
#2715 = VERTEX_POINT ( 'NONE', #2832 ) ;
#2716 = CARTESIAN_POINT ( 'NONE',  ( 2.493184033169769886, -0.05287140571402493966, 2.509443088507452568 ) ) ;
#2717 = B_SPLINE_CURVE_WITH_KNOTS ( 'NONE', 3,
 ( #6295, #486, #6977, #6382 ),
 .UNSPECIFIED., .F., .F.,
 ( 4, 4 ),
 ( 0.000000000000000000, 0.9999115457432642406 ),
 .UNSPECIFIED. ) ;
#2718 = CARTESIAN_POINT ( 'NONE',  ( 1.278708878655337555, -0.04112507275320511496, 2.509711707991651775 ) ) ;
#2719 = CARTESIAN_POINT ( 'NONE',  ( 2.425657405583639736, 0.000000000000000000, 0.000000000000000000 ) ) ;
#2720 = ADVANCED_FACE ( 'NONE', ( #5402 ), #3167, .T. ) ;
#2721 = DIRECTION ( 'NONE',  ( 0.000000000000000000, 0.000000000000000000, -1.000000000000000000 ) ) ;
#2722 = CIRCLE ( 'NONE', #820, 2.510000000000000231 ) ;
#2723 = CARTESIAN_POINT ( 'NONE',  ( 4.500000000000000000, 0.000000000000000000, 0.000000000000000000 ) ) ;
#2724 = CARTESIAN_POINT ( 'NONE',  ( 2.302983000563781246, -0.1267595933021929688, 2.496784332998319478 ) ) ;
#2725 = EDGE_CURVE ( 'NONE', #3330, #2108, #166, .T. ) ;
#2726 = EDGE_CURVE ( 'NONE', #5295, #9072, #4568, .T. ) ;
#2727 = ORIENTED_EDGE ( 'NONE', *, *, #6125, .F. ) ;
#2728 = FACE_OUTER_BOUND ( 'NONE', #6893, .T. ) ;
#2729 = ORIENTED_EDGE ( 'NONE', *, *, #8518, .F. ) ;
#2730 = VECTOR ( 'NONE', #6552, 1000.000000000000227 ) ;
#2731 = ORIENTED_EDGE ( 'NONE', *, *, #918, .F. ) ;
#2732 = CARTESIAN_POINT ( 'NONE',  ( 3.025902107057418799, 0.01228186218208773481, 2.499969847807080203 ) ) ;
#2733 = CARTESIAN_POINT ( 'NONE',  ( 2.405232302830831337, 0.3569651543193791965, 2.474383939206230121 ) ) ;
#2734 = DIRECTION ( 'NONE',  ( 1.000000000000000000, 0.000000000000000000, 0.000000000000000000 ) ) ;
#2735 = EDGE_CURVE ( 'NONE', #3269, #6400, #4401, .T. ) ;
#2736 = CARTESIAN_POINT ( 'NONE',  ( 1.566128584581046645, -0.2300721710563045641, 2.489390848401560330 ) ) ;
#2737 = CARTESIAN_POINT ( 'NONE',  ( 2.308305906130250662, -0.2093535025683832262, 2.501253907735548232 ) ) ;
#2738 = EDGE_LOOP ( 'NONE', ( #9154, #8148, #8889, #4288, #6489, #9297, #5345 ) ) ;
#2739 = B_SPLINE_CURVE_WITH_KNOTS ( 'NONE', 3,
 ( #2947, #6523, #9475, #2214, #3529, #2860 ),
 .UNSPECIFIED., .F., .F.,
 ( 4, 2, 4 ),
 ( 0.000000000000000000, 0.5000000000000000000, 1.000000000000000000 ),
 .UNSPECIFIED. ) ;
#2740 = CYLINDRICAL_SURFACE ( 'NONE', #8450, 0.4499999999999999001 ) ;
#2741 = EDGE_CURVE ( 'NONE', #309, #1696, #6067, .T. ) ;
#2742 = DIRECTION ( 'NONE',  ( 0.000000000000000000, 0.9973465309954276936, -0.07280039224747592019 ) ) ;
#2743 = CARTESIAN_POINT ( 'NONE',  ( 2.472913744524716240, -0.07966855524499201480, 2.498733549871929860 ) ) ;
#2744 = ORIENTED_EDGE ( 'NONE', *, *, #1584, .T. ) ;
#2745 = CARTESIAN_POINT ( 'NONE',  ( 1.033096919290210414, -0.2904554435547148650, 2.483157745612055489 ) ) ;
#2746 = CARTESIAN_POINT ( 'NONE',  ( 2.457099684972713582, -0.1005436841115365521, 2.497977375314932580 ) ) ;
#2747 = CARTESIAN_POINT ( 'NONE',  ( 3.023555867989116575, 0.1544588577517139183, 2.495223930083638297 ) ) ;
#2748 = CARTESIAN_POINT ( 'NONE',  ( 2.354231440198708114, -0.1592624257973694057, 2.494921938604319767 ) ) ;
#2749 = EDGE_CURVE ( 'NONE', #7821, #7032, #6212, .T. ) ;
#2750 = EDGE_LOOP ( 'NONE', ( #3554, #1955, #5939, #5941 ) ) ;
#2751 = ORIENTED_EDGE ( 'NONE', *, *, #1287, .T. ) ;
#2752 = CARTESIAN_POINT ( 'NONE',  ( 2.255014956219874911, 0.1840924499690385352, 2.503239894589488923 ) ) ;
#2753 = CARTESIAN_POINT ( 'NONE',  ( 2.278680226104734974, 0.1600116761353820305, 2.505010834986280077 ) ) ;
#2754 = VERTEX_POINT ( 'NONE', #6886 ) ;
#2755 = SURFACE_STYLE_USAGE ( .BOTH. , #8701 ) ;
#2756 = CARTESIAN_POINT ( 'NONE',  ( 3.093511900519622770, -0.07522806488632455268, 2.508879312096611081 ) ) ;
#2757 = CARTESIAN_POINT ( 'NONE',  ( 2.874762089145887156, -0.09312184483735615192, 2.508271979274593555 ) ) ;
#2758 = CARTESIAN_POINT ( 'NONE',  ( 2.536657228493682581, -0.2100716664278350354, 2.501215593983424412 ) ) ;
#2759 = EDGE_CURVE ( 'NONE', #4865, #1760, #4731, .T. ) ;
#2760 = ORIENTED_EDGE ( 'NONE', *, *, #8892, .T. ) ;
#2761 = DIRECTION ( 'NONE',  ( -1.000000000000000000, -0.000000000000000000, -0.000000000000000000 ) ) ;
#2762 = ORIENTED_EDGE ( 'NONE', *, *, #5260, .F. ) ;
#2763 = CARTESIAN_POINT ( 'NONE',  ( 2.425843088335733366, -0.1032647676281813615, 2.497866367075448402 ) ) ;
#2764 = ORIENTED_EDGE ( 'NONE', *, *, #1723, .F. ) ;
#2765 = FACE_OUTER_BOUND ( 'NONE', #2607, .T. ) ;
#2766 = CARTESIAN_POINT ( 'NONE',  ( 2.626070989566030800, -0.2288661706857017808, 2.489502013639608435 ) ) ;
#2767 = DIRECTION ( 'NONE',  ( 0.000000000000000000, 0.000000000000000000, -1.000000000000000000 ) ) ;
#2768 = DIRECTION ( 'NONE',  ( 1.000000000000000000, 0.000000000000000000, 0.000000000000000000 ) ) ;
#2769 = ADVANCED_FACE ( 'NONE', ( #7626, #3019 ), #3782, .T. ) ;
#2770 = B_SPLINE_CURVE_WITH_KNOTS ( 'NONE', 3,
 ( #1057, #6305, #3927, #4028, #5408, #3314, #5552, #8347 ),
 .UNSPECIFIED., .F., .F.,
 ( 4, 2, 2, 4 ),
 ( 0.000000000000000000, 0.2500000000000000000, 0.5000000000000000000, 1.000000000000000000 ),
 .UNSPECIFIED. ) ;
#2771 = CARTESIAN_POINT ( 'NONE',  ( 2.534158027177594086, -0.06033368667145151687, 2.499271863213890388 ) ) ;
#2772 = LINE ( 'NONE', #9248, #3498 ) ;
#2773 = ORIENTED_EDGE ( 'NONE', *, *, #2232, .T. ) ;
#2774 = CARTESIAN_POINT ( 'NONE',  ( 1.222130717622356810, -0.2084787412663947903, 2.501361888255006161 ) ) ;
#2775 = EDGE_CURVE ( 'NONE', #9072, #3945, #6717, .T. ) ;
#2776 = ORIENTED_EDGE ( 'NONE', *, *, #4600, .T. ) ;
#2777 = B_SPLINE_CURVE_WITH_KNOTS ( 'NONE', 3,
 ( #5589, #8528, #1900, #7813 ),
 .UNSPECIFIED., .F., .F.,
 ( 4, 4 ),
 ( 0.000000000000000000, 1.000000000000000000 ),
 .UNSPECIFIED. ) ;
#2778 = CARTESIAN_POINT ( 'NONE',  ( 4.500000000000000000, -0.01534155688081141090, 2.509953114429126941 ) ) ;
#2779 = DIRECTION ( 'NONE',  ( -1.000000000000000000, -0.000000000000000000, -0.000000000000000000 ) ) ;
#2780 = CARTESIAN_POINT ( 'NONE',  ( 2.643091908526423950, -0.1967597741078880580, 2.502280461167460057 ) ) ;
#2781 = CARTESIAN_POINT ( 'NONE',  ( 1.843948599912383690, -0.1317510942124076878, 2.506634011888568825 ) ) ;
#2782 = ORIENTED_EDGE ( 'NONE', *, *, #3892, .F. ) ;
#2783 = VECTOR ( 'NONE', #9027, 1000.000000000000000 ) ;
#2784 = SURFACE_SIDE_STYLE ('',( #2644 ) ) ;
#2785 = CARTESIAN_POINT ( 'NONE',  ( 2.457099684972713582, -0.1005436841115365521, 2.497977375314932580 ) ) ;
#2786 = EDGE_CURVE ( 'NONE', #6278, #7586, #291, .T. ) ;
#2787 = ORIENTED_EDGE ( 'NONE', *, *, #8554, .F. ) ;
#2788 = DIRECTION ( 'NONE',  ( 0.000000000000000000, 0.9874375068388552279, -0.1580100316051670506 ) ) ;
#2789 = ORIENTED_EDGE ( 'NONE', *, *, #2140, .T. ) ;
#2790 = CARTESIAN_POINT ( 'NONE',  ( 2.223944042334981219, 0.2705116037016522812, 2.485321603387127265 ) ) ;
#2791 = CARTESIAN_POINT ( 'NONE',  ( 3.201734407216207057, -0.07682555338143660928, 2.510000000000001119 ) ) ;
#2792 = AXIS2_PLACEMENT_3D ( 'NONE', #4993, #2172, #7391 ) ;
#2793 = CARTESIAN_POINT ( 'NONE',  ( 2.463722369804626222, -0.1166209756229792255, 2.497278428218356439 ) ) ;
#2794 = CARTESIAN_POINT ( 'NONE',  ( 2.698734839966531407, 0.3966051793289692151, 2.478468142165526356 ) ) ;
#2795 = ADVANCED_FACE ( 'NONE', ( #4668 ), #110, .T. ) ;
#2796 = PLANE ( 'NONE',  #633 ) ;
#2797 = B_SPLINE_SURFACE_WITH_KNOTS ( 'NONE', 1, 3, ( 
 ( #9400, #6357, #1252, #5651 ),
 ( #7876, #507, #8680, #415 ) ),
 .UNSPECIFIED., .F., .F., .F.,
 ( 2, 2 ),
 ( 4, 4 ),
 ( 0.000000000000000000, 1.000000000000000000 ),
 ( 0.000000000000000000, 1.000000000000000000 ),
 .UNSPECIFIED. ) ;
#2798 = EDGE_CURVE ( 'NONE', #8850, #9495, #1328, .T. ) ;
#2799 = EDGE_LOOP ( 'NONE', ( #1480, #8211, #848, #4804, #4857, #8086, #7175 ) ) ;
#2800 = EDGE_LOOP ( 'NONE', ( #8751, #3885, #21, #7231, #4871, #9167 ) ) ;
#2801 = CARTESIAN_POINT ( 'NONE',  ( 2.788172032324728988, -0.2017340161659222919, 2.491847384315815095 ) ) ;
#2802 = AXIS2_PLACEMENT_3D ( 'NONE', #4347, #6573, #527 ) ;
#2803 = B_SPLINE_CURVE_WITH_KNOTS ( 'NONE', 1,
 ( #2449, #5404 ),
 .UNSPECIFIED., .F., .F.,
 ( 2, 2 ),
 ( 0.000000000000000000, 1.000000000000000000 ),
 .UNSPECIFIED. ) ;
#2804 = FILL_AREA_STYLE ('',( #6418 ) ) ;
#2805 =( LENGTH_UNIT ( ) NAMED_UNIT ( * ) SI_UNIT ( .MILLI., .METRE. ) );
#2806 = DIRECTION ( 'NONE',  ( 1.000000000000000000, 0.000000000000000000, 0.000000000000000000 ) ) ;
#2807 = B_SPLINE_CURVE_WITH_KNOTS ( 'NONE', 1,
 ( #9127, #7739 ),
 .UNSPECIFIED., .F., .F.,
 ( 2, 2 ),
 ( 0.000000000000000000, 1.000000000000000000 ),
 .UNSPECIFIED. ) ;
#2808 = CARTESIAN_POINT ( 'NONE',  ( 1.108203841345388962, 0.3191758262147318947, 2.489623825392130119 ) ) ;
#2809 = CARTESIAN_POINT ( 'NONE',  ( 2.475544171701593577, -0.2086427817737137591, 2.491278424747769282 ) ) ;
#2810 = PRESENTATION_LAYER_ASSIGNMENT (  '', '', ( #2179 ) ) ;
#2811 = ORIENTED_EDGE ( 'NONE', *, *, #9166, .F. ) ;
#2812 = DIRECTION ( 'NONE',  ( 0.000000000000000000, 0.000000000000000000, -1.000000000000000000 ) ) ;
#2813 = AXIS2_PLACEMENT_3D ( 'NONE', #9386, #3444, #4911 ) ;
#2814 = VERTEX_POINT ( 'NONE', #2341 ) ;
#2815 = CARTESIAN_POINT ( 'NONE',  ( 2.426135602187643681, -0.1141163432308548997, 2.507426291850347155 ) ) ;
#2816 = EDGE_LOOP ( 'NONE', ( #3938, #8622, #3716, #639, #4684, #6061 ) ) ;
#2817 = CARTESIAN_POINT ( 'NONE',  ( 3.080795846552943917, -0.1668093317673537135, 2.494447849622702940 ) ) ;
#2818 = AXIS2_PLACEMENT_3D ( 'NONE', #443, #3493, #7809 ) ;
#2819 = CARTESIAN_POINT ( 'NONE',  ( 3.250213633284543047, -0.02490692308224475709, 2.499884459829282424 ) ) ;
#2820 =( GEOMETRIC_REPRESENTATION_CONTEXT ( 3 ) GLOBAL_UNCERTAINTY_ASSIGNED_CONTEXT ( ( #4556 ) ) GLOBAL_UNIT_ASSIGNED_CONTEXT ( ( #3255, #6206, #3970 ) ) REPRESENTATION_CONTEXT ( 'NONE', 'WORKASPACE' ) );
#2821 = CARTESIAN_POINT ( 'NONE',  ( 2.907937407556844267, 0.2480644712584194889, 2.491012203076704790 ) ) ;
#2822 = CARTESIAN_POINT ( 'NONE',  ( 2.998860061933319443, 0.2210852530303386021, 2.496897893120639811 ) ) ;
#2823 = UNCERTAINTY_MEASURE_WITH_UNIT (LENGTH_MEASURE( 1.000000000000000082E-05 ), #7139, 'distance_accuracy_value', 'NONE');
#2824 = VERTEX_POINT ( 'NONE', #3923 ) ;
#2825 = CARTESIAN_POINT ( 'NONE',  ( 1.180667840676761671, -0.1070480897245013885, 2.497707169809373795 ) ) ;
#2826 = ORIENTED_EDGE ( 'NONE', *, *, #6158, .F. ) ;
#2827 = EDGE_CURVE ( 'NONE', #7721, #9251, #8113, .T. ) ;
#2828 = CARTESIAN_POINT ( 'NONE',  ( 3.045657825869062751, 0.008608241125785811437, 2.500024318902647202 ) ) ;
#2829 = CARTESIAN_POINT ( 'NONE',  ( 4.500000000000000000, -0.2025409522306009791, 2.501814773853076712 ) ) ;
#2830 = DIRECTION ( 'NONE',  ( -1.000000000000000000, -0.000000000000000000, -0.000000000000000000 ) ) ;
#2831 = CARTESIAN_POINT ( 'NONE',  ( 2.214040962212883823, 0.1820009806186898005, 2.493366327488569123 ) ) ;
#2832 = CARTESIAN_POINT ( 'NONE',  ( 2.211070038175347641, -0.01528043514025484960, 2.499953301224229651 ) ) ;
#2833 = VECTOR ( 'NONE', #421, 1000.000000000000000 ) ;
#2834 = EDGE_LOOP ( 'NONE', ( #5901, #1031, #3338, #8592, #9390, #4321, #6758, #921, #8263, #3893, #1185, #306, #6292, #3406 ) ) ;
#2835 = EDGE_CURVE ( 'NONE', #1622, #4385, #3215, .T. ) ;
#2836 = CARTESIAN_POINT ( 'NONE',  ( 2.964818224879330888, 0.3156880985602183998, 2.490296252584565107 ) ) ;
#2837 = LINE ( 'NONE', #5068, #8603 ) ;
#2838 = ORIENTED_EDGE ( 'NONE', *, *, #3081, .T. ) ;
#2839 = CARTESIAN_POINT ( 'NONE',  ( 2.351419709423664628, -0.09650448135351991086, 2.508152705940621452 ) ) ;
#2840 = VERTEX_POINT ( 'NONE', #1607 ) ;
#2841 = CARTESIAN_POINT ( 'NONE',  ( 2.724235271281369997, -0.05684753223574125214, 2.509356164054577842 ) ) ;
#2842 = CARTESIAN_POINT ( 'NONE',  ( 2.276672145415901127, -0.1724552312859374270, 2.504084411240944164 ) ) ;
#2843 = CARTESIAN_POINT ( 'NONE',  ( 1.776867516282540693, -0.02836487396762043742, 2.509861153878378381 ) ) ;
#2844 = CARTESIAN_POINT ( 'NONE',  ( 2.279793494060787573, -0.08469660018906005616, 2.498601395849977092 ) ) ;
#2845 = CARTESIAN_POINT ( 'NONE',  ( 4.500000000000000000, 0.000000000000000000, 0.000000000000000000 ) ) ;
#2846 = CARTESIAN_POINT ( 'NONE',  ( 2.605701640440060363, -0.2753292736600812529, 2.484839329614063175 ) ) ;
#2847 = ORIENTED_EDGE ( 'NONE', *, *, #1124, .F. ) ;
#2848 = ADVANCED_FACE ( 'NONE', ( #1552 ), #5357, .T. ) ;
#2849 = VECTOR ( 'NONE', #1636, 1000.000000000000114 ) ;
#2850 = ORIENTED_EDGE ( 'NONE', *, *, #293, .F. ) ;
#2851 = ORIENTED_EDGE ( 'NONE', *, *, #5790, .T. ) ;
#2852 = CARTESIAN_POINT ( 'NONE',  ( 2.354231440198708114, -0.2301529181243587296, 2.499425860928633725 ) ) ;
#2853 = ADVANCED_FACE ( 'NONE', ( #8143 ), #1497, .T. ) ;
#2854 = EDGE_CURVE ( 'NONE', #8493, #6080, #3551, .T. ) ;
#2855 = DIRECTION ( 'NONE',  ( -1.000000000000000000, -0.000000000000000000, -0.000000000000000000 ) ) ;
#2856 = EDGE_LOOP ( 'NONE', ( #6705, #4534, #5627, #1129 ) ) ;
#2857 = AXIS2_PLACEMENT_3D ( 'NONE', #4827, #5601, #2685 ) ;
#2858 = ORIENTED_EDGE ( 'NONE', *, *, #6531, .T. ) ;
#2859 = CARTESIAN_POINT ( 'NONE',  ( -4.500000000000000000, 5.510910596163087707E-17, -0.4499999999999999001 ) ) ;
#2860 = CARTESIAN_POINT ( 'NONE',  ( 3.070595498570912518, -0.03805614466516114847, 2.499710329188808977 ) ) ;
#2861 = CARTESIAN_POINT ( 'NONE',  ( 1.163292505442389935, 0.002015321945597773300, 2.509999190931634150 ) ) ;
#2862 = EDGE_CURVE ( 'NONE', #461, #6548, #5449, .T. ) ;
#2863 = CIRCLE ( 'NONE', #6874, 2.510000000000000231 ) ;
#2864 =( NAMED_UNIT ( * ) PLANE_ANGLE_UNIT ( ) SI_UNIT ( $, .RADIAN. ) );
#2865 = ORIENTED_EDGE ( 'NONE', *, *, #3956, .F. ) ;
#2866 = DIRECTION ( 'NONE',  ( 1.000000000000000000, 0.000000000000000000, 0.000000000000000000 ) ) ;
#2867 = CARTESIAN_POINT ( 'NONE',  ( 2.945673288553918301, 0.3523787325638567114, 2.475045862177938538 ) ) ;
#2868 =( GEOMETRIC_REPRESENTATION_CONTEXT ( 3 ) GLOBAL_UNCERTAINTY_ASSIGNED_CONTEXT ( ( #8997 ) ) GLOBAL_UNIT_ASSIGNED_CONTEXT ( ( #5106, #2926, #2972 ) ) REPRESENTATION_CONTEXT ( 'NONE', 'WORKASPACE' ) );
#2869 = CARTESIAN_POINT ( 'NONE',  ( 1.207746829312019266, -0.002742428528752612320, 2.510000000056840097 ) ) ;
#2870 = VERTEX_POINT ( 'NONE', #9102 ) ;
#2871 = B_SPLINE_SURFACE_WITH_KNOTS ( 'NONE', 1, 3, ( 
 ( #3889, #176, #8153, #1508 ),
 ( #4473, #7429, #7478, #748 ) ),
 .UNSPECIFIED., .F., .F., .F.,
 ( 2, 2 ),
 ( 4, 4 ),
 ( 0.000000000000000000, 1.000000000000000000 ),
 ( 0.000000000000000000, 1.000000000000000000 ),
 .UNSPECIFIED. ) ;
#2872 = EDGE_CURVE ( 'NONE', #4306, #9126, #8856, .T. ) ;
#2873 = VECTOR ( 'NONE', #5490, 1000.000000000000227 ) ;
#2874 =( GEOMETRIC_REPRESENTATION_CONTEXT ( 3 ) GLOBAL_UNCERTAINTY_ASSIGNED_CONTEXT ( ( #5828 ) ) GLOBAL_UNIT_ASSIGNED_CONTEXT ( ( #5234, #8004, #8937 ) ) REPRESENTATION_CONTEXT ( 'NONE', 'WORKASPACE' ) );
#2875 = FILL_AREA_STYLE_COLOUR ( '', #6275 ) ;
#2876 = ORIENTED_EDGE ( 'NONE', *, *, #3532, .T. ) ;
#2877 = ORIENTED_EDGE ( 'NONE', *, *, #6404, .F. ) ;
#2878 = B_SPLINE_SURFACE_WITH_KNOTS ( 'NONE', 1, 3, ( 
 ( #8824, #8095, #4573, #3785 ),
 ( #9, #5109, #3737, #6744 ) ),
 .UNSPECIFIED., .F., .F., .F.,
 ( 2, 2 ),
 ( 4, 4 ),
 ( 0.000000000000000000, 1.000000000000000000 ),
 ( 0.000000000000000000, 1.000000000000000000 ),
 .UNSPECIFIED. ) ;
#2879 = CARTESIAN_POINT ( 'NONE',  ( -5.500000000000000000, 0.000000000000000000, 0.000000000000000000 ) ) ;
#2880 = CARTESIAN_POINT ( 'NONE',  ( 2.384559623074435475, -0.1183860879294202639, 2.500532445692825512 ) ) ;
#2881 = CARTESIAN_POINT ( 'NONE',  ( 3.235296099000146253, -0.06915193254078885743, 2.509273283529632081 ) ) ;
#2882 = AXIS2_PLACEMENT_3D ( 'NONE', #133, #2516, #3138 ) ;
#2883 = CARTESIAN_POINT ( 'NONE',  ( 2.793284549990653343, 0.2924303044619277481, 2.492914608267790655 ) ) ;
#2884 = DIRECTION ( 'NONE',  ( 1.000000000000000000, 0.000000000000000000, 0.000000000000000000 ) ) ;
#2885 = CIRCLE ( 'NONE', #3951, 2.510000000000000231 ) ;
#2886 = ORIENTED_EDGE ( 'NONE', *, *, #1342, .T. ) ;
#2887 = EDGE_CURVE ( 'NONE', #654, #5685, #9496, .T. ) ;
#2888 = CARTESIAN_POINT ( 'NONE',  ( 2.086353122880875599, 0.000000000000000000, 0.000000000000000000 ) ) ;
#2889 = PLANE ( 'NONE',  #5526 ) ;
#2890 = VERTEX_POINT ( 'NONE', #7233 ) ;
#2891 = SURFACE_SIDE_STYLE ('',( #5245 ) ) ;
#2892 = EDGE_LOOP ( 'NONE', ( #3305, #5767, #5917, #4875, #1898, #7453 ) ) ;
#2893 = CARTESIAN_POINT ( 'NONE',  ( 2.214040962212883823, 0.000000000000000000, 0.000000000000000000 ) ) ;
#2894 = FACE_OUTER_BOUND ( 'NONE', #3975, .T. ) ;
#2895 = LINE ( 'NONE', #7929, #1620 ) ;
#2896 = CARTESIAN_POINT ( 'NONE',  ( 2.246113128229709321, -0.1991521714354226313, 2.502133929923449074 ) ) ;
#2897 = DIRECTION ( 'NONE',  ( 0.000000000000000000, 0.000000000000000000, 1.000000000000000000 ) ) ;
#2898 = CARTESIAN_POINT ( 'NONE',  ( 2.932447530860537110, 0.3950250790129263279, 2.468593767097136293 ) ) ;
#2899 = ORIENTED_EDGE ( 'NONE', *, *, #9348, .T. ) ;
#2900 = VERTEX_POINT ( 'NONE', #7281 ) ;
#2901 = EDGE_LOOP ( 'NONE', ( #8827, #2776, #2556, #6313 ) ) ;
#2902 = CARTESIAN_POINT ( 'NONE',  ( 3.326775802495638423, -0.2292359742274489298, 2.489467988972742685 ) ) ;
#2903 = CARTESIAN_POINT ( 'NONE',  ( 2.453595538335577864, -0.1459763581029551727, 2.495745791516021050 ) ) ;
#2904 = EDGE_CURVE ( 'NONE', #1173, #7545, #8022, .T. ) ;
#2905 =( NAMED_UNIT ( * ) SI_UNIT ( $, .STERADIAN. ) SOLID_ANGLE_UNIT ( ) );
#2906 = CARTESIAN_POINT ( 'NONE',  ( 4.500000000000000000, 0.2213792493774489889, 2.500218236063620036 ) ) ;
#2907 = DIRECTION ( 'NONE',  ( 0.000000000000000000, -0.09169438969097981618, 0.9957871955890971183 ) ) ;
#2908 = CARTESIAN_POINT ( 'NONE',  ( 2.692792991893113275, -0.05684753223574125214, 2.509356164054577842 ) ) ;
#2909 = CARTESIAN_POINT ( 'NONE',  ( 2.284416569022766019, -0.1594018248749324851, 2.504933344068568601 ) ) ;
#2910 = ORIENTED_EDGE ( 'NONE', *, *, #329, .T. ) ;
#2911 = LINE ( 'NONE', #8804, #7676 ) ;
#2912 = EDGE_CURVE ( 'NONE', #1696, #8562, #4468, .T. ) ;
#2913 = CARTESIAN_POINT ( 'NONE',  ( 2.353600449113603332, -0.09373570242025734689, 2.498376177117494379 ) ) ;
#2914 = DIRECTION ( 'NONE',  ( -1.000000000000000000, -0.000000000000000000, -0.000000000000000000 ) ) ;
#2915 = CARTESIAN_POINT ( 'NONE',  ( 2.263064064019335575, 0.3232923834582496769, 2.479101499145695442 ) ) ;
#2916 = EDGE_CURVE ( 'NONE', #3250, #1014, #4005, .T. ) ;
#2917 = ADVANCED_FACE ( 'NONE', ( #7322 ), #4964, .T. ) ;
#2918 = CARTESIAN_POINT ( 'NONE',  ( 0.7897222432414691129, 0.04332157396023750273, 2.499624620063902292 ) ) ;
#2919 = EDGE_LOOP ( 'NONE', ( #5122, #2220, #1771, #4492 ) ) ;
#2920 = CARTESIAN_POINT ( 'NONE',  ( 2.257180002579507683, 0.3016247224100224167, 2.481912445719860916 ) ) ;
#2921 = ORIENTED_EDGE ( 'NONE', *, *, #65, .T. ) ;
#2922 = CARTESIAN_POINT ( 'NONE',  ( -4.299999999999998934, 0.000000000000000000, 0.000000000000000000 ) ) ;
#2923 = CARTESIAN_POINT ( 'NONE',  ( 2.384559623074435475, -0.1185437258627484031, 2.503862049482030727 ) ) ;
#2924 = CARTESIAN_POINT ( 'NONE',  ( 2.645567678557562363, -0.1866774786462467861, 2.493020561280287595 ) ) ;
#2925 = DIRECTION ( 'NONE',  ( 1.000000000000000000, 0.000000000000000000, 8.340016711426955288E-17 ) ) ;
#2926 =( NAMED_UNIT ( * ) PLANE_ANGLE_UNIT ( ) SI_UNIT ( $, .RADIAN. ) );
#2927 = CARTESIAN_POINT ( 'NONE',  ( 1.108203796827014420, 0.3191757687132502630, 2.489623832763959044 ) ) ;
#2928 = DIRECTION ( 'NONE',  ( 1.000000000000000000, 0.000000000000000000, 0.000000000000000000 ) ) ;
#2929 = ORIENTED_EDGE ( 'NONE', *, *, #2741, .T. ) ;
#2930 = ORIENTED_EDGE ( 'NONE', *, *, #8190, .F. ) ;
#2931 = CARTESIAN_POINT ( 'NONE',  ( 2.279354235868934264, -0.1644804797849391265, 2.494589932873192417 ) ) ;
#2932 = DIRECTION ( 'NONE',  ( 1.000000000000000000, 0.000000000000000000, 0.000000000000000000 ) ) ;
#2933 = CARTESIAN_POINT ( 'NONE',  ( 1.108203796827014420, 0.3179041521048309171, 2.479705012713106616 ) ) ;
#2934 = DIRECTION ( 'NONE',  ( 0.000000000000000000, 0.000000000000000000, 1.000000000000000000 ) ) ;
#2935 = CARTESIAN_POINT ( 'NONE',  ( 0.9094788821784091093, -0.01675747980970456255, 2.499999965547350378 ) ) ;
#2936 = ORIENTED_EDGE ( 'NONE', *, *, #4443, .F. ) ;
#2937 = ORIENTED_EDGE ( 'NONE', *, *, #3026, .F. ) ;
#2938 = ORIENTED_EDGE ( 'NONE', *, *, #8266, .F. ) ;
#2939 = CARTESIAN_POINT ( 'NONE',  ( 2.999479004441937491, -0.2292359742274489298, 2.489467988972742685 ) ) ;
#2940 = VECTOR ( 'NONE', #7141, 1000.000000000000000 ) ;
#2941 = DIRECTION ( 'NONE',  ( 0.000000000000000000, -0.08069360646637510626, 0.9967389537263253718 ) ) ;
#2942 = CARTESIAN_POINT ( 'NONE',  ( 1.292406635476338606, -0.05674570210841884538, 2.509358468870524383 ) ) ;
#2943 = ORIENTED_EDGE ( 'NONE', *, *, #8229, .F. ) ;
#2944 = FACE_OUTER_BOUND ( 'NONE', #6465, .T. ) ;
#2945 = EDGE_CURVE ( 'NONE', #1125, #9513, #2895, .T. ) ;
#2946 = DIRECTION ( 'NONE',  ( -1.000000000000000000, 0.000000000000000000, 0.000000000000000000 ) ) ;
#2947 = CARTESIAN_POINT ( 'NONE',  ( 3.097148132149224242, -0.1062330825052728439, 2.497741886621079210 ) ) ;
#2948 = B_SPLINE_CURVE_WITH_KNOTS ( 'NONE', 3,
 ( #6872, #5536, #3299, #1797 ),
 .UNSPECIFIED., .F., .F.,
 ( 4, 4 ),
 ( 0.000000000000000000, 1.000000000000000000 ),
 .UNSPECIFIED. ) ;
#2949 =( LENGTH_UNIT ( ) NAMED_UNIT ( * ) SI_UNIT ( .MILLI., .METRE. ) );
#2950 = CARTESIAN_POINT ( 'NONE',  ( 3.093496371354855778, -0.1954407537227389746, 2.492348874412305904 ) ) ;
#2951 = EDGE_CURVE ( 'NONE', #322, #6262, #3610, .T. ) ;
#2952 = CARTESIAN_POINT ( 'NONE',  ( 1.579900679646538686, -0.1258341457442372358, 2.506843786071405233 ) ) ;
#2953 = ORIENTED_EDGE ( 'NONE', *, *, #5062, .T. ) ;
#2954 = CARTESIAN_POINT ( 'NONE',  ( 1.576457688715584338, -0.02725804951578474425, 2.499851395330649595 ) ) ;
#2955 = COLOUR_RGB ( '',0.2980392156862745057, 0.2980392156862745057, 0.2980392156862745057 ) ;
#2956 = CARTESIAN_POINT ( 'NONE',  ( 2.276368472734770609, -0.1806282324434829722, 2.493466150089939326 ) ) ;
#2957 = SURFACE_STYLE_USAGE ( .BOTH. , #97 ) ;
#2958 =( NAMED_UNIT ( * ) SI_UNIT ( $, .STERADIAN. ) SOLID_ANGLE_UNIT ( ) );
#2959 = ORIENTED_EDGE ( 'NONE', *, *, #5747, .T. ) ;
#2960 = EDGE_CURVE ( 'NONE', #780, #4683, #9437, .T. ) ;
#2961 = TOROIDAL_SURFACE ( 'NONE', #7131, 1.000000000000000222, 0.4499999999999999001 ) ;
#2962 = FACE_OUTER_BOUND ( 'NONE', #2199, .T. ) ;
#2963 = ORIENTED_EDGE ( 'NONE', *, *, #1273, .T. ) ;
#2964 = CARTESIAN_POINT ( 'NONE',  ( 2.282186532306803795, 0.3445862106477882714, 2.476138191505352637 ) ) ;
#2965 = PRESENTATION_LAYER_ASSIGNMENT (  '', '', ( #3727 ) ) ;
#2966 = EDGE_CURVE ( 'NONE', #6655, #4421, #6914, .T. ) ;
#2967 = ORIENTED_EDGE ( 'NONE', *, *, #8510, .T. ) ;
#2968 = EDGE_CURVE ( 'NONE', #3945, #7641, #7184, .T. ) ;
#2969 = CARTESIAN_POINT ( 'NONE',  ( 1.824356778977260340, -0.1534456739553034799, 2.505305255880888371 ) ) ;
#2970 = CARTESIAN_POINT ( 'NONE',  ( 2.945673286815018610, 0.3537882420915524073, 2.484946046385303919 ) ) ;
#2971 = CARTESIAN_POINT ( 'NONE',  ( 3.177982023650693488, -0.2292359742274489298, 2.489467988972742685 ) ) ;
#2972 =( NAMED_UNIT ( * ) SI_UNIT ( $, .STERADIAN. ) SOLID_ANGLE_UNIT ( ) );
#2973 = ORIENTED_EDGE ( 'NONE', *, *, #8699, .T. ) ;
#2974 = FACE_OUTER_BOUND ( 'NONE', #5392, .T. ) ;
#2975 = CARTESIAN_POINT ( 'NONE',  ( 2.581692811765796236, -0.2855362590358014319, 2.493705885780406195 ) ) ;
#2976 = ORIENTED_EDGE ( 'NONE', *, *, #6291, .T. ) ;
#2977 = ORIENTED_EDGE ( 'NONE', *, *, #2887, .F. ) ;
#2978 = ORIENTED_EDGE ( 'NONE', *, *, #8787, .T. ) ;
#2979 = CARTESIAN_POINT ( 'NONE',  ( 2.484952097818029948, 0.2631267190535619416, 2.486114303430175809 ) ) ;
#2980 = ORIENTED_EDGE ( 'NONE', *, *, #5095, .F. ) ;
#2981 = AXIS2_PLACEMENT_3D ( 'NONE', #6933, #8388, #7624 ) ;
#2982 = PLANE ( 'NONE',  #9117 ) ;
#2983 = CARTESIAN_POINT ( 'NONE',  ( 3.143445031722684302, -0.2301529181243581190, 2.499425860928633725 ) ) ;
#2984 = CARTESIAN_POINT ( 'NONE',  ( 2.214040962212883823, 0.000000000000000000, 0.000000000000000000 ) ) ;
#2985 = FACE_OUTER_BOUND ( 'NONE', #296, .T. ) ;
#2986 = CARTESIAN_POINT ( 'NONE',  ( 2.901706647919959359, 0.3165900250176700848, 2.491272189990382468 ) ) ;
#2987 = ORIENTED_EDGE ( 'NONE', *, *, #791, .T. ) ;
#2988 = ORIENTED_EDGE ( 'NONE', *, *, #3587, .F. ) ;
#2989 = VERTEX_POINT ( 'NONE', #4425 ) ;
#2990 = CARTESIAN_POINT ( 'NONE',  ( 4.500000000000000000, 0.000000000000000000, 2.500000000000000000 ) ) ;
#2991 = EDGE_CURVE ( 'NONE', #1569, #8283, #699, .T. ) ;
#2992 = CARTESIAN_POINT ( 'NONE',  ( 2.964137387253224620, -0.01528043514025040697, 2.499953301224229651 ) ) ;
#2993 = CARTESIAN_POINT ( 'NONE',  ( 1.334821198085865745, -0.2204664474581439770, 2.500762712712131908 ) ) ;
#2994 = ORIENTED_EDGE ( 'NONE', *, *, #3401, .F. ) ;
#2995 = CARTESIAN_POINT ( 'NONE',  ( 1.523090541236123086, 0.06397509756469109410, 2.499181303325468395 ) ) ;
#2996 = COLOUR_RGB ( '',0.6666666666666666297, 0.6666666666666666297, 0.6666666666666666297 ) ;
#2997 = DIRECTION ( 'NONE',  ( 0.000000000000000000, 0.06178354310071548783, 0.9980895720334533872 ) ) ;
#2998 = CARTESIAN_POINT ( 'NONE',  ( 1.523090541236123086, 0.06397509756468888753, 2.499181303325468395 ) ) ;
#2999 = ORIENTED_EDGE ( 'NONE', *, *, #378, .F. ) ;
#3000 = DIRECTION ( 'NONE',  ( -1.000000000000000000, -0.000000000000000000, -0.000000000000000000 ) ) ;
#3001 = CARTESIAN_POINT ( 'NONE',  ( 1.108203796827014420, 0.3179041521048309171, 2.479705012713106616 ) ) ;
#3002 = FILL_AREA_STYLE ('',( #3768 ) ) ;
#3003 = B_SPLINE_CURVE_WITH_KNOTS ( 'NONE', 3,
 ( #561, #5165, #6410, #5845 ),
 .UNSPECIFIED., .F., .F.,
 ( 4, 4 ),
 ( 0.000000000000000000, 1.000000000000000000 ),
 .UNSPECIFIED. ) ;
#3004 = DIRECTION ( 'NONE',  ( 1.000000000000000000, 0.000000000000000000, 0.000000000000000000 ) ) ;
#3005 = VERTEX_POINT ( 'NONE', #1257 ) ;
#3006 = AXIS2_PLACEMENT_3D ( 'NONE', #4549, #1432, #4402 ) ;
#3007 = B_SPLINE_CURVE_WITH_KNOTS ( 'NONE', 1,
 ( #8448, #1710 ),
 .UNSPECIFIED., .F., .F.,
 ( 2, 2 ),
 ( 0.000000000000000000, 1.000000000000000000 ),
 .UNSPECIFIED. ) ;
#3008 = CARTESIAN_POINT ( 'NONE',  ( 2.944145544255288627, 0.3476511202129864975, 2.475709736341208611 ) ) ;
#3009 = UNCERTAINTY_MEASURE_WITH_UNIT (LENGTH_MEASURE( 1.000000000000000082E-05 ), #995, 'distance_accuracy_value', 'NONE');
#3010 = ORIENTED_EDGE ( 'NONE', *, *, #7640, .T. ) ;
#3011 = SURFACE_SIDE_STYLE ('',( #2231 ) ) ;
#3012 = AXIS2_PLACEMENT_3D ( 'NONE', #1705, #60, #6836 ) ;
#3013 = ORIENTED_EDGE ( 'NONE', *, *, #9085, .T. ) ;
#3014 = ADVANCED_FACE ( 'NONE', ( #8786 ), #3484, .T. ) ;
#3015 = DIRECTION ( 'NONE',  ( 1.000000000000000000, 0.000000000000000000, 0.000000000000000000 ) ) ;
#3016 = CARTESIAN_POINT ( 'NONE',  ( 3.247365478760182000, -0.03533309113959914871, 2.499750302064292384 ) ) ;
#3017 = B_SPLINE_CURVE_WITH_KNOTS ( 'NONE', 3,
 ( #9507, #2896, #4980, #5888 ),
 .UNSPECIFIED., .F., .F.,
 ( 4, 4 ),
 ( 0.0001763583288887517848, 1.000000000000000000 ),
 .UNSPECIFIED. ) ;
#3018 = CARTESIAN_POINT ( 'NONE',  ( 2.348165803623886383, 0.3726562069317834736, 2.482181973876052439 ) ) ;
#3019 = FACE_OUTER_BOUND ( 'NONE', #5137, .T. ) ;
#3020 = EDGE_CURVE ( 'NONE', #3073, #6782, #3783, .T. ) ;
#3021 = EDGE_CURVE ( 'NONE', #9566, #7040, #1589, .T. ) ;
#3022 = CARTESIAN_POINT ( 'NONE',  ( 1.001469469033490434, -0.1120223781241324462, 2.507498950508137980 ) ) ;
#3023 = CARTESIAN_POINT ( 'NONE',  ( 3.001954774471419451, 0.01262211689126004413, 2.509968263178876224 ) ) ;
#3024 = ORIENTED_EDGE ( 'NONE', *, *, #9166, .T. ) ;
#3025 = STYLED_ITEM ( 'NONE', ( #2020 ), #5988 ) ;
#3026 = EDGE_CURVE ( 'NONE', #7779, #8456, #1936, .T. ) ;
#3027 = CARTESIAN_POINT ( 'NONE',  ( 1.138111679450937608, -3.781569655025045142E-06, 2.500003034013023928 ) ) ;
#3028 = VECTOR ( 'NONE', #8838, 1000.000000000000000 ) ;
#3029 = CARTESIAN_POINT ( 'NONE',  ( 2.338200829250268509, 0.1509829626993598461, 2.505454877856419404 ) ) ;
#3030 = CARTESIAN_POINT ( 'NONE',  ( 1.001469545846966236, -0.1120221775831970329, 2.507498959467285626 ) ) ;
#3031 = CARTESIAN_POINT ( 'NONE',  ( 2.591799049670771904, -0.3099262735761540988, 2.480714773307815868 ) ) ;
#3032 = CARTESIAN_POINT ( 'NONE',  ( 1.292406977990229411, -0.05674552251345768572, 2.509358472931812134 ) ) ;
#3033 = CARTESIAN_POINT ( 'NONE',  ( -4.500000000000000000, 0.000000000000000000, 0.000000000000000000 ) ) ;
#3034 = B_SPLINE_SURFACE_WITH_KNOTS ( 'NONE', 1, 3, ( 
 ( #5207, #7368, #1499, #4370 ),
 ( #3832, #1557, #693, #4465 ) ),
 .UNSPECIFIED., .F., .F., .F.,
 ( 2, 2 ),
 ( 4, 4 ),
 ( 0.000000000000000000, 1.000000000000000000 ),
 ( 0.000000000000000000, 1.000000000000000000 ),
 .UNSPECIFIED. ) ;
#3035 = ORIENTED_EDGE ( 'NONE', *, *, #1824, .F. ) ;
#3036 = ORIENTED_EDGE ( 'NONE', *, *, #8985, .F. ) ;
#3037 = EDGE_CURVE ( 'NONE', #6262, #1274, #168, .T. ) ;
#3038 = ORIENTED_EDGE ( 'NONE', *, *, #1523, .T. ) ;
#3039 = MECHANICAL_DESIGN_GEOMETRIC_PRESENTATION_REPRESENTATION (  '', ( #509 ), #4417 ) ;
#3040 = CARTESIAN_POINT ( 'NONE',  ( 3.211157342063377662, -0.1362697077970398407, 2.502959916681585018 ) ) ;
#3041 = CARTESIAN_POINT ( 'NONE',  ( 2.405232302830831337, 0.3908361604155351499, 2.479384418703892923 ) ) ;
#3042 = CARTESIAN_POINT ( 'NONE',  ( 3.177982023650693488, -0.2301529181243587296, 2.499425860928633725 ) ) ;
#3043 = VERTEX_POINT ( 'NONE', #6987 ) ;
#3044 = CARTESIAN_POINT ( 'NONE',  ( 2.302983000563780802, -0.1272666316754017257, 2.506771470330313001 ) ) ;
#3045 = ORIENTED_EDGE ( 'NONE', *, *, #9336, .T. ) ;
#3046 = CARTESIAN_POINT ( 'NONE',  ( 3.096504484494014608, -0.09216778926512010639, 2.498308131063299964 ) ) ;
#3047 = CARTESIAN_POINT ( 'NONE',  ( 4.500000000000000000, 0.000000000000000000, 0.000000000000000000 ) ) ;
#3048 = CARTESIAN_POINT ( 'NONE',  ( 2.405232302830831337, 0.3583930149366567619, 2.484281474963055292 ) ) ;
#3049 = B_SPLINE_CURVE_WITH_KNOTS ( 'NONE', 1,
 ( #7385, #1517 ),
 .UNSPECIFIED., .F., .F.,
 ( 2, 2 ),
 ( 0.000000000000000000, 1.000000000000000000 ),
 .UNSPECIFIED. ) ;
#3050 = CARTESIAN_POINT ( 'NONE',  ( 2.558234890725588517, -0.05662104804356698357, 2.499358729138025925 ) ) ;
#3051 = VERTEX_POINT ( 'NONE', #4619 ) ;
#3052 = DIRECTION ( 'NONE',  ( 0.000000000000000000, -0.9999813204896919050, -0.006112174056100162442 ) ) ;
#3053 = CARTESIAN_POINT ( 'NONE',  ( 3.097148132149224242, -0.1066580148352939406, 2.507732854167563641 ) ) ;
#3054 = CARTESIAN_POINT ( 'NONE',  ( 2.816594438749755902, 0.2136789284599965866, 2.490981581785604693 ) ) ;
#3055 = EDGE_LOOP ( 'NONE', ( #5292, #4467, #8355, #5565 ) ) ;
#3056 = FACE_OUTER_BOUND ( 'NONE', #8743, .T. ) ;
#3057 = ORIENTED_EDGE ( 'NONE', *, *, #8378, .T. ) ;
#3058 = CARTESIAN_POINT ( 'NONE',  ( 4.500000000000000000, 0.000000000000000000, 2.510000000000000231 ) ) ;
#3059 = ORIENTED_EDGE ( 'NONE', *, *, #3105, .F. ) ;
#3060 = CARTESIAN_POINT ( 'NONE',  ( 1.222130717622356810, -0.2084787412663947903, 2.501361888255006161 ) ) ;
#3061 = PRESENTATION_STYLE_ASSIGNMENT (( #55 ) ) ;
#3062 = DIRECTION ( 'NONE',  ( -1.000000000000000000, -0.000000000000000000, -0.000000000000000000 ) ) ;
#3063 = EDGE_CURVE ( 'NONE', #9109, #6150, #5034, .T. ) ;
#3064 = CARTESIAN_POINT ( 'NONE',  ( 2.405232302830831337, 0.3569651543193791965, 2.474383939206230121 ) ) ;
#3065 = DIRECTION ( 'NONE',  ( 0.000000000000000000, -0.006112174056101939666, 0.9999813204896919050 ) ) ;
#3066 = B_SPLINE_CURVE_WITH_KNOTS ( 'NONE', 3,
 ( #595, #8629, #7173, #4969 ),
 .UNSPECIFIED., .F., .F.,
 ( 4, 4 ),
 ( 0.000000000000000000, 1.000000000000000000 ),
 .UNSPECIFIED. ) ;
#3067 = ORIENTED_EDGE ( 'NONE', *, *, #8817, .F. ) ;
#3068 = EDGE_CURVE ( 'NONE', #7238, #1042, #2095, .T. ) ;
#3069 = CARTESIAN_POINT ( 'NONE',  ( 2.534158027177594086, 0.000000000000000000, 0.000000000000000000 ) ) ;
#3070 = ORIENTED_EDGE ( 'NONE', *, *, #4937, .T. ) ;
#3071 = CARTESIAN_POINT ( 'NONE',  ( 2.457099684972713138, -0.1009458588479826974, 2.507969284816192523 ) ) ;
#3072 = ORIENTED_EDGE ( 'NONE', *, *, #4481, .F. ) ;
#3073 = VERTEX_POINT ( 'NONE', #2345 ) ;
#3074 = DIRECTION ( 'NONE',  ( -1.000000000000000000, -0.000000000000000000, -0.000000000000000000 ) ) ;
#3075 = CARTESIAN_POINT ( 'NONE',  ( 2.724235271281369997, -0.05662104804356698357, 2.499358729138025925 ) ) ;
#3076 = CARTESIAN_POINT ( 'NONE',  ( 1.633267892796018472, 0.1436661170357829143, 2.505885082523909624 ) ) ;
#3077 = LINE ( 'NONE', #122, #7754 ) ;
#3078 = CARTESIAN_POINT ( 'NONE',  ( 2.558234890725588517, -0.05662104804356698357, 2.499358729138025925 ) ) ;
#3079 = B_SPLINE_CURVE_WITH_KNOTS ( 'NONE', 3,
 ( #2064, #8740, #7932, #5028, #8789, #2118 ),
 .UNSPECIFIED., .F., .F.,
 ( 4, 2, 4 ),
 ( 0.000000000000000000, 0.5000000000000000000, 1.000000000000000000 ),
 .UNSPECIFIED. ) ;
#3080 = EDGE_LOOP ( 'NONE', ( #5394, #960, #3122, #2580 ) ) ;
#3081 = EDGE_CURVE ( 'NONE', #2033, #2377, #6471, .T. ) ;
#3082 = EDGE_LOOP ( 'NONE', ( #8880, #5230, #4384, #6346, #4342, #6472, #729 ) ) ;
#3083 = CYLINDRICAL_SURFACE ( 'NONE', #5822, 2.510000000000000231 ) ;
#3084 = FACE_OUTER_BOUND ( 'NONE', #8948, .T. ) ;
#3085 = CARTESIAN_POINT ( 'NONE',  ( 1.001469469033490434, -0.1115760738288171794, 2.497508914848743267 ) ) ;
#3086 = EDGE_LOOP ( 'NONE', ( #6450, #5283, #3544, #1519 ) ) ;
#3087 = ADVANCED_FACE ( 'NONE', ( #7628, #9008 ), #6214, .T. ) ;
#3088 = DIRECTION ( 'NONE',  ( 1.334402673828313339E-16, 0.000000000000000000, -1.000000000000000000 ) ) ;
#3089 = EDGE_CURVE ( 'NONE', #1318, #9614, #775, .T. ) ;
#3090 = ORIENTED_EDGE ( 'NONE', *, *, #822, .F. ) ;
#3091 = CARTESIAN_POINT ( 'NONE',  ( 2.260461650287736379, -0.2206217427915787010, 2.500285193054506028 ) ) ;
#3092 = DIRECTION ( 'NONE',  ( 1.000000000000000000, 0.000000000000000000, 0.000000000000000000 ) ) ;
#3093 = AXIS2_PLACEMENT_3D ( 'NONE', #9233, #2616, #4943 ) ;
#3094 = VERTEX_POINT ( 'NONE', #4721 ) ;
#3095 = CARTESIAN_POINT ( 'NONE',  ( 2.503520373047568803, -0.1688971046413364485, 2.494288228742575164 ) ) ;
#3096 = ORIENTED_EDGE ( 'NONE', *, *, #4652, .T. ) ;
#3097 = DIRECTION ( 'NONE',  ( 0.000000000000000000, -0.9978665826572371556, -0.06528616404696700737 ) ) ;
#3098 = CARTESIAN_POINT ( 'NONE',  ( 2.262847982769627730, 0.2236556233154281259, 2.490056846872410468 ) ) ;
#3099 = CARTESIAN_POINT ( 'NONE',  ( 2.826292317777006069, 0.2422719378933529955, 2.498557388768778420 ) ) ;
#3100 = MECHANICAL_DESIGN_GEOMETRIC_PRESENTATION_REPRESENTATION (  '', ( #6967 ), #4014 ) ;
#3101 = DIRECTION ( 'NONE',  ( -1.000000000000000000, -0.000000000000000000, -0.000000000000000000 ) ) ;
#3102 = EDGE_LOOP ( 'NONE', ( #5701, #6170, #6329, #2459 ) ) ;
#3103 = SURFACE_STYLE_FILL_AREA ( #1041 ) ;
#3104 = MECHANICAL_DESIGN_GEOMETRIC_PRESENTATION_REPRESENTATION (  '', ( #2179 ), #1065 ) ;
#3105 = EDGE_CURVE ( 'NONE', #6059, #8661, #7767, .T. ) ;
#3106 = B_SPLINE_CURVE_WITH_KNOTS ( 'NONE', 1,
 ( #1964, #2737 ),
 .UNSPECIFIED., .F., .F.,
 ( 2, 2 ),
 ( 0.000000000000000000, 1.000000000000000000 ),
 .UNSPECIFIED. ) ;
#3107 = ORIENTED_EDGE ( 'NONE', *, *, #3337, .F. ) ;
#3108 = CARTESIAN_POINT ( 'NONE',  ( 1.657369157666903625, -0.1253328144862920490, 2.496856360628890048 ) ) ;
#3109 = ORIENTED_EDGE ( 'NONE', *, *, #7086, .F. ) ;
#3110 = CARTESIAN_POINT ( 'NONE',  ( 1.180667840652205314, -0.1074762820825839876, 2.507697998488646274 ) ) ;
#3111 = B_SPLINE_SURFACE_WITH_KNOTS ( 'NONE', 1, 3, ( 
 ( #386, #2753, #2706, #5760 ),
 ( #7797, #8555, #7750, #4799 ) ),
 .UNSPECIFIED., .F., .F., .F.,
 ( 2, 2 ),
 ( 4, 4 ),
 ( 0.000000000000000000, 1.000000000000000000 ),
 ( 0.000000000000000000, 1.000000000000000000 ),
 .UNSPECIFIED. ) ;
#3112 = CARTESIAN_POINT ( 'NONE',  ( 2.322915475849121059, -0.2088131233630323158, 2.501299137161879127 ) ) ;
#3113 = CARTESIAN_POINT ( 'NONE',  ( 2.279354229118022435, -0.1644804874052684385, 2.494589932388266984 ) ) ;
#3114 = B_SPLINE_CURVE_WITH_KNOTS ( 'NONE', 3,
 ( #684, #1597, #51, #8137 ),
 .UNSPECIFIED., .F., .F.,
 ( 4, 4 ),
 ( 8.128996951435249474E-05, 1.000000000000000000 ),
 .UNSPECIFIED. ) ;
#3115 = CARTESIAN_POINT ( 'NONE',  ( 2.387930227225488533, 0.3661417996878864600, 2.473060077303394610 ) ) ;
#3116 = CARTESIAN_POINT ( 'NONE',  ( 2.932447530860537110, 0.3966051793289779859, 2.478468142165525023 ) ) ;
#3117 = VECTOR ( 'NONE', #1948, 1000.000000000000000 ) ;
#3118 = ORIENTED_EDGE ( 'NONE', *, *, #7946, .F. ) ;
#3119 = CARTESIAN_POINT ( 'NONE',  ( 3.063678847567167907, 3.523838847722126114E-05, 2.510008384150659300 ) ) ;
#3120 = CARTESIAN_POINT ( 'NONE',  ( 2.387240954316930619, 0.1839021099995038488, 2.493248829273428058 ) ) ;
#3121 = EDGE_CURVE ( 'NONE', #9249, #3043, #9477, .T. ) ;
#3122 = ORIENTED_EDGE ( 'NONE', *, *, #4868, .T. ) ;
#3123 = B_SPLINE_CURVE_WITH_KNOTS ( 'NONE', 3,
 ( #8561, #7805, #4996, #1091 ),
 .UNSPECIFIED., .F., .F.,
 ( 4, 4 ),
 ( 0.000000000000000000, 0.05192186960057623007 ),
 .UNSPECIFIED. ) ;
#3124 = CARTESIAN_POINT ( 'NONE',  ( 2.463722369804626222, -0.1166209756229792255, 2.497278428218356439 ) ) ;
#3125 = ORIENTED_EDGE ( 'NONE', *, *, #1275, .T. ) ;
#3126 = CARTESIAN_POINT ( 'NONE',  ( 3.255844991115442344, -0.03547442350415755397, 2.509749303272549525 ) ) ;
#3127 = FACE_OUTER_BOUND ( 'NONE', #1485, .T. ) ;
#3128 = LINE ( 'NONE', #3840, #8232 ) ;
#3129 = EDGE_CURVE ( 'NONE', #6702, #6080, #5571, .T. ) ;
#3130 = CARTESIAN_POINT ( 'NONE',  ( 2.320065813775426200, -0.1248669049991246865, 2.506893302389854750 ) ) ;
#3131 = VECTOR ( 'NONE', #2334, 1000.000000000000000 ) ;
#3132 = CARTESIAN_POINT ( 'NONE',  ( 2.216578626493900028, 0.000000000000000000, 0.000000000000000000 ) ) ;
#3133 = VERTEX_POINT ( 'NONE', #3169 ) ;
#3134 = ORIENTED_EDGE ( 'NONE', *, *, #8323, .F. ) ;
#3135 = ORIENTED_EDGE ( 'NONE', *, *, #5089, .F. ) ;
#3136 = CARTESIAN_POINT ( 'NONE',  ( 0.8983984868318523054, 0.03050884433207166554, 2.499866703935992529 ) ) ;
#3137 = DIRECTION ( 'NONE',  ( 1.000000000000000000, 0.000000000000000000, 0.000000000000000000 ) ) ;
#3138 = DIRECTION ( 'NONE',  ( 0.000000000000000000, 0.005028731829187268153, 0.9999873558481577884 ) ) ;
#3139 = VERTEX_POINT ( 'NONE', #4572 ) ;
#3140 = CARTESIAN_POINT ( 'NONE',  ( 1.251785577343389022, -0.3269346845369724974, 2.488838498412166533 ) ) ;
#3141 = ORIENTED_EDGE ( 'NONE', *, *, #7835, .F. ) ;
#3142 = EDGE_CURVE ( 'NONE', #6601, #9257, #6948, .T. ) ;
#3143 = CARTESIAN_POINT ( 'NONE',  ( 3.070595498570912518, -0.03805614466516114847, 2.499710329188808977 ) ) ;
#3144 = CARTESIAN_POINT ( 'NONE',  ( 0.8015295460741979072, -0.05326232045152895500, 2.499983167667034767 ) ) ;
#3145 = AXIS2_PLACEMENT_3D ( 'NONE', #7311, #7871, #5834 ) ;
#3146 = DIRECTION ( 'NONE',  ( 0.000000000000000000, 0.000000000000000000, 1.000000000000000000 ) ) ;
#3147 = EDGE_CURVE ( 'NONE', #2333, #6250, #3164, .T. ) ;
#3148 = DIRECTION ( 'NONE',  ( -1.000000000000000000, -0.000000000000000000, -0.000000000000000000 ) ) ;
#3149 = ORIENTED_EDGE ( 'NONE', *, *, #6086, .T. ) ;
#3150 = B_SPLINE_CURVE_WITH_KNOTS ( 'NONE', 3,
 ( #7463, #1601, #4613, #7362 ),
 .UNSPECIFIED., .F., .F.,
 ( 4, 4 ),
 ( 0.000000000000000000, 1.000000000000000000 ),
 .UNSPECIFIED. ) ;
#3151 = CARTESIAN_POINT ( 'NONE',  ( 0.8620261527772710153, -0.1448189065890106431, 2.505818725345942521 ) ) ;
#3152 = CARTESIAN_POINT ( 'NONE',  ( 2.584044793295543929, -0.3114504929935155153, 2.490602053804279681 ) ) ;
#3153 = B_SPLINE_CURVE_WITH_KNOTS ( 'NONE', 3,
 ( #964, #5323, #5995, #185 ),
 .UNSPECIFIED., .F., .F.,
 ( 4, 4 ),
 ( 0.000000000000000000, 1.000000000000000000 ),
 .UNSPECIFIED. ) ;
#3154 = CARTESIAN_POINT ( 'NONE',  ( 2.542451856779942787, -0.1830861253534215582, 2.503313698021698119 ) ) ;
#3155 = DIRECTION ( 'NONE',  ( 0.000000000000000000, 0.000000000000000000, 1.000000000000000000 ) ) ;
#3156 = EDGE_LOOP ( 'NONE', ( #5683, #4647, #7724, #8939, #5894, #2731 ) ) ;
#3157 = CARTESIAN_POINT ( 'NONE',  ( 2.558234890725588517, -0.05684753223574125214, 2.509356164054577842 ) ) ;
#3158 = EDGE_LOOP ( 'NONE', ( #2435, #9281, #8089, #4898 ) ) ;
#3159 = CARTESIAN_POINT ( 'NONE',  ( 2.322046429800451062, -0.05287140571402493966, 2.509443088507452568 ) ) ;
#3160 = EDGE_LOOP ( 'NONE', ( #2545, #4071, #9304, #6452 ) ) ;
#3161 = CARTESIAN_POINT ( 'NONE',  ( 1.161570944305657660, -0.1068421650939858775, 2.507725015179700367 ) ) ;
#3162 = DIRECTION ( 'NONE',  ( -1.000000000000000000, 0.000000000000000000, 0.000000000000000000 ) ) ;
#3163 = DIRECTION ( 'NONE',  ( 0.000000000000000000, 0.000000000000000000, 1.000000000000000000 ) ) ;
#3164 = B_SPLINE_CURVE_WITH_KNOTS ( 'NONE', 1,
 ( #7679, #8344 ),
 .UNSPECIFIED., .F., .F.,
 ( 2, 2 ),
 ( 0.000000000000000000, 1.000000000000000000 ),
 .UNSPECIFIED. ) ;
#3165 = CARTESIAN_POINT ( 'NONE',  ( 2.524455078112829653, -0.1464718062053425585, 2.505735375299535939 ) ) ;
#3166 = CARTESIAN_POINT ( 'NONE',  ( 3.177982023650693488, -0.2298472701587221390, 2.496106570276670045 ) ) ;
#3167 = PLANE ( 'NONE',  #7176 ) ;
#3168 = EDGE_CURVE ( 'NONE', #5622, #1059, #1003, .T. ) ;
#3169 = CARTESIAN_POINT ( 'NONE',  ( 2.578412416475610147, 0.3674986156302331164, 2.472841435982069402 ) ) ;
#3170 = CARTESIAN_POINT ( 'NONE',  ( 3.006796897667030066, -0.2024329120377259816, 2.501823520529198763 ) ) ;
#3171 = ORIENTED_EDGE ( 'NONE', *, *, #1648, .T. ) ;
#3172 = CARTESIAN_POINT ( 'NONE',  ( 2.340738493531563602, -0.1450957507524275603, 2.505803373333923556 ) ) ;
#3173 = ORIENTED_EDGE ( 'NONE', *, *, #1848, .F. ) ;
#3174 = B_SPLINE_SURFACE_WITH_KNOTS ( 'NONE', 1, 3, ( 
 ( #5, #8820, #5248, #1605 ),
 ( #1550, #7518, #2338, #2192 ) ),
 .UNSPECIFIED., .F., .F., .F.,
 ( 2, 2 ),
 ( 4, 4 ),
 ( 0.000000000000000000, 1.000000000000000000 ),
 ( 0.000000000000000000, 1.000000000000000000 ),
 .UNSPECIFIED. ) ;
#3175 = CARTESIAN_POINT ( 'NONE',  ( 2.276368668441867804, -0.1813450223369683645, 2.503440429264017109 ) ) ;
#3176 = CARTESIAN_POINT ( 'NONE',  ( -5.500000000000000000, 5.510910596163087707E-17, -0.4499999999999999001 ) ) ;
#3177 = CARTESIAN_POINT ( 'NONE',  ( 2.608741528037690216, -0.3051822038776213497, 2.491378330925969387 ) ) ;
#3178 =( GEOMETRIC_REPRESENTATION_CONTEXT ( 3 ) GLOBAL_UNCERTAINTY_ASSIGNED_CONTEXT ( ( #3678 ) ) GLOBAL_UNIT_ASSIGNED_CONTEXT ( ( #7396, #2864, #9620 ) ) REPRESENTATION_CONTEXT ( 'NONE', 'WORKASPACE' ) );
#3179 = CARTESIAN_POINT ( 'NONE',  ( 2.603458956619217002, -0.1722736688946303329, 2.504746873441493271 ) ) ;
#3180 = VECTOR ( 'NONE', #9291, 1000.000000000000000 ) ;
#3181 = CARTESIAN_POINT ( 'NONE',  ( 1.647040053532354165, 0.1434753253796929306, 2.502557213888419785 ) ) ;
#3182 = EDGE_CURVE ( 'NONE', #7092, #5956, #7419, .T. ) ;
#3183 = ORIENTED_EDGE ( 'NONE', *, *, #1902, .T. ) ;
#3184 = B_SPLINE_CURVE_WITH_KNOTS ( 'NONE', 3,
 ( #5680, #8617, #8665, #7161 ),
 .UNSPECIFIED., .F., .F.,
 ( 4, 4 ),
 ( 0.000000000000000000, 1.000000000000000000 ),
 .UNSPECIFIED. ) ;
#3185 = CARTESIAN_POINT ( 'NONE',  ( 4.500000000000000000, 3.061616997868383141E-16, -2.500000000000000000 ) ) ;
#3186 = STYLED_ITEM ( 'NONE', ( #3594 ), #5289 ) ;
#3187 = AXIS2_PLACEMENT_3D ( 'NONE', #4599, #90, #3760 ) ;
#3188 = DIRECTION ( 'NONE',  ( -1.000000000000000000, -0.000000000000000000, -0.000000000000000000 ) ) ;
#3189 = CARTESIAN_POINT ( 'NONE',  ( -6.949999999999998401, 0.000000000000000000, -7.500000000000000000 ) ) ;
#3190 = ORIENTED_EDGE ( 'NONE', *, *, #2966, .F. ) ;
#3191 = CARTESIAN_POINT ( 'NONE',  ( 2.425657405583639736, -0.1919850967095921290, 2.492617444101964175 ) ) ;
#3192 = EDGE_LOOP ( 'NONE', ( #3349, #6976, #5184, #7949 ) ) ;
#3193 = CARTESIAN_POINT ( 'NONE',  ( 3.087318205111982738, -0.05734248908398779238, 2.499369799360692035 ) ) ;
#3194 = CARTESIAN_POINT ( 'NONE',  ( 2.503522241353719036, -0.1695744519064342481, 2.504265262559187022 ) ) ;
#3195 = EDGE_CURVE ( 'NONE', #8655, #8661, #1661, .T. ) ;
#3196 = AXIS2_PLACEMENT_3D ( 'NONE', #2328, #8768, #2143 ) ;
#3197 = CARTESIAN_POINT ( 'NONE',  ( 2.211070038175347641, -0.01534155688081586914, 2.509953114429126941 ) ) ;
#3198 = EDGE_CURVE ( 'NONE', #615, #4951, #8443, .T. ) ;
#3199 = CYLINDRICAL_SURFACE ( 'NONE', #8755, 2.510000000000000231 ) ;
#3200 = ORIENTED_EDGE ( 'NONE', *, *, #510, .T. ) ;
#3201 = DIRECTION ( 'NONE',  ( -1.000000000000000000, 0.000000000000000000, 0.000000000000000000 ) ) ;
#3202 = CARTESIAN_POINT ( 'NONE',  ( 2.503520373047568803, -0.1688971046413364485, 2.494288228742575164 ) ) ;
#3203 = CARTESIAN_POINT ( 'NONE',  ( 1.477814136927476651, 0.4602614196377119993, 2.467439930249294644 ) ) ;
#3204 = CARTESIAN_POINT ( 'NONE',  ( 4.500000000000000000, 0.000000000000000000, 0.000000000000000000 ) ) ;
#3205 = EDGE_CURVE ( 'NONE', #418, #3898, #573, .T. ) ;
#3206 = CARTESIAN_POINT ( 'NONE',  ( 2.325295683531771740, -0.2326194228591497715, 2.489154208993579420 ) ) ;
#3207 = ORIENTED_EDGE ( 'NONE', *, *, #8767, .F. ) ;
#3208 = ORIENTED_EDGE ( 'NONE', *, *, #3142, .T. ) ;
#3209 = CARTESIAN_POINT ( 'NONE',  ( 2.584044793295543929, -0.3102096543760115566, 2.480679336458446294 ) ) ;
#3210 = CARTESIAN_POINT ( 'NONE',  ( 2.952625056610553855, 0.3476511202129864975, 2.475709736341208611 ) ) ;
#3211 = ADVANCED_FACE ( 'NONE', ( #8620 ), #9387, .T. ) ;
#3212 = EDGE_CURVE ( 'NONE', #273, #1760, #3505, .T. ) ;
#3213 = FACE_OUTER_BOUND ( 'NONE', #3724, .T. ) ;
#3214 = CARTESIAN_POINT ( 'NONE',  ( 1.161570977141077154, 0.1929042742342178263, 2.492546477195995980 ) ) ;
#3215 = LINE ( 'NONE', #5204, #4237 ) ;
#3216 = EDGE_LOOP ( 'NONE', ( #8249, #7006, #2398, #2113 ) ) ;
#3217 = DIRECTION ( 'NONE',  ( 0.000000000000000000, 0.000000000000000000, 1.000000000000000000 ) ) ;
#3218 = CARTESIAN_POINT ( 'NONE',  ( 3.050136156965489231, -0.1931245587178349876, 2.502562373704664278 ) ) ;
#3219 = ORIENTED_EDGE ( 'NONE', *, *, #2827, .F. ) ;
#3220 = CARTESIAN_POINT ( 'NONE',  ( 2.605387089203105244, -0.2771090577842019176, 2.494707698201700907 ) ) ;
#3221 = ORIENTED_EDGE ( 'NONE', *, *, #9019, .T. ) ;
#3222 = DIRECTION ( 'NONE',  ( 1.000000000000000000, 0.000000000000000000, 0.000000000000000000 ) ) ;
#3223 = CARTESIAN_POINT ( 'NONE',  ( 1.667698327472291409, -0.2309924597405297875, 2.499348411795166314 ) ) ;
#3224 = CARTESIAN_POINT ( 'NONE',  ( 1.886689135367390469, 0.06242498559002629399, 2.499757480451158642 ) ) ;
#3225 = CARTESIAN_POINT ( 'NONE',  ( 2.950108023745687813, 0.3602799983757544733, 2.484015003061740501 ) ) ;
#3226 = CARTESIAN_POINT ( 'NONE',  ( 2.696073387183302028, 0.1827289845411645963, 2.503339792798523700 ) ) ;
#3227 = ORIENTED_EDGE ( 'NONE', *, *, #5603, .F. ) ;
#3228 = ORIENTED_EDGE ( 'NONE', *, *, #920, .F. ) ;
#3229 = CARTESIAN_POINT ( 'NONE',  ( 2.484952097818029948, 0.2631267190535619416, 2.486114303430175809 ) ) ;
#3230 = ADVANCED_FACE ( 'NONE', ( #9247 ), #7189, .F. ) ;
#3231 = CARTESIAN_POINT ( 'NONE',  ( 1.390533354600380633, 0.4590342622972505837, 2.457496194511238574 ) ) ;
#3232 = DIRECTION ( 'NONE',  ( 1.000000000000000000, 0.000000000000000000, 0.000000000000000000 ) ) ;
#3233 = ORIENTED_EDGE ( 'NONE', *, *, #1219, .T. ) ;
#3234 = CARTESIAN_POINT ( 'NONE',  ( 2.542451856779942787, -0.1823566985591848211, 2.493340336674998436 ) ) ;
#3235 = CARTESIAN_POINT ( 'NONE',  ( 2.300445336282767261, -0.2333034775475972544, 2.489090092255441089 ) ) ;
#3236 = FACE_BOUND ( 'NONE', #3082, .T. ) ;
#3237 = CARTESIAN_POINT ( 'NONE',  ( 1.188687444966411766, 2.432139976567886607E-06, 2.500006234410050432 ) ) ;
#3238 = DIRECTION ( 'NONE',  ( 0.000000000000000000, -0.1123819259076827282, 0.9936650857956518257 ) ) ;
#3239 = CARTESIAN_POINT ( 'NONE',  ( 2.214040962212883823, 0.1544588577517892469, 2.495223930083633412 ) ) ;
#3240 = EDGE_CURVE ( 'NONE', #6721, #5320, #8573, .T. ) ;
#3241 = ORIENTED_EDGE ( 'NONE', *, *, #7564, .F. ) ;
#3242 = FACE_OUTER_BOUND ( 'NONE', #5079, .T. ) ;
#3243 = FILL_AREA_STYLE ('',( #9186 ) ) ;
#3244 = CARTESIAN_POINT ( 'NONE',  ( 1.161570944305657660, -0.2403555797318659148, 2.488419015216641217 ) ) ;
#3245 = EDGE_CURVE ( 'NONE', #8180, #1531, #5188, .T. ) ;
#3246 = FILL_AREA_STYLE ('',( #9141 ) ) ;
#3247 = ORIENTED_EDGE ( 'NONE', *, *, #5492, .T. ) ;
#3248 = B_SPLINE_SURFACE_WITH_KNOTS ( 'NONE', 1, 3, ( 
 ( #3411, #1716, #3932, #2551, #3273, #2640 ),
 ( #5509, #3224, #1060, #7043, #6222, #6997 ) ),
 .UNSPECIFIED., .F., .F., .F.,
 ( 2, 2 ),
 ( 4, 2, 4 ),
 ( 0.000000000000000000, 1.000000000000000000 ),
 ( 0.000000000000000000, 0.5000000000000000000, 1.000000000000000000 ),
 .UNSPECIFIED. ) ;
#3249 = CARTESIAN_POINT ( 'NONE',  ( 2.542451856779942787, -0.1823566985591848211, 2.493340336674998436 ) ) ;
#3250 = VERTEX_POINT ( 'NONE', #1993 ) ;
#3251 = CARTESIAN_POINT ( 'NONE',  ( 2.365978148507625001, -0.05380336600667134928, 2.509423453054882458 ) ) ;
#3253 = EDGE_LOOP ( 'NONE', ( #2681, #8873, #1895, #4097 ) ) ;
#3252 = COLOUR_RGB ( '',0.2980392156862745057, 0.2980392156862745057, 0.2980392156862745057 ) ;
#3254 = CARTESIAN_POINT ( 'NONE',  ( 1.188687444966411766, 2.432139976567886607E-06, 2.500006234410050432 ) ) ;
#3255 =( LENGTH_UNIT ( ) NAMED_UNIT ( * ) SI_UNIT ( .MILLI., .METRE. ) );
#3256 = CARTESIAN_POINT ( 'NONE',  ( 1.328474838404014147, -0.03783357158978459256, 2.509786139424458717 ) ) ;
#3257 = CARTESIAN_POINT ( 'NONE',  ( 2.788172032324740535, -0.09312184483735615192, 2.508271979274593555 ) ) ;
#3258 = EDGE_CURVE ( 'NONE', #3073, #2033, #8230, .T. ) ;
#3259 = CARTESIAN_POINT ( 'NONE',  ( 1.163292505442389935, 0.002015321945597773300, 2.509999190931634150 ) ) ;
#3260 = CARTESIAN_POINT ( 'NONE',  ( 2.347856332369579579, 0.4006544853805962259, 2.477816777597651399 ) ) ;
#3261 = CIRCLE ( 'NONE', #8509, 2.500000000000000000 ) ;
#3262 = ORIENTED_EDGE ( 'NONE', *, *, #8644, .T. ) ;
#3263 = CARTESIAN_POINT ( 'NONE',  ( 2.696259069935394770, 0.1544588577518069827, 2.495223930083632080 ) ) ;
#3264 = CARTESIAN_POINT ( 'NONE',  ( 2.387240954248643021, 0.1846377183997074956, 2.503221824593624856 ) ) ;
#3265 = ADVANCED_FACE ( 'NONE', ( #5549 ), #3446, .T. ) ;
#3266 = EDGE_CURVE ( 'NONE', #1763, #8859, #342, .T. ) ;
#3267 = ORIENTED_EDGE ( 'NONE', *, *, #4278, .T. ) ;
#3268 = DIRECTION ( 'NONE',  ( -1.000000000000000000, -0.000000000000000000, -0.000000000000000000 ) ) ;
#3269 = VERTEX_POINT ( 'NONE', #3499 ) ;
#3270 = B_SPLINE_CURVE_WITH_KNOTS ( 'NONE', 3,
 ( #5011, #7170, #1997, #7963 ),
 .UNSPECIFIED., .F., .F.,
 ( 4, 4 ),
 ( 0.7631838888168598345, 1.000000000000000000 ),
 .UNSPECIFIED. ) ;
#3271 = CARTESIAN_POINT ( 'NONE',  ( 4.500000000000000000, 0.000000000000000000, 0.000000000000000000 ) ) ;
#3272 = VECTOR ( 'NONE', #3933, 1000.000000000000114 ) ;
#3273 = CARTESIAN_POINT ( 'NONE',  ( 1.767407403026276080, 0.2205233121940907426, 2.500346848528803179 ) ) ;
#3274 = EDGE_CURVE ( 'NONE', #6992, #322, #539, .T. ) ;
#3275 = CARTESIAN_POINT ( 'NONE',  ( 1.183950746546068578, 0.3928787923059953169, 2.468936259719189952 ) ) ;
#3276 = B_SPLINE_SURFACE_WITH_KNOTS ( 'NONE', 1, 3, ( 
 ( #6506, #1256, #2842, #5796 ),
 ( #9547, #2931, #4185, #7280 ) ),
 .UNSPECIFIED., .F., .F., .F.,
 ( 2, 2 ),
 ( 4, 4 ),
 ( 0.000000000000000000, 1.000000000000000000 ),
 ( 0.000000000000000000, 1.000000000000000000 ),
 .UNSPECIFIED. ) ;
#3277 = VERTEX_POINT ( 'NONE', #767 ) ;
#3278 = CARTESIAN_POINT ( 'NONE',  ( 2.735141740383995046, 0.3945897768434944441, 2.468663424274500251 ) ) ;
#3279 = AXIS2_PLACEMENT_3D ( 'NONE', #5774, #4260, #2721 ) ;
#3280 = DIRECTION ( 'NONE',  ( -1.000000000000000000, -0.000000000000000000, -0.000000000000000000 ) ) ;
#3281 = CARTESIAN_POINT ( 'NONE',  ( 2.758043317024710284, 0.1987461264796885341, 2.502136349620085909 ) ) ;
#3282 = ORIENTED_EDGE ( 'NONE', *, *, #8106, .F. ) ;
#3283 = VECTOR ( 'NONE', #5299, 1000.000000000000000 ) ;
#3284 = CARTESIAN_POINT ( 'NONE',  ( 1.163292472606964667, -0.3443056336409604512, 2.486273040243789811 ) ) ;
#3285 = SURFACE_STYLE_FILL_AREA ( #1976 ) ;
#3286 = SURFACE_STYLE_USAGE ( .BOTH. , #4045 ) ;
#3287 =( NAMED_UNIT ( * ) PLANE_ANGLE_UNIT ( ) SI_UNIT ( $, .RADIAN. ) );
#3288 = ADVANCED_FACE ( 'NONE', ( #7550 ), #821, .T. ) ;
#3289 = B_SPLINE_CURVE_WITH_KNOTS ( 'NONE', 1,
 ( #2956, #5050 ),
 .UNSPECIFIED., .F., .F.,
 ( 2, 2 ),
 ( 0.000000000000000000, 1.000000000000000000 ),
 .UNSPECIFIED. ) ;
#3290 = DIRECTION ( 'NONE',  ( 1.000000000000000000, 0.000000000000000000, 0.000000000000000000 ) ) ;
#3291 = CARTESIAN_POINT ( 'NONE',  ( 3.074066505863726650, -0.004838091033004844610, 2.500012328448459886 ) ) ;
#3292 = VERTEX_POINT ( 'NONE', #6818 ) ;
#3293 = CARTESIAN_POINT ( 'NONE',  ( 1.781318735633162564, 0.008928862086430910255, 2.509984118559685840 ) ) ;
#3294 = ORIENTED_EDGE ( 'NONE', *, *, #4862, .F. ) ;
#3295 = ADVANCED_BREP_SHAPE_REPRESENTATION ( 'DO-201AD_BD5.0-L9.0-P13.00-D1.0', ( #6534, #9604 ), #140 ) ;
#3296 = CARTESIAN_POINT ( 'NONE',  ( 2.989204558813184587, 0.2487250956825431403, 2.497646057146150511 ) ) ;
#3297 = PRESENTATION_LAYER_ASSIGNMENT (  '', '', ( #7456 ) ) ;
#3298 = CARTESIAN_POINT ( 'NONE',  ( 1.228699380670869035, -0.1919516419934514939, 2.492689027231243415 ) ) ;
#3299 = CARTESIAN_POINT ( 'NONE',  ( 2.340411474490683208, -0.2245168284710170326, 2.500028143490171662 ) ) ;
#3300 = ORIENTED_EDGE ( 'NONE', *, *, #6272, .T. ) ;
#3301 = EDGE_CURVE ( 'NONE', #7064, #3583, #2250, .T. ) ;
#3302 = CARTESIAN_POINT ( 'NONE',  ( 2.086353122880867605, 0.000000000000000000, 0.000000000000000000 ) ) ;
#3303 = ORIENTED_EDGE ( 'NONE', *, *, #9047, .F. ) ;
#3304 =( NAMED_UNIT ( * ) SI_UNIT ( $, .STERADIAN. ) SOLID_ANGLE_UNIT ( ) );
#3305 = ORIENTED_EDGE ( 'NONE', *, *, #5354, .F. ) ;
#3306 = CARTESIAN_POINT ( 'NONE',  ( 0.9258999619763664812, 0.2934372732417426799, 2.483316786440894042 ) ) ;
#3307 = CARTESIAN_POINT ( 'NONE',  ( 2.507749633607502915, -0.05307680473420527123, 2.509438760959648018 ) ) ;
#3308 = FACE_OUTER_BOUND ( 'NONE', #5226, .T. ) ;
#3309 = CARTESIAN_POINT ( 'NONE',  ( -4.299999999999998934, 0.000000000000000000, -2.299999999999999822 ) ) ;
#3310 = ORIENTED_EDGE ( 'NONE', *, *, #675, .T. ) ;
#3311 = CARTESIAN_POINT ( 'NONE',  ( 2.503522241353719036, -0.1695744519064342481, 2.504265262559187022 ) ) ;
#3312 = CARTESIAN_POINT ( 'NONE',  ( 1.698586461991372865, 0.2863827932164164647, 2.484062839948112167 ) ) ;
#3313 = EDGE_LOOP ( 'NONE', ( #3968, #6843, #9107, #2727 ) ) ;
#3314 = CARTESIAN_POINT ( 'NONE',  ( 2.251557783091139076, -0.1520905504337171366, 2.495386018869617750 ) ) ;
#3315 = EDGE_CURVE ( 'NONE', #8782, #4074, #4298, .T. ) ;
#3316 = VECTOR ( 'NONE', #750, 1000.000000000000000 ) ;
#3317 = VERTEX_POINT ( 'NONE', #2422 ) ;
#3318 = FACE_OUTER_BOUND ( 'NONE', #8523, .T. ) ;
#3319 = PLANE ( 'NONE',  #2226 ) ;
#3320 = CARTESIAN_POINT ( 'NONE',  ( 2.453695501181130112, 0.1544588577517886918, 2.495223930083632968 ) ) ;
#3321 = CARTESIAN_POINT ( 'NONE',  ( 2.223944042334981219, 0.2705116037016522812, 2.485321603387127265 ) ) ;
#3322 = EDGE_CURVE ( 'NONE', #9145, #3421, #2121, .T. ) ;
#3323 = ORIENTED_EDGE ( 'NONE', *, *, #6627, .T. ) ;
#3324 = CARTESIAN_POINT ( 'NONE',  ( 2.262504160562355260, 0.000000000000000000, 0.000000000000000000 ) ) ;
#3325 = EDGE_CURVE ( 'NONE', #7692, #6440, #4740, .T. ) ;
#3326 = CARTESIAN_POINT ( 'NONE',  ( 1.246649828539320826, 0.4366061413766889054, 2.461977980409220557 ) ) ;
#3327 = CARTESIAN_POINT ( 'NONE',  ( 0.8620261527772710153, -0.1442419388336765584, 2.495835383810699248 ) ) ;
#3328 = ORIENTED_EDGE ( 'NONE', *, *, #4429, .T. ) ;
#3329 = VECTOR ( 'NONE', #1311, 1000.000000000000114 ) ;
#3330 = VERTEX_POINT ( 'NONE', #4645 ) ;
#3331 = CARTESIAN_POINT ( 'NONE',  ( 3.292424493319719758, -0.1359072883614094174, 2.496303108392538661 ) ) ;
#3332 = LINE ( 'NONE', #5472, #2833 ) ;
#3333 = LINE ( 'NONE', #9269, #6817 ) ;
#3334 = ADVANCED_FACE ( 'NONE', ( #5776 ), #2316, .T. ) ;
#3335 = DIRECTION ( 'NONE',  ( -1.334402673828313339E-16, 0.000000000000000000, -1.000000000000000000 ) ) ;
#3336 = B_SPLINE_SURFACE_WITH_KNOTS ( 'NONE', 1, 3, ( 
 ( #382, #7101, #7144, #4844 ),
 ( #5615, #425, #7794, #2748 ) ),
 .UNSPECIFIED., .F., .F., .F.,
 ( 2, 2 ),
 ( 4, 4 ),
 ( 0.000000000000000000, 1.000000000000000000 ),
 ( 0.000000000000000000, 1.000000000000000000 ),
 .UNSPECIFIED. ) ;
#3337 = EDGE_CURVE ( 'NONE', #8792, #5895, #2369, .T. ) ;
#3338 = ORIENTED_EDGE ( 'NONE', *, *, #9470, .T. ) ;
#3339 = B_SPLINE_CURVE_WITH_KNOTS ( 'NONE', 1,
 ( #6092, #4367 ),
 .UNSPECIFIED., .F., .F.,
 ( 2, 2 ),
 ( 0.000000000000000000, 1.000000000000000000 ),
 .UNSPECIFIED. ) ;
#3340 = AXIS2_PLACEMENT_3D ( 'NONE', #7360, #1491, #7407 ) ;
#3341 = AXIS2_PLACEMENT_3D ( 'NONE', #79, #6083, #8159 ) ;
#3342 = CARTESIAN_POINT ( 'NONE',  ( 2.262504160562355260, 0.000000000000000000, 0.000000000000000000 ) ) ;
#3343 = ORIENTED_EDGE ( 'NONE', *, *, #5740, .F. ) ;
#3344 = ORIENTED_EDGE ( 'NONE', *, *, #209, .T. ) ;
#3345 =( NAMED_UNIT ( * ) SI_UNIT ( $, .STERADIAN. ) SOLID_ANGLE_UNIT ( ) );
#3346 = AXIS2_PLACEMENT_3D ( 'NONE', #6658, #2855, #5900 ) ;
#3347 =( GEOMETRIC_REPRESENTATION_CONTEXT ( 3 ) GLOBAL_UNCERTAINTY_ASSIGNED_CONTEXT ( ( #8333 ) ) GLOBAL_UNIT_ASSIGNED_CONTEXT ( ( #9532, #5918, #5240 ) ) REPRESENTATION_CONTEXT ( 'NONE', 'WORKASPACE' ) );
#3348 = CARTESIAN_POINT ( 'NONE',  ( 2.290494482268218945, -0.1537666820537943735, 2.495271713605320407 ) ) ;
#3349 = ORIENTED_EDGE ( 'NONE', *, *, #3506, .F. ) ;
#3350 = EDGE_LOOP ( 'NONE', ( #7229, #2464, #6629, #2625, #7951, #4099, #1380, #8132, #8924, #1492, #6153, #359 ) ) ;
#3351 = CARTESIAN_POINT ( 'NONE',  ( 1.102365364063376596, 0.2190466553533473859, 2.500423720651866688 ) ) ;
#3352 = VERTEX_POINT ( 'NONE', #9083 ) ;
#3353 = CARTESIAN_POINT ( 'NONE',  ( 2.405232302830831337, 0.3908361604155352054, 2.479384418703892923 ) ) ;
#3354 = ORIENTED_EDGE ( 'NONE', *, *, #8005, .F. ) ;
#3355 = ORIENTED_EDGE ( 'NONE', *, *, #6840, .T. ) ;
#3356 = ADVANCED_FACE ( 'NONE', ( #385 ), #7578, .T. ) ;
#3357 = CARTESIAN_POINT ( 'NONE',  ( 2.347856332369579579, 0.3990582523711118101, 2.467944997607222746 ) ) ;
#3358 = B_SPLINE_SURFACE_WITH_KNOTS ( 'NONE', 1, 3, ( 
 ( #744, #2114, #2158, #3695 ),
 ( #1503, #4330, #8195, #7373 ) ),
 .UNSPECIFIED., .F., .F., .F.,
 ( 2, 2 ),
 ( 4, 4 ),
 ( 0.000000000000000000, 1.000000000000000000 ),
 ( 0.000000000000000000, 1.000000000000000000 ),
 .UNSPECIFIED. ) ;
#3359 = DIRECTION ( 'NONE',  ( -1.000000000000000000, -0.000000000000000000, -0.000000000000000000 ) ) ;
#3360 = DIRECTION ( 'NONE',  ( 0.000000000000000000, -0.02413347466858060605, 0.9997087452855561995 ) ) ;
#3361 = B_SPLINE_CURVE_WITH_KNOTS ( 'NONE', 3,
 ( #8235, #1544, #5830, #8042 ),
 .UNSPECIFIED., .F., .F.,
 ( 4, 4 ),
 ( 0.000000000000000000, 1.000000000000000000 ),
 .UNSPECIFIED. ) ;
#3362 = ORIENTED_EDGE ( 'NONE', *, *, #1200, .F. ) ;
#3363 = CARTESIAN_POINT ( 'NONE',  ( 2.965870426274356930, 0.3966051793289779859, 2.478468142165525023 ) ) ;
#3364 = VERTEX_POINT ( 'NONE', #6862 ) ;
#3365 = CARTESIAN_POINT ( 'NONE',  ( 4.500000000000000000, 0.000000000000000000, 2.500000000000000000 ) ) ;
#3366 = ORIENTED_EDGE ( 'NONE', *, *, #3198, .F. ) ;
#3367 = DIRECTION ( 'NONE',  ( 0.000000000000000000, 0.000000000000000000, 1.000000000000000000 ) ) ;
#3368 = CARTESIAN_POINT ( 'NONE',  ( 2.285155462299096385, -0.2015479651663660554, 2.501894965368709922 ) ) ;
#3369 = CARTESIAN_POINT ( 'NONE',  ( 3.070595498570912518, -0.03805614466516114847, 2.499710329188808977 ) ) ;
#3370 = CARTESIAN_POINT ( 'NONE',  ( 1.390533354600380633, 0.4608703993464395854, 2.467326179289283772 ) ) ;
#3371 = ORIENTED_EDGE ( 'NONE', *, *, #7712, .F. ) ;
#3372 = EDGE_CURVE ( 'NONE', #5255, #4536, #1774, .T. ) ;
#3373 = ORIENTED_EDGE ( 'NONE', *, *, #1176, .T. ) ;
#3374 = CARTESIAN_POINT ( 'NONE',  ( 2.777146681011004148, 0.3360905268211300534, 2.477321788583236373 ) ) ;
#3375 = CARTESIAN_POINT ( 'NONE',  ( 2.542105014461127244, -0.1720274573556828945, 2.504122467190845303 ) ) ;
#3376 = CARTESIAN_POINT ( 'NONE',  ( 2.882519502012879098, 0.1764923002807597674, 2.493860020286066348 ) ) ;
#3377 = ORIENTED_EDGE ( 'NONE', *, *, #5354, .T. ) ;
#3378 = CARTESIAN_POINT ( 'NONE',  ( 2.920006787317426689, 0.2822401951981783896, 2.494308496041370393 ) ) ;
#3379 = CARTESIAN_POINT ( 'NONE',  ( 2.490213109133065039, -0.07759539877612810221, 2.508800301755556905 ) ) ;
#3380 = CARTESIAN_POINT ( 'NONE',  ( 2.576865820566344834, -0.3100879118687517311, 2.480493002702161665 ) ) ;
#3381 = CARTESIAN_POINT ( 'NONE',  ( 2.510968313047480471, -0.1907716072656970296, 2.502744189870141245 ) ) ;
#3382 = EDGE_CURVE ( 'NONE', #4327, #1278, #6726, .T. ) ;
#3383 = EDGE_LOOP ( 'NONE', ( #8457, #3629, #3823, #8926 ) ) ;
#3384 = CARTESIAN_POINT ( 'NONE',  ( 0.7931724973578438975, 5.493449919286876637E-06, 2.509996977953914410 ) ) ;
#3385 = EDGE_CURVE ( 'NONE', #3330, #2602, #6490, .T. ) ;
#3386 = EDGE_CURVE ( 'NONE', #7371, #4310, #8894, .T. ) ;
#3387 = CARTESIAN_POINT ( 'NONE',  ( 1.576457688715584338, -0.02725804951578474425, 2.499851395330649595 ) ) ;
#3388 = ORIENTED_EDGE ( 'NONE', *, *, #7564, .T. ) ;
#3389 = DIRECTION ( 'NONE',  ( -1.000000000000000000, -0.000000000000000000, -0.000000000000000000 ) ) ;
#3390 = CARTESIAN_POINT ( 'NONE',  ( 2.815949978287527244, 0.3413774404526047079, 2.486789363809307041 ) ) ;
#3391 = ORIENTED_EDGE ( 'NONE', *, *, #5916, .T. ) ;
#3392 = ORIENTED_EDGE ( 'NONE', *, *, #8990, .F. ) ;
#3393 = CARTESIAN_POINT ( 'NONE',  ( 5.500000000000000000, 0.000000000000000000, -1.000000000000000222 ) ) ;
#3394 = ORIENTED_EDGE ( 'NONE', *, *, #7075, .T. ) ;
#3395 = CARTESIAN_POINT ( 'NONE',  ( 3.269090360780903204, 0.01262211689126004413, 2.509968263178876224 ) ) ;
#3396 = ORIENTED_EDGE ( 'NONE', *, *, #7527, .T. ) ;
#3397 = CARTESIAN_POINT ( 'NONE',  ( 2.457873417440914920, -0.2082010027643582672, 2.491315423423038133 ) ) ;
#3398 = CARTESIAN_POINT ( 'NONE',  ( 2.338200829250268509, 0.1503814369515536209, 2.495472985912767783 ) ) ;
#3399 = CARTESIAN_POINT ( 'NONE',  ( 1.870035935261877391, 0.1101285520041916238, 2.507918127772785777 ) ) ;
#3400 = VERTEX_POINT ( 'NONE', #3197 ) ;
#3401 = EDGE_CURVE ( 'NONE', #1391, #6400, #3907, .T. ) ;
#3402 = PRESENTATION_STYLE_ASSIGNMENT (( #7164 ) ) ;
#3403 = CARTESIAN_POINT ( 'NONE',  ( 2.300445336282767261, -0.2342366914577876380, 2.499046452624462678 ) ) ;
#3404 = ORIENTED_EDGE ( 'NONE', *, *, #2344, .F. ) ;
#3405 = B_SPLINE_CURVE_WITH_KNOTS ( 'NONE', 3,
 ( #6953, #4591, #864, #812 ),
 .UNSPECIFIED., .F., .F.,
 ( 4, 4 ),
 ( 8.769836111895749052E-05, 1.000000000000000000 ),
 .UNSPECIFIED. ) ;
#3406 = ORIENTED_EDGE ( 'NONE', *, *, #8048, .T. ) ;
#3407 = VERTEX_POINT ( 'NONE', #8468 ) ;
#3408 = B_SPLINE_CURVE_WITH_KNOTS ( 'NONE', 3,
 ( #8541, #7090, #3412, #4925 ),
 .UNSPECIFIED., .F., .F.,
 ( 4, 4 ),
 ( 0.000000000000000000, 1.000000000000000000 ),
 .UNSPECIFIED. ) ;
#3409 = CARTESIAN_POINT ( 'NONE',  ( 2.347856332369579579, 0.4006544853805962259, 2.477816777597651399 ) ) ;
#3410 = CARTESIAN_POINT ( 'NONE',  ( 3.023555867989116575, 0.1544588577517139183, 2.495223930083638297 ) ) ;
#3411 = CARTESIAN_POINT ( 'NONE',  ( 1.888053096262113595, 0.01065729627687968945, 2.509977374805611117 ) ) ;
#3412 = CARTESIAN_POINT ( 'NONE',  ( 2.497239537306442880, -0.1642510984395112728, 2.494602826304553655 ) ) ;
#3413 = CARTESIAN_POINT ( 'NONE',  ( 2.793815810038323466, 0.2856903893144536188, 2.493699057421332910 ) ) ;
#3414 = VECTOR ( 'NONE', #1806, 1000.000000000000000 ) ;
#3415 = VERTEX_POINT ( 'NONE', #1026 ) ;
#3416 = EDGE_LOOP ( 'NONE', ( #1044, #3035, #2988, #2125 ) ) ;
#3417 = ADVANCED_FACE ( 'NONE', ( #7703 ), #8553, .T. ) ;
#3418 = DIRECTION ( 'NONE',  ( 1.000000000000000000, 0.000000000000000000, 0.000000000000000000 ) ) ;
#3419 = FACE_OUTER_BOUND ( 'NONE', #8052, .T. ) ;
#3420 = FACE_OUTER_BOUND ( 'NONE', #8958, .T. ) ;
#3421 = VERTEX_POINT ( 'NONE', #7654 ) ;
#3422 = CARTESIAN_POINT ( 'NONE',  ( 2.725966299685445460, 0.3670901966912981096, 2.472902132714367429 ) ) ;
#3423 = CARTESIAN_POINT ( 'NONE',  ( 2.787676527381199421, 0.2281505577991914668, 2.499691168833500843 ) ) ;
#3424 = B_SPLINE_CURVE_WITH_KNOTS ( 'NONE', 1,
 ( #802, #3032 ),
 .UNSPECIFIED., .F., .F.,
 ( 2, 2 ),
 ( 0.000000000000000000, 1.000000000000000000 ),
 .UNSPECIFIED. ) ;
#3425 =( NAMED_UNIT ( * ) SI_UNIT ( $, .STERADIAN. ) SOLID_ANGLE_UNIT ( ) );
#3426 = CARTESIAN_POINT ( 'NONE',  ( 2.638573628220701739, -0.1919272556824055398, 2.502655914462196929 ) ) ;
#3427 = PRESENTATION_LAYER_ASSIGNMENT (  '', '', ( #5602 ) ) ;
#3428 = VERTEX_POINT ( 'NONE', #4896 ) ;
#3429 = CARTESIAN_POINT ( 'NONE',  ( 2.920006786456326164, 0.2811157298874633614, 2.484371012230569775 ) ) ;
#3430 = B_SPLINE_SURFACE_WITH_KNOTS ( 'NONE', 1, 3, ( 
 ( #3666, #6468, #8118, #2131, #8703, #575 ),
 ( #5905, #9421, #9560, #1373, #7245, #8844 ) ),
 .UNSPECIFIED., .F., .F., .F.,
 ( 2, 2 ),
 ( 4, 2, 4 ),
 ( 0.000000000000000000, 1.000000000000000000 ),
 ( 0.000000000000000000, 0.5000000000000000000, 1.000000000000000000 ),
 .UNSPECIFIED. ) ;
#3431 = VECTOR ( 'NONE', #1677, 1000.000000000000000 ) ;
#3432 = CARTESIAN_POINT ( 'NONE',  ( 2.696259069935394770, 0.1544588577518069827, 2.495223930083632080 ) ) ;
#3433 = EDGE_CURVE ( 'NONE', #6891, #4015, #340, .T. ) ;
#3434 = ORIENTED_EDGE ( 'NONE', *, *, #7657, .T. ) ;
#3435 = CARTESIAN_POINT ( 'NONE',  ( 2.509781281173834255, -0.1947344636599402656, 2.502436600687265145 ) ) ;
#3436 = ADVANCED_FACE ( 'NONE', ( #6960 ), #976, .T. ) ;
#3437 = FACE_OUTER_BOUND ( 'NONE', #9622, .T. ) ;
#3438 = ORIENTED_EDGE ( 'NONE', *, *, #6331, .T. ) ;
#3439 = CARTESIAN_POINT ( 'NONE',  ( 2.347856332369579579, 0.3990582523711118101, 2.467944997607222746 ) ) ;
#3440 = ADVANCED_FACE ( 'NONE', ( #7845 ), #1788, .T. ) ;
#3441 = VERTEX_POINT ( 'NONE', #6915 ) ;
#3442 = CARTESIAN_POINT ( 'NONE',  ( 1.001469545846966236, -0.1120221775831970329, 2.507498959467285626 ) ) ;
#3443 = CARTESIAN_POINT ( 'NONE',  ( 2.638573628220663991, -0.1919272556822601006, 2.502655914462207587 ) ) ;
#3444 = DIRECTION ( 'NONE',  ( 1.000000000000000000, 0.000000000000000000, 8.340016711426955288E-17 ) ) ;
#3445 = ORIENTED_EDGE ( 'NONE', *, *, #6220, .T. ) ;
#3446 = CYLINDRICAL_SURFACE ( 'NONE', #7182, 2.500000000000000000 ) ;
#3447 = B_SPLINE_CURVE_WITH_KNOTS ( 'NONE', 3,
 ( #2908, #4394, #1477, #7343 ),
 .UNSPECIFIED., .F., .F.,
 ( 4, 4 ),
 ( 0.000000000000000000, 1.000000000000000000 ),
 .UNSPECIFIED. ) ;
#3448 = CARTESIAN_POINT ( 'NONE',  ( 2.426433948746390623, -0.08630273133542185060, 2.498567597837573651 ) ) ;
#3449 = VERTEX_POINT ( 'NONE', #9271 ) ;
#3450 = CARTESIAN_POINT ( 'NONE',  ( 4.500000000000000000, 0.000000000000000000, 0.000000000000000000 ) ) ;
#3451 = EDGE_LOOP ( 'NONE', ( #4207, #5932, #256, #6333 ) ) ;
#3452 = PRESENTATION_LAYER_ASSIGNMENT (  '', '', ( #1114 ) ) ;
#3453 = CARTESIAN_POINT ( 'NONE',  ( 4.500000000000000000, 0.1827289845411645963, 2.503339792798523700 ) ) ;
#3454 = CARTESIAN_POINT ( 'NONE',  ( 2.086353122880875599, 0.000000000000000000, 0.000000000000000000 ) ) ;
#3455 = ADVANCED_FACE ( 'NONE', ( #6142 ), #3999, .F. ) ;
#3456 = CARTESIAN_POINT ( 'NONE',  ( 2.641451710881328019, -0.2014260269099943379, 2.501904785495094430 ) ) ;
#3457 = FACE_OUTER_BOUND ( 'NONE', #6922, .T. ) ;
#3458 = CARTESIAN_POINT ( 'NONE',  ( 2.621186619276883789, -0.2948924044137620215, 2.482547708070510062 ) ) ;
#3459 = ORIENTED_EDGE ( 'NONE', *, *, #2749, .T. ) ;
#3460 = ORIENTED_EDGE ( 'NONE', *, *, #6719, .T. ) ;
#3461 = B_SPLINE_CURVE_WITH_KNOTS ( 'NONE', 3,
 ( #193, #4539, #3811, #8368 ),
 .UNSPECIFIED., .F., .F.,
 ( 4, 4 ),
 ( 0.000000000000000000, 1.000000000000000000 ),
 .UNSPECIFIED. ) ;
#3462 = SURFACE_STYLE_USAGE ( .BOTH. , #2784 ) ;
#3463 = DIRECTION ( 'NONE',  ( 1.000000000000000000, 0.000000000000000000, 0.000000000000000000 ) ) ;
#3464 = CARTESIAN_POINT ( 'NONE',  ( 2.480877469905752974, -0.07783393659619131100, 2.508792923951410181 ) ) ;
#3465 = ORIENTED_EDGE ( 'NONE', *, *, #4383, .T. ) ;
#3466 = ORIENTED_EDGE ( 'NONE', *, *, #3618, .T. ) ;
#3467 = CARTESIAN_POINT ( 'NONE',  ( 2.907937407556844267, 0.2477341590463576770, 2.487695276041982151 ) ) ;
#3468 = ADVANCED_FACE ( 'NONE', ( #6189 ), #9134, .T. ) ;
#3469 = CARTESIAN_POINT ( 'NONE',  ( -6.949999999999999289, 0.000000000000000000, -1.000000000000000000 ) ) ;
#3470 = B_SPLINE_CURVE_WITH_KNOTS ( 'NONE', 1,
 ( #9176, #3379 ),
 .UNSPECIFIED., .F., .F.,
 ( 2, 2 ),
 ( 0.000000000000000000, 1.000000000000000000 ),
 .UNSPECIFIED. ) ;
#3471 = CARTESIAN_POINT ( 'NONE',  ( 1.507959314714496291, 0.3375718718092537429, 2.487532773044681900 ) ) ;
#3472 = AXIS2_PLACEMENT_3D ( 'NONE', #5690, #5103, #7171 ) ;
#3473 = CARTESIAN_POINT ( 'NONE',  ( 2.348165803623886383, 0.3726562069317834736, 2.482181973876052439 ) ) ;
#3474 = CARTESIAN_POINT ( 'NONE',  ( 2.948292459056874648, 0.3658949904493548066, 2.483187640103757143 ) ) ;
#3475 = MECHANICAL_DESIGN_GEOMETRIC_PRESENTATION_REPRESENTATION (  '', ( #8422 ), #7961 ) ;
#3476 = CARTESIAN_POINT ( 'NONE',  ( 1.886689135367390469, 0.06242498559002629399, 2.499757480451158642 ) ) ;
#3477 = VERTEX_POINT ( 'NONE', #1221 ) ;
#3478 = LINE ( 'NONE', #6466, #5580 ) ;
#3479 = ADVANCED_FACE ( 'NONE', ( #6566 ), #7431, .T. ) ;
#3480 = DIRECTION ( 'NONE',  ( 0.000000000000000000, 0.000000000000000000, 1.000000000000000000 ) ) ;
#3481 = DIRECTION ( 'NONE',  ( -2.428612866367529932E-15, 0.1469994462520932410, 0.9891365743928277610 ) ) ;
#3482 = ORIENTED_EDGE ( 'NONE', *, *, #2276, .T. ) ;
#3483 = EDGE_CURVE ( 'NONE', #4683, #1598, #6283, .T. ) ;
#3484 = B_SPLINE_SURFACE_WITH_KNOTS ( 'NONE', 1, 3, ( 
 ( #4283, #6646, #9598, #2983 ),
 ( #2116, #4229, #6507, #5074 ) ),
 .UNSPECIFIED., .F., .F., .F.,
 ( 2, 2 ),
 ( 4, 4 ),
 ( 0.000000000000000000, 1.000000000000000000 ),
 ( 0.000000000000000000, 1.000000000000000000 ),
 .UNSPECIFIED. ) ;
#3485 = B_SPLINE_CURVE_WITH_KNOTS ( 'NONE', 3,
 ( #7129, #3548, #6492, #4966 ),
 .UNSPECIFIED., .F., .F.,
 ( 4, 4 ),
 ( 0.000000000000000000, 1.000000000000000000 ),
 .UNSPECIFIED. ) ;
#3486 = ORIENTED_EDGE ( 'NONE', *, *, #2562, .F. ) ;
#3487 = CARTESIAN_POINT ( 'NONE',  ( 1.392254850066266370, 0.3571362102707448805, 2.474359255911204869 ) ) ;
#3488 = ORIENTED_EDGE ( 'NONE', *, *, #5790, .F. ) ;
#3489 = CARTESIAN_POINT ( 'NONE',  ( 2.327245546864423531, -0.1469154922194111923, 2.505697340231658909 ) ) ;
#3490 = AXIS2_PLACEMENT_3D ( 'NONE', #5721, #8522, #7807 ) ;
#3491 = VECTOR ( 'NONE', #3570, 1000.000000000000000 ) ;
#3492 = VERTEX_POINT ( 'NONE', #2852 ) ;
#3493 = DIRECTION ( 'NONE',  ( -1.000000000000000000, -0.000000000000000000, -0.000000000000000000 ) ) ;
#3494 = DIRECTION ( 'NONE',  ( 1.000000000000000000, 0.000000000000000000, 0.000000000000000000 ) ) ;
#3495 = LINE ( 'NONE', #5633, #2380 ) ;
#3496 =( LENGTH_UNIT ( ) NAMED_UNIT ( * ) SI_UNIT ( .MILLI., .METRE. ) );
#3497 = EDGE_CURVE ( 'NONE', #4062, #4571, #9468, .T. ) ;
#3498 = VECTOR ( 'NONE', #2094, 1000.000000000000000 ) ;
#3499 = CARTESIAN_POINT ( 'NONE',  ( 2.964137387253224620, -0.2017340161659217090, 2.491847384315815095 ) ) ;
#3500 = CARTESIAN_POINT ( 'NONE',  ( 2.251557783091139076, -0.1520905504337171366, 2.495386018869617750 ) ) ;
#3501 = ORIENTED_EDGE ( 'NONE', *, *, #6225, .T. ) ;
#3502 = CARTESIAN_POINT ( 'NONE',  ( 3.332168035664534678, -0.1530386746769668849, 2.496484412671833297 ) ) ;
#3503 = ADVANCED_FACE ( 'NONE', ( #2068 ), #9516, .T. ) ;
#3504 = ORIENTED_EDGE ( 'NONE', *, *, #3844, .T. ) ;
#3505 = B_SPLINE_CURVE_WITH_KNOTS ( 'NONE', 1,
 ( #6342, #4821 ),
 .UNSPECIFIED., .F., .F.,
 ( 2, 2 ),
 ( 0.000000000000000000, 1.000000000000000000 ),
 .UNSPECIFIED. ) ;
#3506 = EDGE_CURVE ( 'NONE', #6654, #6655, #1978, .T. ) ;
#3507 = CARTESIAN_POINT ( 'NONE',  ( 2.629660856110518363, 0.000000000000000000, 0.000000000000000000 ) ) ;
#3508 = CARTESIAN_POINT ( 'NONE',  ( 2.471768622405012827, -0.1534557579717771292, 2.495285821373036228 ) ) ;
#3509 = DIRECTION ( 'NONE',  ( -1.000000000000000000, -0.000000000000000000, -0.000000000000000000 ) ) ;
#3510 = DIRECTION ( 'NONE',  ( 0.000000000000000000, 0.000000000000000000, 1.000000000000000000 ) ) ;
#3511 = CARTESIAN_POINT ( 'NONE',  ( 2.302983000563780802, -0.1267595933021929688, 2.496784332998319478 ) ) ;
#3512 = ORIENTED_EDGE ( 'NONE', *, *, #1165, .F. ) ;
#3513 =( LENGTH_UNIT ( ) NAMED_UNIT ( * ) SI_UNIT ( .MILLI., .METRE. ) );
#3514 = CARTESIAN_POINT ( 'NONE',  ( 2.354231440198708114, 0.000000000000000000, 0.000000000000000000 ) ) ;
#3515 = ORIENTED_EDGE ( 'NONE', *, *, #9473, .F. ) ;
#3516 = EDGE_LOOP ( 'NONE', ( #6119, #9382, #8003, #1019, #8380, #8286 ) ) ;
#3517 = CARTESIAN_POINT ( 'NONE',  ( 3.093496371354855778, -0.01956709849936934947, 2.509923729649233159 ) ) ;
#3518 = CARTESIAN_POINT ( 'NONE',  ( 1.691518092151656827, -0.1227397947187701122, 2.506999110874683634 ) ) ;
#3519 = CARTESIAN_POINT ( 'NONE',  ( 2.319199294265130273, -0.07759539877612810221, 2.508800301755557349 ) ) ;
#3520 = DIRECTION ( 'NONE',  ( -1.000000000000000000, -0.000000000000000000, -0.000000000000000000 ) ) ;
#3521 = CARTESIAN_POINT ( 'NONE',  ( 1.161570944305657660, -0.1068421650939858775, 2.507725015179700367 ) ) ;
#3522 = B_SPLINE_CURVE_WITH_KNOTS ( 'NONE', 3,
 ( #234, #4830, #3225, #7045 ),
 .UNSPECIFIED., .F., .F.,
 ( 4, 4 ),
 ( 0.000000000000000000, 1.000000000000000000 ),
 .UNSPECIFIED. ) ;
#3523 = ORIENTED_EDGE ( 'NONE', *, *, #9369, .F. ) ;
#3524 = PRESENTATION_STYLE_ASSIGNMENT (( #7145 ) ) ;
#3525 = EDGE_CURVE ( 'NONE', #3868, #954, #5239, .T. ) ;
#3526 = ORIENTED_EDGE ( 'NONE', *, *, #3258, .F. ) ;
#3527 = CARTESIAN_POINT ( 'NONE',  ( 2.260461650287735935, -0.2206217427915787010, 2.500285193054506028 ) ) ;
#3528 = CARTESIAN_POINT ( 'NONE',  ( 3.087318205111982738, -0.05757185904032374041, 2.509367278558134906 ) ) ;
#3529 = CARTESIAN_POINT ( 'NONE',  ( 3.080366615518488782, -0.04700420871985995508, 2.499574101876323340 ) ) ;
#3530 = CARTESIAN_POINT ( 'NONE',  ( 2.522951374024337223, -0.2205004460482446749, 2.500295893147954196 ) ) ;
#3531 = VERTEX_POINT ( 'NONE', #7890 ) ;
#3532 = EDGE_CURVE ( 'NONE', #806, #7821, #568, .T. ) ;
#3533 = CARTESIAN_POINT ( 'NONE',  ( 1.001469469033490434, -0.1115760738288171794, 2.497508914848743267 ) ) ;
#3534 = ORIENTED_EDGE ( 'NONE', *, *, #2315, .F. ) ;
#3535 = DIRECTION ( 'NONE',  ( 1.000000000000000000, 0.000000000000000000, 0.000000000000000000 ) ) ;
#3536 = EDGE_LOOP ( 'NONE', ( #3526, #7827, #3883, #47 ) ) ;
#3537 = DIRECTION ( 'NONE',  ( 1.000000000000000000, 0.000000000000000000, 0.000000000000000000 ) ) ;
#3538 = EDGE_CURVE ( 'NONE', #6347, #1092, #8358, .T. ) ;
#3539 = CARTESIAN_POINT ( 'NONE',  ( 1.599086317491486886, 0.2563158435842093352, 2.497213698091511169 ) ) ;
#3540 = B_SPLINE_CURVE_WITH_KNOTS ( 'NONE', 3,
 ( #8024, #5704, #7325, #5847, #6509, #1314 ),
 .UNSPECIFIED., .F., .F.,
 ( 4, 2, 4 ),
 ( 0.000000000000000000, 0.5000000000000000000, 1.000000000000000000 ),
 .UNSPECIFIED. ) ;
#3541 = EDGE_LOOP ( 'NONE', ( #6081, #5469, #1687, #6304, #6056, #9535, #9594, #3227, #5970, #1056, #7617, #898, #178, #8488, #8793, #5611, #2496, #825, #6325, #685, #3965, #832, #6463, #2606, #5210, #8998, #1068, #3728, #531, #1464, #8978, #4339, #6476, #2044, #4428, #4800, #4214, #5123, #3362, #4312, #3200, #4430, #9185, #170, #1036, #99, #7260, #6024, #4012, #9026, #2679, #5946, #3125, #7971, #6453, #4574, #4329, #8363, #4852, #7715, #1709, #3173 ) ) ;
#3542 = CARTESIAN_POINT ( 'NONE',  ( 1.566128584581046645, -0.2300721710563045641, 2.489390848401560330 ) ) ;
#3543 = DIRECTION ( 'NONE',  ( 0.000000000000000000, 0.000000000000000000, -1.000000000000000000 ) ) ;
#3544 = ORIENTED_EDGE ( 'NONE', *, *, #969, .T. ) ;
#3545 = CARTESIAN_POINT ( 'NONE',  ( 1.180667840652205314, -0.1074762820825839876, 2.507697998488646274 ) ) ;
#3546 = VERTEX_POINT ( 'NONE', #8748 ) ;
#3547 = ADVANCED_FACE ( 'NONE', ( #1320 ), #7937, .F. ) ;
#3548 = CARTESIAN_POINT ( 'NONE',  ( 1.729205207782311460, -0.2242234836204078374, 2.489931390364695574 ) ) ;
#3549 = CARTESIAN_POINT ( 'NONE',  ( 0.7902853920440044977, 0.1203755047299590319, 2.508290682265945204 ) ) ;
#3550 = CARTESIAN_POINT ( 'NONE',  ( -4.500000000000000000, 0.000000000000000000, 0.000000000000000000 ) ) ;
#3551 = B_SPLINE_CURVE_WITH_KNOTS ( 'NONE', 3,
 ( #3260, #2494, #8390, #4719 ),
 .UNSPECIFIED., .F., .F.,
 ( 4, 4 ),
 ( 0.000000000000000000, 1.000000000000000000 ),
 .UNSPECIFIED. ) ;
#3552 = CARTESIAN_POINT ( 'NONE',  ( 2.509621702480902883, -0.2283930357550861545, 2.489561044737154116 ) ) ;
#3553 = CARTESIAN_POINT ( 'NONE',  ( 1.328474611306473596, -0.03768295886208104101, 2.499786990124729602 ) ) ;
#3554 = ORIENTED_EDGE ( 'NONE', *, *, #8860, .F. ) ;
#3555 = EDGE_CURVE ( 'NONE', #2870, #9145, #8691, .T. ) ;
#3556 = CARTESIAN_POINT ( 'NONE',  ( 2.262504160562355260, 0.000000000000000000, 0.000000000000000000 ) ) ;
#3557 = ORIENTED_EDGE ( 'NONE', *, *, #1489, .T. ) ;
#3558 = VERTEX_POINT ( 'NONE', #4145 ) ;
#3559 = CARTESIAN_POINT ( 'NONE',  ( 2.490213109133065039, -0.07728625376108376466, 2.498805081429837927 ) ) ;
#3560 = CARTESIAN_POINT ( 'NONE',  ( 2.223944042334981663, 0.2715936501164588623, 2.495262889800675676 ) ) ;
#3561 = CARTESIAN_POINT ( 'NONE',  ( 2.472573247664885177, -0.2333034775475972544, 2.489090092255441089 ) ) ;
#3562 = COLOUR_RGB ( '',0.2980392156862745057, 0.2980392156862745057, 0.2980392156862745057 ) ;
#3563 = DIRECTION ( 'NONE',  ( 0.000000000000000000, 0.000000000000000000, 1.000000000000000000 ) ) ;
#3564 = CARTESIAN_POINT ( 'NONE',  ( 2.629660856110518363, 0.1550766931828142237, 2.505204825803966973 ) ) ;
#3565 = CARTESIAN_POINT ( 'NONE',  ( 2.532301199654241497, -0.1538264215081688591, 2.495262998572694180 ) ) ;
#3566 = B_SPLINE_SURFACE_WITH_KNOTS ( 'NONE', 1, 3, ( 
 ( #102, #4456, #4408, #6731 ),
 ( #8770, #2920, #2186, #2964 ) ),
 .UNSPECIFIED., .F., .F., .F.,
 ( 2, 2 ),
 ( 4, 4 ),
 ( 0.000000000000000000, 1.000000000000000000 ),
 ( 0.000000000000000000, 1.000000000000000000 ),
 .UNSPECIFIED. ) ;
#3567 = ORIENTED_EDGE ( 'NONE', *, *, #9114, .T. ) ;
#3568 = ORIENTED_EDGE ( 'NONE', *, *, #2023, .T. ) ;
#3569 = ORIENTED_EDGE ( 'NONE', *, *, #7314, .F. ) ;
#3570 = DIRECTION ( 'NONE',  ( 1.000000000000000000, 0.000000000000000000, 0.000000000000000000 ) ) ;
#3571 = AXIS2_PLACEMENT_3D ( 'NONE', #6185, #1682, #3757 ) ;
#3572 = B_SPLINE_CURVE_WITH_KNOTS ( 'NONE', 1,
 ( #9081, #5474 ),
 .UNSPECIFIED., .F., .F.,
 ( 2, 2 ),
 ( 0.000000000000000000, 1.000000000000000000 ),
 .UNSPECIFIED. ) ;
#3573 = FACE_OUTER_BOUND ( 'NONE', #8432, .T. ) ;
#3574 = CARTESIAN_POINT ( 'NONE',  ( 2.308305906130250662, -0.2093535025683832262, 2.501253907735548232 ) ) ;
#3575 = CARTESIAN_POINT ( 'NONE',  ( 2.300273772611016732, -0.1502243795779814040, 2.495483316931662365 ) ) ;
#3576 = CARTESIAN_POINT ( 'NONE',  ( 4.500000000000000000, -0.09312184483735615192, 2.508271979274593555 ) ) ;
#3577 = CARTESIAN_POINT ( 'NONE',  ( 2.484952097818117878, 0.000000000000000000, 0.000000000000000000 ) ) ;
#3578 = EDGE_CURVE ( 'NONE', #7692, #5066, #9317, .T. ) ;
#3579 = B_SPLINE_CURVE_WITH_KNOTS ( 'NONE', 3,
 ( #674, #3668, #3443, #8616 ),
 .UNSPECIFIED., .F., .F.,
 ( 4, 4 ),
 ( 0.000000000000000000, 1.000000000000000000 ),
 .UNSPECIFIED. ) ;
#3580 = B_SPLINE_CURVE_WITH_KNOTS ( 'NONE', 1,
 ( #8172, #9565 ),
 .UNSPECIFIED., .F., .F.,
 ( 2, 2 ),
 ( 0.000000000000000000, 1.000000000000000000 ),
 .UNSPECIFIED. ) ;
#3581 = FACE_OUTER_BOUND ( 'NONE', #9010, .T. ) ;
#3582 = MECHANICAL_DESIGN_GEOMETRIC_PRESENTATION_REPRESENTATION (  '', ( #7923 ), #2820 ) ;
#3583 = VERTEX_POINT ( 'NONE', #3750 ) ;
#3584 = FACE_OUTER_BOUND ( 'NONE', #5372, .T. ) ;
#3585 = CARTESIAN_POINT ( 'NONE',  ( 2.280515387535539507, 0.2035993831601810300, 2.491695665842198260 ) ) ;
#3586 = AXIS2_PLACEMENT_3D ( 'NONE', #7486, #5944, #3705 ) ;
#3587 = EDGE_CURVE ( 'NONE', #2840, #3531, #2262, .T. ) ;
#3588 = PRESENTATION_STYLE_ASSIGNMENT (( #491 ) ) ;
#3589 = B_SPLINE_CURVE_WITH_KNOTS ( 'NONE', 1,
 ( #1789, #5429 ),
 .UNSPECIFIED., .F., .F.,
 ( 2, 2 ),
 ( 0.000000000000000000, 1.000000000000000000 ),
 .UNSPECIFIED. ) ;
#3590 = CARTESIAN_POINT ( 'NONE',  ( 2.117609719517861588, 0.3950250790129175571, 2.468593767097137626 ) ) ;
#3591 =( GEOMETRIC_REPRESENTATION_CONTEXT ( 3 ) GLOBAL_UNCERTAINTY_ASSIGNED_CONTEXT ( ( #5057 ) ) GLOBAL_UNIT_ASSIGNED_CONTEXT ( ( #4745, #9128, #1021 ) ) REPRESENTATION_CONTEXT ( 'NONE', 'WORKASPACE' ) );
#3592 = UNCERTAINTY_MEASURE_WITH_UNIT (LENGTH_MEASURE( 1.000000000000000082E-05 ), #5332, 'distance_accuracy_value', 'NONE');
#3593 = VERTEX_POINT ( 'NONE', #2939 ) ;
#3594 = PRESENTATION_STYLE_ASSIGNMENT (( #6392 ) ) ;
#3595 = ORIENTED_EDGE ( 'NONE', *, *, #8048, .F. ) ;
#3596 = DIRECTION ( 'NONE',  ( 0.000000000000000000, 0.1162738322918425160, 0.9932171947384763611 ) ) ;
#3597 = CARTESIAN_POINT ( 'NONE',  ( 2.262467360861463828, 0.2249840605017715545, 2.499981626751149655 ) ) ;
#3598 = CARTESIAN_POINT ( 'NONE',  ( 1.022360009362325073, 0.2188903778408645973, 2.500437440587440108 ) ) ;
#3599 = CARTESIAN_POINT ( 'NONE',  ( 2.522955167788405895, -0.2204979398983341887, 2.500296114163398364 ) ) ;
#3600 = CARTESIAN_POINT ( 'NONE',  ( 1.624666460203585627, 0.3722389961908533218, 2.482244574919003632 ) ) ;
#3601 = AXIS2_PLACEMENT_3D ( 'NONE', #1962, #3509, #8774 ) ;
#3602 = ORIENTED_EDGE ( 'NONE', *, *, #4084, .F. ) ;
#3603 = EDGE_CURVE ( 'NONE', #8792, #1802, #5706, .T. ) ;
#3604 = CARTESIAN_POINT ( 'NONE',  ( 2.756915435686840166, 0.000000000000000000, 0.000000000000000000 ) ) ;
#3605 = CARTESIAN_POINT ( 'NONE',  ( 2.457100008118129342, -0.1009411975190391136, 2.507969472430520597 ) ) ;
#3606 = ORIENTED_EDGE ( 'NONE', *, *, #146, .F. ) ;
#3607 = LINE ( 'NONE', #8595, #8983 ) ;
#3608 = ORIENTED_EDGE ( 'NONE', *, *, #3769, .T. ) ;
#3609 = CARTESIAN_POINT ( 'NONE',  ( 1.070330338384372082, 0.2195139210043760836, 2.500382698405442916 ) ) ;
#3610 = LINE ( 'NONE', #9548, #6260 ) ;
#3611 = EDGE_CURVE ( 'NONE', #9235, #2200, #5992, .T. ) ;
#3612 = CARTESIAN_POINT ( 'NONE',  ( 1.090835300867074142, 0.3200873215203106081, 2.479425125138426722 ) ) ;
#3613 = CARTESIAN_POINT ( 'NONE',  ( 2.791859127935935714, 0.2497954049621251560, 2.487510684906373282 ) ) ;
#3614 = DIRECTION ( 'NONE',  ( 1.000000000000000000, 0.000000000000000000, 0.000000000000000000 ) ) ;
#3615 = ORIENTED_EDGE ( 'NONE', *, *, #4433, .T. ) ;
#3616 = AXIS2_PLACEMENT_3D ( 'NONE', #946, #3359, #9200 ) ;
#3617 = ORIENTED_EDGE ( 'NONE', *, *, #8588, .T. ) ;
#3618 = EDGE_CURVE ( 'NONE', #4239, #8850, #5896, .T. ) ;
#3619 = VERTEX_POINT ( 'NONE', #4432 ) ;
#3620 = CARTESIAN_POINT ( 'NONE',  ( 2.348165803623886383, 0.3711715208483898909, 2.472292802665390976 ) ) ;
#3621 = CARTESIAN_POINT ( 'NONE',  ( 2.453595538336506010, -0.1465602635357504679, 2.505728774682061122 ) ) ;
#3622 = EDGE_LOOP ( 'NONE', ( #5978, #3013, #7791, #1101 ) ) ;
#3623 = CIRCLE ( 'NONE', #5018, 2.500000000000000000 ) ;
#3624 = EDGE_CURVE ( 'NONE', #7710, #3364, #4895, .T. ) ;
#3625 = CARTESIAN_POINT ( 'NONE',  ( 3.023555867989116130, 0.1544588577517139183, 2.495223930083638297 ) ) ;
#3626 = DIRECTION ( 'NONE',  ( 1.000000000000000000, 0.000000000000000000, -1.509973174694306569E-16 ) ) ;
#3627 = LINE ( 'NONE', #2215, #9488 ) ;
#3628 = CIRCLE ( 'NONE', #793, 0.4499999999999999001 ) ;
#3629 = ORIENTED_EDGE ( 'NONE', *, *, #2613, .T. ) ;
#3630 = CARTESIAN_POINT ( 'NONE',  ( 2.612007865565729503, -0.3037217064795881827, 2.491558104178470678 ) ) ;
#3631 = PLANE ( 'NONE',  #1892 ) ;
#3632 = VECTOR ( 'NONE', #4979, 1000.000000000000000 ) ;
#3633 = CARTESIAN_POINT ( 'NONE',  ( 1.633267892796018472, 0.1436661170357829143, 2.505885082523909624 ) ) ;
#3634 = CARTESIAN_POINT ( 'NONE',  ( 4.500000000000000000, 0.1550766931828142237, 2.505204825803966973 ) ) ;
#3635 = ORIENTED_EDGE ( 'NONE', *, *, #2193, .F. ) ;
#3636 = CARTESIAN_POINT ( 'NONE',  ( 2.276672145415901127, -0.1724552312859374270, 2.504084411240944164 ) ) ;
#3637 = EDGE_CURVE ( 'NONE', #3400, #6971, #4570, .T. ) ;
#3638 = ORIENTED_EDGE ( 'NONE', *, *, #6803, .F. ) ;
#3639 = B_SPLINE_CURVE_WITH_KNOTS ( 'NONE', 3,
 ( #1095, #7027, #356, #3357 ),
 .UNSPECIFIED., .F., .F.,
 ( 4, 4 ),
 ( 0.000000000000000000, 1.000000000000000000 ),
 .UNSPECIFIED. ) ;
#3640 = CARTESIAN_POINT ( 'NONE',  ( 3.083710430211179077, -0.01121473022114784744, 2.509988824590127621 ) ) ;
#3641 = VERTEX_POINT ( 'NONE', #2304 ) ;
#3642 = DIRECTION ( 'NONE',  ( 1.000000000000000000, 0.000000000000000000, 0.000000000000000000 ) ) ;
#3643 = LINE ( 'NONE', #6594, #8869 ) ;
#3644 = CARTESIAN_POINT ( 'NONE',  ( 2.576307885819900001, -0.2842165073751675708, 2.483791660053570105 ) ) ;
#3645 = CARTESIAN_POINT ( 'NONE',  ( 1.516204428033355089, -0.1768831128608509273, 2.493734621884344804 ) ) ;
#3646 = AXIS2_PLACEMENT_3D ( 'NONE', #8134, #7357, #2184 ) ;
#3647 = CARTESIAN_POINT ( 'NONE',  ( 0.7897222432414691129, 0.04349486025607844641, 2.509623118544157983 ) ) ;
#3648 = EDGE_CURVE ( 'NONE', #8906, #4050, #928, .T. ) ;
#3649 = CARTESIAN_POINT ( 'NONE',  ( 3.001954774471419451, 0.01257182957296817082, 2.499968389620394582 ) ) ;
#3650 = AXIS2_PLACEMENT_3D ( 'NONE', #1304, #2742, #4277 ) ;
#3651 = ORIENTED_EDGE ( 'NONE', *, *, #4553, .F. ) ;
#3652 = ORIENTED_EDGE ( 'NONE', *, *, #541, .F. ) ;
#3653 = CARTESIAN_POINT ( 'NONE',  ( 2.907937407556844267, 0.2487250956825430848, 2.497646057146150067 ) ) ;
#3654 = CARTESIAN_POINT ( 'NONE',  ( 2.454983374273688401, -0.2339553666818857403, 2.499072821315873938 ) ) ;
#3655 = CARTESIAN_POINT ( 'NONE',  ( 2.756915435686845495, -0.2292359742274489298, 2.489467988972742685 ) ) ;
#3656 = EDGE_CURVE ( 'NONE', #6867, #7483, #7503, .T. ) ;
#3657 = CARTESIAN_POINT ( 'NONE',  ( 2.276368472734770609, -0.1806282324434829722, 2.493466150089939326 ) ) ;
#3658 = CARTESIAN_POINT ( 'NONE',  ( 2.493184033169769886, -0.1314572786507104130, 2.496541404401246833 ) ) ;
#3659 = B_SPLINE_CURVE_WITH_KNOTS ( 'NONE', 3,
 ( #6127, #9070, #4628, #8967 ),
 .UNSPECIFIED., .F., .F.,
 ( 4, 4 ),
 ( 0.000000000000000000, 1.000000000000000000 ),
 .UNSPECIFIED. ) ;
#3660 = ORIENTED_EDGE ( 'NONE', *, *, #1772, .F. ) ;
#3661 = EDGE_LOOP ( 'NONE', ( #6107, #20, #8646, #2667 ) ) ;
#3662 = DIRECTION ( 'NONE',  ( 0.000000000000000000, 0.9999873558481577884, -0.005028731829187268153 ) ) ;
#3663 = DIRECTION ( 'NONE',  ( 0.000000000000000000, -0.9983605906469759095, 0.05723749682700515068 ) ) ;
#3664 = CARTESIAN_POINT ( 'NONE',  ( 3.235667465365422490, 0.01262211689126004413, 2.509968263178876224 ) ) ;
#3665 = ADVANCED_FACE ( 'NONE', ( #7540 ), #3801, .T. ) ;
#3666 = CARTESIAN_POINT ( 'NONE',  ( 1.161570977141077154, 0.1936758913311547037, 2.502516663104779493 ) ) ;
#3667 = DIRECTION ( 'NONE',  ( -1.000000000000000000, -0.000000000000000000, -0.000000000000000000 ) ) ;
#3668 = CARTESIAN_POINT ( 'NONE',  ( 2.639811513236232532, -0.1966771855628172694, 2.502287110294396655 ) ) ;
#3669 = B_SPLINE_CURVE_WITH_KNOTS ( 'NONE', 3,
 ( #6446, #5015, #5065, #1300 ),
 .UNSPECIFIED., .F., .F.,
 ( 4, 4 ),
 ( 0.000000000000000000, 1.000000000000000000 ),
 .UNSPECIFIED. ) ;
#3670 = EDGE_CURVE ( 'NONE', #3937, #1967, #9613, .T. ) ;
#3671 = ADVANCED_FACE ( 'NONE', ( #129 ), #5321, .T. ) ;
#3672 = FILL_AREA_STYLE_COLOUR ( '', #7522 ) ;
#3673 = ORIENTED_EDGE ( 'NONE', *, *, #8578, .F. ) ;
#3674 = CARTESIAN_POINT ( 'NONE',  ( 2.631457741052581234, -0.2853178934131893052, 2.493745926294425708 ) ) ;
#3675 = CARTESIAN_POINT ( 'NONE',  ( 3.088073266347822088, -0.1545104549780021430, 2.495242206914200178 ) ) ;
#3676 = ORIENTED_EDGE ( 'NONE', *, *, #8088, .F. ) ;
#3677 = CARTESIAN_POINT ( 'NONE',  ( 2.279354235905662218, -0.1651384016624551365, 2.504568292607334268 ) ) ;
#3678 = UNCERTAINTY_MEASURE_WITH_UNIT (LENGTH_MEASURE( 1.000000000000000082E-05 ), #7396, 'distance_accuracy_value', 'NONE');
#3679 = B_SPLINE_CURVE_WITH_KNOTS ( 'NONE', 3,
 ( #4486, #8935, #5906, #5278 ),
 .UNSPECIFIED., .F., .F.,
 ( 4, 4 ),
 ( 0.0001071688506763248473, 1.000000000000000000 ),
 .UNSPECIFIED. ) ;
#3680 = ORIENTED_EDGE ( 'NONE', *, *, #628, .F. ) ;
#3681 = CARTESIAN_POINT ( 'NONE',  ( 2.475544171701593577, -0.2086427817737137591, 2.491278424747769282 ) ) ;
#3682 = ORIENTED_EDGE ( 'NONE', *, *, #7883, .F. ) ;
#3683 = CARTESIAN_POINT ( 'NONE',  ( 2.999293321688194069, -0.2017340161659217090, 2.491847384315815095 ) ) ;
#3684 = FACE_OUTER_BOUND ( 'NONE', #9229, .T. ) ;
#3685 = B_SPLINE_CURVE_WITH_KNOTS ( 'NONE', 3,
 ( #5158, #3692, #6693, #6640 ),
 .UNSPECIFIED., .F., .F.,
 ( 4, 4 ),
 ( 0.000000000000000000, 1.000000000000000000 ),
 .UNSPECIFIED. ) ;
#3686 = SURFACE_SIDE_STYLE ('',( #6065 ) ) ;
#3687 = FACE_BOUND ( 'NONE', #1956, .T. ) ;
#3688 = CARTESIAN_POINT ( 'NONE',  ( 2.279764561451353977, -0.05859529626019750054, 2.509337645826585916 ) ) ;
#3689 = ADVANCED_FACE ( 'NONE', ( #707 ), #3083, .T. ) ;
#3690 = CARTESIAN_POINT ( 'NONE',  ( 2.989204558813184587, 0.2487250956825431403, 2.497646057146150511 ) ) ;
#3691 = B_SPLINE_CURVE_WITH_KNOTS ( 'NONE', 3,
 ( #7172, #2102, #2150, #6544, #8047, #5063 ),
 .UNSPECIFIED., .F., .F.,
 ( 4, 2, 4 ),
 ( 0.000000000000000000, 0.5000000000000000000, 1.000000000000000000 ),
 .UNSPECIFIED. ) ;
#3692 = CARTESIAN_POINT ( 'NONE',  ( 2.622274808852001371, -0.1437981536060723431, 2.506255030584714660 ) ) ;
#3693 = ORIENTED_EDGE ( 'NONE', *, *, #2414, .T. ) ;
#3694 = ORIENTED_EDGE ( 'NONE', *, *, #3670, .F. ) ;
#3695 = CARTESIAN_POINT ( 'NONE',  ( 2.564486210053318338, -0.2820786340282835924, 2.494099365347085762 ) ) ;
#3696 = ORIENTED_EDGE ( 'NONE', *, *, #4291, .T. ) ;
#3697 = CARTESIAN_POINT ( 'NONE',  ( 3.310311931899930560, -0.1852439300138508105, 2.493225224329409073 ) ) ;
#3698 = CARTESIAN_POINT ( 'NONE',  ( 2.384559623074435475, -0.2292359742274489298, 2.489467988972742685 ) ) ;
#3699 = CARTESIAN_POINT ( 'NONE',  ( 2.534158027177594530, -0.08978189798707385261, 2.498387322012709522 ) ) ;
#3700 = CARTESIAN_POINT ( 'NONE',  ( 3.211157342063377662, -0.1359072883614094174, 2.496303108392538661 ) ) ;
#3701 = CARTESIAN_POINT ( 'NONE',  ( 2.612763725650701474, -0.2601574917591775726, 2.486426769378413226 ) ) ;
#3702 = VERTEX_POINT ( 'NONE', #2408 ) ;
#3703 = EDGE_LOOP ( 'NONE', ( #3135, #7823, #3567, #9439 ) ) ;
#3704 = FACE_OUTER_BOUND ( 'NONE', #5733, .T. ) ;
#3705 = DIRECTION ( 'NONE',  ( 0.000000000000000000, 0.000000000000000000, -1.000000000000000000 ) ) ;
#3706 = CARTESIAN_POINT ( 'NONE',  ( 1.716252519444233293, 0.1294228197665096280, 2.496779794380850959 ) ) ;
#3707 = ORIENTED_EDGE ( 'NONE', *, *, #80, .T. ) ;
#3708 = CARTESIAN_POINT ( 'NONE',  ( 2.788172032324740535, -0.01528043514025040697, 2.499953301224229651 ) ) ;
#3709 = CARTESIAN_POINT ( 'NONE',  ( 3.097035744541611457, -0.09931703079096464160, 2.508045078328045463 ) ) ;
#3710 = FACE_OUTER_BOUND ( 'NONE', #4659, .T. ) ;
#3711 = CARTESIAN_POINT ( 'NONE',  ( 3.070595498570912518, -0.03820836924382178812, 2.509709170505564302 ) ) ;
#3712 = PRESENTATION_LAYER_ASSIGNMENT (  '', '', ( #6967 ) ) ;
#3713 = B_SPLINE_SURFACE_WITH_KNOTS ( 'NONE', 1, 3, ( 
 ( #8988, #2372, #6097, #930 ),
 ( #3912, #201, #4897, #6324 ) ),
 .UNSPECIFIED., .F., .F., .F.,
 ( 2, 2 ),
 ( 4, 4 ),
 ( 0.000000000000000000, 1.000000000000000000 ),
 ( 0.000000000000000000, 1.000000000000000000 ),
 .UNSPECIFIED. ) ;
#3714 = EDGE_CURVE ( 'NONE', #2200, #3441, #795, .T. ) ;
#3715 = CARTESIAN_POINT ( 'NONE',  ( 2.086353122880875599, 0.01257182957296817082, 2.499968389620394582 ) ) ;
#3716 = ORIENTED_EDGE ( 'NONE', *, *, #7875, .F. ) ;
#3717 = B_SPLINE_CURVE_WITH_KNOTS ( 'NONE', 3,
 ( #799, #3886, #7425, #745 ),
 .UNSPECIFIED., .F., .F.,
 ( 4, 4 ),
 ( 0.000000000000000000, 1.000000000000000000 ),
 .UNSPECIFIED. ) ;
#3718 = CARTESIAN_POINT ( 'NONE',  ( 1.335444645985828904, -0.1545525757909771702, 2.495218127001399999 ) ) ;
#3719 = AXIS2_PLACEMENT_3D ( 'NONE', #6020, #8241, #5356 ) ;
#3720 = CARTESIAN_POINT ( 'NONE',  ( 1.158042963865601127, 0.3745057377863634240, 2.471859941301584040 ) ) ;
#3721 = FACE_OUTER_BOUND ( 'NONE', #6621, .T. ) ;
#3722 = ADVANCED_FACE ( 'NONE', ( #3704 ), #666, .T. ) ;
#3723 = CARTESIAN_POINT ( 'NONE',  ( 2.571542154640000799, 0.000000000000000000, 0.000000000000000000 ) ) ;
#3724 = EDGE_LOOP ( 'NONE', ( #5606, #5744, #5874 ) ) ;
#3725 = ORIENTED_EDGE ( 'NONE', *, *, #523, .F. ) ;
#3726 = CARTESIAN_POINT ( 'NONE',  ( 2.660917452748341017, 0.000000000000000000, 0.000000000000000000 ) ) ;
#3727 = STYLED_ITEM ( 'NONE', ( #8783 ), #6534 ) ;
#3728 = ORIENTED_EDGE ( 'NONE', *, *, #126, .F. ) ;
#3729 = CARTESIAN_POINT ( 'NONE',  ( 2.387240969339757157, 0.1846377271939738940, 2.503221823907901822 ) ) ;
#3730 = CARTESIAN_POINT ( 'NONE',  ( -3.219397575303088566, 0.000000000000000000, 0.000000000000000000 ) ) ;
#3731 = EDGE_CURVE ( 'NONE', #3352, #3139, #7297, .T. ) ;
#3732 = CARTESIAN_POINT ( 'NONE',  ( 2.999479004441937491, -0.2301529181243587296, 2.499425860928633725 ) ) ;
#3733 = CARTESIAN_POINT ( 'NONE',  ( 2.725914399834993507, 0.3686006071629128744, 2.482787492077468183 ) ) ;
#3734 = CARTESIAN_POINT ( 'NONE',  ( 3.361312794421991601, -0.2295416221930855483, 2.492787279624706365 ) ) ;
#3735 = B_SPLINE_CURVE_WITH_KNOTS ( 'NONE', 3,
 ( #8176, #7450, #3767, #4758, #5481, #1226, #9139, #2528, #8514, #5576 ),
 .UNSPECIFIED., .F., .F.,
 ( 4, 3, 3, 4 ),
 ( 0.000000000000000000, 5.003612328912076267E-06, 1.000588381703741371E-05, 1.976565922095689334E-05 ),
 .UNSPECIFIED. ) ;
#3736 = ORIENTED_EDGE ( 'NONE', *, *, #2480, .F. ) ;
#3737 = CARTESIAN_POINT ( 'NONE',  ( 2.279733186034641701, -0.1954794740087982263, 2.492351440168841581 ) ) ;
#3738 = CARTESIAN_POINT ( 'NONE',  ( 1.163292505442389935, 0.002015321945597773300, 2.509999190931634150 ) ) ;
#3739 = ORIENTED_EDGE ( 'NONE', *, *, #2904, .F. ) ;
#3740 = DIRECTION ( 'NONE',  ( 1.000000000000000000, 0.000000000000000000, 0.000000000000000000 ) ) ;
#3741 = VECTOR ( 'NONE', #6174, 1000.000000000000000 ) ;
#3742 = LINE ( 'NONE', #7374, #7111 ) ;
#3743 = CARTESIAN_POINT ( 'NONE',  ( 2.256747995241840776, 0.2734468841593768462, 2.495060480538203507 ) ) ;
#3744 = CARTESIAN_POINT ( 'NONE',  ( 3.071276335330218821, -0.1772598635287596369, 2.503733001096915434 ) ) ;
#3745 = CARTESIAN_POINT ( 'NONE',  ( 2.583921004793332532, 0.000000000000000000, 0.000000000000000000 ) ) ;
#3746 = CARTESIAN_POINT ( 'NONE',  ( 2.881632350981399693, 0.000000000000000000, 2.510000000000000231 ) ) ;
#3747 = ORIENTED_EDGE ( 'NONE', *, *, #628, .T. ) ;
#3748 = ORIENTED_EDGE ( 'NONE', *, *, #5062, .F. ) ;
#3749 = ORIENTED_EDGE ( 'NONE', *, *, #2437, .F. ) ;
#3750 = CARTESIAN_POINT ( 'NONE',  ( -6.049999999999997158, 5.510910596163117905E-17, -1.000000000000002665 ) ) ;
#3751 = EDGE_CURVE ( 'NONE', #6138, #437, #7684, .T. ) ;
#3752 = DIRECTION ( 'NONE',  ( 0.000000000000000000, -0.09169438969097980230, 0.9957871955890971183 ) ) ;
#3753 =( LENGTH_UNIT ( ) NAMED_UNIT ( * ) SI_UNIT ( .MILLI., .METRE. ) );
#3754 = ORIENTED_EDGE ( 'NONE', *, *, #1208, .F. ) ;
#3755 = CARTESIAN_POINT ( 'NONE',  ( 4.500000000000000000, 0.000000000000000000, 0.000000000000000000 ) ) ;
#3756 = VERTEX_POINT ( 'NONE', #3989 ) ;
#3757 = DIRECTION ( 'NONE',  ( 0.000000000000000000, 0.000000000000000000, 1.000000000000000000 ) ) ;
#3758 = PRESENTATION_STYLE_ASSIGNMENT (( #88 ) ) ;
#3759 = CARTESIAN_POINT ( 'NONE',  ( 2.534436551305681462, 0.1820009806186898005, 2.493366327488569123 ) ) ;
#3760 = DIRECTION ( 'NONE',  ( 0.000000000000000000, 0.000000000000000000, 1.000000000000000000 ) ) ;
#3761 = CARTESIAN_POINT ( 'NONE',  ( 1.780991220440093503, 4.178549348970568218E-06, 2.509999891011601925 ) ) ;
#3762 = VECTOR ( 'NONE', #2946, 1000.000000000000000 ) ;
#3763 = EDGE_CURVE ( 'NONE', #53, #4691, #6738, .T. ) ;
#3764 = B_SPLINE_CURVE_WITH_KNOTS ( 'NONE', 3,
 ( #2522, #6716, #5475, #32 ),
 .UNSPECIFIED., .F., .F.,
 ( 4, 4 ),
 ( 0.000000000000000000, 0.5309429004209779146 ),
 .UNSPECIFIED. ) ;
#3765 = EDGE_LOOP ( 'NONE', ( #8041, #8597, #4350, #865, #2973, #1338, #544, #6336, #3736, #8109, #2851, #2886, #7649, #6609 ) ) ;
#3766 = CARTESIAN_POINT ( 'NONE',  ( 2.354231440198708114, 0.000000000000000000, 0.000000000000000000 ) ) ;
#3767 = CARTESIAN_POINT ( 'NONE',  ( 2.567728558844546427, -0.3085376726714360029, 2.480887864912895591 ) ) ;
#3768 = FILL_AREA_STYLE_COLOUR ( '', #7168 ) ;
#3769 = EDGE_CURVE ( 'NONE', #9466, #1720, #34, .T. ) ;
#3770 = FILL_AREA_STYLE_COLOUR ( '', #298 ) ;
#3771 = SURFACE_STYLE_FILL_AREA ( #1390 ) ;
#3772 = UNCERTAINTY_MEASURE_WITH_UNIT (LENGTH_MEASURE( 1.000000000000000082E-05 ), #830, 'distance_accuracy_value', 'NONE');
#3773 = ORIENTED_EDGE ( 'NONE', *, *, #9259, .F. ) ;
#3774 = CARTESIAN_POINT ( 'NONE',  ( 3.063678847567167907, 3.523838847722126114E-05, 2.510008384150659300 ) ) ;
#3775 = ORIENTED_EDGE ( 'NONE', *, *, #2120, .T. ) ;
#3776 = FACE_OUTER_BOUND ( 'NONE', #407, .T. ) ;
#3777 = SURFACE_STYLE_FILL_AREA ( #787 ) ;
#3778 = CARTESIAN_POINT ( 'NONE',  ( 2.999293321688194069, -0.2017340161659217090, 2.491847384315815095 ) ) ;
#3779 = FACE_OUTER_BOUND ( 'NONE', #328, .T. ) ;
#3780 = ADVANCED_FACE ( 'NONE', ( #9217 ), #6734, .T. ) ;
#3781 = CARTESIAN_POINT ( 'NONE',  ( 0.8052924698632224487, -0.05273030859118278679, 2.509562259150268204 ) ) ;
#3782 = CYLINDRICAL_SURFACE ( 'NONE', #8273, 2.510000000000000231 ) ;
#3783 = B_SPLINE_CURVE_WITH_KNOTS ( 'NONE', 3,
 ( #4332, #7991, #5359, #6838 ),
 .UNSPECIFIED., .F., .F.,
 ( 4, 4 ),
 ( 0.000000000000000000, 1.000000000000000000 ),
 .UNSPECIFIED. ) ;
#3784 = AXIS2_PLACEMENT_3D ( 'NONE', #1761, #4676, #3979 ) ;
#3785 = CARTESIAN_POINT ( 'NONE',  ( 2.285157456343514859, -0.2015499094806308955, 2.501894808737639142 ) ) ;
#3786 = ADVANCED_FACE ( 'NONE', ( #4786 ), #8123, .T. ) ;
#3787 = ADVANCED_FACE ( 'NONE', ( #1873 ), #6905, .T. ) ;
#3788 = ORIENTED_EDGE ( 'NONE', *, *, #6923, .F. ) ;
#3789 = CARTESIAN_POINT ( 'NONE',  ( 2.692792991893113275, -0.05662104804356698357, 2.499358729138025925 ) ) ;
#3790 = ORIENTED_EDGE ( 'NONE', *, *, #2968, .F. ) ;
#3791 = CARTESIAN_POINT ( 'NONE',  ( 1.127226583591082854, -0.1134993546375826085, 2.507466826093901258 ) ) ;
#3792 = CARTESIAN_POINT ( 'NONE',  ( 1.142044418962008034, -0.1074905480157102716, 2.507697390685488248 ) ) ;
#3793 = CARTESIAN_POINT ( 'NONE',  ( 0.9818325902696590779, 0.2012368928471759966, 2.492107267118092828 ) ) ;
#3794 = DIRECTION ( 'NONE',  ( 1.000000000000000000, 0.000000000000000000, 0.000000000000000000 ) ) ;
#3795 = CARTESIAN_POINT ( 'NONE',  ( 1.647040053532354165, 0.1432845337236029193, 2.499229345252929946 ) ) ;
#3796 = B_SPLINE_SURFACE_WITH_KNOTS ( 'NONE', 1, 3, ( 
 ( #252, #6146, #7500, #2527, #981, #4648, #2426, #9184 ),
 ( #5387, #1738, #8277, #2475, #4603, #297, #149, #5431 ) ),
 .UNSPECIFIED., .F., .F., .F.,
 ( 2, 2 ),
 ( 4, 2, 2, 4 ),
 ( 0.000000000000000000, 1.000000000000000000 ),
 ( 0.000000000000000000, 0.2500000000000000000, 0.5000000000000000000, 1.000000000000000000 ),
 .UNSPECIFIED. ) ;
#3797 = VERTEX_POINT ( 'NONE', #3229 ) ;
#3798 = ORIENTED_EDGE ( 'NONE', *, *, #1787, .F. ) ;
#3799 = ORIENTED_EDGE ( 'NONE', *, *, #2562, .T. ) ;
#3800 = AXIS2_PLACEMENT_3D ( 'NONE', #5235, #8124, #2812 ) ;
#3801 = PLANE ( 'NONE',  #7346 ) ;
#3802 = B_SPLINE_CURVE_WITH_KNOTS ( 'NONE', 1,
 ( #7253, #8714 ),
 .UNSPECIFIED., .F., .F.,
 ( 2, 2 ),
 ( 0.000000000000000000, 1.000000000000000000 ),
 .UNSPECIFIED. ) ;
#3803 = CARTESIAN_POINT ( 'NONE',  ( 2.767375564066024474, 0.3463338438788539642, 2.485991325122454576 ) ) ;
#3804 = CARTESIAN_POINT ( 'NONE',  ( 2.354231440198708114, -0.1427050756364263151, 2.495923729080598452 ) ) ;
#3805 = ORIENTED_EDGE ( 'NONE', *, *, #6323, .T. ) ;
#3806 = EDGE_LOOP ( 'NONE', ( #8348, #215, #683, #414 ) ) ;
#3807 = CARTESIAN_POINT ( 'NONE',  ( 2.793928197645979772, 0.2772789854120240594, 2.484575690988076957 ) ) ;
#3808 = VERTEX_POINT ( 'NONE', #5516 ) ;
#3809 = CARTESIAN_POINT ( 'NONE',  ( 1.070330338384372082, 0.2186393635501753530, 2.490421014348050743 ) ) ;
#3810 = FACE_OUTER_BOUND ( 'NONE', #485, .T. ) ;
#3811 = CARTESIAN_POINT ( 'NONE',  ( 1.667698327472291409, -0.2306856968457880463, 2.496029223997297652 ) ) ;
#3812 = B_SPLINE_CURVE_WITH_KNOTS ( 'NONE', 1,
 ( #6591, #4558 ),
 .UNSPECIFIED., .F., .F.,
 ( 2, 2 ),
 ( 0.000000000000000000, 1.000000000000000000 ),
 .UNSPECIFIED. ) ;
#3813 = DIRECTION ( 'NONE',  ( -1.000000000000000000, -0.000000000000000000, -0.000000000000000000 ) ) ;
#3814 = CARTESIAN_POINT ( 'NONE',  ( 1.108203796827014420, 0.3191757687132502630, 2.489623832763959044 ) ) ;
#3815 = EDGE_LOOP ( 'NONE', ( #7892, #2165, #1189, #6565 ) ) ;
#3816 = FACE_OUTER_BOUND ( 'NONE', #6072, .T. ) ;
#3817 = CARTESIAN_POINT ( 'NONE',  ( 3.303023418929512012, -0.07682555338143748358, 2.510000000000001119 ) ) ;
#3818 = ORIENTED_EDGE ( 'NONE', *, *, #4134, .T. ) ;
#3819 = DIRECTION ( 'NONE',  ( -1.000000000000000000, -0.000000000000000000, -0.000000000000000000 ) ) ;
#3820 = ORIENTED_EDGE ( 'NONE', *, *, #5525, .F. ) ;
#3821 = CARTESIAN_POINT ( 'NONE',  ( 2.441157969000958161, -0.1389104280370115907, 2.506165356075175765 ) ) ;
#3822 = EDGE_CURVE ( 'NONE', #5895, #251, #1037, .T. ) ;
#3823 = ORIENTED_EDGE ( 'NONE', *, *, #2432, .F. ) ;
#3824 = CARTESIAN_POINT ( 'NONE',  ( 2.405232302830831337, 0.1651231628232469051, 2.504562704565259423 ) ) ;
#3825 = PLANE ( 'NONE',  #7591 ) ;
#3826 = DIRECTION ( 'NONE',  ( 1.734723475976807094E-16, 0.000000000000000000, 1.000000000000000000 ) ) ;
#3827 = FACE_BOUND ( 'NONE', #4557, .T. ) ;
#3828 = CARTESIAN_POINT ( 'NONE',  ( 2.749207198067861846, 0.3610650279268262097, 2.483939062290857258 ) ) ;
#3829 = CARTESIAN_POINT ( 'NONE',  ( 3.361312794421991601, -0.2301529181243587296, 2.499425860928633725 ) ) ;
#3830 = EDGE_LOOP ( 'NONE', ( #7190, #7562, #3501, #8290 ) ) ;
#3831 = DIRECTION ( 'NONE',  ( 0.000000000000000000, 0.000000000000000000, 1.000000000000000000 ) ) ;
#3832 = CARTESIAN_POINT ( 'NONE',  ( 3.361312794421991601, -0.2292359742274489298, 2.489467988972742685 ) ) ;
#3833 = EDGE_LOOP ( 'NONE', ( #1931, #3328, #7087, #8026 ) ) ;
#3834 = CARTESIAN_POINT ( 'NONE',  ( 2.490213109133065039, -0.07728625376108376466, 2.498805081429837927 ) ) ;
#3835 = EDGE_CURVE ( 'NONE', #3619, #1652, #5002, .T. ) ;
#3836 = ORIENTED_EDGE ( 'NONE', *, *, #2010, .T. ) ;
#3837 = B_SPLINE_CURVE_WITH_KNOTS ( 'NONE', 3,
 ( #419, #6363, #3422, #967 ),
 .UNSPECIFIED., .F., .F.,
 ( 4, 4 ),
 ( 0.000000000000000000, 1.000000000000000000 ),
 .UNSPECIFIED. ) ;
#3838 = CARTESIAN_POINT ( 'NONE',  ( 1.126653823436413848, -0.2331927337803591516, 2.489131854152652590 ) ) ;
#3839 = CARTESIAN_POINT ( 'NONE',  ( 2.342719109556029355, 0.1781735066997538752, 2.493642757395355680 ) ) ;
#3840 = CARTESIAN_POINT ( 'NONE',  ( 2.583921004793332532, 0.1820009806186898005, 2.493366327488569123 ) ) ;
#3841 = CARTESIAN_POINT ( 'NONE',  ( 4.500000000000000000, -0.1638682717578872072, 2.504645122469665086 ) ) ;
#3842 = EDGE_CURVE ( 'NONE', #3250, #5622, #9589, .T. ) ;
#3843 = CARTESIAN_POINT ( 'NONE',  ( 2.901706647991340482, 0.3153287103620190379, 2.481346802749651914 ) ) ;
#3844 = EDGE_CURVE ( 'NONE', #6721, #7733, #4037, .T. ) ;
#3845 = ORIENTED_EDGE ( 'NONE', *, *, #3844, .F. ) ;
#3846 = VERTEX_POINT ( 'NONE', #1016 ) ;
#3847 = CARTESIAN_POINT ( 'NONE',  ( 2.211070038175347641, 0.000000000000000000, 0.000000000000000000 ) ) ;
#3848 = EDGE_CURVE ( 'NONE', #3005, #5819, #4889, .T. ) ;
#3849 = CARTESIAN_POINT ( 'NONE',  ( 2.405232302830831337, 0.1651231628232469051, 2.504562704565259423 ) ) ;
#3850 = CARTESIAN_POINT ( 'NONE',  ( 2.338200829250268509, 0.1509829626993598461, 2.505454877856419404 ) ) ;
#3851 = ORIENTED_EDGE ( 'NONE', *, *, #3322, .T. ) ;
#3852 = SURFACE_SIDE_STYLE ('',( #1521 ) ) ;
#3853 = ORIENTED_EDGE ( 'NONE', *, *, #6901, .T. ) ;
#3854 = CARTESIAN_POINT ( 'NONE',  ( 2.349552328575453597, -0.1848063375034164346, 2.493178744312419592 ) ) ;
#3855 = CARTESIAN_POINT ( 'NONE',  ( 2.617777052269365967, -0.2979598487963808773, 2.482181390030372636 ) ) ;
#3856 = CARTESIAN_POINT ( 'NONE',  ( 1.633267892796018028, 0.1430937420675128802, 2.495901476617440107 ) ) ;
#3857 = COLOUR_RGB ( '',0.6666666666666666297, 0.6666666666666666297, 0.6666666666666666297 ) ;
#3858 = B_SPLINE_CURVE_WITH_KNOTS ( 'NONE', 3,
 ( #3042, #27, #8700, #6907 ),
 .UNSPECIFIED., .F., .F.,
 ( 4, 4 ),
 ( 0.000000000000000000, 1.000000000000000000 ),
 .UNSPECIFIED. ) ;
#3859 = CARTESIAN_POINT ( 'NONE',  ( 1.824356778977260340, -0.1534456739553034799, 2.505305255880888371 ) ) ;
#3860 = VERTEX_POINT ( 'NONE', #6314 ) ;
#3861 = CARTESIAN_POINT ( 'NONE',  ( 1.657369157666903625, -0.1253328144862914661, 2.496856360628890048 ) ) ;
#3862 = CARTESIAN_POINT ( 'NONE',  ( 1.717622484019977191, 0.2367263346492400333, 2.498811846154795013 ) ) ;
#3863 = DIRECTION ( 'NONE',  ( 0.000000000000000000, 0.000000000000000000, -1.000000000000000000 ) ) ;
#3864 = AXIS2_PLACEMENT_3D ( 'NONE', #230, #1713, #7685 ) ;
#3865 = VERTEX_POINT ( 'NONE', #9260 ) ;
#3866 =( LENGTH_UNIT ( ) NAMED_UNIT ( * ) SI_UNIT ( .MILLI., .METRE. ) );
#3867 = AXIS2_PLACEMENT_3D ( 'NONE', #701, #4981, #1259 ) ;
#3868 = VERTEX_POINT ( 'NONE', #4635 ) ;
#3869 = CARTESIAN_POINT ( 'NONE',  ( 3.185739436517772472, -0.2072533580782376095, 2.491492199145901587 ) ) ;
#3870 = VERTEX_POINT ( 'NONE', #5373 ) ;
#3871 = EDGE_CURVE ( 'NONE', #6971, #8530, #2722, .T. ) ;
#3872 = CARTESIAN_POINT ( 'NONE',  ( 2.117609719517861588, 0.000000000000000000, 0.000000000000000000 ) ) ;
#3873 = B_SPLINE_SURFACE_WITH_KNOTS ( 'NONE', 1, 3, ( 
 ( #1017, #4280, #3464, #5745 ),
 ( #9359, #2743, #1972, #9403 ) ),
 .UNSPECIFIED., .F., .F., .F.,
 ( 2, 2 ),
 ( 4, 4 ),
 ( 0.000000000000000000, 1.000000000000000000 ),
 ( 0.000000000000000000, 1.000000000000000000 ),
 .UNSPECIFIED. ) ;
#3874 = B_SPLINE_CURVE_WITH_KNOTS ( 'NONE', 3,
 ( #1579, #3854, #4596, #7491 ),
 .UNSPECIFIED., .F., .F.,
 ( 4, 4 ),
 ( 0.000000000000000000, 1.000000000000000000 ),
 .UNSPECIFIED. ) ;
#3875 = CARTESIAN_POINT ( 'NONE',  ( 3.269090360780903204, 0.01257182957296817082, 2.499968389620394582 ) ) ;
#3876 = CARTESIAN_POINT ( 'NONE',  ( 2.224184144532149077, 0.2908808824372456914, 2.493163596035654628 ) ) ;
#3877 = CARTESIAN_POINT ( 'NONE',  ( 2.749207198200763980, 0.3596265217321391039, 2.474042890742898404 ) ) ;
#3878 = DIRECTION ( 'NONE',  ( 1.000000000000000000, 0.000000000000000000, 0.000000000000000000 ) ) ;
#3879 = ORIENTED_EDGE ( 'NONE', *, *, #2705, .T. ) ;
#3880 = CARTESIAN_POINT ( 'NONE',  ( 2.521407630653560439, -0.05564484460080271894, 2.509387967628330163 ) ) ;
#3881 = FACE_OUTER_BOUND ( 'NONE', #3383, .T. ) ;
#3882 = COLOUR_RGB ( '',1.000000000000000000, 1.000000000000000000, 1.000000000000000000 ) ;
#3883 = ORIENTED_EDGE ( 'NONE', *, *, #6568, .T. ) ;
#3884 = DIRECTION ( 'NONE',  ( -1.000000000000000000, -0.000000000000000000, -0.000000000000000000 ) ) ;
#3885 = ORIENTED_EDGE ( 'NONE', *, *, #7995, .F. ) ;
#3886 = CARTESIAN_POINT ( 'NONE',  ( 2.279793494060787573, -0.08469660018906005616, 2.498601395849977092 ) ) ;
#3887 = PLANE ( 'NONE',  #7021 ) ;
#3888 = LINE ( 'NONE', #8199, #7936 ) ;
#3889 = CARTESIAN_POINT ( 'NONE',  ( 3.093496371354855778, -0.1962225167376299151, 2.502318269909955095 ) ) ;
#3890 = CARTESIAN_POINT ( 'NONE',  ( 2.459556637021661274, -0.1124398264451192814, 2.497473684658662929 ) ) ;
#3891 = ORIENTED_EDGE ( 'NONE', *, *, #5219, .F. ) ;
#3892 = EDGE_CURVE ( 'NONE', #8684, #1441, #182, .T. ) ;
#3893 = ORIENTED_EDGE ( 'NONE', *, *, #7653, .T. ) ;
#3894 = CARTESIAN_POINT ( 'NONE',  ( 2.767375564066024474, 0.3449540277677828337, 2.476086977213600271 ) ) ;
#3895 = ADVANCED_FACE ( 'NONE', ( #4177 ), #2797, .T. ) ;
#3896 = PLANE ( 'NONE',  #3586 ) ;
#3897 = LINE ( 'NONE', #8314, #4353 ) ;
#3898 = VERTEX_POINT ( 'NONE', #552 ) ;
#3899 = SURFACE_STYLE_USAGE ( .BOTH. , #3852 ) ;
#3900 = ORIENTED_EDGE ( 'NONE', *, *, #9225, .T. ) ;
#3901 = DIRECTION ( 'NONE',  ( -1.000000000000000000, 0.000000000000000000, 0.000000000000000000 ) ) ;
#3902 = CARTESIAN_POINT ( 'NONE',  ( 4.500000000000000000, 0.000000000000000000, 0.000000000000000000 ) ) ;
#3903 = FACE_OUTER_BOUND ( 'NONE', #8537, .T. ) ;
#3904 = EDGE_CURVE ( 'NONE', #4041, #9356, #225, .T. ) ;
#3905 = AXIS2_PLACEMENT_3D ( 'NONE', #3550, #2830, #7267 ) ;
#3906 = B_SPLINE_CURVE_WITH_KNOTS ( 'NONE', 3,
 ( #4901, #433, #7246, #8653 ),
 .UNSPECIFIED., .F., .F.,
 ( 4, 4 ),
 ( 0.0001060549327128253752, 1.000000000000000000 ),
 .UNSPECIFIED. ) ;
#3907 = LINE ( 'NONE', #7011, #7975 ) ;
#3908 = CARTESIAN_POINT ( 'NONE',  ( 2.898034327433925306, 0.2204972603360979277, 2.490257207234681580 ) ) ;
#3909 = EDGE_CURVE ( 'NONE', #5348, #8013, #5350, .T. ) ;
#3910 = ADVANCED_FACE ( 'NONE', ( #5697 ), #2740, .T. ) ;
#3911 = VERTEX_POINT ( 'NONE', #5789 ) ;
#3912 = CARTESIAN_POINT ( 'NONE',  ( 1.523090541236123086, 0.06397509756469109410, 2.499181303325468395 ) ) ;
#3913 = CARTESIAN_POINT ( 'NONE',  ( 2.486655617379540217, -0.1591041480439351896, 2.494938455162552859 ) ) ;
#3914 = DIRECTION ( 'NONE',  ( 1.000000000000000000, 0.000000000000000000, 0.000000000000000000 ) ) ;
#3915 = VERTEX_POINT ( 'NONE', #2109 ) ;
#3916 = VERTEX_POINT ( 'NONE', #4276 ) ;
#3917 = FACE_OUTER_BOUND ( 'NONE', #4482, .T. ) ;
#3918 = ORIENTED_EDGE ( 'NONE', *, *, #1902, .F. ) ;
#3919 = CARTESIAN_POINT ( 'NONE',  ( 3.253289333294913988, -0.02385444615385210951, 2.499892779740495286 ) ) ;
#3920 = VECTOR ( 'NONE', #3614, 1000.000000000000000 ) ;
#3921 = CARTESIAN_POINT ( 'NONE',  ( 2.510968859423536426, -0.1900091987760192114, 2.492773278585414864 ) ) ;
#3922 = CARTESIAN_POINT ( 'NONE',  ( 1.573014610235457855, -0.1241865842065856956, 2.496913699266755327 ) ) ;
#3923 = CARTESIAN_POINT ( 'NONE',  ( 2.472573247664885177, -0.2342366914577876380, 2.499046452624462678 ) ) ;
#3924 = DIRECTION ( 'NONE',  ( -1.000000000000000000, 0.000000000000000000, 0.000000000000000000 ) ) ;
#3925 = CARTESIAN_POINT ( 'NONE',  ( 1.560513996633691614, -6.058383480986211043E-12, 2.509999995934236949 ) ) ;
#3926 = VERTEX_POINT ( 'NONE', #7922 ) ;
#3927 = CARTESIAN_POINT ( 'NONE',  ( 2.285831536571915290, -0.1302775548810567730, 2.496604715620174719 ) ) ;
#3928 = ORIENTED_EDGE ( 'NONE', *, *, #7124, .F. ) ;
#3929 = B_SPLINE_SURFACE_WITH_KNOTS ( 'NONE', 1, 3, ( 
 ( #4114, #2537, #9243, #8485 ),
 ( #3210, #266, #7078, #5588 ) ),
 .UNSPECIFIED., .F., .F., .F.,
 ( 2, 2 ),
 ( 4, 4 ),
 ( 0.000000000000000000, 1.000000000000000000 ),
 ( 0.000000000000000000, 1.000000000000000000 ),
 .UNSPECIFIED. ) ;
#3930 = SURFACE_STYLE_FILL_AREA ( #1913 ) ;
#3931 = CARTESIAN_POINT ( 'NONE',  ( 2.256747995241840776, 0.2723574543420088090, 2.485120000536058971 ) ) ;
#3932 = CARTESIAN_POINT ( 'NONE',  ( 1.870035935261877169, 0.1101285520041915683, 2.507918127772785333 ) ) ;
#3933 = DIRECTION ( 'NONE',  ( 0.000000000000000000, -0.006112174056101938799, 0.9999813204896917940 ) ) ;
#3934 = B_SPLINE_CURVE_WITH_KNOTS ( 'NONE', 3,
 ( #1330, #5584, #9240, #7853 ),
 .UNSPECIFIED., .F., .F.,
 ( 4, 4 ),
 ( 0.000000000000000000, 1.000000000000000000 ),
 .UNSPECIFIED. ) ;
#3935 = AXIS2_PLACEMENT_3D ( 'NONE', #360, #5594, #6389 ) ;
#3936 = CARTESIAN_POINT ( 'NONE',  ( 2.117609719517861588, 0.3966051793289692151, 2.478468142165526356 ) ) ;
#3937 = VERTEX_POINT ( 'NONE', #7226 ) ;
#3938 = ORIENTED_EDGE ( 'NONE', *, *, #4937, .F. ) ;
#3939 = ADVANCED_FACE ( 'NONE', ( #7273 ), #4248, .F. ) ;
#3940 = CARTESIAN_POINT ( 'NONE',  ( 1.579900679646538686, -0.1253328144862920490, 2.496856360628890048 ) ) ;
#3941 = AXIS2_PLACEMENT_3D ( 'NONE', #2034, #1941, #4906 ) ;
#3942 = CARTESIAN_POINT ( 'NONE',  ( 1.161570944305657660, -0.1064164990975954989, 2.497734078864243479 ) ) ;
#3943 = DIRECTION ( 'NONE',  ( 0.000000000000000000, -0.08069360646636866696, 0.9967389537263258159 ) ) ;
#3944 = EDGE_CURVE ( 'NONE', #716, #9513, #1800, .T. ) ;
#3945 = VERTEX_POINT ( 'NONE', #7836 ) ;
#3946 = FACE_OUTER_BOUND ( 'NONE', #6026, .T. ) ;
#3947 = CARTESIAN_POINT ( 'NONE',  ( 2.793521378892440232, 0.2486837699696537729, 2.487766920924945779 ) ) ;
#3948 = CARTESIAN_POINT ( 'NONE',  ( 3.097035744541611457, -0.09931703079096464160, 2.508045078328045463 ) ) ;
#3949 = CARTESIAN_POINT ( 'NONE',  ( 2.255014956219874911, 0.1833590139133849661, 2.493266827280367526 ) ) ;
#3950 = DIRECTION ( 'NONE',  ( 0.000000000000000000, 0.1052506876214247822, 0.9944457213720702127 ) ) ;
#3951 = AXIS2_PLACEMENT_3D ( 'NONE', #2888, #794, #5839 ) ;
#3952 = CARTESIAN_POINT ( 'NONE',  ( 2.660917452748341017, 0.000000000000000000, 0.000000000000000000 ) ) ;
#3953 = CARTESIAN_POINT ( 'NONE',  ( 2.117609719517868694, -0.1209359191368966358, 2.507084861639612416 ) ) ;
#3954 = ORIENTED_EDGE ( 'NONE', *, *, #1323, .T. ) ;
#3955 = DIRECTION ( 'NONE',  ( 1.000000000000000000, 0.000000000000000000, 0.000000000000000000 ) ) ;
#3956 = EDGE_CURVE ( 'NONE', #3269, #1810, #1168, .T. ) ;
#3957 = AXIS2_PLACEMENT_3D ( 'NONE', #7205, #7023, #482 ) ;
#3958 = DIRECTION ( 'NONE',  ( 0.000000000000000000, 0.9891365743928277610, -0.1469994462520932410 ) ) ;
#3959 = CARTESIAN_POINT ( 'NONE',  ( 4.500000000000000000, -0.2025409522305853804, 2.501814773853078044 ) ) ;
#3960 = DIRECTION ( 'NONE',  ( 1.000000000000000000, 0.000000000000000000, 0.000000000000000000 ) ) ;
#3961 = ORIENTED_EDGE ( 'NONE', *, *, #4878, .F. ) ;
#3962 = ADVANCED_FACE ( 'NONE', ( #9306 ), #4490, .T. ) ;
#3963 = EDGE_CURVE ( 'NONE', #879, #8769, #7177, .T. ) ;
#3964 = B_SPLINE_CURVE_WITH_KNOTS ( 'NONE', 1,
 ( #6101, #6969 ),
 .UNSPECIFIED., .F., .F.,
 ( 2, 2 ),
 ( 0.000000000000000000, 1.000000000000000000 ),
 .UNSPECIFIED. ) ;
#3965 = ORIENTED_EDGE ( 'NONE', *, *, #3656, .F. ) ;
#3966 =( NAMED_UNIT ( * ) PLANE_ANGLE_UNIT ( ) SI_UNIT ( $, .RADIAN. ) );
#3967 = EDGE_CURVE ( 'NONE', #4222, #7208, #8002, .T. ) ;
#3968 = ORIENTED_EDGE ( 'NONE', *, *, #6460, .F. ) ;
#3969 = CARTESIAN_POINT ( 'NONE',  ( 1.208804030546209329, 0.2827889973276516145, 2.484132287211860302 ) ) ;
#3970 =( NAMED_UNIT ( * ) SI_UNIT ( $, .STERADIAN. ) SOLID_ANGLE_UNIT ( ) );
#3971 = CARTESIAN_POINT ( 'NONE',  ( 2.475544171701593577, -0.2086427817737137591, 2.491278424747769282 ) ) ;
#3972 = CARTESIAN_POINT ( 'NONE',  ( 1.633267892796018028, 0.1430937420675128802, 2.495901476617440107 ) ) ;
#3973 = CARTESIAN_POINT ( 'NONE',  ( 2.503522241353719036, -0.1695744519064342481, 2.504265262559187022 ) ) ;
#3974 = CARTESIAN_POINT ( 'NONE',  ( 0.7909998347830238252, 0.01414182879618233572, 2.499996857268505845 ) ) ;
#3975 = EDGE_LOOP ( 'NONE', ( #564, #7758, #7759, #8716 ) ) ;
#3976 = CARTESIAN_POINT ( 'NONE',  ( 1.415782330526514698, -0.1121695966636467034, 2.497843307751307140 ) ) ;
#3977 = CARTESIAN_POINT ( 'NONE',  ( 3.013765493321369782, -0.2019216217103091959, 2.501865004467389575 ) ) ;
#3978 = ORIENTED_EDGE ( 'NONE', *, *, #8619, .T. ) ;
#3979 = DIRECTION ( 'NONE',  ( 1.000000000000000000, 0.000000000000000000, 0.000000000000000000 ) ) ;
#3980 = ORIENTED_EDGE ( 'NONE', *, *, #2255, .F. ) ;
#3981 = B_SPLINE_CURVE_WITH_KNOTS ( 'NONE', 1,
 ( #6256, #631 ),
 .UNSPECIFIED., .F., .F.,
 ( 2, 2 ),
 ( 0.000000000000000000, 1.000000000000000000 ),
 .UNSPECIFIED. ) ;
#3982 =( NAMED_UNIT ( * ) PLANE_ANGLE_UNIT ( ) SI_UNIT ( $, .RADIAN. ) );
#3983 = CARTESIAN_POINT ( 'NONE',  ( 1.781424018426422062, -0.1993149102874784695, 2.502495843388624408 ) ) ;
#3984 = ADVANCED_FACE ( 'NONE', ( #2974 ), #1462, .T. ) ;
#3985 = CARTESIAN_POINT ( 'NONE',  ( 3.070595498570912518, -0.03820836924382178812, 2.509709170505564302 ) ) ;
#3986 = CARTESIAN_POINT ( 'NONE',  ( 2.224415644431705807, 0.3082441220505992008, 2.481214656408368135 ) ) ;
#3987 = CARTESIAN_POINT ( 'NONE',  ( 1.516204428033355089, -0.1775906453122943485, 2.503709560371882414 ) ) ;
#3988 = ORIENTED_EDGE ( 'NONE', *, *, #470, .T. ) ;
#3989 = CARTESIAN_POINT ( 'NONE',  ( 2.245607030103355051, -0.1830974429735007791, 2.493286049849989805 ) ) ;
#3990 = PLANE ( 'NONE',  #5759 ) ;
#3991 = CARTESIAN_POINT ( 'NONE',  ( 2.354231440198708114, -0.1432758959389720255, 2.505907423996920791 ) ) ;
#3992 = ORIENTED_EDGE ( 'NONE', *, *, #5756, .T. ) ;
#3993 = SURFACE_SIDE_STYLE ('',( #379 ) ) ;
#3994 = EDGE_CURVE ( 'NONE', #1872, #5032, #2885, .T. ) ;
#3995 = DIRECTION ( 'NONE',  ( 0.000000000000000000, -0.09169438969097956638, 0.9957871955890971183 ) ) ;
#3996 = CARTESIAN_POINT ( 'NONE',  ( 0.9458132981563462938, -0.2123453625204200501, 2.491006940604129749 ) ) ;
#3997 = CARTESIAN_POINT ( 'NONE',  ( 2.605701782226873320, -0.2764302849295762754, 2.494778718931331074 ) ) ;
#3998 = EDGE_LOOP ( 'NONE', ( #6804, #8034, #6661, #696 ) ) ;
#3999 = PLANE ( 'NONE',  #354 ) ;
#4000 = PLANE ( 'NONE',  #9210 ) ;
#4001 = ORIENTED_EDGE ( 'NONE', *, *, #210, .T. ) ;
#4002 = CARTESIAN_POINT ( 'NONE',  ( 3.023555867989116575, 0.1544588577517139183, 2.495223930083638297 ) ) ;
#4003 = ORIENTED_EDGE ( 'NONE', *, *, #7505, .F. ) ;
#4004 = DIRECTION ( 'NONE',  ( -1.000000000000000000, -0.000000000000000000, -0.000000000000000000 ) ) ;
#4005 = B_SPLINE_CURVE_WITH_KNOTS ( 'NONE', 3,
 ( #607, #2160, #4378, #2012 ),
 .UNSPECIFIED., .F., .F.,
 ( 4, 4 ),
 ( 0.000000000000000000, 1.000000000000000000 ),
 .UNSPECIFIED. ) ;
#4006 = CARTESIAN_POINT ( 'NONE',  ( 2.260461650287735935, -0.2197427717047596707, 2.490323897464647107 ) ) ;
#4007 = FACE_OUTER_BOUND ( 'NONE', #635, .T. ) ;
#4008 = ORIENTED_EDGE ( 'NONE', *, *, #7889, .F. ) ;
#4009 = TOROIDAL_SURFACE ( 'NONE', #3093, 2.299999999999999822, 0.2000000000000000111 ) ;
#4010 = ADVANCED_FACE ( 'NONE', ( #5157 ), #1404, .T. ) ;
#4011 = B_SPLINE_SURFACE_WITH_KNOTS ( 'NONE', 1, 3, ( 
 ( #3985, #278, #1868, #7089 ),
 ( #3369, #5412, #1820, #8351 ) ),
 .UNSPECIFIED., .F., .F., .F.,
 ( 2, 2 ),
 ( 4, 4 ),
 ( 0.000000000000000000, 1.000000000000000000 ),
 ( 0.000000000000000000, 1.000000000000000000 ),
 .UNSPECIFIED. ) ;
#4012 = ORIENTED_EDGE ( 'NONE', *, *, #3205, .F. ) ;
#4013 = ADVANCED_FACE ( 'NONE', ( #739 ), #2878, .F. ) ;
#4015 = VERTEX_POINT ( 'NONE', #8780 ) ;
#4014 =( GEOMETRIC_REPRESENTATION_CONTEXT ( 3 ) GLOBAL_UNCERTAINTY_ASSIGNED_CONTEXT ( ( #6678 ) ) GLOBAL_UNIT_ASSIGNED_CONTEXT ( ( #6221, #3982, #955 ) ) REPRESENTATION_CONTEXT ( 'NONE', 'WORKASPACE' ) );
#4016 = CARTESIAN_POINT ( 'NONE',  ( 1.068608810083886640, 0.3213189391376301551, 2.479264838485688571 ) ) ;
#4017 = ADVANCED_FACE ( 'NONE', ( #5926 ), #7347, .T. ) ;
#4018 = SHAPE_DEFINITION_REPRESENTATION ( #8808, #3295 ) ;
#4019 = CARTESIAN_POINT ( 'NONE',  ( 1.390533354600380633, 0.4608703993464394744, 2.467326179289283772 ) ) ;
#4020 = CARTESIAN_POINT ( 'NONE',  ( 3.230879094835743093, 4.852406643424649147E-11, 2.499999989035925907 ) ) ;
#4021 = CARTESIAN_POINT ( 'NONE',  ( 2.255020980432139499, 0.1840863203842553752, 2.503240345361864350 ) ) ;
#4022 = ADVANCED_FACE ( 'NONE', ( #2242 ), #3034, .T. ) ;
#4023 = ORIENTED_EDGE ( 'NONE', *, *, #2786, .T. ) ;
#4024 = DIRECTION ( 'NONE',  ( -1.000000000000000000, -0.000000000000000000, -0.000000000000000000 ) ) ;
#4025 = B_SPLINE_CURVE_WITH_KNOTS ( 'NONE', 3,
 ( #8866, #1399, #4221, #7366 ),
 .UNSPECIFIED., .F., .F.,
 ( 4, 4 ),
 ( 0.000000000000000000, 1.000000000000000000 ),
 .UNSPECIFIED. ) ;
#4026 = CARTESIAN_POINT ( 'NONE',  ( 2.788172032324728988, -0.2017340161659222919, 2.491847384315815095 ) ) ;
#4027 = VERTEX_POINT ( 'NONE', #2346 ) ;
#4028 = CARTESIAN_POINT ( 'NONE',  ( 2.272147779663091782, -0.1356910834094524898, 2.496316341581300779 ) ) ;
#4029 = ORIENTED_EDGE ( 'NONE', *, *, #5206, .F. ) ;
#4030 = EDGE_CURVE ( 'NONE', #9241, #1538, #6691, .T. ) ;
#4031 = CARTESIAN_POINT ( 'NONE',  ( 2.493180529351969099, -0.1319817101772354784, 2.506527643609520073 ) ) ;
#4032 = CARTESIAN_POINT ( 'NONE',  ( 2.558234890725588517, -0.05684753223574125214, 2.509356164054577842 ) ) ;
#4033 = CIRCLE ( 'NONE', #5125, 2.500000000000000000 ) ;
#4034 = FACE_OUTER_BOUND ( 'NONE', #3253, .T. ) ;
#4035 = DIRECTION ( 'NONE',  ( 1.000000000000000000, 0.000000000000000000, 0.000000000000000000 ) ) ;
#4036 = VERTEX_POINT ( 'NONE', #6890 ) ;
#4037 = LINE ( 'NONE', #7050, #1150 ) ;
#4038 = STYLED_ITEM ( 'NONE', ( #3588 ), #9384 ) ;
#4039 = CARTESIAN_POINT ( 'NONE',  ( 4.500000000000000000, 0.000000000000000000, 0.000000000000000000 ) ) ;
#4040 = CARTESIAN_POINT ( 'NONE',  ( 2.890276914566841882, 0.1985076751944996609, 2.492204252409599530 ) ) ;
#4041 = VERTEX_POINT ( 'NONE', #3925 ) ;
#4042 =( GEOMETRIC_REPRESENTATION_CONTEXT ( 3 ) GLOBAL_UNCERTAINTY_ASSIGNED_CONTEXT ( ( #2823 ) ) GLOBAL_UNIT_ASSIGNED_CONTEXT ( ( #7139, #4226, #4931 ) ) REPRESENTATION_CONTEXT ( 'NONE', 'WORKASPACE' ) );
#4043 = CARTESIAN_POINT ( 'NONE',  ( 2.999479004441937491, -0.2292359742274489298, 2.489467988972742685 ) ) ;
#4044 = CARTESIAN_POINT ( 'NONE',  ( 2.216578626493900028, -0.2292359742274489298, 2.489467988972742685 ) ) ;
#4045 = SURFACE_SIDE_STYLE ('',( #1072 ) ) ;
#4046 = CARTESIAN_POINT ( 'NONE',  ( 2.320511006112546681, 0.3706107755660791314, 2.472376988761398220 ) ) ;
#4047 = ORIENTED_EDGE ( 'NONE', *, *, #1911, .T. ) ;
#4048 = B_SPLINE_CURVE_WITH_KNOTS ( 'NONE', 3,
 ( #6770, #4601, #871, #6094 ),
 .UNSPECIFIED., .F., .F.,
 ( 4, 4 ),
 ( 0.000000000000000000, 1.000000000000000000 ),
 .UNSPECIFIED. ) ;
#4049 = CARTESIAN_POINT ( 'NONE',  ( 2.677051217645978198, -0.1000184232485575170, 2.498375595009339811 ) ) ;
#4050 = VERTEX_POINT ( 'NONE', #9105 ) ;
#4051 = ORIENTED_EDGE ( 'NONE', *, *, #6586, .T. ) ;
#4052 = CARTESIAN_POINT ( 'NONE',  ( 3.063678847567167907, 3.523838847722126114E-05, 2.510008384150659300 ) ) ;
#4053 = CARTESIAN_POINT ( 'NONE',  ( 0.9156635719430895604, 0.1357486306048071023, 2.506546629132624826 ) ) ;
#4054 = ORIENTED_EDGE ( 'NONE', *, *, #6786, .F. ) ;
#4055 = ORIENTED_EDGE ( 'NONE', *, *, #6968, .T. ) ;
#4056 = ADVANCED_FACE ( 'NONE', ( #272 ), #5281, .T. ) ;
#4057 = ORIENTED_EDGE ( 'NONE', *, *, #7247, .F. ) ;
#4058 = CARTESIAN_POINT ( 'NONE',  ( 1.132778806997792431, 0.2096024004518776129, 2.491254168326910268 ) ) ;
#4059 = EDGE_LOOP ( 'NONE', ( #2847, #4584, #3377, #1862 ) ) ;
#4060 = DIRECTION ( 'NONE',  ( 0.000000000000000000, 0.000000000000000000, 1.000000000000000000 ) ) ;
#4061 = B_SPLINE_CURVE_WITH_KNOTS ( 'NONE', 1,
 ( #3085, #2361 ),
 .UNSPECIFIED., .F., .F.,
 ( 2, 2 ),
 ( 0.000000000000000000, 1.000000000000000000 ),
 .UNSPECIFIED. ) ;
#4062 = VERTEX_POINT ( 'NONE', #4026 ) ;
#4063 = CARTESIAN_POINT ( 'NONE',  ( 2.506343859229203552, -0.07792600467462845737, 2.508790076351600895 ) ) ;
#4064 = EDGE_CURVE ( 'NONE', #1014, #4239, #2678, .T. ) ;
#4065 = CARTESIAN_POINT ( 'NONE',  ( 2.524455078124317353, -0.1458882532041947955, 2.495752365835474773 ) ) ;
#4066 = SURFACE_SIDE_STYLE ('',( #9152 ) ) ;
#4067 = MECHANICAL_DESIGN_GEOMETRIC_PRESENTATION_REPRESENTATION (  '', ( #8248 ), #625 ) ;
#4068 = VERTEX_POINT ( 'NONE', #224 ) ;
#4069 = CARTESIAN_POINT ( 'NONE',  ( 3.292424493319719758, -0.1359072883614094174, 2.496303108392538661 ) ) ;
#4070 = CARTESIAN_POINT ( 'NONE',  ( 2.575193915435701530, -0.05662104804356698357, 2.499358729138025925 ) ) ;
#4071 = ORIENTED_EDGE ( 'NONE', *, *, #2951, .T. ) ;
#4072 = CARTESIAN_POINT ( 'NONE',  ( 2.998860061933319443, 0.2213792493774511816, 2.500218236063619592 ) ) ;
#4073 = VECTOR ( 'NONE', #5012, 1000.000000000000114 ) ;
#4074 = VERTEX_POINT ( 'NONE', #5452 ) ;
#4075 = VERTEX_POINT ( 'NONE', #8300 ) ;
#4076 = EDGE_CURVE ( 'NONE', #2355, #8769, #1167, .T. ) ;
#4077 = LINE ( 'NONE', #6896, #4811 ) ;
#4078 = CARTESIAN_POINT ( 'NONE',  ( 1.211313004794117854, -0.3422798373858519372, 2.476458146005800387 ) ) ;
#4079 = FACE_OUTER_BOUND ( 'NONE', #798, .T. ) ;
#4080 = B_SPLINE_CURVE_WITH_KNOTS ( 'NONE', 3,
 ( #8278, #6054, #3817, #5338 ),
 .UNSPECIFIED., .F., .F.,
 ( 4, 4 ),
 ( 0.000000000000000000, 0.9480780303304077172 ),
 .UNSPECIFIED. ) ;
#4081 = CARTESIAN_POINT ( 'NONE',  ( 2.967417782544240268, 0.01257182957296817082, 2.499968389620394582 ) ) ;
#4082 = VERTEX_POINT ( 'NONE', #1662 ) ;
#4083 = PRESENTATION_LAYER_ASSIGNMENT (  '', '', ( #8422 ) ) ;
#4084 = EDGE_CURVE ( 'NONE', #558, #8491, #91, .T. ) ;
#4085 = EDGE_CURVE ( 'NONE', #3133, #5882, #8747, .T. ) ;
#4086 = DIRECTION ( 'NONE',  ( 1.000000000000000000, 0.000000000000000000, 0.000000000000000000 ) ) ;
#4087 = CARTESIAN_POINT ( 'NONE',  ( 1.315508806746366721, 0.4585596472450420014, 2.457584847576440357 ) ) ;
#4088 = CARTESIAN_POINT ( 'NONE',  ( 2.703576963161872015, 0.1828370905915718825, 2.503331901696855599 ) ) ;
#4089 = ORIENTED_EDGE ( 'NONE', *, *, #9404, .F. ) ;
#4090 = VECTOR ( 'NONE', #1756, 1000.000000000000000 ) ;
#4091 = PLANE ( 'NONE',  #2486 ) ;
#4092 = CARTESIAN_POINT ( 'NONE',  ( 2.584044793295543929, -0.3101848376036615007, 2.480480882111529617 ) ) ;
#4093 = PRESENTATION_STYLE_ASSIGNMENT (( #1177 ) ) ;
#4094 = CIRCLE ( 'NONE', #9041, 2.510000000000000231 ) ;
#4095 = AXIS2_PLACEMENT_3D ( 'NONE', #2271, #3813, #6046 ) ;
#4096 = DIRECTION ( 'NONE',  ( -1.000000000000000000, 0.000000000000000000, 0.000000000000000000 ) ) ;
#4097 = ORIENTED_EDGE ( 'NONE', *, *, #777, .F. ) ;
#4098 = DIRECTION ( 'NONE',  ( 0.000000000000000000, 0.000000000000000000, 1.000000000000000000 ) ) ;
#4099 = ORIENTED_EDGE ( 'NONE', *, *, #9324, .T. ) ;
#4100 = PRESENTATION_STYLE_ASSIGNMENT (( #7065 ) ) ;
#4101 = AXIS2_PLACEMENT_3D ( 'NONE', #7950, #3535, #6475 ) ;
#4102 = AXIS2_PLACEMENT_3D ( 'NONE', #8395, #114, #7723 ) ;
#4103 = CARTESIAN_POINT ( 'NONE',  ( 1.390533354600380633, 0.4608703993464395854, 2.467326179289283772 ) ) ;
#4104 = ADVANCED_FACE ( 'NONE', ( #3881 ), #8895, .T. ) ;
#4105 = ORIENTED_EDGE ( 'NONE', *, *, #1465, .F. ) ;
#4106 = ORIENTED_EDGE ( 'NONE', *, *, #5687, .F. ) ;
#4107 = AXIS2_PLACEMENT_3D ( 'NONE', #37, #7551, #1028 ) ;
#4108 = PLANE ( 'NONE',  #3957 ) ;
#4109 = ORIENTED_EDGE ( 'NONE', *, *, #4356, .T. ) ;
#4110 = CARTESIAN_POINT ( 'NONE',  ( 2.284530986539071495, 0.3888181980252469194, 2.469708199336833943 ) ) ;
#4111 = EDGE_LOOP ( 'NONE', ( #3466, #6394, #807, #5720, #9512, #6538, #2438, #4880 ) ) ;
#4112 = CARTESIAN_POINT ( 'NONE',  ( 2.445277883076570458, -0.06666296256050388558, 2.509114594717159807 ) ) ;
#4113 = CARTESIAN_POINT ( 'NONE',  ( 0.000000000000000000, 0.000000000000000000, 0.000000000000000000 ) ) ;
#4114 = CARTESIAN_POINT ( 'NONE',  ( 2.952625056610553855, 0.3490417246938384843, 2.485612575286573644 ) ) ;
#4115 = ADVANCED_FACE ( 'NONE', ( #5501 ), #6047, .T. ) ;
#4116 = DIRECTION ( 'NONE',  ( 1.000000000000000000, 0.000000000000000000, 0.000000000000000000 ) ) ;
#4117 = B_SPLINE_CURVE_WITH_KNOTS ( 'NONE', 3,
 ( #2162, #9461, #4285, #1460 ),
 .UNSPECIFIED., .F., .F.,
 ( 4, 4 ),
 ( 0.000000000000000000, 1.000000000000000000 ),
 .UNSPECIFIED. ) ;
#4118 = CARTESIAN_POINT ( 'NONE',  ( 4.500000000000000000, -0.01534155688081586914, 2.509953114429126941 ) ) ;
#4119 = ORIENTED_EDGE ( 'NONE', *, *, #4134, .F. ) ;
#4120 = SURFACE_SIDE_STYLE ('',( #1195 ) ) ;
#4121 = ADVANCED_FACE ( 'NONE', ( #8490 ), #4822, .T. ) ;
#4122 = CARTESIAN_POINT ( 'NONE',  ( 2.293829317515717836, -0.1282025621240669710, 2.496711074712214984 ) ) ;
#4123 = ORIENTED_EDGE ( 'NONE', *, *, #7163, .T. ) ;
#4124 = FILL_AREA_STYLE ('',( #1954 ) ) ;
#4125 = ORIENTED_EDGE ( 'NONE', *, *, #710, .F. ) ;
#4126 = ORIENTED_EDGE ( 'NONE', *, *, #7451, .F. ) ;
#4127 = DIRECTION ( 'NONE',  ( 0.000000000000000000, 0.005028731829187268153, 0.9999873558481577884 ) ) ;
#4128 = DIRECTION ( 'NONE',  ( -1.000000000000000000, -0.000000000000000000, -0.000000000000000000 ) ) ;
#4129 = CARTESIAN_POINT ( 'NONE',  ( 1.571143124530146817, -0.01817239280052795197, 2.499950464131735384 ) ) ;
#4130 = CARTESIAN_POINT ( 'NONE',  ( 2.638573628220702183, -0.1911626052613611959, 2.492685173767128504 ) ) ;
#4131 = CARTESIAN_POINT ( 'NONE',  ( 2.223944042334981219, 0.2705116037016522812, 2.485321603387127265 ) ) ;
#4132 = EDGE_LOOP ( 'NONE', ( #9413, #4997, #6986, #4623 ) ) ;
#4133 = ORIENTED_EDGE ( 'NONE', *, *, #373, .F. ) ;
#4134 = EDGE_CURVE ( 'NONE', #3364, #6150, #9009, .T. ) ;
#4135 = CARTESIAN_POINT ( 'NONE',  ( 1.548039511508099375, 0.02141267010025649231, 2.510000000000000231 ) ) ;
#4136 = CARTESIAN_POINT ( 'NONE',  ( 2.641854023510854521, -0.2006235327788787881, 2.491937037345711481 ) ) ;
#4137 = CARTESIAN_POINT ( 'NONE',  ( 3.071276335330218821, -0.1765536489330275238, 2.493757969220034898 ) ) ;
#4138 = EDGE_LOOP ( 'NONE', ( #8298, #4251, #3141, #7128 ) ) ;
#4139 = EDGE_CURVE ( 'NONE', #6271, #7001, #2803, .T. ) ;
#4140 = FACE_OUTER_BOUND ( 'NONE', #9142, .T. ) ;
#4141 = CARTESIAN_POINT ( 'NONE',  ( 2.086353122880867605, 0.3950250790129175571, 2.468593767097137626 ) ) ;
#4142 = DIRECTION ( 'NONE',  ( -1.000000000000000000, -0.000000000000000000, -0.000000000000000000 ) ) ;
#4143 = CARTESIAN_POINT ( 'NONE',  ( 2.505730245990575700, -0.2011812754851808605, 2.501926566390872075 ) ) ;
#4144 = ADVANCED_FACE ( 'NONE', ( #1708 ), #2335, .T. ) ;
#4145 = CARTESIAN_POINT ( 'NONE',  ( 2.223944042334981663, 0.2715936501164588623, 2.495262889800675676 ) ) ;
#4146 = B_SPLINE_CURVE_WITH_KNOTS ( 'NONE', 3,
 ( #9354, #5424, #5381, #6912 ),
 .UNSPECIFIED., .F., .F.,
 ( 4, 4 ),
 ( 0.000000000000000000, 1.000000000000000000 ),
 .UNSPECIFIED. ) ;
#4147 = CYLINDRICAL_SURFACE ( 'NONE', #1149, 2.500000000000000000 ) ;
#4148 = ORIENTED_EDGE ( 'NONE', *, *, #6791, .F. ) ;
#4149 =( LENGTH_UNIT ( ) NAMED_UNIT ( * ) SI_UNIT ( .MILLI., .METRE. ) );
#4150 = CARTESIAN_POINT ( 'NONE',  ( 1.035941984889742429, -0.05008852284333027705, 2.509584966488090707 ) ) ;
#4151 = B_SPLINE_CURVE_WITH_KNOTS ( 'NONE', 1,
 ( #2785, #3605 ),
 .UNSPECIFIED., .F., .F.,
 ( 2, 2 ),
 ( 0.000000000000000000, 1.000000000000000000 ),
 .UNSPECIFIED. ) ;
#4152 = ORIENTED_EDGE ( 'NONE', *, *, #7272, .T. ) ;
#4153 = FACE_OUTER_BOUND ( 'NONE', #8791, .T. ) ;
#4154 = EDGE_CURVE ( 'NONE', #7663, #8138, #7068, .T. ) ;
#4155 = ORIENTED_EDGE ( 'NONE', *, *, #846, .T. ) ;
#4156 = CARTESIAN_POINT ( 'NONE',  ( 3.272282607715815583, 0.004207390030081260487, 2.510000000000000231 ) ) ;
#4157 = ORIENTED_EDGE ( 'NONE', *, *, #2378, .T. ) ;
#4158 = CARTESIAN_POINT ( 'NONE',  ( 2.425657405583639736, -0.1919850967095921290, 2.492617444101964175 ) ) ;
#4159 = CARTESIAN_POINT ( 'NONE',  ( 1.228879987644200256, -0.009566800475523658948, 2.509999741577199739 ) ) ;
#4160 = LINE ( 'NONE', #2142, #6985 ) ;
#4161 = ORIENTED_EDGE ( 'NONE', *, *, #7981, .F. ) ;
#4162 = CARTESIAN_POINT ( 'NONE',  ( 2.285831536571915290, -0.1307986651005809964, 2.506591134482655470 ) ) ;
#4163 = AXIS2_PLACEMENT_3D ( 'NONE', #8887, #3088, #136 ) ;
#4164 = EDGE_CURVE ( 'NONE', #6548, #3477, #5682, .T. ) ;
#4165 = ORIENTED_EDGE ( 'NONE', *, *, #2414, .F. ) ;
#4166 = CARTESIAN_POINT ( 'NONE',  ( 2.697496954949315739, 0.3674986156302331164, 2.472841435982069402 ) ) ;
#4167 = ORIENTED_EDGE ( 'NONE', *, *, #4806, .T. ) ;
#4168 = VERTEX_POINT ( 'NONE', #8621 ) ;
#4169 = CARTESIAN_POINT ( 'NONE',  ( 1.392254850066266370, 0.3571362102707448805, 2.474359255911204869 ) ) ;
#4170 = SURFACE_STYLE_USAGE ( .BOTH. , #1203 ) ;
#4171 = CARTESIAN_POINT ( 'NONE',  ( 2.570572352088348556, -0.2830687095543740761, 2.483923636382713962 ) ) ;
#4172 = DIRECTION ( 'NONE',  ( -1.000000000000000000, -0.000000000000000000, -0.000000000000000000 ) ) ;
#4173 = FACE_OUTER_BOUND ( 'NONE', #5757, .T. ) ;
#4174 = VECTOR ( 'NONE', #6943, 1000.000000000000114 ) ;
#4175 = ORIENTED_EDGE ( 'NONE', *, *, #8170, .F. ) ;
#4176 = B_SPLINE_CURVE_WITH_KNOTS ( 'NONE', 3,
 ( #627, #5092, #4351, #5286 ),
 .UNSPECIFIED., .F., .F.,
 ( 4, 4 ),
 ( 0.000000000000000000, 1.000000000000000000 ),
 .UNSPECIFIED. ) ;
#4177 = FACE_OUTER_BOUND ( 'NONE', #3102, .T. ) ;
#4178 = EDGE_CURVE ( 'NONE', #7901, #8655, #2772, .T. ) ;
#4179 = B_SPLINE_CURVE_WITH_KNOTS ( 'NONE', 1,
 ( #4935, #9505 ),
 .UNSPECIFIED., .F., .F.,
 ( 2, 2 ),
 ( 0.000000000000000000, 1.000000000000000000 ),
 .UNSPECIFIED. ) ;
#4180 = CARTESIAN_POINT ( 'NONE',  ( 2.278681008128114804, 0.1593733868342575855, 2.495030770425642697 ) ) ;
#4181 = PRESENTATION_LAYER_ASSIGNMENT (  '', '', ( #8369 ) ) ;
#4182 = CARTESIAN_POINT ( 'NONE',  ( 2.319199294265130273, -0.07759539877612810221, 2.508800301755556905 ) ) ;
#4183 = CARTESIAN_POINT ( 'NONE',  ( 3.050136156965489231, -0.1923551381651742997, 2.492592005681936840 ) ) ;
#4184 = ORIENTED_EDGE ( 'NONE', *, *, #7314, .T. ) ;
#4185 = CARTESIAN_POINT ( 'NONE',  ( 2.276672145416946513, -0.1717681586208270883, 2.494107979325859592 ) ) ;
#4186 = CARTESIAN_POINT ( 'NONE',  ( 1.068608810083886640, 0.3213189391376301551, 2.479264838485688571 ) ) ;
#4187 = ADVANCED_FACE ( 'NONE', ( #5595 ), #1547, .T. ) ;
#4188 = CARTESIAN_POINT ( 'NONE',  ( 2.434446389192383986, -0.1305919500364444430, 2.496586818555621701 ) ) ;
#4189 = FACE_OUTER_BOUND ( 'NONE', #6974, .T. ) ;
#4190 = PRESENTATION_LAYER_ASSIGNMENT (  '', '', ( #1722 ) ) ;
#4191 = ORIENTED_EDGE ( 'NONE', *, *, #2003, .T. ) ;
#4192 = CARTESIAN_POINT ( 'NONE',  ( 2.662959963022956345, 0.1544588577518069827, 2.495223930083632080 ) ) ;
#4193 = VECTOR ( 'NONE', #8114, 1000.000000000000114 ) ;
#4194 = ORIENTED_EDGE ( 'NONE', *, *, #5725, .T. ) ;
#4195 = CARTESIAN_POINT ( 'NONE',  ( 4.500000000000000000, 0.000000000000000000, 2.510000000000000231 ) ) ;
#4196 = ADVANCED_FACE ( 'NONE', ( #5056 ), #9426, .T. ) ;
#4197 = DIRECTION ( 'NONE',  ( 0.000000000000000000, 0.000000000000000000, 1.000000000000000000 ) ) ;
#4198 = CARTESIAN_POINT ( 'NONE',  ( 4.500000000000000000, 0.3689686100927540569, 2.482732801725997085 ) ) ;
#4199 = B_SPLINE_CURVE_WITH_KNOTS ( 'NONE', 3,
 ( #7990, #8752, #9418, #3574 ),
 .UNSPECIFIED., .F., .F.,
 ( 4, 4 ),
 ( 0.000000000000000000, 1.000000000000000000 ),
 .UNSPECIFIED. ) ;
#4200 = ORIENTED_EDGE ( 'NONE', *, *, #2530, .T. ) ;
#4201 = ADVANCED_FACE ( 'NONE', ( #7820 ), #4213, .T. ) ;
#4202 = EDGE_CURVE ( 'NONE', #615, #7777, #2578, .T. ) ;
#4203 = DIRECTION ( 'NONE',  ( 0.000000000000000000, -0.09202886842252182287, 0.9957563393606240210 ) ) ;
#4204 = ORIENTED_EDGE ( 'NONE', *, *, #6564, .F. ) ;
#4205 = DIRECTION ( 'NONE',  ( 0.000000000000000000, 0.1469994462520932132, 0.9891365743928276499 ) ) ;
#4206 = COLOUR_RGB ( '',0.2980392156862745057, 0.2980392156862745057, 0.2980392156862745057 ) ;
#4207 = ORIENTED_EDGE ( 'NONE', *, *, #7607, .F. ) ;
#4208 = CARTESIAN_POINT ( 'NONE',  ( 2.441244522799878247, -0.2034617619882564954, 2.501763111986345489 ) ) ;
#4209 = CARTESIAN_POINT ( 'NONE',  ( 2.626070989566030800, -0.2297816353684445922, 2.499460021694166478 ) ) ;
#4210 =( LENGTH_UNIT ( ) NAMED_UNIT ( * ) SI_UNIT ( .MILLI., .METRE. ) );
#4211 = CARTESIAN_POINT ( 'NONE',  ( 4.500000000000000000, -0.2025409522305853804, 2.501814773853078044 ) ) ;
#4212 = CARTESIAN_POINT ( 'NONE',  ( 1.539164314221983521, -0.1249445326752679220, 2.496876176318506779 ) ) ;
#4213 = PLANE ( 'NONE',  #7837 ) ;
#4214 = ORIENTED_EDGE ( 'NONE', *, *, #2140, .F. ) ;
#4215 = CARTESIAN_POINT ( 'NONE',  ( 2.765665257268587585, 0.1661934681780723733, 2.494568315004664250 ) ) ;
#4216 = EDGE_LOOP ( 'NONE', ( #2085, #4389, #3057, #723 ) ) ;
#4217 = CARTESIAN_POINT ( 'NONE',  ( 2.484952097818117878, 0.2906845807296062900, 2.483042986846191180 ) ) ;
#4218 = CARTESIAN_POINT ( 'NONE',  ( 0.8706338106990590964, 0.2401675128977830143, 2.498483453166839396 ) ) ;
#4219 = CARTESIAN_POINT ( 'NONE',  ( 1.657369223336927710, -0.2309924597405297875, 2.499348411795166314 ) ) ;
#4220 = CARTESIAN_POINT ( 'NONE',  ( 2.793928197645979772, 0.2783881013536721460, 2.494513993752029091 ) ) ;
#4221 = CARTESIAN_POINT ( 'NONE',  ( 2.603458943047844532, -0.1715872852383358294, 2.494767805393003357 ) ) ;
#4222 = VERTEX_POINT ( 'NONE', #4264 ) ;
#4223 = VECTOR ( 'NONE', #7236, 1000.000000000000000 ) ;
#4224 = CARTESIAN_POINT ( 'NONE',  ( 4.500000000000000000, 0.000000000000000000, 0.000000000000000000 ) ) ;
#4225 = DIRECTION ( 'NONE',  ( 0.000000000000000000, 0.000000000000000000, 1.000000000000000000 ) ) ;
#4226 =( NAMED_UNIT ( * ) PLANE_ANGLE_UNIT ( ) SI_UNIT ( $, .RADIAN. ) );
#4227 = ORIENTED_EDGE ( 'NONE', *, *, #1200, .T. ) ;
#4228 = DIRECTION ( 'NONE',  ( -1.000000000000000000, 0.000000000000000000, 0.000000000000000000 ) ) ;
#4229 = CARTESIAN_POINT ( 'NONE',  ( 3.204926582495675635, -0.06813744104513425048, 2.500374260030349127 ) ) ;
#4230 = CARTESIAN_POINT ( 'NONE',  ( 2.622274805846783519, -0.1432252439746130868, 2.496269951426275835 ) ) ;
#4231 = CARTESIAN_POINT ( 'NONE',  ( 2.756915435686840166, 0.01257182957296817082, 2.499968389620394582 ) ) ;
#4232 = CARTESIAN_POINT ( 'NONE',  ( 2.475544171701593577, -0.2094773529008085999, 2.501243538446760617 ) ) ;
#4233 = EDGE_CURVE ( 'NONE', #3364, #7710, #6122, .T. ) ;
#4234 = EDGE_LOOP ( 'NONE', ( #4255, #2479, #6902, #2980 ) ) ;
#4235 = ORIENTED_EDGE ( 'NONE', *, *, #9575, .T. ) ;
#4236 = EDGE_CURVE ( 'NONE', #6548, #6891, #4750, .T. ) ;
#4237 = VECTOR ( 'NONE', #3878, 1000.000000000000000 ) ;
#4238 = CARTESIAN_POINT ( 'NONE',  ( 2.493184033169769886, -0.05266076266337145484, 2.499445307278339357 ) ) ;
#4239 = VERTEX_POINT ( 'NONE', #3363 ) ;
#4240 = CARTESIAN_POINT ( 'NONE',  ( 2.246111384282223788, -0.1983545103725066205, 2.492165628858503457 ) ) ;
#4241 = CARTESIAN_POINT ( 'NONE',  ( 1.163292505442389935, 0.002007292774499774574, 2.499999194155013704 ) ) ;
#4242 = FACE_OUTER_BOUND ( 'NONE', #2856, .T. ) ;
#4243 = CARTESIAN_POINT ( 'NONE',  ( 2.493808833439248751, -0.2079183141937060719, 2.501374894516287029 ) ) ;
#4244 = B_SPLINE_CURVE_WITH_KNOTS ( 'NONE', 3,
 ( #9586, #1249, #505, #3511 ),
 .UNSPECIFIED., .F., .F.,
 ( 4, 4 ),
 ( 0.000000000000000000, 1.000000000000000000 ),
 .UNSPECIFIED. ) ;
#4245 = VECTOR ( 'NONE', #2928, 1000.000000000000000 ) ;
#4246 = AXIS2_PLACEMENT_3D ( 'NONE', #3847, #8973, #2358 ) ;
#4247 = ORIENTED_EDGE ( 'NONE', *, *, #3618, .F. ) ;
#4248 = B_SPLINE_SURFACE_WITH_KNOTS ( 'NONE', 1, 3, ( 
 ( #7178, #6498, #2836, #8730 ),
 ( #599, #8014, #1350, #4322 ) ),
 .UNSPECIFIED., .F., .F., .F.,
 ( 2, 2 ),
 ( 4, 4 ),
 ( 0.000000000000000000, 1.000000000000000000 ),
 ( 0.000000000000000000, 1.000000000000000000 ),
 .UNSPECIFIED. ) ;
#4249 = EDGE_CURVE ( 'NONE', #4670, #7692, #1949, .T. ) ;
#4250 = CARTESIAN_POINT ( 'NONE',  ( 1.161570977141077154, 0.1936758913311547037, 2.502516663104779493 ) ) ;
#4251 = ORIENTED_EDGE ( 'NONE', *, *, #8223, .F. ) ;
#4252 = CARTESIAN_POINT ( 'NONE',  ( 2.340738493531563602, -0.1450957507524275603, 2.505803373333923556 ) ) ;
#4253 = STYLED_ITEM ( 'NONE', ( #4292 ), #6049 ) ;
#4254 = VECTOR ( 'NONE', #6537, 1000.000000000000000 ) ;
#4255 = ORIENTED_EDGE ( 'NONE', *, *, #2725, .F. ) ;
#4256 = CARTESIAN_POINT ( 'NONE',  ( 1.781318735633162564, 0.008928862086430910255, 2.509984118559685840 ) ) ;
#4257 = CARTESIAN_POINT ( 'NONE',  ( 5.500000000000000000, 0.000000000000000000, 0.000000000000000000 ) ) ;
#4258 = EDGE_CURVE ( 'NONE', #2989, #3808, #7536, .T. ) ;
#4259 = EDGE_CURVE ( 'NONE', #3870, #3421, #1752, .T. ) ;
#4260 = DIRECTION ( 'NONE',  ( 1.000000000000000000, 0.000000000000000000, 0.000000000000000000 ) ) ;
#4261 = ORIENTED_EDGE ( 'NONE', *, *, #8554, .T. ) ;
#4262 = AXIS2_PLACEMENT_3D ( 'NONE', #6839, #1103, #6792 ) ;
#4263 = EDGE_CURVE ( 'NONE', #1059, #8850, #7402, .T. ) ;
#4264 = CARTESIAN_POINT ( 'NONE',  ( 2.989204558813184587, 0.2477341590463576770, 2.487695276041982151 ) ) ;
#4265 = B_SPLINE_CURVE_WITH_KNOTS ( 'NONE', 3,
 ( #996, #5546, #7719, #9151 ),
 .UNSPECIFIED., .F., .F.,
 ( 4, 4 ),
 ( 0.000000000000000000, 1.000000000000000000 ),
 .UNSPECIFIED. ) ;
#4266 = ORIENTED_EDGE ( 'NONE', *, *, #1049, .T. ) ;
#4267 = CARTESIAN_POINT ( 'NONE',  ( 1.228696520136385528, -0.1919449563726967067, 2.492689492196212164 ) ) ;
#4268 = ORIENTED_EDGE ( 'NONE', *, *, #142, .T. ) ;
#4269 = LINE ( 'NONE', #2778, #1376 ) ;
#4270 = DIRECTION ( 'NONE',  ( 0.000000000000000000, 0.000000000000000000, 1.000000000000000000 ) ) ;
#4271 = B_SPLINE_CURVE_WITH_KNOTS ( 'NONE', 3,
 ( #5639, #1243, #4215, #8580 ),
 .UNSPECIFIED., .F., .F.,
 ( 4, 4 ),
 ( 0.000000000000000000, 1.000000000000000000 ),
 .UNSPECIFIED. ) ;
#4272 = CARTESIAN_POINT ( 'NONE',  ( 2.284414725334340979, -0.1587682744402006407, 2.494953433439446311 ) ) ;
#4273 = CARTESIAN_POINT ( 'NONE',  ( 2.791384284401949412, 0.3035738349877558639, 2.481507877445858323 ) ) ;
#4274 = CARTESIAN_POINT ( 'NONE',  ( 3.344044298458814790, -0.2292359742274489298, 2.489467988972742685 ) ) ;
#4275 = ORIENTED_EDGE ( 'NONE', *, *, #1792, .F. ) ;
#4276 = CARTESIAN_POINT ( 'NONE',  ( 2.788172032324728988, -0.1204541027259926483, 2.497096475736665599 ) ) ;
#4277 = DIRECTION ( 'NONE',  ( -1.000000000000000000, 0.000000000000000000, 0.000000000000000000 ) ) ;
#4278 = EDGE_CURVE ( 'NONE', #7721, #6041, #7405, .T. ) ;
#4279 = ORIENTED_EDGE ( 'NONE', *, *, #1377, .F. ) ;
#4280 = CARTESIAN_POINT ( 'NONE',  ( 2.472913744528749458, -0.07998722946348320317, 2.508728484071500731 ) ) ;
#4281 = ORIENTED_EDGE ( 'NONE', *, *, #6104, .T. ) ;
#4282 = CARTESIAN_POINT ( 'NONE',  ( 2.920006787316643315, 0.2811157322669350367, 2.484371011993613099 ) ) ;
#4283 = CARTESIAN_POINT ( 'NONE',  ( 3.235667465365422490, 0.01262211689126004413, 2.509968263178876224 ) ) ;
#4284 = CARTESIAN_POINT ( 'NONE',  ( 2.457100008118129342, -0.1009411975190391136, 2.507969472430520597 ) ) ;
#4285 = CARTESIAN_POINT ( 'NONE',  ( 2.870965980088645786, 0.2350149576857196443, 2.490237362332850868 ) ) ;
#4286 = CARTESIAN_POINT ( 'NONE',  ( 2.341233647537683371, -0.1944534611905221755, 2.492426097486347913 ) ) ;
#4287 = ORIENTED_EDGE ( 'NONE', *, *, #7185, .T. ) ;
#4288 = ORIENTED_EDGE ( 'NONE', *, *, #8569, .T. ) ;
#4289 = ORIENTED_EDGE ( 'NONE', *, *, #8839, .T. ) ;
#4290 = CARTESIAN_POINT ( 'NONE',  ( 2.320511006112546681, 0.3706107755660791314, 2.472376988761398220 ) ) ;
#4291 = EDGE_CURVE ( 'NONE', #1623, #103, #5294, .T. ) ;
#4292 = PRESENTATION_STYLE_ASSIGNMENT (( #7386 ) ) ;
#4293 = EDGE_LOOP ( 'NONE', ( #5643, #5991, #7085, #2994 ) ) ;
#4294 = CARTESIAN_POINT ( 'NONE',  ( 2.246111384276980427, -0.1991479282547388707, 2.502134291385633258 ) ) ;
#4295 = CARTESIAN_POINT ( 'NONE',  ( 3.235667465365422490, 0.01260535445182942027, 2.506634971992715677 ) ) ;
#4296 = DIRECTION ( 'NONE',  ( 0.000000000000000000, 0.07280039224747592019, 0.9973465309954276936 ) ) ;
#4297 = CARTESIAN_POINT ( 'NONE',  ( 2.626070989566030800, -0.2288661706857017808, 2.489502013639608435 ) ) ;
#4298 = B_SPLINE_CURVE_WITH_KNOTS ( 'NONE', 1,
 ( #1526, #9035 ),
 .UNSPECIFIED., .F., .F.,
 ( 2, 2 ),
 ( 0.000000000000000000, 1.000000000000000000 ),
 .UNSPECIFIED. ) ;
#4299 = CARTESIAN_POINT ( 'NONE',  ( 1.633267892796018028, 0.1430937420675128802, 2.495901476617440107 ) ) ;
#4300 = ORIENTED_EDGE ( 'NONE', *, *, #585, .T. ) ;
#4301 = CARTESIAN_POINT ( 'NONE',  ( 3.247365478760182000, -0.03533309113959914871, 2.499750302064292384 ) ) ;
#4302 = CARTESIAN_POINT ( 'NONE',  ( 2.211070038175347641, 0.000000000000000000, 2.510000000000000231 ) ) ;
#4303 = CARTESIAN_POINT ( 'NONE',  ( 4.500000000000000000, 0.000000000000000000, 0.000000000000000000 ) ) ;
#4304 = ADVANCED_FACE ( 'NONE', ( #3056 ), #634, .T. ) ;
#4305 = PLANE ( 'NONE',  #6053 ) ;
#4306 = VERTEX_POINT ( 'NONE', #2918 ) ;
#4307 =( NAMED_UNIT ( * ) PLANE_ANGLE_UNIT ( ) SI_UNIT ( $, .RADIAN. ) );
#4308 = CARTESIAN_POINT ( 'NONE',  ( 2.511318830867071750, -0.1860637838310448267, 2.503094138930151313 ) ) ;
#4309 = EDGE_CURVE ( 'NONE', #8491, #7727, #5223, .T. ) ;
#4310 = VERTEX_POINT ( 'NONE', #1540 ) ;
#4311 = FACE_BOUND ( 'NONE', #2301, .T. ) ;
#4312 = ORIENTED_EDGE ( 'NONE', *, *, #7075, .F. ) ;
#4313 = ORIENTED_EDGE ( 'NONE', *, *, #459, .F. ) ;
#4314 = CARTESIAN_POINT ( 'NONE',  ( 2.258914294017850821, 0.3638248994891007948, 2.473384612734490506 ) ) ;
#4315 = DIRECTION ( 'NONE',  ( -1.000000000000000000, -0.000000000000000000, -0.000000000000000000 ) ) ;
#4316 = CARTESIAN_POINT ( 'NONE',  ( 1.335444645985828904, -0.1717310646574227162, 2.494094713805317554 ) ) ;
#4317 = ADVANCED_FACE ( 'NONE', ( #8179 ), #5971, .F. ) ;
#4318 = DIRECTION ( 'NONE',  ( 0.000000000000000000, 0.000000000000000000, -1.000000000000000000 ) ) ;
#4319 = SURFACE_STYLE_USAGE ( .BOTH. , #2195 ) ;
#4320 = B_SPLINE_CURVE_WITH_KNOTS ( 'NONE', 3,
 ( #9529, #1383, #2867, #6532 ),
 .UNSPECIFIED., .F., .F.,
 ( 4, 4 ),
 ( 0.000000000000000000, 1.000000000000000000 ),
 .UNSPECIFIED. ) ;
#4321 = ORIENTED_EDGE ( 'NONE', *, *, #2887, .T. ) ;
#4322 = CARTESIAN_POINT ( 'NONE',  ( 2.952625056610553411, 0.3476511202129842215, 2.475709736341209055 ) ) ;
#4323 = EDGE_CURVE ( 'NONE', #8283, #4075, #9048, .T. ) ;
#4324 = ADVANCED_FACE ( 'NONE', ( #2962, #5966 ), #9629, .F. ) ;
#4325 = DIRECTION ( 'NONE',  ( -1.000000000000000000, -0.000000000000000000, -0.000000000000000000 ) ) ;
#4326 = B_SPLINE_CURVE_WITH_KNOTS ( 'NONE', 1,
 ( #9256, #1011 ),
 .UNSPECIFIED., .F., .F.,
 ( 2, 2 ),
 ( 0.000000000000000000, 1.000000000000000000 ),
 .UNSPECIFIED. ) ;
#4327 = VERTEX_POINT ( 'NONE', #8039 ) ;
#4328 = CARTESIAN_POINT ( 'NONE',  ( 2.431762923017682709, -0.07724418060293183896, 2.508833460254713987 ) ) ;
#4329 = ORIENTED_EDGE ( 'NONE', *, *, #1554, .F. ) ;
#4330 = CARTESIAN_POINT ( 'NONE',  ( 2.576307885819900001, -0.2842165073751675708, 2.483791660053570105 ) ) ;
#4331 = CARTESIAN_POINT ( 'NONE',  ( 2.384559623074435919, -0.1187013637960765283, 2.507191653271235499 ) ) ;
#4332 = CARTESIAN_POINT ( 'NONE',  ( 2.534158027177594086, -0.06033368667145151687, 2.499271863213890388 ) ) ;
#4333 = VECTOR ( 'NONE', #1548, 1000.000000000000000 ) ;
#4334 = CARTESIAN_POINT ( 'NONE',  ( 2.459556637021661274, -0.1124398264451192814, 2.497473684658662929 ) ) ;
#4335 = CARTESIAN_POINT ( 'NONE',  ( 2.696259069935394770, 0.1550766931828142237, 2.505204825803966973 ) ) ;
#4336 = CARTESIAN_POINT ( 'NONE',  ( 2.330823210068798002, -0.2047587974056523374, 2.491622098403773133 ) ) ;
#4337 = B_SPLINE_SURFACE_WITH_KNOTS ( 'NONE', 1, 3, ( 
 ( #8840, #8313, #7592, #3849 ),
 ( #6084, #9024, #6853, #8975 ) ),
 .UNSPECIFIED., .F., .F., .F.,
 ( 2, 2 ),
 ( 4, 4 ),
 ( 0.000000000000000000, 1.000000000000000000 ),
 ( 0.000000000000000000, 1.000000000000000000 ),
 .UNSPECIFIED. ) ;
#4338 = B_SPLINE_CURVE_WITH_KNOTS ( 'NONE', 3,
 ( #4218, #9537, #3549, #5735 ),
 .UNSPECIFIED., .F., .F.,
 ( 4, 4 ),
 ( 0.000000000000000000, 1.000000000000000000 ),
 .UNSPECIFIED. ) ;
#4339 = ORIENTED_EDGE ( 'NONE', *, *, #1968, .F. ) ;
#4340 = ORIENTED_EDGE ( 'NONE', *, *, #3603, .T. ) ;
#4341 = B_SPLINE_CURVE_WITH_KNOTS ( 'NONE', 3,
 ( #1067, #1358, #6039, #4532 ),
 .UNSPECIFIED., .F., .F.,
 ( 4, 4 ),
 ( 0.000000000000000000, 1.000000000000000000 ),
 .UNSPECIFIED. ) ;
#4342 = ORIENTED_EDGE ( 'NONE', *, *, #6586, .F. ) ;
#4343 = DIRECTION ( 'NONE',  ( 0.000000000000000000, -0.08069360646636890289, 0.9967389537263258159 ) ) ;
#4344 = CIRCLE ( 'NONE', #9276, 2.500000000000000000 ) ;
#4345 = FILL_AREA_STYLE ('',( #1321 ) ) ;
#4346 = CARTESIAN_POINT ( 'NONE',  ( 2.698074634624132440, -0.1234464840345688985, 2.507847416068348156 ) ) ;
#4347 = CARTESIAN_POINT ( 'NONE',  ( 2.664197848038524885, 0.3950250790129175571, 2.468593767097137626 ) ) ;
#4348 = CARTESIAN_POINT ( 'NONE',  ( 2.493184033169769886, -0.05287140571402494660, 2.509443088507452568 ) ) ;
#4349 = FILL_AREA_STYLE ('',( #3672 ) ) ;
#4350 = ORIENTED_EDGE ( 'NONE', *, *, #5095, .T. ) ;
#4351 = CARTESIAN_POINT ( 'NONE',  ( 2.816471507364195492, 0.3395436993991669539, 2.476951415797377987 ) ) ;
#4352 = CARTESIAN_POINT ( 'NONE',  ( 2.788172032324740535, -0.09275084147147026614, 2.498278863819316520 ) ) ;
#4353 = VECTOR ( 'NONE', #1678, 999.9999999999998863 ) ;
#4354 = LINE ( 'NONE', #1191, #5801 ) ;
#4355 = ORIENTED_EDGE ( 'NONE', *, *, #6660, .T. ) ;
#4356 = EDGE_CURVE ( 'NONE', #1760, #2033, #5667, .T. ) ;
#4357 = CARTESIAN_POINT ( 'NONE',  ( 2.945673286817264813, 0.3523787271897723117, 2.475045862932593543 ) ) ;
#4358 = UNCERTAINTY_MEASURE_WITH_UNIT (LENGTH_MEASURE( 1.000000000000000082E-05 ), #9584, 'distance_accuracy_value', 'NONE');
#4359 = ORIENTED_EDGE ( 'NONE', *, *, #3274, .T. ) ;
#4360 = CARTESIAN_POINT ( 'NONE',  ( 1.108203841345388962, 0.3191758262147318947, 2.489623825392130119 ) ) ;
#4361 = EDGE_CURVE ( 'NONE', #135, #103, #1467, .T. ) ;
#4362 = ORIENTED_EDGE ( 'NONE', *, *, #7102, .T. ) ;
#4363 = DIRECTION ( 'NONE',  ( 0.000000000000000000, 0.000000000000000000, -1.000000000000000000 ) ) ;
#4364 = LINE ( 'NONE', #9350, #1268 ) ;
#4365 = LINE ( 'NONE', #8674, #4688 ) ;
#4366 = CARTESIAN_POINT ( 'NONE',  ( 2.777147637170352290, 0.3360896594771675683, 2.477321909416549506 ) ) ;
#4367 = CARTESIAN_POINT ( 'NONE',  ( 1.624666460203585627, 0.3722389961908533218, 2.482244574919003632 ) ) ;
#4368 = B_SPLINE_CURVE_WITH_KNOTS ( 'NONE', 1,
 ( #1785, #9130 ),
 .UNSPECIFIED., .F., .F.,
 ( 2, 2 ),
 ( 0.000000000000000000, 1.000000000000000000 ),
 .UNSPECIFIED. ) ;
#4369 = ORIENTED_EDGE ( 'NONE', *, *, #8518, .T. ) ;
#4370 = CARTESIAN_POINT ( 'NONE',  ( 3.269090360780903204, 0.01262211689126004413, 2.509968263178876224 ) ) ;
#4371 = B_SPLINE_CURVE_WITH_KNOTS ( 'NONE', 1,
 ( #5296, #835 ),
 .UNSPECIFIED., .F., .F.,
 ( 2, 2 ),
 ( 0.000000000000000000, 1.000000000000000000 ),
 .UNSPECIFIED. ) ;
#4372 = CARTESIAN_POINT ( 'NONE',  ( 2.522955167788405895, -0.2196194620501336348, 2.490334775063145933 ) ) ;
#4373 = EDGE_CURVE ( 'NONE', #1623, #1173, #2381, .T. ) ;
#4374 = VERTEX_POINT ( 'NONE', #1595 ) ;
#4375 = ORIENTED_EDGE ( 'NONE', *, *, #3121, .T. ) ;
#4376 =( NAMED_UNIT ( * ) SI_UNIT ( $, .STERADIAN. ) SOLID_ANGLE_UNIT ( ) );
#4377 = FACE_OUTER_BOUND ( 'NONE', #3998, .T. ) ;
#4378 = CARTESIAN_POINT ( 'NONE',  ( 3.058092859917100448, 0.1548707480391450231, 2.501877860563855638 ) ) ;
#4379 = CARTESIAN_POINT ( 'NONE',  ( 2.459556637037184856, -0.1128895857665431074, 2.507463579396566722 ) ) ;
#4380 = DIRECTION ( 'NONE',  ( -1.000000000000000000, -0.000000000000000000, -0.000000000000000000 ) ) ;
#4381 = ADVANCED_FACE ( 'NONE', ( #4708 ), #6972, .T. ) ;
#4382 = CARTESIAN_POINT ( 'NONE',  ( 2.479025019937752372, -0.1258321780137749146, 2.496837598336009822 ) ) ;
#4383 = EDGE_CURVE ( 'NONE', #7681, #7397, #4903, .T. ) ;
#4384 = ORIENTED_EDGE ( 'NONE', *, *, #2063, .F. ) ;
#4385 = VERTEX_POINT ( 'NONE', #5487 ) ;
#4386 = ORIENTED_EDGE ( 'NONE', *, *, #5084, .F. ) ;
#4387 = CARTESIAN_POINT ( 'NONE',  ( 0.9047706035393874302, 5.633615326757109206E-08, 2.499999975092818794 ) ) ;
#4388 = CARTESIAN_POINT ( 'NONE',  ( 1.647040053532354165, 0.1436661170357829420, 2.505885082523909624 ) ) ;
#4389 = ORIENTED_EDGE ( 'NONE', *, *, #3433, .T. ) ;
#4390 = VECTOR ( 'NONE', #5876, 1000.000000000000000 ) ;
#4391 = FACE_OUTER_BOUND ( 'NONE', #9245, .T. ) ;
#4392 = DIRECTION ( 'NONE',  ( -1.000000000000000000, -0.000000000000000000, -0.000000000000000000 ) ) ;
#4393 = CARTESIAN_POINT ( 'NONE',  ( 2.214040962212883823, 0.1820009806186898005, 2.493366327488569123 ) ) ;
#4394 = CARTESIAN_POINT ( 'NONE',  ( 2.677051220781262675, -0.1004184882635357906, 2.508369097585970486 ) ) ;
#4395 = CARTESIAN_POINT ( 'NONE',  ( 4.500000000000000000, 0.000000000000000000, 0.000000000000000000 ) ) ;
#4396 = AXIS2_PLACEMENT_3D ( 'NONE', #9522, #4441, #7134 ) ;
#4397 = ORIENTED_EDGE ( 'NONE', *, *, #5305, .T. ) ;
#4398 = DIRECTION ( 'NONE',  ( -1.000000000000000000, -0.000000000000000000, -0.000000000000000000 ) ) ;
#4399 = EDGE_CURVE ( 'NONE', #5775, #5071, #4655, .T. ) ;
#4400 = CARTESIAN_POINT ( 'NONE',  ( 2.472573247664885177, -0.2342366914577876380, 2.499046452624462678 ) ) ;
#4401 = CIRCLE ( 'NONE', #3012, 2.500000000000000000 ) ;
#4402 = DIRECTION ( 'NONE',  ( 0.000000000000000000, 0.005028731829187268153, 0.9999873558481577884 ) ) ;
#4403 = CARTESIAN_POINT ( 'NONE',  ( 2.224415653305193974, 0.3094778113395481589, 2.491139437450129446 ) ) ;
#4404 = ORIENTED_EDGE ( 'NONE', *, *, #5075, .T. ) ;
#4405 = AXIS2_PLACEMENT_3D ( 'NONE', #3952, #6322, #1076 ) ;
#4406 = CARTESIAN_POINT ( 'NONE',  ( 2.920006787317426689, 0.2822401951981783896, 2.494308496041370393 ) ) ;
#4407 = ORIENTED_EDGE ( 'NONE', *, *, #5406, .T. ) ;
#4408 = CARTESIAN_POINT ( 'NONE',  ( 2.263063168627433619, 0.3245845519400524237, 2.489018044451435596 ) ) ;
#4409 = EDGE_LOOP ( 'NONE', ( #9215, #616, #7879, #3978 ) ) ;
#4410 = EDGE_CURVE ( 'NONE', #7777, #8166, #6152, .T. ) ;
#4411 = B_SPLINE_SURFACE_WITH_KNOTS ( 'NONE', 1, 3, ( 
 ( #4888, #7056, #3378, #3653 ),
 ( #7183, #514, #4282, #3467 ) ),
 .UNSPECIFIED., .F., .F., .F.,
 ( 2, 2 ),
 ( 4, 4 ),
 ( 0.000000000000000000, 1.000000000000000000 ),
 ( 0.000000000000000000, 1.000000000000000000 ),
 .UNSPECIFIED. ) ;
#4412 = CARTESIAN_POINT ( 'NONE',  ( 1.887545858819018152, -0.05054348414770482023, 2.500237141528594886 ) ) ;
#4413 = CARTESIAN_POINT ( 'NONE',  ( 2.887140939299873921, -0.2017340161659217090, 2.491847384315815095 ) ) ;
#4414 = CARTESIAN_POINT ( 'NONE',  ( 3.068885191776694832, -0.2175392651151983880, 2.490615991120149975 ) ) ;
#4415 = CARTESIAN_POINT ( 'NONE',  ( 0.8282553278721906942, -0.1010074667041535174, 2.508083074713739258 ) ) ;
#4416 = CARTESIAN_POINT ( 'NONE',  ( 2.322046429800451062, -0.05287140571402494660, 2.509443088507452568 ) ) ;
#4417 =( GEOMETRIC_REPRESENTATION_CONTEXT ( 3 ) GLOBAL_UNCERTAINTY_ASSIGNED_CONTEXT ( ( #728 ) ) GLOBAL_UNIT_ASSIGNED_CONTEXT ( ( #3513, #1969, #6402 ) ) REPRESENTATION_CONTEXT ( 'NONE', 'WORKASPACE' ) );
#4418 = CARTESIAN_POINT ( 'NONE',  ( 0.8981781650063318523, 0.04676413706562126960, 2.499562584830495648 ) ) ;
#4419 = CARTESIAN_POINT ( 'NONE',  ( 2.260464980049202044, -0.2206245164699204009, 2.500284948307375466 ) ) ;
#4420 = CIRCLE ( 'NONE', #9060, 2.510000000000000231 ) ;
#4421 = VERTEX_POINT ( 'NONE', #4607 ) ;
#4422 = VERTEX_POINT ( 'NONE', #7510 ) ;
#4423 = SURFACE_SIDE_STYLE ('',( #697 ) ) ;
#4424 = CARTESIAN_POINT ( 'NONE',  ( 1.142474045524395576, -0.2406852498611279367, 2.498433712015119212 ) ) ;
#4425 = CARTESIAN_POINT ( 'NONE',  ( 2.511319048644352847, -0.1853195789928631931, 2.493121868991146961 ) ) ;
#4426 = CARTESIAN_POINT ( 'NONE',  ( 2.598942515453571023, -0.3095636960717205177, 2.490839011168466843 ) ) ;
#4427 = CARTESIAN_POINT ( 'NONE',  ( 2.493184033169769886, -0.1314572786507104130, 2.496541404401246833 ) ) ;
#4428 = ORIENTED_EDGE ( 'NONE', *, *, #6840, .F. ) ;
#4429 = EDGE_CURVE ( 'NONE', #1838, #7040, #1511, .T. ) ;
#4430 = ORIENTED_EDGE ( 'NONE', *, *, #5227, .T. ) ;
#4431 = VERTEX_POINT ( 'NONE', #1651 ) ;
#4432 = CARTESIAN_POINT ( 'NONE',  ( 1.624660284127364074, 0.3707616397034622091, 2.472354304407925696 ) ) ;
#4433 = EDGE_CURVE ( 'NONE', #9249, #9232, #8907, .T. ) ;
#4434 = EDGE_CURVE ( 'NONE', #2144, #5542, #2311, .T. ) ;
#4435 = CARTESIAN_POINT ( 'NONE',  ( 2.389524692685639717, 0.3971835646273229048, 2.478383849743296619 ) ) ;
#4436 = SURFACE_STYLE_FILL_AREA ( #4345 ) ;
#4437 = LINE ( 'NONE', #2022, #1055 ) ;
#4438 = B_SPLINE_CURVE_WITH_KNOTS ( 'NONE', 3,
 ( #5647, #6175, #1163, #4733 ),
 .UNSPECIFIED., .F., .F.,
 ( 4, 4 ),
 ( 0.000000000000000000, 1.000000000000000000 ),
 .UNSPECIFIED. ) ;
#4439 = CARTESIAN_POINT ( 'NONE',  ( 3.094604218905520732, -0.08009760465704060528, 2.508729379748012800 ) ) ;
#4440 = DIRECTION ( 'NONE',  ( 0.000000000000000000, 0.07280039224747746063, 0.9973465309954276936 ) ) ;
#4441 = DIRECTION ( 'NONE',  ( -1.000000000000000000, -0.000000000000000000, -0.000000000000000000 ) ) ;
#4442 = SURFACE_STYLE_FILL_AREA ( #1425 ) ;
#4443 = EDGE_CURVE ( 'NONE', #1139, #6041, #2581, .T. ) ;
#4444 = B_SPLINE_CURVE_WITH_KNOTS ( 'NONE', 3,
 ( #5793, #4328, #7277, #603 ),
 .UNSPECIFIED., .F., .F.,
 ( 4, 4 ),
 ( 6.915982589718326406E-05, 1.000000000000000000 ),
 .UNSPECIFIED. ) ;
#4445 = CARTESIAN_POINT ( 'NONE',  ( 2.645567678557562363, -0.1874241885608317892, 2.502992643525408845 ) ) ;
#4446 = EDGE_CURVE ( 'NONE', #4724, #1538, #893, .T. ) ;
#4447 = ORIENTED_EDGE ( 'NONE', *, *, #6384, .T. ) ;
#4448 = DIRECTION ( 'NONE',  ( 0.000000000000000000, 0.000000000000000000, -1.000000000000000000 ) ) ;
#4449 = CARTESIAN_POINT ( 'NONE',  ( 2.583921004793332532, 0.1820009806186898005, 2.493366327488569123 ) ) ;
#4450 = CARTESIAN_POINT ( 'NONE',  ( 2.536741339267276629, -0.2100076642353058132, 2.501221238255525225 ) ) ;
#4451 = CARTESIAN_POINT ( 'NONE',  ( 5.500000000000000000, 0.000000000000000000, -1.000000000000000222 ) ) ;
#4452 = VERTEX_POINT ( 'NONE', #5439 ) ;
#4453 = B_SPLINE_CURVE_WITH_KNOTS ( 'NONE', 3,
 ( #4967, #2191, #1998, #454 ),
 .UNSPECIFIED., .F., .F.,
 ( 4, 4 ),
 ( 0.000000000000000000, 1.000000000000000000 ),
 .UNSPECIFIED. ) ;
#4454 = CARTESIAN_POINT ( 'NONE',  ( 2.946993698780239423, 0.3579749958036486102, 2.474246667107522946 ) ) ;
#4455 = VERTEX_POINT ( 'NONE', #3249 ) ;
#4456 = CARTESIAN_POINT ( 'NONE',  ( 2.257180013528425899, 0.3028319660247786316, 2.491840013884373040 ) ) ;
#4457 = ORIENTED_EDGE ( 'NONE', *, *, #311, .T. ) ;
#4458 = VERTEX_POINT ( 'NONE', #7071 ) ;
#4459 = CARTESIAN_POINT ( 'NONE',  ( 2.887140939299873921, -0.2017340161659217090, 2.491847384315815095 ) ) ;
#4460 = CARTESIAN_POINT ( 'NONE',  ( 2.641451710881328019, -0.2014260269099943379, 2.501904785495094430 ) ) ;
#4461 = CARTESIAN_POINT ( 'NONE',  ( 2.999479004441937491, -0.2292359742274489298, 2.489467988972742685 ) ) ;
#4462 = CARTESIAN_POINT ( 'NONE',  ( 2.354231440198708114, -0.1598994755005588853, 2.504901626358737143 ) ) ;
#4463 = CARTESIAN_POINT ( 'NONE',  ( 2.887140939299873921, 0.000000000000000000, 0.000000000000000000 ) ) ;
#4464 = ORIENTED_EDGE ( 'NONE', *, *, #9019, .F. ) ;
#4465 = CARTESIAN_POINT ( 'NONE',  ( 3.269090360780903204, 0.01257182957296817082, 2.499968389620394582 ) ) ;
#4466 = CARTESIAN_POINT ( 'NONE',  ( 2.245607030103355051, -0.1830974429735007791, 2.493286049849989805 ) ) ;
#4467 = ORIENTED_EDGE ( 'NONE', *, *, #6015, .T. ) ;
#4468 = B_SPLINE_CURVE_WITH_KNOTS ( 'NONE', 3,
 ( #6558, #8060, #6455, #1412, #2843, #8687, #1458, #7375, #3518, #7977 ),
 .UNSPECIFIED., .F., .F.,
 ( 4, 2, 1, 1, 2, 4 ),
 ( 0.04442730863368687250, 0.1041506018440816750, 0.1638738950544764705, 0.2833204814752661171, 0.5222136543168440781, 1.000000000000000000 ),
 .UNSPECIFIED. ) ;
#4469 = PLANE ( 'NONE',  #7614 ) ;
#4470 = CARTESIAN_POINT ( 'NONE',  ( 3.302079996438208376, -0.1632154101174175254, 2.494666456643092722 ) ) ;
#4471 = CARTESIAN_POINT ( 'NONE',  ( 1.066570969948759107, -0.02747213524630354523, 2.509870091667800285 ) ) ;
#4472 = FACE_OUTER_BOUND ( 'NONE', #1959, .T. ) ;
#4473 = CARTESIAN_POINT ( 'NONE',  ( 3.093496371354855778, -0.1954407537227389746, 2.492348874412305904 ) ) ;
#4474 = FACE_OUTER_BOUND ( 'NONE', #7382, .T. ) ;
#4475 = ORIENTED_EDGE ( 'NONE', *, *, #6331, .F. ) ;
#4476 = ADVANCED_FACE ( 'NONE', ( #3437 ), #577, .T. ) ;
#4477 = ORIENTED_EDGE ( 'NONE', *, *, #3315, .T. ) ;
#4478 = DIRECTION ( 'NONE',  ( 0.000000000000000000, 0.000000000000000000, 1.000000000000000000 ) ) ;
#4479 = LINE ( 'NONE', #1469, #3431 ) ;
#4480 = CARTESIAN_POINT ( 'NONE',  ( 1.163292505442389935, 0.002007292774499774574, 2.499999194155013704 ) ) ;
#4481 = EDGE_CURVE ( 'NONE', #6962, #1935, #3123, .T. ) ;
#4482 = EDGE_LOOP ( 'NONE', ( #2789, #3853, #4125, #4475 ) ) ;
#4483 = CARTESIAN_POINT ( 'NONE',  ( 1.317964694777384649, -0.2609581188856897604, 2.496618557032583396 ) ) ;
#4484 = EDGE_LOOP ( 'NONE', ( #7421, #4506, #1002, #5430 ) ) ;
#4485 = CARTESIAN_POINT ( 'NONE',  ( 3.096504484494014608, -0.09253646042218058310, 2.508301363587553290 ) ) ;
#4486 = CARTESIAN_POINT ( 'NONE',  ( 2.503522241353719036, -0.1695744519064342481, 2.504265262559187022 ) ) ;
#4487 = FACE_OUTER_BOUND ( 'NONE', #7997, .T. ) ;
#4488 = AXIS2_PLACEMENT_3D ( 'NONE', #6123, #5507, #3222 ) ;
#4489 = B_SPLINE_CURVE_WITH_KNOTS ( 'NONE', 1,
 ( #9030, #3194 ),
 .UNSPECIFIED., .F., .F.,
 ( 2, 2 ),
 ( 0.000000000000000000, 1.000000000000000000 ),
 .UNSPECIFIED. ) ;
#4490 = B_SPLINE_SURFACE_WITH_KNOTS ( 'NONE', 1, 3, ( 
 ( #3647, #8145, #9542, #5307 ),
 ( #7418, #5979, #7316, #8915 ) ),
 .UNSPECIFIED., .F., .F., .F.,
 ( 2, 2 ),
 ( 4, 4 ),
 ( 0.000000000000000000, 1.000000000000000000 ),
 ( 0.000000000000000000, 1.000000000000000000 ),
 .UNSPECIFIED. ) ;
#4491 = CARTESIAN_POINT ( 'NONE',  ( 2.290494484887955817, -0.1543817466182278997, 2.505252800597435492 ) ) ;
#4492 = ORIENTED_EDGE ( 'NONE', *, *, #1685, .F. ) ;
#4493 = DIRECTION ( 'NONE',  ( 0.000000000000000000, 0.000000000000000000, -1.000000000000000000 ) ) ;
#4494 = ADVANCED_FACE ( 'NONE', ( #9280 ), #2175, .T. ) ;
#4495 = FACE_OUTER_BOUND ( 'NONE', #7488, .T. ) ;
#4496 = CARTESIAN_POINT ( 'NONE',  ( 2.522951374024337223, -0.2205004460482446749, 2.500295893147954196 ) ) ;
#4497 = CARTESIAN_POINT ( 'NONE',  ( 2.453695501181130112, 0.1550766931827964323, 2.505204825803967861 ) ) ;
#4498 = VERTEX_POINT ( 'NONE', #3533 ) ;
#4499 = EDGE_CURVE ( 'NONE', #6347, #1779, #5339, .T. ) ;
#4500 = ADVANCED_FACE ( 'NONE', ( #4153 ), #4108, .F. ) ;
#4501 = CIRCLE ( 'NONE', #6823, 0.2000000000000000944 ) ;
#4502 = DIRECTION ( 'NONE',  ( -1.000000000000000000, -0.000000000000000000, -0.000000000000000000 ) ) ;
#4503 = ORIENTED_EDGE ( 'NONE', *, *, #7526, .F. ) ;
#4504 = PRESENTATION_STYLE_ASSIGNMENT (( #5968 ) ) ;
#4505 = AXIS2_PLACEMENT_3D ( 'NONE', #8565, #4813, #396 ) ;
#4506 = ORIENTED_EDGE ( 'NONE', *, *, #181, .T. ) ;
#4507 = LINE ( 'NONE', #9149, #1566 ) ;
#4508 = FILL_AREA_STYLE_COLOUR ( '', #6484 ) ;
#4509 = CARTESIAN_POINT ( 'NONE',  ( 3.201734356015538019, -0.07651960020717170352, 2.499999725739658007 ) ) ;
#4510 = PRODUCT_DEFINITION_FORMATION_WITH_SPECIFIED_SOURCE ( '�κ�', '', #6129, .NOT_KNOWN. ) ;
#4511 = FACE_BOUND ( 'NONE', #7276, .T. ) ;
#4512 = DIRECTION ( 'NONE',  ( 2.699974680481716355E-12, -0.9980895720334540533, 0.06178354310070418437 ) ) ;
#4513 = DIRECTION ( 'NONE',  ( -1.000000000000000000, 0.000000000000000000, 0.000000000000000000 ) ) ;
#4514 = B_SPLINE_CURVE_WITH_KNOTS ( 'NONE', 3,
 ( #3095, #927, #2424, #145 ),
 .UNSPECIFIED., .F., .F.,
 ( 4, 4 ),
 ( 0.000000000000000000, 1.000000000000000000 ),
 .UNSPECIFIED. ) ;
#4515 = ORIENTED_EDGE ( 'NONE', *, *, #459, .T. ) ;
#4516 = CARTESIAN_POINT ( 'NONE',  ( 1.001469469033490434, -0.1115760738288171794, 2.497508914848743267 ) ) ;
#4517 = CARTESIAN_POINT ( 'NONE',  ( 2.881632350981399693, 0.000000000000000000, 0.000000000000000000 ) ) ;
#4518 = ORIENTED_EDGE ( 'NONE', *, *, #8644, .F. ) ;
#4519 = PLANE ( 'NONE',  #5607 ) ;
#4520 = CARTESIAN_POINT ( 'NONE',  ( 1.161570944305657660, -0.2413170020507933722, 2.498372691277507940 ) ) ;
#4521 = DIRECTION ( 'NONE',  ( 0.000000000000000000, -0.006112174056100161575, 0.9999813204896917940 ) ) ;
#4522 = EDGE_CURVE ( 'NONE', #8658, #1612, #5719, .T. ) ;
#4523 = CARTESIAN_POINT ( 'NONE',  ( 2.611855167895241525, -0.3021832710459840254, 2.481670766884242596 ) ) ;
#4524 = CARTESIAN_POINT ( 'NONE',  ( 2.354231440198708114, -0.1596871255994963823, 2.501575063773931351 ) ) ;
#4525 = B_SPLINE_CURVE_WITH_KNOTS ( 'NONE', 3,
 ( #9146, #941, #4660, #1747, #4711, #3108 ),
 .UNSPECIFIED., .F., .F.,
 ( 4, 2, 4 ),
 ( 0.04280524340421248269, 0.5000000000001147971, 1.000000000000000000 ),
 .UNSPECIFIED. ) ;
#4526 = CARTESIAN_POINT ( 'NONE',  ( 2.626070989566030800, -0.2288661706857017808, 2.489502013639608435 ) ) ;
#4527 = EDGE_LOOP ( 'NONE', ( #2683, #270, #8886, #9605 ) ) ;
#4528 = ORIENTED_EDGE ( 'NONE', *, *, #9473, .T. ) ;
#4529 = B_SPLINE_CURVE_WITH_KNOTS ( 'NONE', 3,
 ( #242, #5471, #8413, #6955 ),
 .UNSPECIFIED., .F., .F.,
 ( 4, 4 ),
 ( 0.000000000000000000, 1.000000000000000000 ),
 .UNSPECIFIED. ) ;
#4530 = ORIENTED_EDGE ( 'NONE', *, *, #2181, .T. ) ;
#4531 = DIRECTION ( 'NONE',  ( -1.000000000000000000, -0.000000000000000000, -0.000000000000000000 ) ) ;
#4532 = CARTESIAN_POINT ( 'NONE',  ( 0.8706338106990590964, 0.2392106702169153332, 2.488529335823544741 ) ) ;
#4533 = CARTESIAN_POINT ( 'NONE',  ( 1.011729168082800445, -0.2617716013787048657, 2.486507558299313025 ) ) ;
#4534 = ORIENTED_EDGE ( 'NONE', *, *, #9273, .T. ) ;
#4535 = EDGE_CURVE ( 'NONE', #1967, #5010, #6587, .T. ) ;
#4536 = VERTEX_POINT ( 'NONE', #6473 ) ;
#4537 = CARTESIAN_POINT ( 'NONE',  ( 2.347856332369579579, 0.4006544853805962259, 2.477816777597651399 ) ) ;
#4538 = CARTESIAN_POINT ( 'NONE',  ( 1.717622484019977191, 0.2367263346492400333, 2.498811846154795013 ) ) ;
#4539 = CARTESIAN_POINT ( 'NONE',  ( 1.667698327472291409, -0.2303789339510463052, 2.492710036199428991 ) ) ;
#4540 = EDGE_CURVE ( 'NONE', #5162, #7779, #5626, .T. ) ;
#4541 = PRESENTATION_STYLE_ASSIGNMENT (( #8322 ) ) ;
#4542 = ORIENTED_EDGE ( 'NONE', *, *, #4989, .F. ) ;
#4543 = CARTESIAN_POINT ( 'NONE',  ( 2.313752600197278575, -0.1481425458377509108, 2.495606897352367515 ) ) ;
#4544 = VECTOR ( 'NONE', #6493, 1000.000000000000000 ) ;
#4545 = ORIENTED_EDGE ( 'NONE', *, *, #9324, .F. ) ;
#4546 = CARTESIAN_POINT ( 'NONE',  ( 1.769424251503944001, -0.05745559187638359100, 2.509471986357149298 ) ) ;
#4547 = CARTESIAN_POINT ( 'NONE',  ( 2.276803520664543612, -0.1895291624052274637, 2.502847565094535209 ) ) ;
#4548 = B_SPLINE_CURVE_WITH_KNOTS ( 'NONE', 3,
 ( #8662, #7251, #581, #3585 ),
 .UNSPECIFIED., .F., .F.,
 ( 4, 4 ),
 ( 0.000000000000000000, 1.000000000000000000 ),
 .UNSPECIFIED. ) ;
#4549 = CARTESIAN_POINT ( 'NONE',  ( 2.211070038175347641, 0.000000000000000000, 0.000000000000000000 ) ) ;
#4550 = CARTESIAN_POINT ( 'NONE',  ( 2.223944042334981219, 0.2715936501164588623, 2.495262889800675676 ) ) ;
#4551 = EDGE_LOOP ( 'NONE', ( #6515, #2294, #2598, #5982 ) ) ;
#4552 = VECTOR ( 'NONE', #5773, 1000.000000000000000 ) ;
#4553 = EDGE_CURVE ( 'NONE', #7911, #1179, #9327, .T. ) ;
#4554 = B_SPLINE_CURVE_WITH_KNOTS ( 'NONE', 1,
 ( #5256, #2841 ),
 .UNSPECIFIED., .F., .F.,
 ( 2, 2 ),
 ( 0.000000000000000000, 1.000000000000000000 ),
 .UNSPECIFIED. ) ;
#4555 = CARTESIAN_POINT ( 'NONE',  ( 2.790276436849969066, 0.1882968552717126653, 2.492898773375041177 ) ) ;
#4556 = UNCERTAINTY_MEASURE_WITH_UNIT (LENGTH_MEASURE( 1.000000000000000082E-05 ), #3255, 'distance_accuracy_value', 'NONE');
#4557 = EDGE_LOOP ( 'NONE', ( #9077, #4847, #6851, #8857, #4279, #5377, #7632, #4928, #7670, #1846, #4106, #6880, #5578, #7225 ) ) ;
#4558 = CARTESIAN_POINT ( 'NONE',  ( 0.7897222432414691129, 0.04349486025607844641, 2.509623118544157983 ) ) ;
#4559 = AXIS2_PLACEMENT_3D ( 'NONE', #4274, #5152, #5836 ) ;
#4560 = EDGE_CURVE ( 'NONE', #322, #533, #5539, .T. ) ;
#4561 = ORIENTED_EDGE ( 'NONE', *, *, #1077, .F. ) ;
#4562 = CARTESIAN_POINT ( 'NONE',  ( 3.254567162205177944, -0.02959390833216459654, 2.499831423394304419 ) ) ;
#4563 = EDGE_CURVE ( 'NONE', #6516, #8530, #1939, .T. ) ;
#4564 = DIRECTION ( 'NONE',  ( 0.000000000000000000, 0.000000000000000000, -1.000000000000000000 ) ) ;
#4565 = CARTESIAN_POINT ( 'NONE',  ( 2.612763725650701918, -0.2601574917591775726, 2.486426769378413226 ) ) ;
#4566 = CARTESIAN_POINT ( 'NONE',  ( 2.643091908526457257, -0.1959758706252599514, 2.492311216302261379 ) ) ;
#4567 = CARTESIAN_POINT ( 'NONE',  ( 5.500000000000000000, 0.000000000000000000, -0.4499999999999999001 ) ) ;
#4568 = LINE ( 'NONE', #8296, #7334 ) ;
#4569 =( GEOMETRIC_REPRESENTATION_CONTEXT ( 3 ) GLOBAL_UNCERTAINTY_ASSIGNED_CONTEXT ( ( #8233 ) ) GLOBAL_UNIT_ASSIGNED_CONTEXT ( ( #7025, #3966, #3304 ) ) REPRESENTATION_CONTEXT ( 'NONE', 'WORKASPACE' ) );
#4570 = CIRCLE ( 'NONE', #4246, 2.510000000000000231 ) ;
#4571 = VERTEX_POINT ( 'NONE', #4808 ) ;
#4572 = CARTESIAN_POINT ( 'NONE',  ( 2.826794044801901329, 0.2792527026328228135, 2.494417352423660805 ) ) ;
#4573 = CARTESIAN_POINT ( 'NONE',  ( 2.279733186064873074, -0.1962613919343084434, 2.502320845927142656 ) ) ;
#4574 = ORIENTED_EDGE ( 'NONE', *, *, #5662, .F. ) ;
#4575 = CARTESIAN_POINT ( 'NONE',  ( 2.790283204488101187, 0.1890565961973414977, 2.502869873452128857 ) ) ;
#4576 = ORIENTED_EDGE ( 'NONE', *, *, #2916, .T. ) ;
#4577 = CIRCLE ( 'NONE', #358, 2.510000000000000231 ) ;
#4578 = CARTESIAN_POINT ( 'NONE',  ( 2.571542154640000799, 0.2918473190525247007, 2.492975158793575563 ) ) ;
#4579 = CARTESIAN_POINT ( 'NONE',  ( 2.724235271281369997, -0.05684753223574125214, 2.509356164054578286 ) ) ;
#4580 = CARTESIAN_POINT ( 'NONE',  ( 2.584044793295543929, -0.3114504929935155708, 2.490602053804279681 ) ) ;
#4581 = CARTESIAN_POINT ( 'NONE',  ( 2.460655761116870011, -0.08837108533398728427, 2.508447568228389102 ) ) ;
#4582 = CARTESIAN_POINT ( 'NONE',  ( 2.580846937243775230, -0.1141267184763750525, 2.498055982441285572 ) ) ;
#4583 = B_SPLINE_SURFACE_WITH_KNOTS ( 'NONE', 1, 3, ( 
 ( #3293, #6193, #4546, #6772, #8374, #6868 ),
 ( #8326, #5480, #873, #1688, #4702, #3861 ) ),
 .UNSPECIFIED., .F., .F., .F.,
 ( 2, 2 ),
 ( 4, 2, 4 ),
 ( 0.000000000000000000, 1.000000000000000000 ),
 ( 0.000000000000000000, 0.5000000000000000000, 1.000000000000000000 ),
 .UNSPECIFIED. ) ;
#4584 = ORIENTED_EDGE ( 'NONE', *, *, #1844, .T. ) ;
#4585 = ORIENTED_EDGE ( 'NONE', *, *, #6531, .F. ) ;
#4586 = B_SPLINE_CURVE_WITH_KNOTS ( 'NONE', 3,
 ( #9018, #5317, #2354, #7535 ),
 .UNSPECIFIED., .F., .F.,
 ( 4, 4 ),
 ( 0.000000000000000000, 1.000000000000000000 ),
 .UNSPECIFIED. ) ;
#4587 = ORIENTED_EDGE ( 'NONE', *, *, #1750, .T. ) ;
#4588 = CARTESIAN_POINT ( 'NONE',  ( 0.9005835665566791493, 0.01490265848832646872, 2.499999936524368582 ) ) ;
#4589 = ADVANCED_FACE ( 'NONE', ( #2622 ), #8742, .T. ) ;
#4590 = CARTESIAN_POINT ( 'NONE',  ( 2.347856332369579579, 0.4006544853805962259, 2.477816777597651399 ) ) ;
#4591 = CARTESIAN_POINT ( 'NONE',  ( 3.119222809718303235, -0.1713139301284094806, 2.504271443264097563 ) ) ;
#4592 = ORIENTED_EDGE ( 'NONE', *, *, #3068, .T. ) ;
#4593 = ORIENTED_EDGE ( 'NONE', *, *, #6510, .F. ) ;
#4594 = CARTESIAN_POINT ( 'NONE',  ( 2.354231440198708114, -0.1427050756364263151, 2.495923729080598452 ) ) ;
#4595 = ORIENTED_EDGE ( 'NONE', *, *, #7106, .F. ) ;
#4596 = CARTESIAN_POINT ( 'NONE',  ( 2.353884926129128807, -0.1730776830329655014, 2.494040046731748284 ) ) ;
#4597 = CARTESIAN_POINT ( 'NONE',  ( 3.068885191776694832, -0.2175392651151983880, 2.490615991120149975 ) ) ;
#4598 = DIRECTION ( 'NONE',  ( 0.000000000000000000, 0.9973465309954276936, -0.07280039224747592019 ) ) ;
#4599 = CARTESIAN_POINT ( 'NONE',  ( 4.500000000000000000, 0.000000000000000000, 0.000000000000000000 ) ) ;
#4600 = EDGE_CURVE ( 'NONE', #6150, #7721, #1645, .T. ) ;
#4601 = CARTESIAN_POINT ( 'NONE',  ( 2.323025106976000398, -0.2079771596848645210, 2.491334140006304931 ) ) ;
#4602 = EDGE_LOOP ( 'NONE', ( #1105, #711, #1643, #5341 ) ) ;
#4603 = CARTESIAN_POINT ( 'NONE',  ( 2.728554507498650139, 0.1855123416408635539, 2.493108305427370386 ) ) ;
#4604 = CARTESIAN_POINT ( 'NONE',  ( -6.949999999999996625, 0.000000000000000000, -1.000000000000002665 ) ) ;
#4605 = CARTESIAN_POINT ( 'NONE',  ( 2.822028187493357265, -0.2292359742274489298, 2.489467988972742685 ) ) ;
#4606 = VERTEX_POINT ( 'NONE', #7851 ) ;
#4607 = CARTESIAN_POINT ( 'NONE',  ( 3.143445031722684302, -0.2301529181243587296, 2.499425860928633725 ) ) ;
#4608 = ORIENTED_EDGE ( 'NONE', *, *, #7810, .T. ) ;
#4609 = CARTESIAN_POINT ( 'NONE',  ( 3.235296099861247221, -0.06887642444027505806, 2.499276178848201191 ) ) ;
#4610 = ORIENTED_EDGE ( 'NONE', *, *, #6512, .F. ) ;
#4611 = CARTESIAN_POINT ( 'NONE',  ( 1.181289257043464325, -0.2406617673519212408, 2.498435980183011829 ) ) ;
#4612 = EDGE_CURVE ( 'NONE', #1230, #8491, #1375, .T. ) ;
#4613 = CARTESIAN_POINT ( 'NONE',  ( 2.511416028210894602, -0.1384315293969311245, 2.496174169945567733 ) ) ;
#4614 = CARTESIAN_POINT ( 'NONE',  ( 2.260461650287735935, -0.2197427717047596707, 2.490323897464647107 ) ) ;
#4615 = CARTESIAN_POINT ( 'NONE',  ( 2.644329793541959184, -0.1913271616587831347, 2.492672392831633221 ) ) ;
#4616 = CARTESIAN_POINT ( 'NONE',  ( 2.697496954949315739, 0.3674986156302331164, 2.472841435982069402 ) ) ;
#4617 = DIRECTION ( 'NONE',  ( 1.000000000000000000, 0.000000000000000000, 0.000000000000000000 ) ) ;
#4618 = ORIENTED_EDGE ( 'NONE', *, *, #1837, .F. ) ;
#4619 = CARTESIAN_POINT ( 'NONE',  ( 1.824356778977260340, -0.1534456739553034799, 2.505305255880888371 ) ) ;
#4620 = CARTESIAN_POINT ( 'NONE',  ( 1.717622484019977191, 0.2357832018418725140, 2.488856420472903785 ) ) ;
#4621 = ORIENTED_EDGE ( 'NONE', *, *, #9006, .F. ) ;
#4622 = CARTESIAN_POINT ( 'NONE',  ( 2.692792991893113275, -0.05669654277429173050, 2.502691207443543231 ) ) ;
#4623 = ORIENTED_EDGE ( 'NONE', *, *, #2318, .F. ) ;
#4624 = EDGE_CURVE ( 'NONE', #8836, #5531, #6248, .T. ) ;
#4625 = CARTESIAN_POINT ( 'NONE',  ( 3.254586474683442976, -0.02968064752075473545, 2.499830197366387452 ) ) ;
#4626 = CARTESIAN_POINT ( 'NONE',  ( 2.262847982769627730, 0.2236556233154281259, 2.490056846872410468 ) ) ;
#4627 = CARTESIAN_POINT ( 'NONE',  ( 2.638961862878415943, -0.2716814154273463622, 2.485249007818071121 ) ) ;
#4628 = CARTESIAN_POINT ( 'NONE',  ( 3.268038159384767827, -0.06915193253517426530, 2.509273283529711573 ) ) ;
#4629 = LINE ( 'NONE', #7583, #3316 ) ;
#4630 = EDGE_LOOP ( 'NONE', ( #6555, #5596, #9431, #5540 ) ) ;
#4631 = ADVANCED_FACE ( 'NONE', ( #5183 ), #624, .F. ) ;
#4632 = ORIENTED_EDGE ( 'NONE', *, *, #347, .T. ) ;
#4633 = B_SPLINE_CURVE_WITH_KNOTS ( 'NONE', 1,
 ( #8495, #4877 ),
 .UNSPECIFIED., .F., .F.,
 ( 2, 2 ),
 ( 0.000000000000000000, 1.000000000000000000 ),
 .UNSPECIFIED. ) ;
#4634 = EDGE_CURVE ( 'NONE', #4606, #4907, #5447, .T. ) ;
#4635 = CARTESIAN_POINT ( 'NONE',  ( 2.948199617680830276, 0.3644372414834211593, 2.473294462254738590 ) ) ;
#4636 = LINE ( 'NONE', #5172, #4193 ) ;
#4637 = PLANE ( 'NONE',  #1637 ) ;
#4638 = EDGE_LOOP ( 'NONE', ( #753, #2978, #6812, #7802 ) ) ;
#4639 = CARTESIAN_POINT ( 'NONE',  ( 2.475544171701593577, -0.2086427817737137591, 2.491278424747769282 ) ) ;
#4640 = ORIENTED_EDGE ( 'NONE', *, *, #2991, .T. ) ;
#4641 = CARTESIAN_POINT ( 'NONE',  ( 2.260461650287736379, -0.2197427717047596707, 2.490323897464647107 ) ) ;
#4642 = FACE_OUTER_BOUND ( 'NONE', #5275, .T. ) ;
#4643 = DIRECTION ( 'NONE',  ( -1.000000000000000000, 0.000000000000000000, 0.000000000000000000 ) ) ;
#4644 = B_SPLINE_SURFACE_WITH_KNOTS ( 'NONE', 1, 3, ( 
 ( #3744, #6798, #121, #7376 ),
 ( #8104, #801, #6698, #5986 ) ),
 .UNSPECIFIED., .F., .F., .F.,
 ( 2, 2 ),
 ( 4, 4 ),
 ( 0.000000000000000000, 1.000000000000000000 ),
 ( 0.000000000000000000, 1.000000000000000000 ),
 .UNSPECIFIED. ) ;
#4645 = CARTESIAN_POINT ( 'NONE',  ( 2.637335743205095007, -0.1864305919078969864, 2.493039035875866727 ) ) ;
#4646 = CARTESIAN_POINT ( 'NONE',  ( 2.890276914566841882, 0.1985076751944996609, 2.492204252409599530 ) ) ;
#4647 = ORIENTED_EDGE ( 'NONE', *, *, #8040, .T. ) ;
#4648 = CARTESIAN_POINT ( 'NONE',  ( 2.746916222460121126, 0.1921488638134765115, 2.502637477462022364 ) ) ;
#4649 = CARTESIAN_POINT ( 'NONE',  ( 2.471768622405012383, -0.1534557579717771292, 2.495285821373036228 ) ) ;
#4650 = CARTESIAN_POINT ( 'NONE',  ( -6.499999999999999112, 0.000000000000000000, -7.500000000000000000 ) ) ;
#4651 = AXIS2_PLACEMENT_3D ( 'NONE', #1227, #4197, #2025 ) ;
#4652 = EDGE_CURVE ( 'NONE', #2225, #5032, #8077, .T. ) ;
#4653 = CARTESIAN_POINT ( 'NONE',  ( 2.282191146199588072, 0.3459691546142519281, 2.486042104240292261 ) ) ;
#4654 = ORIENTED_EDGE ( 'NONE', *, *, #3763, .F. ) ;
#4655 = B_SPLINE_CURVE_WITH_KNOTS ( 'NONE', 1,
 ( #4555, #6200 ),
 .UNSPECIFIED., .F., .F.,
 ( 2, 2 ),
 ( 0.000000000000000000, 1.000000000000000000 ),
 .UNSPECIFIED. ) ;
#4656 =( NAMED_UNIT ( * ) SI_UNIT ( $, .STERADIAN. ) SOLID_ANGLE_UNIT ( ) );
#4657 = AXIS2_PLACEMENT_3D ( 'NONE', #6662, #2074, #9615 ) ;
#4658 = UNCERTAINTY_MEASURE_WITH_UNIT (LENGTH_MEASURE( 1.000000000000000082E-05 ), #9112, 'distance_accuracy_value', 'NONE');
#4659 = EDGE_LOOP ( 'NONE', ( #2533, #6198, #5454, #4545 ) ) ;
#4660 = CARTESIAN_POINT ( 'NONE',  ( 1.767414916967782190, -0.05940077840772685358, 2.499402199674564784 ) ) ;
#4661 = ORIENTED_EDGE ( 'NONE', *, *, #675, .F. ) ;
#4662 = CARTESIAN_POINT ( 'NONE',  ( 2.952625056610553855, 0.3476511202129865530, 2.475709736341208611 ) ) ;
#4663 = CARTESIAN_POINT ( 'NONE',  ( 3.001954774471419451, 0.01262211689126004413, 2.509968263178876224 ) ) ;
#4664 = FILL_AREA_STYLE_COLOUR ( '', #7811 ) ;
#4665 = ADVANCED_FACE ( 'NONE', ( #8033 ), #823, .T. ) ;
#4666 = PRESENTATION_STYLE_ASSIGNMENT (( #267 ) ) ;
#4667 = CARTESIAN_POINT ( 'NONE',  ( 1.569571575511992778, -0.1236134541471153453, 2.496942072606775476 ) ) ;
#4668 = FACE_OUTER_BOUND ( 'NONE', #7874, .T. ) ;
#4669 = AXIS2_PLACEMENT_3D ( 'NONE', #4605, #7557, #3004 ) ;
#4670 = VERTEX_POINT ( 'NONE', #2176 ) ;
#4671 = CARTESIAN_POINT ( 'NONE',  ( 2.486657994090380797, -0.1597417249890368540, 2.504918133284362636 ) ) ;
#4672 = ADVANCED_FACE ( 'NONE', ( #3581 ), #2082, .T. ) ;
#4673 = CARTESIAN_POINT ( 'NONE',  ( 1.717622484019977191, 0.2367263346492400333, 2.498811846154795013 ) ) ;
#4674 = VECTOR ( 'NONE', #9088, 1000.000000000000000 ) ;
#4675 = VERTEX_POINT ( 'NONE', #2273 ) ;
#4676 = DIRECTION ( 'NONE',  ( 0.000000000000000000, -0.9980895720334533872, 0.06178354310071570293 ) ) ;
#4677 = ORIENTED_EDGE ( 'NONE', *, *, #4076, .F. ) ;
#4678 = CARTESIAN_POINT ( 'NONE',  ( 1.824356778977260340, -0.1528343366088679989, 2.495323960040725542 ) ) ;
#4679 = CARTESIAN_POINT ( 'NONE',  ( -4.299999999999998934, 3.061616997868383141E-16, -2.500000000000000000 ) ) ;
#4680 = CARTESIAN_POINT ( 'NONE',  ( 2.756915435686840166, 0.000000000000000000, 0.000000000000000000 ) ) ;
#4681 = CARTESIAN_POINT ( 'NONE',  ( 2.354231440198708558, -0.1200669367101245971, 2.507126628375409005 ) ) ;
#4682 = CARTESIAN_POINT ( 'NONE',  ( 2.117609719517861588, 0.000000000000000000, 0.000000000000000000 ) ) ;
#4683 = VERTEX_POINT ( 'NONE', #677 ) ;
#4684 = ORIENTED_EDGE ( 'NONE', *, *, #6190, .T. ) ;
#4685 = EDGE_CURVE ( 'NONE', #4675, #1225, #3580, .T. ) ;
#4686 = B_SPLINE_CURVE_WITH_KNOTS ( 'NONE', 3,
 ( #8764, #2089, #1285, #7908 ),
 .UNSPECIFIED., .F., .F.,
 ( 4, 4 ),
 ( 0.000000000000000000, 1.000000000000000000 ),
 .UNSPECIFIED. ) ;
#4687 = CARTESIAN_POINT ( 'NONE',  ( 3.268038158516867853, -0.06887642444027505806, 2.499276178848201191 ) ) ;
#4688 = VECTOR ( 'NONE', #2734, 1000.000000000000000 ) ;
#4689 = DIRECTION ( 'NONE',  ( 0.000000000000000000, 0.000000000000000000, 1.000000000000000000 ) ) ;
#4690 = CARTESIAN_POINT ( 'NONE',  ( 2.874762089145795674, 0.1550766931828097550, 2.505204825803966973 ) ) ;
#4691 = VERTEX_POINT ( 'NONE', #2952 ) ;
#4692 = EDGE_CURVE ( 'NONE', #6877, #1696, #2664, .T. ) ;
#4693 = CARTESIAN_POINT ( 'NONE',  ( 2.999479004441937491, -0.2301529181243587296, 2.499425860928633725 ) ) ;
#4694 = EDGE_CURVE ( 'NONE', #6937, #529, #5910, .T. ) ;
#4695 = VERTEX_POINT ( 'NONE', #3239 ) ;
#4696 = CARTESIAN_POINT ( 'NONE',  ( 2.405232302830831337, 0.3908361604155352054, 2.479384418703892923 ) ) ;
#4697 = CARTESIAN_POINT ( 'NONE',  ( 2.697496954949315739, 0.3689686100927540569, 2.482732801725997085 ) ) ;
#4698 = CYLINDRICAL_SURFACE ( 'NONE', #1918, 0.4499999999999999001 ) ;
#4699 = DIRECTION ( 'NONE',  ( -1.000000000000000000, -0.000000000000000000, -0.000000000000000000 ) ) ;
#4700 = CARTESIAN_POINT ( 'NONE',  ( 3.247365478760182000, -0.03547442350415755397, 2.509749303272549525 ) ) ;
#4701 = ORIENTED_EDGE ( 'NONE', *, *, #7772, .F. ) ;
#4702 = CARTESIAN_POINT ( 'NONE',  ( 1.693191280644199104, -0.1220997822931413901, 2.497018646706087530 ) ) ;
#4703 = CARTESIAN_POINT ( 'NONE',  ( 4.500000000000000000, 0.000000000000000000, 2.510000000000000231 ) ) ;
#4704 = CARTESIAN_POINT ( 'NONE',  ( 2.086353122880875599, 0.01257182957296817082, 2.499968389620394582 ) ) ;
#4705 = DIRECTION ( 'NONE',  ( 0.000000000000000000, 0.000000000000000000, 1.000000000000000000 ) ) ;
#4706 = ORIENTED_EDGE ( 'NONE', *, *, #8892, .F. ) ;
#4707 = AXIS2_PLACEMENT_3D ( 'NONE', #3033, #2300, #4735 ) ;
#4708 = FACE_OUTER_BOUND ( 'NONE', #9175, .T. ) ;
#4709 = EDGE_CURVE ( 'NONE', #4767, #5008, #8220, .T. ) ;
#4710 = ORIENTED_EDGE ( 'NONE', *, *, #9209, .F. ) ;
#4711 = CARTESIAN_POINT ( 'NONE',  ( 1.693191280644199104, -0.1220997822931413901, 2.497018646706087530 ) ) ;
#4712 = ORIENTED_EDGE ( 'NONE', *, *, #6151, .T. ) ;
#4713 = DIRECTION ( 'NONE',  ( 0.000000000000000000, 0.000000000000000000, 1.000000000000000000 ) ) ;
#4714 = CIRCLE ( 'NONE', #6550, 0.5500000000000003775 ) ;
#4715 = CARTESIAN_POINT ( 'NONE',  ( 2.466321928337154912, -0.08405479553050471120, 2.508592193113166502 ) ) ;
#4716 =( LENGTH_UNIT ( ) NAMED_UNIT ( * ) SI_UNIT ( .MILLI., .METRE. ) );
#4717 = CARTESIAN_POINT ( 'NONE',  ( 2.493184033169769886, -0.1314572786507104130, 2.496541404401246833 ) ) ;
#4718 = CARTESIAN_POINT ( 'NONE',  ( 2.347856332369579579, 0.3990582523711118101, 2.467944997607222746 ) ) ;
#4719 = CARTESIAN_POINT ( 'NONE',  ( 2.258914294017850821, 0.3652801990870572224, 2.483278151185428495 ) ) ;
#4720 = ORIENTED_EDGE ( 'NONE', *, *, #2362, .T. ) ;
#4721 = CARTESIAN_POINT ( 'NONE',  ( 1.647040053532354165, 0.1430937420675128802, 2.495901476617440107 ) ) ;
#4722 = CARTESIAN_POINT ( 'NONE',  ( 2.532301199654241497, -0.1544417271942015446, 2.505244050566984626 ) ) ;
#4723 = ADVANCED_FACE ( 'NONE', ( #5478 ), #4000, .T. ) ;
#4724 = VERTEX_POINT ( 'NONE', #3050 ) ;
#4725 = FACE_OUTER_BOUND ( 'NONE', #2919, .T. ) ;
#4726 = ORIENTED_EDGE ( 'NONE', *, *, #1473, .T. ) ;
#4727 = B_SPLINE_SURFACE_WITH_KNOTS ( 'NONE', 1, 3, ( 
 ( #4580, #7581, #4426, #3177, #6077, #9069, #6649, #8306, #2403, #6029 ),
 ( #1564, #3031, #8152, #6847, #4523, #7533, #1670, #7428, #4627, #5314 ) ),
 .UNSPECIFIED., .F., .F., .F.,
 ( 2, 2 ),
 ( 4, 2, 2, 2, 4 ),
 ( 0.000000000000000000, 1.000000000000000000 ),
 ( 0.000000000000000000, 0.2500000000000000000, 0.3750000000000000000, 0.5000000000000000000, 1.000000000000000000 ),
 .UNSPECIFIED. ) ;
#4728 = CARTESIAN_POINT ( 'NONE',  ( 2.964137387253224620, -0.2017340161659217090, 2.491847384315815095 ) ) ;
#4729 = CARTESIAN_POINT ( 'NONE',  ( 2.439344766133990650, -0.2296549975123819698, 2.489437817276995091 ) ) ;
#4730 = DIRECTION ( 'NONE',  ( -1.000000000000000000, 0.000000000000000000, 0.000000000000000000 ) ) ;
#4731 = B_SPLINE_CURVE_WITH_KNOTS ( 'NONE', 3,
 ( #7571, #736, #8, #6115 ),
 .UNSPECIFIED., .F., .F.,
 ( 4, 4 ),
 ( 0.000000000000000000, 1.000000000000000000 ),
 .UNSPECIFIED. ) ;
#4732 = VECTOR ( 'NONE', #5873, 1000.000000000000000 ) ;
#4733 = CARTESIAN_POINT ( 'NONE',  ( 3.093489597830168858, -0.01956131693522765794, 2.509923774715033140 ) ) ;
#4734 = VECTOR ( 'NONE', #2884, 1000.000000000000000 ) ;
#4735 = DIRECTION ( 'NONE',  ( 0.000000000000000000, 0.000000000000000000, -1.000000000000000000 ) ) ;
#4736 = ORIENTED_EDGE ( 'NONE', *, *, #6998, .T. ) ;
#4737 = ORIENTED_EDGE ( 'NONE', *, *, #5634, .F. ) ;
#4738 = CARTESIAN_POINT ( 'NONE',  ( 2.735141740614136285, 0.3961681359481057374, 2.478538077972040288 ) ) ;
#4739 = MECHANICAL_DESIGN_GEOMETRIC_PRESENTATION_REPRESENTATION (  '', ( #3025 ), #983 ) ;
#4740 = CIRCLE ( 'NONE', #4095, 2.500000000000000000 ) ;
#4741 = CARTESIAN_POINT ( 'NONE',  ( 2.612763725650701474, -0.2611981217262142607, 2.496372476455927192 ) ) ;
#4742 = CARTESIAN_POINT ( 'NONE',  ( 0.9997478914790399740, -0.2275500825415505968, 2.499664169430632299 ) ) ;
#4743 = ORIENTED_EDGE ( 'NONE', *, *, #5662, .T. ) ;
#4744 = DIRECTION ( 'NONE',  ( 1.000000000000000000, 0.000000000000000000, 0.000000000000000000 ) ) ;
#4745 =( LENGTH_UNIT ( ) NAMED_UNIT ( * ) SI_UNIT ( .MILLI., .METRE. ) );
#4746 = EDGE_CURVE ( 'NONE', #7040, #1802, #9230, .T. ) ;
#4747 = CARTESIAN_POINT ( 'NONE',  ( 0.8620261527772710153, -0.1442419388336765584, 2.495835383810699248 ) ) ;
#4748 = CARTESIAN_POINT ( 'NONE',  ( 2.598942515453571023, -0.3083303745734267687, 2.480915349769388545 ) ) ;
#4749 = CARTESIAN_POINT ( 'NONE',  ( 2.086353122880875599, -0.2292359742274495404, 2.489467988972743129 ) ) ;
#4750 = CIRCLE ( 'NONE', #5977, 2.500000000000000000 ) ;
#4751 = CARTESIAN_POINT ( 'NONE',  ( 2.964137387253224620, 0.000000000000000000, 0.000000000000000000 ) ) ;
#4752 = ADVANCED_FACE ( 'NONE', ( #6191 ), #3199, .T. ) ;
#4753 = ADVANCED_FACE ( 'NONE', ( #5284 ), #9135, .T. ) ;
#4754 = B_SPLINE_CURVE_WITH_KNOTS ( 'NONE', 3,
 ( #7517, #7363, #5200, #6634 ),
 .UNSPECIFIED., .F., .F.,
 ( 4, 4 ),
 ( 0.000000000000000000, 1.000000000000000000 ),
 .UNSPECIFIED. ) ;
#4755 = CARTESIAN_POINT ( 'NONE',  ( 3.235296099000146253, -0.06915193254078885743, 2.509273283529632081 ) ) ;
#4756 = ORIENTED_EDGE ( 'NONE', *, *, #3372, .T. ) ;
#4757 = CARTESIAN_POINT ( 'NONE',  ( 2.831467060735313623, -0.09275084147147026614, 2.498278863819316520 ) ) ;
#4758 = CARTESIAN_POINT ( 'NONE',  ( 2.569368090287080797, -0.3088414804086590526, 2.480850043831545726 ) ) ;
#4759 = EDGE_CURVE ( 'NONE', #5819, #6300, #3589, .T. ) ;
#4760 = CARTESIAN_POINT ( 'NONE',  ( 2.341233647537682927, -0.1944534611905221755, 2.492426097486347913 ) ) ;
#4761 =( LENGTH_UNIT ( ) NAMED_UNIT ( * ) SI_UNIT ( .MILLI., .METRE. ) );
#4762 = ORIENTED_EDGE ( 'NONE', *, *, #3382, .F. ) ;
#4763 = ADVANCED_FACE ( 'NONE', ( #6048 ), #7705, .F. ) ;
#4764 = CARTESIAN_POINT ( 'NONE',  ( 2.117609719517861588, 0.3950250790129175571, 2.468593767097137626 ) ) ;
#4765 = ORIENTED_EDGE ( 'NONE', *, *, #6755, .F. ) ;
#4766 = CARTESIAN_POINT ( 'NONE',  ( 3.193496849071729038, -0.1852439300178983228, 2.493225224329144840 ) ) ;
#4767 = VERTEX_POINT ( 'NONE', #3953 ) ;
#4768 = CARTESIAN_POINT ( 'NONE',  ( 2.490213109133065039, -0.07728625376108376466, 2.498805081429837927 ) ) ;
#4769 = DIRECTION ( 'NONE',  ( -1.000000000000000000, -0.000000000000000000, -0.000000000000000000 ) ) ;
#4770 = DIRECTION ( 'NONE',  ( 1.000000000000000000, 0.000000000000000000, 0.000000000000000000 ) ) ;
#4771 = CARTESIAN_POINT ( 'NONE',  ( 2.405232302830831337, 0.3583930149366567619, 2.484281474963055292 ) ) ;
#4772 =( NAMED_UNIT ( * ) PLANE_ANGLE_UNIT ( ) SI_UNIT ( $, .RADIAN. ) );
#4773 = ADVANCED_FACE ( 'NONE', ( #8986 ), #36, .T. ) ;
#4774 = EDGE_LOOP ( 'NONE', ( #1586, #752, #3070, #5829 ) ) ;
#4775 = CARTESIAN_POINT ( 'NONE',  ( 3.247365478760182000, -0.03547442350415755397, 2.509749303272549525 ) ) ;
#4776 = CARTESIAN_POINT ( 'NONE',  ( 2.542451856779942787, -0.1823566985591848211, 2.493340336674998436 ) ) ;
#4777 = VERTEX_POINT ( 'NONE', #2317 ) ;
#4778 = CARTESIAN_POINT ( 'NONE',  ( 0.9458132981563462938, -0.2123453625204200501, 2.491006940604129749 ) ) ;
#4779 = EDGE_LOOP ( 'NONE', ( #7552, #8961, #6429, #3207 ) ) ;
#4780 = CARTESIAN_POINT ( 'NONE',  ( 2.262504160562355260, -0.06874849520156250948, 2.499054550106403649 ) ) ;
#4781 = LINE ( 'NONE', #7782, #7788 ) ;
#4782 = CARTESIAN_POINT ( 'NONE',  ( 2.233304943991091474, 0.3370277994377211539, 2.477326358058932421 ) ) ;
#4783 = EDGE_CURVE ( 'NONE', #7867, #3051, #2323, .T. ) ;
#4784 = ORIENTED_EDGE ( 'NONE', *, *, #7826, .F. ) ;
#4785 = EDGE_LOOP ( 'NONE', ( #3366, #8043, #5949, #908 ) ) ;
#4786 = FACE_OUTER_BOUND ( 'NONE', #703, .T. ) ;
#4787 = CARTESIAN_POINT ( 'NONE',  ( 2.204199776340657557, 0.000000000000000000, 0.000000000000000000 ) ) ;
#4788 = CARTESIAN_POINT ( 'NONE',  ( 2.768051366967340776, 0.2080011676468116188, 2.501366729261738087 ) ) ;
#4789 = ORIENTED_EDGE ( 'NONE', *, *, #5438, .F. ) ;
#4790 = VERTEX_POINT ( 'NONE', #4543 ) ;
#4791 = DIRECTION ( 'NONE',  ( 0.000000000000000000, 0.000000000000000000, 1.000000000000000000 ) ) ;
#4792 = CARTESIAN_POINT ( 'NONE',  ( 1.102365167128474654, 0.2190466582258568662, 2.500423720399683525 ) ) ;
#4793 = CARTESIAN_POINT ( 'NONE',  ( 2.696259069935394770, 0.1550766931828142237, 2.505204825803966973 ) ) ;
#4794 = EDGE_CURVE ( 'NONE', #2167, #2989, #4514, .T. ) ;
#4795 = ORIENTED_EDGE ( 'NONE', *, *, #1604, .F. ) ;
#4796 = DIRECTION ( 'NONE',  ( 1.000000000000000000, 0.000000000000000000, 0.000000000000000000 ) ) ;
#4797 = EDGE_CURVE ( 'NONE', #9466, #8765, #7994, .T. ) ;
#4798 = ORIENTED_EDGE ( 'NONE', *, *, #2872, .F. ) ;
#4799 = CARTESIAN_POINT ( 'NONE',  ( 2.338200829250268509, 0.1503814369515536209, 2.495472985912767783 ) ) ;
#4800 = ORIENTED_EDGE ( 'NONE', *, *, #2835, .F. ) ;
#4801 = FACE_OUTER_BOUND ( 'NONE', #6224, .T. ) ;
#4802 = CARTESIAN_POINT ( 'NONE',  ( 1.555852095793083034, 0.4291730377106169891, 2.463594756610147929 ) ) ;
#4803 = CARTESIAN_POINT ( 'NONE',  ( 2.982427138354535323, -0.01528043514025040697, 2.499953301224229651 ) ) ;
#4804 = ORIENTED_EDGE ( 'NONE', *, *, #8787, .F. ) ;
#4805 = STYLED_ITEM ( 'NONE', ( #814 ), #7445 ) ;
#4806 = EDGE_CURVE ( 'NONE', #5533, #638, #4048, .T. ) ;
#4807 = EDGE_LOOP ( 'NONE', ( #8960, #367, #6381, #2959, #7158 ) ) ;
#4808 = CARTESIAN_POINT ( 'NONE',  ( 2.788172032324728988, -0.2025409522305853804, 2.501814773853078044 ) ) ;
#4809 = EDGE_LOOP ( 'NONE', ( #5933, #614, #6732, #7437 ) ) ;
#4810 = DIRECTION ( 'NONE',  ( 1.000000000000000000, 0.000000000000000000, 0.000000000000000000 ) ) ;
#4812 = EDGE_LOOP ( 'NONE', ( #8070, #3300, #4765 ) ) ;
#4811 = VECTOR ( 'NONE', #1865, 1000.000000000000000 ) ;
#4813 = DIRECTION ( 'NONE',  ( -1.000000000000000000, -0.000000000000000000, -0.000000000000000000 ) ) ;
#4814 = CYLINDRICAL_SURFACE ( 'NONE', #1773, 0.4499999999999999001 ) ;
#4815 = EDGE_CURVE ( 'NONE', #4833, #4036, #426, .T. ) ;
#4816 = EDGE_CURVE ( 'NONE', #1029, #474, #6692, .T. ) ;
#4817 = CARTESIAN_POINT ( 'NONE',  ( 2.698734839966531407, 0.3966051793289692151, 2.478468142165526356 ) ) ;
#4818 = LINE ( 'NONE', #4118, #2183 ) ;
#4819 = CIRCLE ( 'NONE', #8516, 2.510000000000000231 ) ;
#4820 = ORIENTED_EDGE ( 'NONE', *, *, #7657, .F. ) ;
#4821 = CARTESIAN_POINT ( 'NONE',  ( 2.534158027177594530, -0.09014102557902213542, 2.508380871300760262 ) ) ;
#4822 = PLANE ( 'NONE',  #4262 ) ;
#4823 = EDGE_LOOP ( 'NONE', ( #4712, #6043, #4464, #7067 ) ) ;
#4824 = LINE ( 'NONE', #3365, #6725 ) ;
#4825 = ORIENTED_EDGE ( 'NONE', *, *, #1982, .T. ) ;
#4826 = EDGE_LOOP ( 'NONE', ( #2052, #3615, #2357, #3515 ) ) ;
#4827 = CARTESIAN_POINT ( 'NONE',  ( 2.629660856110518363, 0.000000000000000000, 0.000000000000000000 ) ) ;
#4828 = AXIS2_PLACEMENT_3D ( 'NONE', #153, #207, #4705 ) ;
#4829 = CARTESIAN_POINT ( 'NONE',  ( 2.256747995241840776, 0.2723574543420088090, 2.485120000536058971 ) ) ;
#4830 = CARTESIAN_POINT ( 'NONE',  ( 2.951366540178003817, 0.3546622000388641172, 2.484823320988646334 ) ) ;
#4831 = B_SPLINE_SURFACE_WITH_KNOTS ( 'NONE', 1, 3, ( 
 ( #7872, #8675, #644, #3599 ),
 ( #7133, #2104, #3552, #2050 ) ),
 .UNSPECIFIED., .F., .F., .F.,
 ( 2, 2 ),
 ( 4, 4 ),
 ( 0.000000000000000000, 1.000000000000000000 ),
 ( 0.000000000000000000, 1.000000000000000000 ),
 .UNSPECIFIED. ) ;
#4832 = ORIENTED_EDGE ( 'NONE', *, *, #7241, .F. ) ;
#4833 = VERTEX_POINT ( 'NONE', #9037 ) ;
#4834 = DIRECTION ( 'NONE',  ( 0.000000000000000000, 0.1162738322918425160, 0.9932171947384763611 ) ) ;
#4835 = B_SPLINE_CURVE_WITH_KNOTS ( 'NONE', 1,
 ( #1621, #1567 ),
 .UNSPECIFIED., .F., .F.,
 ( 2, 2 ),
 ( 0.000000000000000000, 1.000000000000000000 ),
 .UNSPECIFIED. ) ;
#4836 = ADVANCED_FACE ( 'NONE', ( #1971 ), #2005, .F. ) ;
#4837 = CARTESIAN_POINT ( 'NONE',  ( 2.644329793541959184, -0.1913271616587831347, 2.492672392831633221 ) ) ;
#4838 = CARTESIAN_POINT ( 'NONE',  ( 2.285157456343514415, -0.2015499094806308955, 2.501894808737639142 ) ) ;
#4839 = EDGE_LOOP ( 'NONE', ( #9417, #117, #5883, #1349, #1063, #5324 ) ) ;
#4840 = AXIS2_PLACEMENT_3D ( 'NONE', #2536, #7514, #9001 ) ;
#4841 = CARTESIAN_POINT ( 'NONE',  ( 2.564486210053318338, 0.000000000000000000, 0.000000000000000000 ) ) ;
#4842 = CARTESIAN_POINT ( 'NONE',  ( 1.161570561536247492, 0.1936761333262160267, 2.502516644376178157 ) ) ;
#4843 = CARTESIAN_POINT ( 'NONE',  ( 2.347856332369579579, 0.4006544853805962259, 2.477816777597651399 ) ) ;
#4844 = CARTESIAN_POINT ( 'NONE',  ( 2.354231440198708114, -0.1598994755005588853, 2.504901626358737143 ) ) ;
#4845 = ORIENTED_EDGE ( 'NONE', *, *, #1664, .F. ) ;
#4846 = CARTESIAN_POINT ( 'NONE',  ( 2.592152940145814544, -0.05662104804356698357, 2.499358729138025925 ) ) ;
#4847 = ORIENTED_EDGE ( 'NONE', *, *, #9398, .F. ) ;
#4848 = ORIENTED_EDGE ( 'NONE', *, *, #3506, .T. ) ;
#4849 = CARTESIAN_POINT ( 'NONE',  ( 1.517461535360478342, -0.2065599230005484011, 2.501654740276006539 ) ) ;
#4850 = CARTESIAN_POINT ( 'NONE',  ( 0.8988385091837808316, 0.09477929833578641050, 2.498664272623194904 ) ) ;
#4851 = EDGE_CURVE ( 'NONE', #2291, #4455, #200, .T. ) ;
#4852 = ORIENTED_EDGE ( 'NONE', *, *, #8510, .F. ) ;
#4853 = B_SPLINE_CURVE_WITH_KNOTS ( 'NONE', 1,
 ( #3681, #730 ),
 .UNSPECIFIED., .F., .F.,
 ( 2, 2 ),
 ( 0.000000000000000000, 1.000000000000000000 ),
 .UNSPECIFIED. ) ;
#4854 = CARTESIAN_POINT ( 'NONE',  ( 2.298616681076801616, 0.1852397518452122416, 2.493195852908387078 ) ) ;
#4855 = ORIENTED_EDGE ( 'NONE', *, *, #8914, .T. ) ;
#4856 = FACE_OUTER_BOUND ( 'NONE', #4823, .T. ) ;
#4857 = ORIENTED_EDGE ( 'NONE', *, *, #5305, .F. ) ;
#4858 = CARTESIAN_POINT ( 'NONE',  ( 3.000716889455846914, -0.01528043514025040697, 2.499953301224229651 ) ) ;
#4859 = CARTESIAN_POINT ( 'NONE',  ( -4.299999999999998934, 0.000000000000000000, 2.500000000000000000 ) ) ;
#4860 = B_SPLINE_CURVE_WITH_KNOTS ( 'NONE', 3,
 ( #2590, #5547, #1853, #4817 ),
 .UNSPECIFIED., .F., .F.,
 ( 4, 4 ),
 ( 9.170386116870031436E-05, 1.000000000000000000 ),
 .UNSPECIFIED. ) ;
#4861 = DIRECTION ( 'NONE',  ( 0.000000000000000000, 0.000000000000000000, 1.000000000000000000 ) ) ;
#4862 = EDGE_CURVE ( 'NONE', #2840, #4675, #9307, .T. ) ;
#4863 = DIRECTION ( 'NONE',  ( 0.000000000000000000, 0.000000000000000000, -1.000000000000000000 ) ) ;
#4864 = STYLED_ITEM ( 'NONE', ( #2470 ), #877 ) ;
#4865 = VERTEX_POINT ( 'NONE', #5652 ) ;
#4866 = DIRECTION ( 'NONE',  ( 0.000000000000000000, 0.005028731829187268153, 0.9999873558481577884 ) ) ;
#4867 = CARTESIAN_POINT ( 'NONE',  ( 2.300445336282767261, -0.2333034775475972544, 2.489090092255441089 ) ) ;
#4868 = EDGE_CURVE ( 'NONE', #4777, #483, #6961, .T. ) ;
#4870 = B_SPLINE_CURVE_WITH_KNOTS ( 'NONE', 3,
 ( #2933, #3612, #6559, #4186 ),
 .UNSPECIFIED., .F., .F.,
 ( 4, 4 ),
 ( 0.000000000000000000, 1.000000000000000000 ),
 .UNSPECIFIED. ) ;
#4869 = B_SPLINE_CURVE_WITH_KNOTS ( 'NONE', 3,
 ( #9287, #6160, #1146, #6980, #6338, #2627 ),
 .UNSPECIFIED., .F., .F.,
 ( 4, 2, 4 ),
 ( 0.000000000000000000, 0.5000000000000000000, 1.000000000000000000 ),
 .UNSPECIFIED. ) ;
#4871 = ORIENTED_EDGE ( 'NONE', *, *, #1642, .T. ) ;
#4872 = CARTESIAN_POINT ( 'NONE',  ( 2.341233647537682927, -0.1952312750352842574, 2.502395801876293291 ) ) ;
#4873 = CIRCLE ( 'NONE', #5175, 2.500000000000000000 ) ;
#4874 = ORIENTED_EDGE ( 'NONE', *, *, #2023, .F. ) ;
#4875 = ORIENTED_EDGE ( 'NONE', *, *, #4139, .T. ) ;
#4876 = DIRECTION ( 'NONE',  ( 1.000000000000000000, 0.000000000000000000, 0.000000000000000000 ) ) ;
#4877 = CARTESIAN_POINT ( 'NONE',  ( 1.068608810083886640, 0.3226042148941807297, 2.489181897839631397 ) ) ;
#4878 = EDGE_CURVE ( 'NONE', #1763, #160, #4151, .T. ) ;
#4879 = CARTESIAN_POINT ( 'NONE',  ( 2.768056400825340102, 0.2071771139886276203, 2.491400739230713146 ) ) ;
#4880 = ORIENTED_EDGE ( 'NONE', *, *, #4064, .T. ) ;
#4881 = MECHANICAL_DESIGN_GEOMETRIC_PRESENTATION_REPRESENTATION (  '', ( #5650 ), #5182 ) ;
#4882 = PRESENTATION_STYLE_ASSIGNMENT (( #3462 ) ) ;
#4883 = CARTESIAN_POINT ( 'NONE',  ( 3.093496371354855778, -0.1954407537227389746, 2.492348874412305904 ) ) ;
#4884 = CARTESIAN_POINT ( 'NONE',  ( 2.999293321688194069, -0.2017340161659217090, 2.491847384315815095 ) ) ;
#4885 = ORIENTED_EDGE ( 'NONE', *, *, #9470, .F. ) ;
#4886 = AXIS2_PLACEMENT_3D ( 'NONE', #3902, #7652, #6860 ) ;
#4887 = ORIENTED_EDGE ( 'NONE', *, *, #8289, .F. ) ;
#4888 = CARTESIAN_POINT ( 'NONE',  ( 2.944145544255289071, 0.3490417246938384843, 2.485612575286573644 ) ) ;
#4889 = B_SPLINE_CURVE_WITH_KNOTS ( 'NONE', 3,
 ( #9170, #7002, #331, #8498, #3374, #3894 ),
 .UNSPECIFIED., .F., .F.,
 ( 4, 2, 4 ),
 ( 0.000000000000000000, 0.5000000000000000000, 1.000000000000000000 ),
 .UNSPECIFIED. ) ;
#4890 = SURFACE_SIDE_STYLE ('',( #3285 ) ) ;
#4891 = CARTESIAN_POINT ( 'NONE',  ( 2.641049398251801517, -0.2014260269099943379, 2.501904785495094430 ) ) ;
#4892 = B_SPLINE_SURFACE_WITH_KNOTS ( 'NONE', 1, 3, ( 
 ( #574, #8651, #2024, #7197 ),
 ( #4992, #3575, #7941, #6467 ) ),
 .UNSPECIFIED., .F., .F., .F.,
 ( 2, 2 ),
 ( 4, 4 ),
 ( 0.000000000000000000, 1.000000000000000000 ),
 ( 0.000000000000000000, 1.000000000000000000 ),
 .UNSPECIFIED. ) ;
#4893 = ORIENTED_EDGE ( 'NONE', *, *, #9499, .T. ) ;
#4894 = B_SPLINE_CURVE_WITH_KNOTS ( 'NONE', 3,
 ( #3850, #2307, #9125, #6807 ),
 .UNSPECIFIED., .F., .F.,
 ( 4, 4 ),
 ( 0.000000000000000000, 1.000000000000000000 ),
 .UNSPECIFIED. ) ;
#4895 = CIRCLE ( 'NONE', #8441, 0.4499999999999999001 ) ;
#4896 = CARTESIAN_POINT ( 'NONE',  ( 2.475544171701593577, -0.2086427817737137591, 2.491278424747769282 ) ) ;
#4897 = CARTESIAN_POINT ( 'NONE',  ( 1.369301273461613455, -0.01636104848994239525, 2.500269155901110096 ) ) ;
#4898 = ORIENTED_EDGE ( 'NONE', *, *, #2421, .F. ) ;
#4899 = CARTESIAN_POINT ( 'NONE',  ( 3.201254261938807133, -0.1638682717578871795, 2.504645122469664642 ) ) ;
#4900 = PRESENTATION_LAYER_ASSIGNMENT (  '', '', ( #3025 ) ) ;
#4901 = CARTESIAN_POINT ( 'NONE',  ( 2.260464980049202044, -0.2206245164699204009, 2.500284948307375466 ) ) ;
#4902 = EDGE_CURVE ( 'NONE', #9126, #1, #2837, .T. ) ;
#4903 = CIRCLE ( 'NONE', #6133, 2.510000000000000231 ) ;
#4904 = DIRECTION ( 'NONE',  ( 0.000000000000000000, 0.000000000000000000, 1.000000000000000000 ) ) ;
#4905 = ORIENTED_EDGE ( 'NONE', *, *, #585, .F. ) ;
#4906 = DIRECTION ( 'NONE',  ( 0.000000000000000000, 0.000000000000000000, 1.000000000000000000 ) ) ;
#4907 = VERTEX_POINT ( 'NONE', #7138 ) ;
#4908 = CARTESIAN_POINT ( 'NONE',  ( 2.441244522736024436, -0.2026511573151267842, 2.491795928276618000 ) ) ;
#4909 = CARTESIAN_POINT ( 'NONE',  ( 1.887939976643705275, 0.002643323273285410734, 2.509999990563380301 ) ) ;
#4910 = CARTESIAN_POINT ( 'NONE',  ( 3.318543867143161741, -0.2080823718075045792, 2.501458167915141306 ) ) ;
#4911 = DIRECTION ( 'NONE',  ( 0.000000000000000000, 0.000000000000000000, -1.000000000000000000 ) ) ;
#4912 = EDGE_CURVE ( 'NONE', #7658, #1545, #6238, .T. ) ;
#4913 = ORIENTED_EDGE ( 'NONE', *, *, #7052, .T. ) ;
#4914 = CARTESIAN_POINT ( 'NONE',  ( 1.569571575511992778, -0.1236134541471153453, 2.496942072606775476 ) ) ;
#4915 = CARTESIAN_POINT ( 'NONE',  ( 2.445277883076570458, -0.06666296256050388558, 2.509114594717159807 ) ) ;
#4916 = ORIENTED_EDGE ( 'NONE', *, *, #2968, .T. ) ;
#4917 = FACE_OUTER_BOUND ( 'NONE', #1341, .T. ) ;
#4918 = EDGE_CURVE ( 'NONE', #8548, #8480, #7925, .T. ) ;
#4919 = ORIENTED_EDGE ( 'NONE', *, *, #181, .F. ) ;
#4920 = B_SPLINE_CURVE_WITH_KNOTS ( 'NONE', 3,
 ( #2552, #8496, #5510, #1821 ),
 .UNSPECIFIED., .F., .F.,
 ( 4, 4 ),
 ( 0.000000000000000000, 1.000000000000000000 ),
 .UNSPECIFIED. ) ;
#4921 = ORIENTED_EDGE ( 'NONE', *, *, #8757, .T. ) ;
#4922 = CARTESIAN_POINT ( 'NONE',  ( 1.035941984889742429, -0.04988896697542856418, 2.499586620008058535 ) ) ;
#4923 = CARTESIAN_POINT ( 'NONE',  ( 2.932880790617061084, 0.01257182957296817082, 2.499968389620394582 ) ) ;
#4924 = CARTESIAN_POINT ( 'NONE',  ( 2.581692811765796236, -0.2843986643782882018, 2.483770802570125724 ) ) ;
#4925 = CARTESIAN_POINT ( 'NONE',  ( 2.503520373047568803, -0.1688971046413364485, 2.494288228742575164 ) ) ;
#4926 = CARTESIAN_POINT ( 'NONE',  ( 2.697496954949315739, 0.3679886137844067262, 2.476138557896712111 ) ) ;
#4927 = ORIENTED_EDGE ( 'NONE', *, *, #4918, .F. ) ;
#4928 = ORIENTED_EDGE ( 'NONE', *, *, #4912, .F. ) ;
#4929 = CARTESIAN_POINT ( 'NONE',  ( 2.255014956219874911, 0.1833590139133849661, 2.493266827280367526 ) ) ;
#4930 = ADVANCED_FACE ( 'NONE', ( #1253 ), #8681, .T. ) ;
#4931 =( NAMED_UNIT ( * ) SI_UNIT ( $, .STERADIAN. ) SOLID_ANGLE_UNIT ( ) );
#4932 = DIRECTION ( 'NONE',  ( -1.000000000000000000, -0.000000000000000000, -0.000000000000000000 ) ) ;
#4933 = ORIENTED_EDGE ( 'NONE', *, *, #3656, .T. ) ;
#4934 = VERTEX_POINT ( 'NONE', #7877 ) ;
#4935 = CARTESIAN_POINT ( 'NONE',  ( 2.471768622405012827, -0.1534557579717771292, 2.495285821373036228 ) ) ;
#4936 = CARTESIAN_POINT ( 'NONE',  ( 1.390533354600380633, 0.4608703993464394744, 2.467326179289283772 ) ) ;
#4937 = EDGE_CURVE ( 'NONE', #1531, #4965, #463, .T. ) ;
#4938 = CARTESIAN_POINT ( 'NONE',  ( 2.887140939299873921, -0.2292359742274489298, 2.489467988972742685 ) ) ;
#4939 = EDGE_CURVE ( 'NONE', #1737, #7055, #1487, .T. ) ;
#4940 = CARTESIAN_POINT ( 'NONE',  ( 2.948199617680830276, 0.3644372414834211593, 2.473294462254738590 ) ) ;
#4941 = CARTESIAN_POINT ( 'NONE',  ( 2.765665256890232460, 0.1668582417096237114, 2.504546588290451847 ) ) ;
#4942 = ORIENTED_EDGE ( 'NONE', *, *, #404, .F. ) ;
#4943 = DIRECTION ( 'NONE',  ( 0.000000000000000000, 0.000000000000000000, -1.000000000000000000 ) ) ;
#4944 = CARTESIAN_POINT ( 'NONE',  ( 2.521407629289695418, -0.05542315146756867511, 2.499390406016992916 ) ) ;
#4945 = CARTESIAN_POINT ( 'NONE',  ( 2.484952097818117878, 0.2918473190525247007, 2.492975158793575563 ) ) ;
#4946 = EDGE_LOOP ( 'NONE', ( #3790, #1665, #8411, #4710 ) ) ;
#4947 = ORIENTED_EDGE ( 'NONE', *, *, #9575, .F. ) ;
#4948 = CARTESIAN_POINT ( 'NONE',  ( 0.8981781650063318523, 0.04676413706562126266, 2.499562584830495648 ) ) ;
#4949 = ORIENTED_EDGE ( 'NONE', *, *, #7415, .F. ) ;
#4950 = LINE ( 'NONE', #7116, #33 ) ;
#4951 = VERTEX_POINT ( 'NONE', #5698 ) ;
#4952 = EDGE_CURVE ( 'NONE', #8765, #430, #4420, .T. ) ;
#4953 = FACE_OUTER_BOUND ( 'NONE', #7108, .T. ) ;
#4954 = CARTESIAN_POINT ( 'NONE',  ( 1.454255829397715249, 0.3580022954844885863, 2.484337875446749777 ) ) ;
#4955 = CARTESIAN_POINT ( 'NONE',  ( 1.657369157666903625, -0.1253328144862920490, 2.496856360628890048 ) ) ;
#4956 = CARTESIAN_POINT ( 'NONE',  ( -5.500000000000000000, 0.000000000000000000, -1.000000000000000222 ) ) ;
#4957 = FILL_AREA_STYLE ('',( #8489 ) ) ;
#4958 = CARTESIAN_POINT ( 'NONE',  ( 2.353426814938833989, -0.2034080885730865929, 2.501744421299474830 ) ) ;
#4959 = AXIS2_PLACEMENT_3D ( 'NONE', #3755, #6042, #2466 ) ;
#4960 = EDGE_LOOP ( 'NONE', ( #6312, #1309, #2711, #226 ) ) ;
#4961 = PLANE ( 'NONE',  #7044 ) ;
#4962 = ORIENTED_EDGE ( 'NONE', *, *, #3195, .F. ) ;
#4963 = EDGE_CURVE ( 'NONE', #3492, #4068, #7818, .T. ) ;
#4964 = B_SPLINE_SURFACE_WITH_KNOTS ( 'NONE', 1, 3, ( 
 ( #657, #9408, #3654, #5797 ),
 ( #9506, #5886, #560, #3561 ) ),
 .UNSPECIFIED., .F., .F., .F.,
 ( 2, 2 ),
 ( 4, 4 ),
 ( 0.000000000000000000, 1.000000000000000000 ),
 ( 0.000000000000000000, 1.000000000000000000 ),
 .UNSPECIFIED. ) ;
#4965 = VERTEX_POINT ( 'NONE', #2055 ) ;
#4966 = CARTESIAN_POINT ( 'NONE',  ( 1.824356778977260340, -0.1528343366088679989, 2.495323960040725542 ) ) ;
#4967 = CARTESIAN_POINT ( 'NONE',  ( 3.130013979308440941, -0.1053673393113183920, 2.497778557800201416 ) ) ;
#4968 = CARTESIAN_POINT ( 'NONE',  ( 3.223226721823413854, -0.1028198502752030313, 2.508119311276697072 ) ) ;
#4969 = CARTESIAN_POINT ( 'NONE',  ( 2.645567678557562363, -0.1866774786462467861, 2.493020561280287595 ) ) ;
#4970 = CARTESIAN_POINT ( 'NONE',  ( 4.500000000000000000, 0.000000000000000000, 0.000000000000000000 ) ) ;
#4971 = CIRCLE ( 'NONE', #4651, 0.4499999999999999001 ) ;
#4972 = B_SPLINE_CURVE_WITH_KNOTS ( 'NONE', 3,
 ( #8320, #3413, #6186, #869, #5648, #5693, #9303, #2688 ),
 .UNSPECIFIED., .F., .F.,
 ( 4, 2, 2, 4 ),
 ( 0.000000000000000000, 0.2499827043681198402, 0.4999654087362396804, 0.9999308174724793608 ),
 .UNSPECIFIED. ) ;
#4973 = VERTEX_POINT ( 'NONE', #5791 ) ;
#4974 = ADVANCED_FACE ( 'NONE', ( #2110 ), #8015, .T. ) ;
#4975 = CARTESIAN_POINT ( 'NONE',  ( 2.660917452748341017, 0.1820009806186898005, 2.493366327488569123 ) ) ;
#4976 = CARTESIAN_POINT ( 'NONE',  ( 2.787676527381199421, 0.2281505577991914668, 2.499691168833500843 ) ) ;
#4977 = ORIENTED_EDGE ( 'NONE', *, *, #6190, .F. ) ;
#4978 = DIRECTION ( 'NONE',  ( 0.000000000000000000, 0.9999873558481577884, -0.005028731829187268153 ) ) ;
#4979 = DIRECTION ( 'NONE',  ( -1.000000000000000000, -0.000000000000000000, -0.000000000000000000 ) ) ;
#4980 = CARTESIAN_POINT ( 'NONE',  ( 2.251064579206265126, -0.2114102638844967408, 2.501098001343661448 ) ) ;
#4981 = DIRECTION ( 'NONE',  ( -1.000000000000000000, -0.000000000000000000, -0.000000000000000000 ) ) ;
#4982 = LINE ( 'NONE', #1260, #179 ) ;
#4983 = ADVANCED_FACE ( 'NONE', ( #600 ), #2889, .T. ) ;
#4984 = MECHANICAL_DESIGN_GEOMETRIC_PRESENTATION_REPRESENTATION (  '', ( #2031 ), #5907 ) ;
#4985 = ORIENTED_EDGE ( 'NONE', *, *, #7497, .T. ) ;
#4986 = CARTESIAN_POINT ( 'NONE',  ( 3.130013979308440941, -0.1057888086685636747, 2.507769672031402219 ) ) ;
#4987 = CIRCLE ( 'NONE', #4505, 2.510000000000000231 ) ;
#4988 = ADVANCED_FACE ( 'NONE', ( #8056 ), #6491, .T. ) ;
#4989 = EDGE_CURVE ( 'NONE', #2450, #4833, #5254, .T. ) ;
#4990 = LINE ( 'NONE', #7938, #8440 ) ;
#4991 = DIRECTION ( 'NONE',  ( 1.000000000000000000, 0.000000000000000000, 0.000000000000000000 ) ) ;
#4992 = CARTESIAN_POINT ( 'NONE',  ( 2.313752600197278575, -0.1481425458377509108, 2.495606897352367515 ) ) ;
#4993 = CARTESIAN_POINT ( 'NONE',  ( 2.837656485812301455, -0.2017340161659217090, 2.491847384315815095 ) ) ;
#4994 = CARTESIAN_POINT ( 'NONE',  ( 2.541881732999634380, -0.2000729926275188197, 2.502071320882323313 ) ) ;
#4995 = EDGE_CURVE ( 'NONE', #1835, #2291, #2558, .T. ) ;
#4996 = CARTESIAN_POINT ( 'NONE',  ( 3.232475217721408001, 0.004190625934128112441, 2.499999991890922590 ) ) ;
#4997 = ORIENTED_EDGE ( 'NONE', *, *, #553, .T. ) ;
#4998 = FACE_OUTER_BOUND ( 'NONE', #2592, .T. ) ;
#4999 = EDGE_LOOP ( 'NONE', ( #3067, #4592, #6424, #1823 ) ) ;
#5000 = CARTESIAN_POINT ( 'NONE',  ( 4.500000000000000000, -0.09312184483735615192, 2.508271979274593555 ) ) ;
#5001 = LINE ( 'NONE', #582, #4552 ) ;
#5002 = B_SPLINE_CURVE_WITH_KNOTS ( 'NONE', 3,
 ( #5561, #1115, #6227, #1064 ),
 .UNSPECIFIED., .F., .F.,
 ( 4, 4 ),
 ( 0.000000000000000000, 1.000000000000000000 ),
 .UNSPECIFIED. ) ;
#5003 = DIRECTION ( 'NONE',  ( -1.000000000000000000, -0.000000000000000000, -0.000000000000000000 ) ) ;
#5004 = ORIENTED_EDGE ( 'NONE', *, *, #7988, .T. ) ;
#5005 = EDGE_CURVE ( 'NONE', #8645, #7594, #1133, .T. ) ;
#5006 = DIRECTION ( 'NONE',  ( -1.000000000000000000, -0.000000000000000000, -0.000000000000000000 ) ) ;
#5007 = CARTESIAN_POINT ( 'NONE',  ( 2.583921004793332532, 0.1544588577517892469, 2.495223930083633412 ) ) ;
#5008 = VERTEX_POINT ( 'NONE', #5980 ) ;
#5009 = CARTESIAN_POINT ( 'NONE',  ( 1.181289125161707920, -0.2397029598947407192, 2.488482051553503105 ) ) ;
#5010 = VERTEX_POINT ( 'NONE', #651 ) ;
#5011 = CARTESIAN_POINT ( 'NONE',  ( 0.9047260075632922449, 1.084839134595969047E-05, 2.509999975021069751 ) ) ;
#5012 = DIRECTION ( 'NONE',  ( 0.000000000000000000, -0.08069360646636866696, 0.9967389537263259269 ) ) ;
#5013 = CARTESIAN_POINT ( 'NONE',  ( 1.211313007155852883, -0.3436489567030988068, 2.486363978594295698 ) ) ;
#5014 = CARTESIAN_POINT ( 'NONE',  ( 2.793815810038323466, 0.2856903893144536188, 2.493699057421332910 ) ) ;
#5015 = CARTESIAN_POINT ( 'NONE',  ( 2.279793462023022244, -0.08503541170021872153, 2.508595800446343560 ) ) ;
#5016 = VERTEX_POINT ( 'NONE', #8247 ) ;
#5017 = EDGE_CURVE ( 'NONE', #834, #1042, #6816, .T. ) ;
#5018 = AXIS2_PLACEMENT_3D ( 'NONE', #4682, #1672, #906 ) ;
#5019 = CARTESIAN_POINT ( 'NONE',  ( 1.523090541236123086, 0.06423099795494986719, 2.509178028538770810 ) ) ;
#5020 = CARTESIAN_POINT ( 'NONE',  ( 2.304049124075973509, 0.1508316669027527646, 2.495445854291868049 ) ) ;
#5021 = ORIENTED_EDGE ( 'NONE', *, *, #3020, .F. ) ;
#5022 = CARTESIAN_POINT ( 'NONE',  ( 2.086353122880875599, 0.000000000000000000, 2.500000000000000000 ) ) ;
#5023 = VERTEX_POINT ( 'NONE', #5208 ) ;
#5024 = ORIENTED_EDGE ( 'NONE', *, *, #4085, .F. ) ;
#5025 = CARTESIAN_POINT ( 'NONE',  ( 1.163292472606964667, -0.3429338980487653399, 2.476367569963934034 ) ) ;
#5026 = CARTESIAN_POINT ( 'NONE',  ( 2.117609719517861588, -0.01528043514025484960, 2.499953301224229651 ) ) ;
#5027 = CARTESIAN_POINT ( 'NONE',  ( 2.298691817890962774, -0.07803642497060486738, 2.508786661130830264 ) ) ;
#5028 = CARTESIAN_POINT ( 'NONE',  ( 3.050138160030318346, -0.1923532925375351366, 2.492592151025641467 ) ) ;
#5029 = CARTESIAN_POINT ( 'NONE',  ( 2.308305906130250662, -0.2085194248689075935, 2.491288752724650113 ) ) ;
#5030 = ORIENTED_EDGE ( 'NONE', *, *, #6448, .F. ) ;
#5031 = ORIENTED_EDGE ( 'NONE', *, *, #10, .F. ) ;
#5032 = VERTEX_POINT ( 'NONE', #694 ) ;
#5033 = DIRECTION ( 'NONE',  ( 1.000000000000000000, 0.000000000000000000, 0.000000000000000000 ) ) ;
#5034 = CIRCLE ( 'NONE', #6567, 0.4499999999999999001 ) ;
#5035 = CARTESIAN_POINT ( 'NONE',  ( 2.445277883076570458, -0.06639737306823097207, 2.499118122228246808 ) ) ;
#5036 = EDGE_CURVE ( 'NONE', #566, #1917, #9122, .T. ) ;
#5037 = CARTESIAN_POINT ( 'NONE',  ( 2.788172032324740535, -0.01528043514025040697, 2.499953301224229651 ) ) ;
#5038 = DIRECTION ( 'NONE',  ( 1.000000000000000000, 2.694260451159091003E-12, -1.757979437983211435E-13 ) ) ;
#5039 = CARTESIAN_POINT ( 'NONE',  ( 1.158042678210693177, 0.3760035573489488581, 2.481747413431761640 ) ) ;
#5040 = CARTESIAN_POINT ( 'NONE',  ( 2.564486210053318338, -0.3085735403509094477, 2.487601283962741938 ) ) ;
#5041 = COLOUR_RGB ( '',0.2980392156862745057, 0.2980392156862745057, 0.2980392156862745057 ) ;
#5042 = AXIS2_PLACEMENT_3D ( 'NONE', #1733, #1885, #2573 ) ;
#5043 = ORIENTED_EDGE ( 'NONE', *, *, #5853, .T. ) ;
#5044 = B_SPLINE_SURFACE_WITH_KNOTS ( 'NONE', 1, 3, ( 
 ( #4838, #1827, #2646, #1172 ),
 ( #6316, #2695, #7004, #7790 ) ),
 .UNSPECIFIED., .F., .F., .F.,
 ( 2, 2 ),
 ( 4, 4 ),
 ( 0.000000000000000000, 1.000000000000000000 ),
 ( 0.000000000000000000, 1.000000000000000000 ),
 .UNSPECIFIED. ) ;
#5045 = CARTESIAN_POINT ( 'NONE',  ( -4.500000000000000000, 0.000000000000000000, 0.4499999999999999001 ) ) ;
#5046 = VERTEX_POINT ( 'NONE', #4419 ) ;
#5047 = CARTESIAN_POINT ( 'NONE',  ( 2.426135602188658424, -0.1136616964811515973, 2.497436545666184671 ) ) ;
#5048 = EDGE_CURVE ( 'NONE', #8066, #78, #6462, .T. ) ;
#5049 = STYLED_ITEM ( 'NONE', ( #6588 ), #4324 ) ;
#5050 = CARTESIAN_POINT ( 'NONE',  ( 2.276368668441867804, -0.1813450223369683645, 2.503440429264017109 ) ) ;
#5051 = CARTESIAN_POINT ( 'NONE',  ( 3.247365478760182000, -0.03547442350415755397, 2.509749303272549525 ) ) ;
#5052 = FILL_AREA_STYLE_COLOUR ( '', #742 ) ;
#5053 = ORIENTED_EDGE ( 'NONE', *, *, #5778, .T. ) ;
#5054 = EDGE_CURVE ( 'NONE', #6710, #5484, #24, .T. ) ;
#5055 = VECTOR ( 'NONE', #9500, 1000.000000000000000 ) ;
#5056 = FACE_OUTER_BOUND ( 'NONE', #6289, .T. ) ;
#5057 = UNCERTAINTY_MEASURE_WITH_UNIT (LENGTH_MEASURE( 1.000000000000000082E-05 ), #4745, 'distance_accuracy_value', 'NONE');
#5058 = ORIENTED_EDGE ( 'NONE', *, *, #4291, .F. ) ;
#5059 = VERTEX_POINT ( 'NONE', #7420 ) ;
#5060 = DIRECTION ( 'NONE',  ( -1.000000000000000000, -0.000000000000000000, -0.000000000000000000 ) ) ;
#5061 = CARTESIAN_POINT ( 'NONE',  ( 2.405232302830831337, 0.000000000000000000, 0.000000000000000000 ) ) ;
#5062 = EDGE_CURVE ( 'NONE', #3756, #5498, #8994, .T. ) ;
#5063 = CARTESIAN_POINT ( 'NONE',  ( 1.781318735633162564, 0.008893288930708077508, 2.499984181832356267 ) ) ;
#5064 = CARTESIAN_POINT ( 'NONE',  ( 1.883851207788118209, -0.03517050123772248738, 2.509762989602878580 ) ) ;
#5065 = CARTESIAN_POINT ( 'NONE',  ( 2.298691839923947100, -0.07803642449677167248, 2.508786661145485208 ) ) ;
#5066 = VERTEX_POINT ( 'NONE', #8825 ) ;
#5067 = CARTESIAN_POINT ( 'NONE',  ( 1.077636971999811566, 0.3225103003491953113, 2.489194069400125997 ) ) ;
#5068 = CARTESIAN_POINT ( 'NONE',  ( 4.500000000000000000, 0.000000000000000000, 2.500000000000000000 ) ) ;
#5069 = EDGE_LOOP ( 'NONE', ( #9119, #6373, #5805, #5463 ) ) ;
#5070 = B_SPLINE_CURVE_WITH_KNOTS ( 'NONE', 3,
 ( #3600, #6547, #9494, #6637 ),
 .UNSPECIFIED., .F., .F.,
 ( 4, 4 ),
 ( 0.000000000000000000, 1.000000000000000000 ),
 .UNSPECIFIED. ) ;
#5071 = VERTEX_POINT ( 'NONE', #4575 ) ;
#5072 = LINE ( 'NONE', #2979, #5911 ) ;
#5073 = CARTESIAN_POINT ( 'NONE',  ( 1.516204671994106246, -0.1775847408030911123, 2.503709979177680012 ) ) ;
#5074 = CARTESIAN_POINT ( 'NONE',  ( 3.143445031722684302, -0.2292359742274483192, 2.489467988972742685 ) ) ;
#5075 = EDGE_CURVE ( 'NONE', #8859, #9630, #8194, .T. ) ;
#5076 = CARTESIAN_POINT ( 'NONE',  ( 2.607213877506694644, -0.1003356624313878342, 2.508370973941440152 ) ) ;
#5077 = CARTESIAN_POINT ( 'NONE',  ( 1.657369157666903625, -0.1258341457442372358, 2.506843786071405233 ) ) ;
#5078 = CARTESIAN_POINT ( 'NONE',  ( 2.474547427384312215, -0.05322801487791121305, 2.509435575116186090 ) ) ;
#5079 = EDGE_LOOP ( 'NONE', ( #6682, #6022, #5599, #12 ) ) ;
#5080 = ORIENTED_EDGE ( 'NONE', *, *, #6916, .T. ) ;
#5081 = ORIENTED_EDGE ( 'NONE', *, *, #6045, .T. ) ;
#5082 = LINE ( 'NONE', #9610, #2247 ) ;
#5083 = VERTEX_POINT ( 'NONE', #5362 ) ;
#5084 = EDGE_CURVE ( 'NONE', #5008, #8732, #4094, .T. ) ;
#5085 = CARTESIAN_POINT ( 'NONE',  ( 2.671913997966893994, -0.1899852956932068793, 2.503685939594172183 ) ) ;
#5086 = FACE_OUTER_BOUND ( 'NONE', #1069, .T. ) ;
#5087 = CARTESIAN_POINT ( 'NONE',  ( 2.542451615332264936, -0.1830784111125053071, 2.503314262210104779 ) ) ;
#5088 = B_SPLINE_CURVE_WITH_KNOTS ( 'NONE', 3,
 ( #4538, #8800, #1424, #7492 ),
 .UNSPECIFIED., .F., .F.,
 ( 4, 4 ),
 ( 0.000000000000000000, 0.9999520554197541822 ),
 .UNSPECIFIED. ) ;
#5089 = EDGE_CURVE ( 'NONE', #2814, #4421, #642, .T. ) ;
#5090 = DIRECTION ( 'NONE',  ( 0.000000000000000000, 0.005028731829187268153, 0.9999873558481577884 ) ) ;
#5091 = EDGE_LOOP ( 'NONE', ( #9096, #5097, #4576, #9453 ) ) ;
#5092 = CARTESIAN_POINT ( 'NONE',  ( 2.826241482329388433, 0.3137970416581185029, 2.480487606465263895 ) ) ;
#5093 = CARTESIAN_POINT ( 'NONE',  ( 3.235667465365422490, 0.01257182957296817082, 2.499968389620394582 ) ) ;
#5094 = CARTESIAN_POINT ( 'NONE',  ( 1.292406977990229411, -0.05674552251345768572, 2.509358472931812134 ) ) ;
#5095 = EDGE_CURVE ( 'NONE', #2108, #9241, #3685, .T. ) ;
#5096 = CARTESIAN_POINT ( 'NONE',  ( 2.932447530860537110, 0.3966051793289779859, 2.478468142165525023 ) ) ;
#5097 = ORIENTED_EDGE ( 'NONE', *, *, #1312, .T. ) ;
#5098 = LINE ( 'NONE', #1439, #4732 ) ;
#5099 = ADVANCED_FACE ( 'NONE', ( #8916 ), #2198, .T. ) ;
#5100 = ORIENTED_EDGE ( 'NONE', *, *, #601, .T. ) ;
#5101 = EDGE_CURVE ( 'NONE', #7983, #8472, #1970, .T. ) ;
#5102 = CARTESIAN_POINT ( 'NONE',  ( 2.086353122880875599, 0.000000000000000000, 0.000000000000000000 ) ) ;
#5103 = DIRECTION ( 'NONE',  ( -1.000000000000000000, -0.000000000000000000, -0.000000000000000000 ) ) ;
#5104 = CARTESIAN_POINT ( 'NONE',  ( 0.9156635719430895604, 0.1357486306048071578, 2.506546629132625270 ) ) ;
#5105 = CARTESIAN_POINT ( 'NONE',  ( 2.793284549990653343, 0.2912652434879758889, 2.482982677557560081 ) ) ;
#5106 =( LENGTH_UNIT ( ) NAMED_UNIT ( * ) SI_UNIT ( .MILLI., .METRE. ) );
#5107 = ORIENTED_EDGE ( 'NONE', *, *, #7323, .F. ) ;
#5108 = STYLED_ITEM ( 'NONE', ( #8549 ), #7576 ) ;
#5109 = CARTESIAN_POINT ( 'NONE',  ( 2.276803520665686253, -0.1887740661620629090, 2.492876060849581243 ) ) ;
#5110 = CARTESIAN_POINT ( 'NONE',  ( 3.160713527686688895, -0.2292359742274489298, 2.489467988972742685 ) ) ;
#5111 = ORIENTED_EDGE ( 'NONE', *, *, #3325, .F. ) ;
#5112 = ORIENTED_EDGE ( 'NONE', *, *, #2862, .F. ) ;
#5113 =( NAMED_UNIT ( * ) PLANE_ANGLE_UNIT ( ) SI_UNIT ( $, .RADIAN. ) );
#5114 = CARTESIAN_POINT ( 'NONE',  ( 3.130013979308440941, -0.1057888086685636747, 2.507769672031402219 ) ) ;
#5115 = CARTESIAN_POINT ( 'NONE',  ( 4.500000000000000000, 0.3966051793289692151, 2.478468142165526356 ) ) ;
#5116 = VECTOR ( 'NONE', #7869, 1000.000000000000000 ) ;
#5117 = FACE_OUTER_BOUND ( 'NONE', #4234, .T. ) ;
#5118 = LINE ( 'NONE', #4231, #1874 ) ;
#5119 = CARTESIAN_POINT ( 'NONE',  ( 2.308305906130250662, -0.2093535025683832262, 2.501253907735548232 ) ) ;
#5120 = B_SPLINE_SURFACE_WITH_KNOTS ( 'NONE', 1, 3, ( 
 ( #572, #4294, #1472, #3527 ),
 ( #7292, #4240, #2129, #525 ) ),
 .UNSPECIFIED., .F., .F., .F.,
 ( 2, 2 ),
 ( 4, 4 ),
 ( 0.000000000000000000, 1.000000000000000000 ),
 ( 0.000000000000000000, 1.000000000000000000 ),
 .UNSPECIFIED. ) ;
#5121 = ORIENTED_EDGE ( 'NONE', *, *, #7247, .T. ) ;
#5122 = ORIENTED_EDGE ( 'NONE', *, *, #2446, .F. ) ;
#5123 = ORIENTED_EDGE ( 'NONE', *, *, #6719, .F. ) ;
#5124 = SURFACE_STYLE_FILL_AREA ( #2703 ) ;
#5125 = AXIS2_PLACEMENT_3D ( 'NONE', #1916, #4035, #2687 ) ;
#5126 = ADVANCED_FACE ( 'NONE', ( #797 ), #6652, .T. ) ;
#5127 = CARTESIAN_POINT ( 'NONE',  ( 1.684701287958144889, 0.1424772352021622113, 2.495936821872531297 ) ) ;
#5128 = CARTESIAN_POINT ( 'NONE',  ( 1.667599359790336688, 0.3313599080282578768, 2.478263105835378788 ) ) ;
#5129 = FACE_OUTER_BOUND ( 'NONE', #6903, .T. ) ;
#5130 = CARTESIAN_POINT ( 'NONE',  ( 1.887749814965556938, 4.841020417620156606E-07, 2.499999511911842109 ) ) ;
#5131 = DIRECTION ( 'NONE',  ( 1.000000000000000000, 0.000000000000000000, 0.000000000000000000 ) ) ;
#5132 = VECTOR ( 'NONE', #8389, 999.9999999999998863 ) ;
#5133 = CARTESIAN_POINT ( 'NONE',  ( -5.500000000000000000, 0.000000000000000000, -1.000000000000000222 ) ) ;
#5134 = AXIS2_PLACEMENT_3D ( 'NONE', #7096, #9309, #5653 ) ;
#5135 = ADVANCED_FACE ( 'NONE', ( #4725 ), #364, .T. ) ;
#5136 = CARTESIAN_POINT ( 'NONE',  ( 1.540879591117329639, 0.03357149892591064499, 2.499959587472619038 ) ) ;
#5137 = EDGE_LOOP ( 'NONE', ( #3247, #6074, #4977, #7166, #7683, #9546, #4855 ) ) ;
#5138 = CYLINDRICAL_SURFACE ( 'NONE', #5192, 2.510000000000000231 ) ;
#5139 = DIRECTION ( 'NONE',  ( 0.000000000000000000, 0.1469994462520932132, 0.9891365743928276499 ) ) ;
#5140 = FACE_OUTER_BOUND ( 'NONE', #7630, .T. ) ;
#5141 = CARTESIAN_POINT ( 'NONE',  ( 2.233304035723552516, 0.3383749564413262578, 2.487235803849277893 ) ) ;
#5142 = CARTESIAN_POINT ( 'NONE',  ( 2.946993698780764781, 0.3594068957899240746, 2.484143653775501726 ) ) ;
#5143 = AXIS2_PLACEMENT_3D ( 'NONE', #7100, #1881, #6282 ) ;
#5144 = EDGE_LOOP ( 'NONE', ( #4503, #5869, #5553, #259 ) ) ;
#5145 = FACE_OUTER_BOUND ( 'NONE', #7329, .T. ) ;
#5146 = ORIENTED_EDGE ( 'NONE', *, *, #142, .F. ) ;
#5147 = EDGE_CURVE ( 'NONE', #1501, #8645, #6936, .T. ) ;
#5148 = CARTESIAN_POINT ( 'NONE',  ( 1.523090541236123086, 0.06397509756469109410, 2.499181303325468395 ) ) ;
#5149 = CARTESIAN_POINT ( 'NONE',  ( 2.257139261434098376, 0.2447389298681944825, 2.498206737197208316 ) ) ;
#5150 = CARTESIAN_POINT ( 'NONE',  ( 2.387930227175624420, 0.3676063669131904854, 2.482952317608777548 ) ) ;
#5151 = FACE_OUTER_BOUND ( 'NONE', #5091, .T. ) ;
#5152 = DIRECTION ( 'NONE',  ( 0.000000000000000000, -0.9957871955890971183, -0.09169438969097956638 ) ) ;
#5153 = CIRCLE ( 'NONE', #6677, 2.500000000000000000 ) ;
#5154 = EDGE_CURVE ( 'NONE', #135, #5162, #899, .T. ) ;
#5155 = EDGE_CURVE ( 'NONE', #1935, #474, #7575, .T. ) ;
#5156 = B_SPLINE_CURVE_WITH_KNOTS ( 'NONE', 3,
 ( #8922, #6799, #3179, #8878 ),
 .UNSPECIFIED., .F., .F.,
 ( 4, 4 ),
 ( 0.000000000000000000, 1.000000000000000000 ),
 .UNSPECIFIED. ) ;
#5157 = FACE_OUTER_BOUND ( 'NONE', #519, .T. ) ;
#5158 = CARTESIAN_POINT ( 'NONE',  ( 2.637335743205095007, -0.1871763142755285547, 2.503011192019370501 ) ) ;
#5159 = ORIENTED_EDGE ( 'NONE', *, *, #6243, .T. ) ;
#5160 = VERTEX_POINT ( 'NONE', #2546 ) ;
#5161 = ADVANCED_FACE ( 'NONE', ( #6993 ), #124, .T. ) ;
#5162 = VERTEX_POINT ( 'NONE', #7682 ) ;
#5163 = CARTESIAN_POINT ( 'NONE',  ( 1.161570944305657660, -0.1068421650939858775, 2.507725015179700367 ) ) ;
#5164 = DIRECTION ( 'NONE',  ( 0.000000000000000000, -0.006112174056101938799, 0.9999813204896917940 ) ) ;
#5165 = CARTESIAN_POINT ( 'NONE',  ( 2.605701640440060363, -0.2753292736600812529, 2.484839329614063175 ) ) ;
#5166 = CARTESIAN_POINT ( 'NONE',  ( 2.256747995241840776, 0.2723574543420088090, 2.485120000536058971 ) ) ;
#5167 = CARTESIAN_POINT ( 'NONE',  ( 2.493184033169769886, -0.05287140571402494660, 2.509443088507452568 ) ) ;
#5168 = VERTEX_POINT ( 'NONE', #9108 ) ;
#5169 = VECTOR ( 'NONE', #5952, 1000.000000000000000 ) ;
#5170 = ORIENTED_EDGE ( 'NONE', *, *, #5585, .T. ) ;
#5171 = CARTESIAN_POINT ( 'NONE',  ( 3.269090360780903204, 0.01257182957296817082, 2.499968389620394582 ) ) ;
#5172 = CARTESIAN_POINT ( 'NONE',  ( 2.881632350981399693, -0.01528043514025040697, 2.499953301224229651 ) ) ;
#5173 = CARTESIAN_POINT ( 'NONE',  ( 2.441154795665647637, -0.1383550567873575443, 2.496180744454209233 ) ) ;
#5174 = ORIENTED_EDGE ( 'NONE', *, *, #8394, .T. ) ;
#5175 = AXIS2_PLACEMENT_3D ( 'NONE', #8025, #8741, #2119 ) ;
#5176 = CARTESIAN_POINT ( 'NONE',  ( 1.624660284127364074, 0.3707616397034622091, 2.472354304407925696 ) ) ;
#5177 = CARTESIAN_POINT ( 'NONE',  ( 4.500000000000000000, 0.000000000000000000, 2.500000000000000000 ) ) ;
#5178 = LINE ( 'NONE', #3576, #1541 ) ;
#5179 = CARTESIAN_POINT ( 'NONE',  ( 3.052427132572566038, -0.02333664088184882190, 2.509935580997754379 ) ) ;
#5180 = CYLINDRICAL_SURFACE ( 'NONE', #9012, 2.510000000000000231 ) ;
#5181 = EDGE_CURVE ( 'NONE', #1912, #1674, #6941, .T. ) ;
#5182 =( GEOMETRIC_REPRESENTATION_CONTEXT ( 3 ) GLOBAL_UNCERTAINTY_ASSIGNED_CONTEXT ( ( #6011 ) ) GLOBAL_UNIT_ASSIGNED_CONTEXT ( ( #4716, #7029, #6297 ) ) REPRESENTATION_CONTEXT ( 'NONE', 'WORKASPACE' ) );
#5183 = FACE_OUTER_BOUND ( 'NONE', #5069, .T. ) ;
#5184 = ORIENTED_EDGE ( 'NONE', *, *, #4522, .T. ) ;
#5185 = CARTESIAN_POINT ( 'NONE',  ( 1.108203796827014420, 0.3179041521048309171, 2.479705012713106616 ) ) ;
#5186 = CARTESIAN_POINT ( 'NONE',  ( 3.071276335330218821, -0.1765536489330275516, 2.493757969220035786 ) ) ;
#5187 = CIRCLE ( 'NONE', #2713, 0.2000000000000000944 ) ;
#5188 = CIRCLE ( 'NONE', #8575, 2.500000000000000000 ) ;
#5189 = CARTESIAN_POINT ( 'NONE',  ( 2.826794044801901329, 0.2781401420645645550, 2.484479434684920829 ) ) ;
#5190 = FILL_AREA_STYLE ('',( #3770 ) ) ;
#5191 = ORIENTED_EDGE ( 'NONE', *, *, #8414, .F. ) ;
#5192 = AXIS2_PLACEMENT_3D ( 'NONE', #8940, #3000, #7250 ) ;
#5193 = PRESENTATION_LAYER_ASSIGNMENT (  '', '', ( #8122 ) ) ;
#5194 = CARTESIAN_POINT ( 'NONE',  ( 6.949999999999999289, 5.510910596163086474E-17, -1.000000000000000000 ) ) ;
#5195 = VERTEX_POINT ( 'NONE', #7778 ) ;
#5196 = FACE_OUTER_BOUND ( 'NONE', #1157, .T. ) ;
#5197 = ORIENTED_EDGE ( 'NONE', *, *, #4535, .F. ) ;
#5198 = B_SPLINE_CURVE_WITH_KNOTS ( 'NONE', 3,
 ( #9082, #1732, #7599, #3048 ),
 .UNSPECIFIED., .F., .F.,
 ( 4, 4 ),
 ( 0.000000000000000000, 1.000000000000000000 ),
 .UNSPECIFIED. ) ;
#5199 = CARTESIAN_POINT ( 'NONE',  ( 2.341233647537682927, -0.1952312750352842574, 2.502395801876293291 ) ) ;
#5200 = CARTESIAN_POINT ( 'NONE',  ( 0.7902854604783514647, 0.1199052264290193653, 2.498297331023003665 ) ) ;
#5201 = ADVANCED_FACE ( 'NONE', ( #6263 ), #6120, .T. ) ;
#5202 = CARTESIAN_POINT ( 'NONE',  ( 1.163292505442389935, 0.002015321945597773300, 2.509999190931634150 ) ) ;
#5203 = FACE_OUTER_BOUND ( 'NONE', #3541, .T. ) ;
#5204 = CARTESIAN_POINT ( 'NONE',  ( 2.117609719517868694, -0.1204541027259926483, 2.497096475736665599 ) ) ;
#5205 = PRESENTATION_LAYER_ASSIGNMENT (  '', '', ( #509 ) ) ;
#5206 = EDGE_CURVE ( 'NONE', #1737, #1757, #3007, .T. ) ;
#5207 = CARTESIAN_POINT ( 'NONE',  ( 3.361312794421991601, -0.2301529181243587296, 2.499425860928633725 ) ) ;
#5208 = CARTESIAN_POINT ( 'NONE',  ( 4.500000000000000000, 2.939152317953647106E-16, 2.299999999999999822 ) ) ;
#5209 = STYLED_ITEM ( 'NONE', ( #6827 ), #4381 ) ;
#5210 = ORIENTED_EDGE ( 'NONE', *, *, #8814, .F. ) ;
#5211 = PRESENTATION_STYLE_ASSIGNMENT (( #8874 ) ) ;
#5212 = DIRECTION ( 'NONE',  ( 1.000000000000000000, 0.000000000000000000, 0.000000000000000000 ) ) ;
#5213 = CARTESIAN_POINT ( 'NONE',  ( 1.123518119928704762, -0.002150698478340474801, 2.510000000011018084 ) ) ;
#5214 = CARTESIAN_POINT ( 'NONE',  ( 1.657369223336927710, -0.2300721710563045641, 2.489390848401560330 ) ) ;
#5215 = CARTESIAN_POINT ( 'NONE',  ( 2.826794044801901329, 0.2781401420645645550, 2.484479434684920829 ) ) ;
#5216 = CARTESIAN_POINT ( 'NONE',  ( 3.310311931899930560, -0.1852439300138508105, 2.493225224329409073 ) ) ;
#5217 = ORIENTED_EDGE ( 'NONE', *, *, #9348, .F. ) ;
#5218 = ORIENTED_EDGE ( 'NONE', *, *, #5740, .T. ) ;
#5219 = EDGE_CURVE ( 'NONE', #5711, #3756, #2770, .T. ) ;
#5220 = ORIENTED_EDGE ( 'NONE', *, *, #2613, .F. ) ;
#5221 = DIRECTION ( 'NONE',  ( 0.000000000000000000, 0.000000000000000000, 1.000000000000000000 ) ) ;
#5222 = B_SPLINE_CURVE_WITH_KNOTS ( 'NONE', 3,
 ( #2485, #3869, #4766, #1043 ),
 .UNSPECIFIED., .F., .F.,
 ( 4, 4 ),
 ( 0.000000000000000000, 1.000000000000000000 ),
 .UNSPECIFIED. ) ;
#5223 = B_SPLINE_CURVE_WITH_KNOTS ( 'NONE', 3,
 ( #6628, #3677, #3636, #779 ),
 .UNSPECIFIED., .F., .F.,
 ( 4, 4 ),
 ( 0.000000000000000000, 0.9997855378172421092 ),
 .UNSPECIFIED. ) ;
#5224 = DIRECTION ( 'NONE',  ( 0.000000000000000000, 0.000000000000000000, -1.000000000000000000 ) ) ;
#5225 = SURFACE_SIDE_STYLE ('',( #4436 ) ) ;
#5226 = EDGE_LOOP ( 'NONE', ( #9094, #2028, #6780, #1329 ) ) ;
#5227 = EDGE_CURVE ( 'NONE', #6602, #8330, #4824, .T. ) ;
#5228 = CARTESIAN_POINT ( 'NONE',  ( 1.163292472606964667, -0.3443056336409604512, 2.486273040243789811 ) ) ;
#5229 = EDGE_CURVE ( 'NONE', #9371, #1230, #7969, .T. ) ;
#5230 = ORIENTED_EDGE ( 'NONE', *, *, #9523, .F. ) ;
#5231 = DIRECTION ( 'NONE',  ( 1.000000000000000000, 0.000000000000000000, 0.000000000000000000 ) ) ;
#5232 =( NAMED_UNIT ( * ) PLANE_ANGLE_UNIT ( ) SI_UNIT ( $, .RADIAN. ) );
#5233 = CARTESIAN_POINT ( 'NONE',  ( 3.326775802495638423, -0.2292359742274489298, 2.489467988972742685 ) ) ;
#5234 =( LENGTH_UNIT ( ) NAMED_UNIT ( * ) SI_UNIT ( .MILLI., .METRE. ) );
#5235 = CARTESIAN_POINT ( 'NONE',  ( 2.453695501181130112, 0.000000000000000000, 0.000000000000000000 ) ) ;
#5236 = ORIENTED_EDGE ( 'NONE', *, *, #9300, .F. ) ;
#5237 = DIRECTION ( 'NONE',  ( 1.000000000000000000, 0.000000000000000000, 0.000000000000000000 ) ) ;
#5238 = CARTESIAN_POINT ( 'NONE',  ( 2.790269663202919581, 0.3647940702602755492, 2.483349610164251597 ) ) ;
#5239 = B_SPLINE_CURVE_WITH_KNOTS ( 'NONE', 1,
 ( #4940, #3474 ),
 .UNSPECIFIED., .F., .F.,
 ( 2, 2 ),
 ( 0.000000000000000000, 1.000000000000000000 ),
 .UNSPECIFIED. ) ;
#5240 =( NAMED_UNIT ( * ) SI_UNIT ( $, .STERADIAN. ) SOLID_ANGLE_UNIT ( ) );
#5241 = UNCERTAINTY_MEASURE_WITH_UNIT (LENGTH_MEASURE( 1.000000000000000082E-05 ), #9368, 'distance_accuracy_value', 'NONE');
#5242 = ORIENTED_EDGE ( 'NONE', *, *, #4164, .F. ) ;
#5243 = FILL_AREA_STYLE ('',( #9631 ) ) ;
#5244 = ORIENTED_EDGE ( 'NONE', *, *, #3904, .F. ) ;
#5245 = SURFACE_STYLE_FILL_AREA ( #512 ) ;
#5246 = PLANE ( 'NONE',  #2325 ) ;
#5247 = CARTESIAN_POINT ( 'NONE',  ( 2.284254760445457944, -0.2329444180389033392, 2.489123747056560809 ) ) ;
#5248 = CARTESIAN_POINT ( 'NONE',  ( 1.781422655248932951, -0.1993163667023376551, 2.502495754185698473 ) ) ;
#5249 = SURFACE_SIDE_STYLE ('',( #6835 ) ) ;
#5250 = DIRECTION ( 'NONE',  ( 0.000000000000000000, 0.000000000000000000, -1.000000000000000000 ) ) ;
#5251 = ORIENTED_EDGE ( 'NONE', *, *, #5747, .F. ) ;
#5252 = CARTESIAN_POINT ( 'NONE',  ( 0.9695569785985256317, -0.09689993281267141045, 2.508174544923241545 ) ) ;
#5253 = EDGE_CURVE ( 'NONE', #5768, #8228, #9250, .T. ) ;
#5254 = LINE ( 'NONE', #1451, #4245 ) ;
#5255 = VERTEX_POINT ( 'NONE', #8623 ) ;
#5256 = CARTESIAN_POINT ( 'NONE',  ( 2.724235271281369997, -0.05662104804356698357, 2.499358729138025925 ) ) ;
#5257 = CARTESIAN_POINT ( 'NONE',  ( 1.101566751195451221, -0.2082912993224194653, 2.491339192697766158 ) ) ;
#5258 = DIRECTION ( 'NONE',  ( 1.000000000000000000, 8.763881314259064614E-14, -8.602582885162272362E-15 ) ) ;
#5259 = CARTESIAN_POINT ( 'NONE',  ( 1.335444645985828904, -0.1724179889160524226, 2.504071092660538511 ) ) ;
#5260 = EDGE_CURVE ( 'NONE', #5083, #5551, #1740, .T. ) ;
#5261 = CARTESIAN_POINT ( 'NONE',  ( 2.441244506412677318, -0.2034617507298547845, 2.501763112853484294 ) ) ;
#5262 = CARTESIAN_POINT ( 'NONE',  ( 2.457349073046625421, -0.1070810253178228755, 2.497714247083400618 ) ) ;
#5263 = VECTOR ( 'NONE', #8071, 1000.000000000000000 ) ;
#5264 = VERTEX_POINT ( 'NONE', #4872 ) ;
#5265 = EDGE_LOOP ( 'NONE', ( #7968, #1940, #3900, #4057 ) ) ;
#5266 = ORIENTED_EDGE ( 'NONE', *, *, #3963, .T. ) ;
#5267 = B_SPLINE_CURVE_WITH_KNOTS ( 'NONE', 3,
 ( #9302, #4782, #3986, #3321 ),
 .UNSPECIFIED., .F., .F.,
 ( 4, 4 ),
 ( 0.000000000000000000, 1.000000000000000000 ),
 .UNSPECIFIED. ) ;
#5268 = CARTESIAN_POINT ( 'NONE',  ( 3.211157342063377662, -0.1359072883614094174, 2.496303108392538661 ) ) ;
#5269 = AXIS2_PLACEMENT_3D ( 'NONE', #2922, #3015, #4564 ) ;
#5270 = DIRECTION ( 'NONE',  ( 0.000000000000000000, -0.04818164109039706905, 0.9988385902946663730 ) ) ;
#5271 = CARTESIAN_POINT ( 'NONE',  ( 1.091847191819639296, -0.3332554113268065277, 2.487866774191787922 ) ) ;
#5272 = EDGE_LOOP ( 'NONE', ( #4913, #5336, #4845, #2425 ) ) ;
#5273 = CARTESIAN_POINT ( 'NONE',  ( 2.441244522736024436, -0.2026511573151267842, 2.491795928276618000 ) ) ;
#5274 = B_SPLINE_CURVE_WITH_KNOTS ( 'NONE', 1,
 ( #3410, #5645 ),
 .UNSPECIFIED., .F., .F.,
 ( 2, 2 ),
 ( 0.000000000000000000, 1.000000000000000000 ),
 .UNSPECIFIED. ) ;
#5275 = EDGE_LOOP ( 'NONE', ( #5586, #1466, #2308, #8268, #7765, #8447, #4369 ) ) ;
#5276 = EDGE_CURVE ( 'NONE', #7821, #2200, #7752, .T. ) ;
#5277 = CARTESIAN_POINT ( 'NONE',  ( 3.087318205111982738, -0.05757185904032374041, 2.509367278558134906 ) ) ;
#5278 = CARTESIAN_POINT ( 'NONE',  ( 2.511318830867071750, -0.1860637838310448267, 2.503094138930151313 ) ) ;
#5279 = CARTESIAN_POINT ( 'NONE',  ( 2.151465874687387814, -0.2292359742274489298, 2.489467988972742685 ) ) ;
#5280 = AXIS2_PLACEMENT_3D ( 'NONE', #8105, #3520, #6606 ) ;
#5281 = B_SPLINE_SURFACE_WITH_KNOTS ( 'NONE', 1, 3, ( 
 ( #1054, #6939, #5360, #4722 ),
 ( #4776, #319, #2498, #8444 ) ),
 .UNSPECIFIED., .F., .F., .F.,
 ( 2, 2 ),
 ( 4, 4 ),
 ( 0.000000000000000000, 1.000000000000000000 ),
 ( 0.000000000000000000, 1.000000000000000000 ),
 .UNSPECIFIED. ) ;
#5282 = B_SPLINE_CURVE_WITH_KNOTS ( 'NONE', 1,
 ( #2204, #659 ),
 .UNSPECIFIED., .F., .F.,
 ( 2, 2 ),
 ( 0.000000000000000000, 1.000000000000000000 ),
 .UNSPECIFIED. ) ;
#5283 = ORIENTED_EDGE ( 'NONE', *, *, #1104, .T. ) ;
#5284 = FACE_OUTER_BOUND ( 'NONE', #1232, .T. ) ;
#5285 = ORIENTED_EDGE ( 'NONE', *, *, #489, .F. ) ;
#5286 = CARTESIAN_POINT ( 'NONE',  ( 2.790276436849969066, 0.3633350098368424708, 2.473456623963084855 ) ) ;
#5287 = AXIS2_PLACEMENT_3D ( 'NONE', #3723, #3101, #6674 ) ;
#5288 = CARTESIAN_POINT ( 'NONE',  ( 1.335444645985828904, -0.1551707860941410888, 2.505198999509405500 ) ) ;
#5289 = ADVANCED_FACE ( 'NONE', ( #4917, #4311 ), #4961, .T. ) ;
#5290 = CARTESIAN_POINT ( 'NONE',  ( 2.536740784202287102, -0.2091714009954847575, 2.491256176302555581 ) ) ;
#5291 = CARTESIAN_POINT ( 'NONE',  ( 2.282186532306803795, 0.3445862106477882714, 2.476138191505352637 ) ) ;
#5292 = ORIENTED_EDGE ( 'NONE', *, *, #6568, .F. ) ;
#5293 =( GEOMETRIC_REPRESENTATION_CONTEXT ( 3 ) GLOBAL_UNCERTAINTY_ASSIGNED_CONTEXT ( ( #7258 ) ) GLOBAL_UNIT_ASSIGNED_CONTEXT ( ( #8282, #9573, #2958 ) ) REPRESENTATION_CONTEXT ( 'NONE', 'WORKASPACE' ) );
#5294 = LINE ( 'NONE', #3590, #4254 ) ;
#5295 = VERTEX_POINT ( 'NONE', #451 ) ;
#5296 = CARTESIAN_POINT ( 'NONE',  ( 2.342719109556029355, 0.1781735066997538752, 2.493642757395355680 ) ) ;
#5297 = CIRCLE ( 'NONE', #7444, 2.510000000000000231 ) ;
#5298 = EDGE_LOOP ( 'NONE', ( #796, #7840, #1058, #1154 ) ) ;
#5299 = DIRECTION ( 'NONE',  ( 1.000000000000000000, 0.000000000000000000, 0.000000000000000000 ) ) ;
#5300 = CARTESIAN_POINT ( 'NONE',  ( 1.865800976828553281, -0.1071248372812008687, 2.498123588913905735 ) ) ;
#5301 = CARTESIAN_POINT ( 'NONE',  ( 2.434448957171899686, -0.1311173011102907959, 2.506573009778401584 ) ) ;
#5302 = FACE_BOUND ( 'NONE', #2799, .T. ) ;
#5303 = CYLINDRICAL_SURFACE ( 'NONE', #3719, 2.500000000000000000 ) ;
#5304 = DIRECTION ( 'NONE',  ( 0.000000000000000000, 0.9967389537263254828, 0.08069360646637491197 ) ) ;
#5305 = EDGE_CURVE ( 'NONE', #6059, #5775, #4271, .T. ) ;
#5306 = CARTESIAN_POINT ( 'NONE',  ( 2.493184033169769886, -0.05287140571402494660, 2.509443088507452568 ) ) ;
#5307 = CARTESIAN_POINT ( 'NONE',  ( 0.8620261527772710153, -0.1448189065890106431, 2.505818725345942077 ) ) ;
#5308 = ORIENTED_EDGE ( 'NONE', *, *, #8223, .T. ) ;
#5309 = CARTESIAN_POINT ( 'NONE',  ( 2.457580412306104023, -0.09362825336598729065, 2.498255721664762063 ) ) ;
#5310 = ORIENTED_EDGE ( 'NONE', *, *, #1394, .T. ) ;
#5311 = AXIS2_PLACEMENT_3D ( 'NONE', #2649, #2608, #8504 ) ;
#5312 = CARTESIAN_POINT ( 'NONE',  ( 1.142044418962008034, -0.1074905480157102716, 2.507697390685488248 ) ) ;
#5313 = CARTESIAN_POINT ( 'NONE',  ( 1.029844184044477418, -0.05785552163587436014, 2.509414895881176388 ) ) ;
#5314 = CARTESIAN_POINT ( 'NONE',  ( 2.645753361309656437, -0.2552323279968282121, 2.486937164213305795 ) ) ;
#5315 = B_SPLINE_CURVE_WITH_KNOTS ( 'NONE', 3,
 ( #7701, #3144, #1023, #1206 ),
 .UNSPECIFIED., .F., .F.,
 ( 4, 4 ),
 ( 0.2098058375342665982, 1.000000000000000000 ),
 .UNSPECIFIED. ) ;
#5316 = CARTESIAN_POINT ( 'NONE',  ( 2.320065813775424424, -0.1243694272899651121, 2.496905679671170386 ) ) ;
#5317 = CARTESIAN_POINT ( 'NONE',  ( 2.765655408573372664, 0.3840461591935530050, 2.470414288155636573 ) ) ;
#5318 = EDGE_LOOP ( 'NONE', ( #2303, #2365, #706, #8579 ) ) ;
#5319 = EDGE_LOOP ( 'NONE', ( #4029, #450, #7337, #3798 ) ) ;
#5320 = VERTEX_POINT ( 'NONE', #9343 ) ;
#5321 = PLANE ( 'NONE',  #3341 ) ;
#5322 = CARTESIAN_POINT ( 'NONE',  ( 2.370399374523905589, 0.4004544035579981065, 2.477849130143001677 ) ) ;
#5323 = CARTESIAN_POINT ( 'NONE',  ( 3.037546204001604799, -0.2297072167988547797, 2.499466902138249402 ) ) ;
#5324 = ORIENTED_EDGE ( 'NONE', *, *, #5492, .F. ) ;
#5325 = ORIENTED_EDGE ( 'NONE', *, *, #537, .F. ) ;
#5326 = CARTESIAN_POINT ( 'NONE',  ( 0.8706338106990590964, 0.2401675128977830143, 2.498483453166839396 ) ) ;
#5327 = B_SPLINE_CURVE_WITH_KNOTS ( 'NONE', 3,
 ( #5646, #2686, #2780, #3456 ),
 .UNSPECIFIED., .F., .F.,
 ( 4, 4 ),
 ( 0.000000000000000000, 1.000000000000000000 ),
 .UNSPECIFIED. ) ;
#5328 = ORIENTED_EDGE ( 'NONE', *, *, #3021, .T. ) ;
#5329 = CARTESIAN_POINT ( 'NONE',  ( 2.578412416475610147, 0.3950250790129175571, 2.468593767097137626 ) ) ;
#5330 = MECHANICAL_DESIGN_GEOMETRIC_PRESENTATION_REPRESENTATION (  '', ( #7456 ), #1427 ) ;
#5331 = DIRECTION ( 'NONE',  ( 1.000000000000000000, 0.000000000000000000, 0.000000000000000000 ) ) ;
#5332 =( LENGTH_UNIT ( ) NAMED_UNIT ( * ) SI_UNIT ( .MILLI., .METRE. ) );
#5333 = ADVANCED_FACE ( 'NONE', ( #2728 ), #8969, .F. ) ;
#5334 = CARTESIAN_POINT ( 'NONE',  ( 2.262504160562355260, -0.09832448605373549089, 2.501401621735311664 ) ) ;
#5335 = CIRCLE ( 'NONE', #3472, 2.500000000000000000 ) ;
#5336 = ORIENTED_EDGE ( 'NONE', *, *, #432, .T. ) ;
#5337 = CARTESIAN_POINT ( 'NONE',  ( 2.354231440198708558, -0.1195885823806021875, 2.497138076071124591 ) ) ;
#5338 = CARTESIAN_POINT ( 'NONE',  ( 3.273878731310624346, 4.837956968377163953E-11, 2.509999988992202002 ) ) ;
#5339 = B_SPLINE_CURVE_WITH_KNOTS ( 'NONE', 1,
 ( #6290, #530 ),
 .UNSPECIFIED., .F., .F.,
 ( 2, 2 ),
 ( 0.000000000000000000, 1.000000000000000000 ),
 .UNSPECIFIED. ) ;
#5340 = CARTESIAN_POINT ( 'NONE',  ( 2.725914399834993507, 0.3686006071629128744, 2.482787492077468183 ) ) ;
#5341 = ORIENTED_EDGE ( 'NONE', *, *, #8699, .F. ) ;
#5342 = EDGE_CURVE ( 'NONE', #2327, #1888, #5187, .T. ) ;
#5343 = DIRECTION ( 'NONE',  ( 0.000000000000000000, -0.000000000000000000, 1.000000000000000000 ) ) ;
#5344 = UNCERTAINTY_MEASURE_WITH_UNIT (LENGTH_MEASURE( 1.000000000000000082E-05 ), #7127, 'distance_accuracy_value', 'NONE');
#5345 = ORIENTED_EDGE ( 'NONE', *, *, #7526, .T. ) ;
#5346 = FACE_OUTER_BOUND ( 'NONE', #5319, .T. ) ;
#5347 = AXIS2_PLACEMENT_3D ( 'NONE', #269, #515, #2202 ) ;
#5348 = VERTEX_POINT ( 'NONE', #4360 ) ;
#5349 = CARTESIAN_POINT ( 'NONE',  ( 3.251419552185923045, -0.01837507737437104813, 2.499932470394247819 ) ) ;
#5350 = B_SPLINE_CURVE_WITH_KNOTS ( 'NONE', 3,
 ( #2053, #1919, #5067, #7137 ),
 .UNSPECIFIED., .F., .F.,
 ( 4, 4 ),
 ( 0.000000000000000000, 1.000000000000000000 ),
 .UNSPECIFIED. ) ;
#5351 = CARTESIAN_POINT ( 'NONE',  ( 1.888053096262113595, 0.01061483692916303720, 2.499977464945827954 ) ) ;
#5352 = CARTESIAN_POINT ( 'NONE',  ( 2.944145544255289071, 0.3490417246938384843, 2.485612575286573644 ) ) ;
#5353 = EDGE_CURVE ( 'NONE', #2870, #3870, #6010, .T. ) ;
#5354 = EDGE_CURVE ( 'NONE', #4306, #5255, #3812, .T. ) ;
#5355 = PRESENTATION_STYLE_ASSIGNMENT (( #6635 ) ) ;
#5356 = DIRECTION ( 'NONE',  ( 0.000000000000000000, 0.000000000000000000, 1.000000000000000000 ) ) ;
#5357 = PLANE ( 'NONE',  #5807 ) ;
#5358 = AXIS2_PLACEMENT_3D ( 'NONE', #8719, #6769, #8219 ) ;
#5359 = CARTESIAN_POINT ( 'NONE',  ( 2.507749633601883410, -0.05286534336068329093, 2.499440996971762363 ) ) ;
#5360 = CARTESIAN_POINT ( 'NONE',  ( 2.538723026370414360, -0.1624823824512729997, 2.504748365252257081 ) ) ;
#5361 = ORIENTED_EDGE ( 'NONE', *, *, #601, .F. ) ;
#5362 = CARTESIAN_POINT ( 'NONE',  ( 1.183950746546068578, 0.3928787923059953169, 2.468936259719189952 ) ) ;
#5363 = ORIENTED_EDGE ( 'NONE', *, *, #3386, .T. ) ;
#5364 = COLOUR_RGB ( '',0.2980392156862745057, 0.2980392156862745057, 0.2980392156862745057 ) ;
#5365 = VECTOR ( 'NONE', #9063, 1000.000000000000000 ) ;
#5366 = CARTESIAN_POINT ( 'NONE',  ( 6.949999999999996625, 5.510910596163075381E-17, -1.000000000000002665 ) ) ;
#5367 = FACE_OUTER_BOUND ( 'NONE', #2164, .T. ) ;
#5368 = CARTESIAN_POINT ( 'NONE',  ( 2.952625056610553855, 0.3490417246938384843, 2.485612575286573644 ) ) ;
#5369 = CARTESIAN_POINT ( 'NONE',  ( 2.337148626987066713, -0.1219790870302758651, 2.497023594190859619 ) ) ;
#5370 = CARTESIAN_POINT ( 'NONE',  ( 2.434448957171899686, -0.1311173011102907959, 2.506573009778401584 ) ) ;
#5371 = B_SPLINE_SURFACE_WITH_KNOTS ( 'NONE', 1, 3, ( 
 ( #7838, #1875, #284, #1171 ),
 ( #2604, #4837, #6229, #4136 ) ),
 .UNSPECIFIED., .F., .F., .F.,
 ( 2, 2 ),
 ( 4, 4 ),
 ( 0.000000000000000000, 1.000000000000000000 ),
 ( 0.000000000000000000, 1.000000000000000000 ),
 .UNSPECIFIED. ) ;
#5372 = EDGE_LOOP ( 'NONE', ( #8564, #199, #1286, #2682, #499, #8695, #3992, #4123, #6144, #9328, #4726, #7691, #9503, #4362 ) ) ;
#5373 = CARTESIAN_POINT ( 'NONE',  ( 2.944145544255289071, 0.3490417246938384843, 2.485612575286573644 ) ) ;
#5374 = B_SPLINE_CURVE_WITH_KNOTS ( 'NONE', 3,
 ( #829, #6920, #203, #6824 ),
 .UNSPECIFIED., .F., .F.,
 ( 4, 4 ),
 ( 0.000000000000000000, 1.000000000000000000 ),
 .UNSPECIFIED. ) ;
#5375 = LINE ( 'NONE', #6806, #8833 ) ;
#5376 = DIRECTION ( 'NONE',  ( -1.000000000000000000, -0.000000000000000000, -0.000000000000000000 ) ) ;
#5377 = ORIENTED_EDGE ( 'NONE', *, *, #2054, .F. ) ;
#5378 = ORIENTED_EDGE ( 'NONE', *, *, #8419, .T. ) ;
#5379 = EDGE_LOOP ( 'NONE', ( #9361, #5310, #7734, #9239 ) ) ;
#5380 = CARTESIAN_POINT ( 'NONE',  ( 2.370399372298626073, 0.4004544035777486966, 2.477849130139808231 ) ) ;
#5381 = CARTESIAN_POINT ( 'NONE',  ( 2.890276914671215280, 0.1993017061923242905, 2.502173069392935822 ) ) ;
#5382 = SURFACE_SIDE_STYLE ('',( #9131 ) ) ;
#5383 = FILL_AREA_STYLE_COLOUR ( '', #7832 ) ;
#5384 = CARTESIAN_POINT ( 'NONE',  ( 2.874762089145795230, 0.1544588577518069827, 2.495223930083632080 ) ) ;
#5385 = EDGE_CURVE ( 'NONE', #6250, #1501, #3361, .T. ) ;
#5386 = ORIENTED_EDGE ( 'NONE', *, *, #2511, .F. ) ;
#5387 = CARTESIAN_POINT ( 'NONE',  ( 2.696073387183302028, 0.1820009806186898282, 2.493366327488569123 ) ) ;
#5388 = CARTESIAN_POINT ( 'NONE',  ( 2.486655617377869554, -0.1597405646354744801, 2.504918208983242245 ) ) ;
#5389 = DIRECTION ( 'NONE',  ( 0.000000000000000000, 0.000000000000000000, 1.000000000000000000 ) ) ;
#5390 = ADVANCED_FACE ( 'NONE', ( #5196 ), #3566, .T. ) ;
#5391 = LINE ( 'NONE', #8329, #9451 ) ;
#5392 = EDGE_LOOP ( 'NONE', ( #2762, #2177, #1596, #5708 ) ) ;
#5393 = DIRECTION ( 'NONE',  ( 0.000000000000000000, 0.1580100316051670228, 0.9874375068388551169 ) ) ;
#5394 = ORIENTED_EDGE ( 'NONE', *, *, #8297, .F. ) ;
#5395 = CARTESIAN_POINT ( 'NONE',  ( 2.308305906130250662, -0.2085194248689075935, 2.491288752724650113 ) ) ;
#5396 = ORIENTED_EDGE ( 'NONE', *, *, #2694, .T. ) ;
#5397 = DIRECTION ( 'NONE',  ( 0.000000000000000000, 0.1469994462520932132, 0.9891365743928276499 ) ) ;
#5398 = CARTESIAN_POINT ( 'NONE',  ( 2.384559623074435475, -0.2301529181243587296, 2.499425860928633725 ) ) ;
#5399 = CARTESIAN_POINT ( 'NONE',  ( 2.472573247664885177, -0.2333034775475972544, 2.489090092255441089 ) ) ;
#5400 = EDGE_CURVE ( 'NONE', #3898, #2040, #57, .T. ) ;
#5401 = CARTESIAN_POINT ( 'NONE',  ( 2.354231440198708114, -0.2025976977819587688, 2.491777312051269622 ) ) ;
#5402 = FACE_OUTER_BOUND ( 'NONE', #4946, .T. ) ;
#5403 = CARTESIAN_POINT ( 'NONE',  ( 2.300445336282767261, -0.2333034775475972544, 2.489090092255441089 ) ) ;
#5404 = CARTESIAN_POINT ( 'NONE',  ( 0.8620261527772710153, -0.1448189065890106431, 2.505818725345942521 ) ) ;
#5405 = EDGE_CURVE ( 'NONE', #3421, #7208, #6013, .T. ) ;
#5406 = EDGE_CURVE ( 'NONE', #1463, #8906, #2091, .T. ) ;
#5407 = ORIENTED_EDGE ( 'NONE', *, *, #7377, .T. ) ;
#5408 = CARTESIAN_POINT ( 'NONE',  ( 2.267118703210397435, -0.1384539575887309137, 2.496167308355615067 ) ) ;
#5409 = EDGE_LOOP ( 'NONE', ( #4089, #3988, #991, #5174, #5244, #1267 ) ) ;
#5410 = LINE ( 'NONE', #1008, #7117 ) ;
#5411 = DIRECTION ( 'NONE',  ( 0.000000000000000000, 0.000000000000000000, -1.000000000000000000 ) ) ;
#5412 = CARTESIAN_POINT ( 'NONE',  ( 3.052427132705469948, -0.02324366632533573021, 2.499935837645515857 ) ) ;
#5413 = CARTESIAN_POINT ( 'NONE',  ( 2.204199776340657557, -0.09312184483735615192, 2.508271979274593555 ) ) ;
#5414 = CARTESIAN_POINT ( 'NONE',  ( 2.484952097818111660, 0.3674986156302331164, 2.472841435982069402 ) ) ;
#5415 = ORIENTED_EDGE ( 'NONE', *, *, #3611, .F. ) ;
#5416 = CARTESIAN_POINT ( 'NONE',  ( 2.262504160562355260, -0.06874849520156250948, 2.499054550106403649 ) ) ;
#5417 = CARTESIAN_POINT ( 'NONE',  ( 1.161570561536247492, 0.1936761333262160267, 2.502516644376178157 ) ) ;
#5418 = CARTESIAN_POINT ( 'NONE',  ( 1.657369157666903625, -0.1253328144862920490, 2.496856360628890048 ) ) ;
#5419 = ORIENTED_EDGE ( 'NONE', *, *, #3763, .T. ) ;
#5420 = VERTEX_POINT ( 'NONE', #781 ) ;
#5421 = CARTESIAN_POINT ( 'NONE',  ( 2.216578626493900028, -0.2025409522306009791, 2.501814773853076712 ) ) ;
#5422 = ORIENTED_EDGE ( 'NONE', *, *, #3129, .F. ) ;
#5423 = CYLINDRICAL_SURFACE ( 'NONE', #3571, 2.510000000000000231 ) ;
#5424 = CARTESIAN_POINT ( 'NONE',  ( 2.882519501908505699, 0.1771982691842439728, 2.503835460385634981 ) ) ;
#5425 = CARTESIAN_POINT ( 'NONE',  ( 6.500000000000000000, 0.000000000000000000, -1.000000000000000000 ) ) ;
#5426 = B_SPLINE_SURFACE_WITH_KNOTS ( 'NONE', 1, 3, ( 
 ( #6753, #9071, #73, #8201 ),
 ( #3078, #4582, #8968, #4526 ) ),
 .UNSPECIFIED., .F., .F., .F.,
 ( 2, 2 ),
 ( 4, 4 ),
 ( 0.000000000000000000, 1.000000000000000000 ),
 ( 0.000000000000000000, 1.000000000000000000 ),
 .UNSPECIFIED. ) ;
#5427 = EDGE_CURVE ( 'NONE', #8530, #5032, #5098, .T. ) ;
#5428 = DIRECTION ( 'NONE',  ( 0.000000000000000000, 0.000000000000000000, -1.000000000000000000 ) ) ;
#5429 = CARTESIAN_POINT ( 'NONE',  ( 2.767375564066024474, 0.3463338438788539642, 2.485991325122454576 ) ) ;
#5430 = ORIENTED_EDGE ( 'NONE', *, *, #5928, .F. ) ;
#5431 = CARTESIAN_POINT ( 'NONE',  ( 2.768056400825340102, 0.2071771139886276203, 2.491400739230713146 ) ) ;
#5432 = CARTESIAN_POINT ( 'NONE',  ( 1.415782326895747456, -0.1126182769734120348, 2.507834680863195942 ) ) ;
#5433 = CARTESIAN_POINT ( 'NONE',  ( 1.070330338384372082, 0.2186393635501753530, 2.490421014348050743 ) ) ;
#5434 = CIRCLE ( 'NONE', #1222, 2.500000000000000000 ) ;
#5435 = B_SPLINE_CURVE_WITH_KNOTS ( 'NONE', 1,
 ( #4760, #1134 ),
 .UNSPECIFIED., .F., .F.,
 ( 2, 2 ),
 ( 0.000000000000000000, 1.000000000000000000 ),
 .UNSPECIFIED. ) ;
#5436 = PRESENTATION_STYLE_ASSIGNMENT (( #6197 ) ) ;
#5437 = EDGE_LOOP ( 'NONE', ( #858, #8826, #4268, #1877 ) ) ;
#5438 = EDGE_CURVE ( 'NONE', #1779, #1910, #3114, .T. ) ;
#5439 = CARTESIAN_POINT ( 'NONE',  ( 2.354231440198708114, -0.1592624257973694057, 2.494921938604319767 ) ) ;
#5440 = UNCERTAINTY_MEASURE_WITH_UNIT (LENGTH_MEASURE( 1.000000000000000082E-05 ), #3753, 'distance_accuracy_value', 'NONE');
#5441 = ORIENTED_EDGE ( 'NONE', *, *, #1296, .F. ) ;
#5442 = CARTESIAN_POINT ( 'NONE',  ( 2.086353122880867605, 0.3950250790129175571, 2.468593767097137626 ) ) ;
#5443 = ORIENTED_EDGE ( 'NONE', *, *, #5912, .F. ) ;
#5444 = CARTESIAN_POINT ( 'NONE',  ( 2.645753361309656437, -0.2552323279968282121, 2.486937164213305795 ) ) ;
#5445 = CARTESIAN_POINT ( 'NONE',  ( 2.485933810278436962, -0.2084437394376713604, 2.491295094400695298 ) ) ;
#5446 = FILL_AREA_STYLE ('',( #2539 ) ) ;
#5447 = B_SPLINE_CURVE_WITH_KNOTS ( 'NONE', 1,
 ( #8758, #4445 ),
 .UNSPECIFIED., .F., .F.,
 ( 2, 2 ),
 ( 0.000000000000000000, 1.000000000000000000 ),
 .UNSPECIFIED. ) ;
#5448 = CARTESIAN_POINT ( 'NONE',  ( 1.576457644939619263, -0.1247597043070962641, 2.496885128608062221 ) ) ;
#5449 = LINE ( 'NONE', #6935, #4090 ) ;
#5450 = EDGE_LOOP ( 'NONE', ( #7888, #770, #7646, #3134 ) ) ;
#5451 = DIRECTION ( 'NONE',  ( -1.000000000000000000, 0.000000000000000000, 8.340016711426955288E-17 ) ) ;
#5452 = CARTESIAN_POINT ( 'NONE',  ( 1.161570944305657660, -0.2413170020507933444, 2.498372691277507940 ) ) ;
#5453 = CIRCLE ( 'NONE', #6216, 2.500000000000000000 ) ;
#5454 = ORIENTED_EDGE ( 'NONE', *, *, #3497, .T. ) ;
#5455 = CARTESIAN_POINT ( 'NONE',  ( 0.9997478914790399740, -0.2275500825415505968, 2.499664169430632299 ) ) ;
#5456 = EDGE_CURVE ( 'NONE', #6971, #1872, #8947, .T. ) ;
#5457 = ORIENTED_EDGE ( 'NONE', *, *, #5461, .F. ) ;
#5458 = FACE_OUTER_BOUND ( 'NONE', #4484, .T. ) ;
#5459 = CARTESIAN_POINT ( 'NONE',  ( 1.576457688715584338, -0.02725804951578474425, 2.499851395330649595 ) ) ;
#5460 = CARTESIAN_POINT ( 'NONE',  ( 1.246649832629273869, 0.4383525688060045944, 2.471825891875143011 ) ) ;
#5461 = EDGE_CURVE ( 'NONE', #1201, #6601, #1351, .T. ) ;
#5462 = CARTESIAN_POINT ( 'NONE',  ( 1.537538268649719431, -0.2271071700478047850, 2.489664876973508800 ) ) ;
#5463 = ORIENTED_EDGE ( 'NONE', *, *, #2193, .T. ) ;
#5464 = EDGE_LOOP ( 'NONE', ( #3059, #4397, #2230, #2729 ) ) ;
#5465 = DIRECTION ( 'NONE',  ( 0.000000000000000000, -0.02749939808062500449, 0.9996218200425615041 ) ) ;
#5466 = EDGE_CURVE ( 'NONE', #3277, #1886, #4371, .T. ) ;
#5467 = DIRECTION ( 'NONE',  ( 0.000000000000000000, 0.000000000000000000, -1.000000000000000000 ) ) ;
#5468 = CARTESIAN_POINT ( 'NONE',  ( 2.890276914566749511, 0.1993017058950149190, 2.502173069419260543 ) ) ;
#5469 = ORIENTED_EDGE ( 'NONE', *, *, #5525, .T. ) ;
#5470 = ORIENTED_EDGE ( 'NONE', *, *, #1790, .F. ) ;
#5471 = CARTESIAN_POINT ( 'NONE',  ( 2.431769577847554764, -0.07693038112157032926, 2.498838277886745729 ) ) ;
#5472 = CARTESIAN_POINT ( 'NONE',  ( 2.756915435686840166, -0.2292359742274495404, 2.489467988972743129 ) ) ;
#5473 = CARTESIAN_POINT ( 'NONE',  ( 2.564486210053318338, -0.3077282458121816666, 2.480786844275291170 ) ) ;
#5474 = CARTESIAN_POINT ( 'NONE',  ( 1.888053096262113595, 0.01065729627687968945, 2.509977374805611117 ) ) ;
#5475 = CARTESIAN_POINT ( 'NONE',  ( 1.441437219899763589, 0.02141267010025730763, 2.510000000000000231 ) ) ;
#5476 = EDGE_CURVE ( 'NONE', #3428, #1075, #4853, .T. ) ;
#5477 = CARTESIAN_POINT ( 'NONE',  ( 0.7897222432414691129, 0.04349486025607844641, 2.509623118544157983 ) ) ;
#5478 = FACE_OUTER_BOUND ( 'NONE', #3830, .T. ) ;
#5479 = ORIENTED_EDGE ( 'NONE', *, *, #3731, .F. ) ;
#5480 = CARTESIAN_POINT ( 'NONE',  ( 1.780786077443119009, -0.02606304895603676550, 2.500108533344275852 ) ) ;
#5481 = CARTESIAN_POINT ( 'NONE',  ( 2.571007354220966601, -0.3091452385761117583, 2.480812228921146279 ) ) ;
#5482 = LINE ( 'NONE', #1796, #2704 ) ;
#5483 = DIRECTION ( 'NONE',  ( 0.000000000000000000, 0.000000000000000000, -1.000000000000000000 ) ) ;
#5484 = VERTEX_POINT ( 'NONE', #6631 ) ;
#5485 = VECTOR ( 'NONE', #4521, 1000.000000000000114 ) ;
#5486 = ORIENTED_EDGE ( 'NONE', *, *, #8642, .T. ) ;
#5487 = CARTESIAN_POINT ( 'NONE',  ( 2.204199776340657557, -0.1204541027259926483, 2.497096475736665599 ) ) ;
#5488 = ORIENTED_EDGE ( 'NONE', *, *, #8040, .F. ) ;
#5489 = B_SPLINE_CURVE_WITH_KNOTS ( 'NONE', 1,
 ( #6099, #931 ),
 .UNSPECIFIED., .F., .F.,
 ( 2, 2 ),
 ( 0.000000000000000000, 1.000000000000000000 ),
 .UNSPECIFIED. ) ;
#5490 = DIRECTION ( 'NONE',  ( 0.000000000000000000, 0.1580100316051670228, 0.9874375068388551169 ) ) ;
#5491 = ORIENTED_EDGE ( 'NONE', *, *, #2043, .T. ) ;
#5492 = EDGE_CURVE ( 'NONE', #5420, #7238, #7498, .T. ) ;
#5493 = CARTESIAN_POINT ( 'NONE',  ( 1.228724050583566596, -0.1555720069660686822, 2.505243277028693871 ) ) ;
#5494 = AXIS2_PLACEMENT_3D ( 'NONE', #3577, #7895, #3481 ) ;
#5495 = CARTESIAN_POINT ( 'NONE',  ( 2.466321928337154912, -0.08371991586703655952, 2.498597801905543925 ) ) ;
#5496 = CARTESIAN_POINT ( 'NONE',  ( 2.364749128086628627, 0.1506747198037813040, 2.495455312190391517 ) ) ;
#5497 = CARTESIAN_POINT ( 'NONE',  ( 2.353426814938833989, -0.2025976977819587688, 2.491777312051269622 ) ) ;
#5498 = VERTEX_POINT ( 'NONE', #7307 ) ;
#5499 = CARTESIAN_POINT ( 'NONE',  ( 2.258914294017850821, 0.3652801990870572224, 2.483278151185428495 ) ) ;
#5500 = AXIS2_PLACEMENT_3D ( 'NONE', #9059, #2239, #3065 ) ;
#5501 = FACE_OUTER_BOUND ( 'NONE', #8303, .T. ) ;
#5502 = EDGE_LOOP ( 'NONE', ( #9265, #8812, #8933, #8477 ) ) ;
#5503 = CARTESIAN_POINT ( 'NONE',  ( 3.007091997394604199, 0.1993017058990239621, 2.502173069418905715 ) ) ;
#5504 = ORIENTED_EDGE ( 'NONE', *, *, #7203, .F. ) ;
#5505 = EDGE_CURVE ( 'NONE', #2840, #8228, #8734, .T. ) ;
#5506 = B_SPLINE_SURFACE_WITH_KNOTS ( 'NONE', 1, 3, ( 
 ( #2062, #7324, #5027, #3519 ),
 ( #1313, #2844, #5751, #9409 ) ),
 .UNSPECIFIED., .F., .F., .F.,
 ( 2, 2 ),
 ( 4, 4 ),
 ( 0.000000000000000000, 1.000000000000000000 ),
 ( 0.000000000000000000, 1.000000000000000000 ),
 .UNSPECIFIED. ) ;
#5507 = DIRECTION ( 'NONE',  ( 0.000000000000000000, -0.9967109248205079375, -0.08103907911278351861 ) ) ;
#5508 = CARTESIAN_POINT ( 'NONE',  ( 0.9997478914790399740, -0.2275500825415505968, 2.499664169430632299 ) ) ;
#5509 = CARTESIAN_POINT ( 'NONE',  ( 1.888053096262113595, 0.01061483692916303720, 2.499977464945827954 ) ) ;
#5510 = CARTESIAN_POINT ( 'NONE',  ( 2.454983376698900432, -0.2339553667206735466, 2.499072821312238624 ) ) ;
#5511 =( GEOMETRIC_REPRESENTATION_CONTEXT ( 3 ) GLOBAL_UNCERTAINTY_ASSIGNED_CONTEXT ( ( #3592 ) ) GLOBAL_UNIT_ASSIGNED_CONTEXT ( ( #5332, #4307, #8984 ) ) REPRESENTATION_CONTEXT ( 'NONE', 'WORKASPACE' ) );
#5512 = B_SPLINE_CURVE_WITH_KNOTS ( 'NONE', 3,
 ( #5417, #9261, #9172, #1724 ),
 .UNSPECIFIED., .F., .F.,
 ( 4, 4 ),
 ( 0.000000000000000000, 1.000000000000000000 ),
 .UNSPECIFIED. ) ;
#5513 = EDGE_LOOP ( 'NONE', ( #8483, #9554, #7865, #8649 ) ) ;
#5514 = ADVANCED_FACE ( 'NONE', ( #5145 ), #5920, .T. ) ;
#5515 = ORIENTED_EDGE ( 'NONE', *, *, #9399, .F. ) ;
#5516 = CARTESIAN_POINT ( 'NONE',  ( 2.511318830867071750, -0.1860637838310448267, 2.503094138930151313 ) ) ;
#5517 = PRESENTATION_LAYER_ASSIGNMENT (  '', '', ( #4253 ) ) ;
#5518 = AXIS2_PLACEMENT_3D ( 'NONE', #7214, #540, #3543 ) ;
#5519 = CARTESIAN_POINT ( 'NONE',  ( 2.453695501181130112, 0.000000000000000000, 0.000000000000000000 ) ) ;
#5520 = LINE ( 'NONE', #1117, #6667 ) ;
#5521 = ORIENTED_EDGE ( 'NONE', *, *, #4746, .F. ) ;
#5522 = CARTESIAN_POINT ( 'NONE',  ( -4.500000000000000000, 0.000000000000000000, -2.299999999999999822 ) ) ;
#5523 = CARTESIAN_POINT ( 'NONE',  ( 1.599086317491486664, 0.2552946649245113608, 2.487264639533378396 ) ) ;
#5524 = FACE_OUTER_BOUND ( 'NONE', #2123, .T. ) ;
#5525 = EDGE_CURVE ( 'NONE', #3846, #9235, #1454, .T. ) ;
#5526 = AXIS2_PLACEMENT_3D ( 'NONE', #5110, #5840, #2155 ) ;
#5527 = CARTESIAN_POINT ( 'NONE',  ( 2.622274805846783519, -0.1432252439746130868, 2.496269951426275835 ) ) ;
#5528 = B_SPLINE_SURFACE_WITH_KNOTS ( 'NONE', 1, 3, ( 
 ( #944, #8652, #3307, #6253 ),
 ( #217, #4944, #2441, #9198 ) ),
 .UNSPECIFIED., .F., .F., .F.,
 ( 2, 2 ),
 ( 4, 4 ),
 ( 0.000000000000000000, 1.000000000000000000 ),
 ( 0.000000000000000000, 1.000000000000000000 ),
 .UNSPECIFIED. ) ;
#5529 = ADVANCED_FACE ( 'NONE', ( #3917 ), #6154, .T. ) ;
#5530 = EDGE_CURVE ( 'NONE', #9345, #5059, #4525, .T. ) ;
#5531 = VERTEX_POINT ( 'NONE', #1847 ) ;
#5532 = CARTESIAN_POINT ( 'NONE',  ( 0.9997478914790399740, -0.2275500825415505968, 2.499664169430632299 ) ) ;
#5533 = VERTEX_POINT ( 'NONE', #5395 ) ;
#5534 = DIRECTION ( 'NONE',  ( 0.000000000000000000, -0.9957871955890971183, -0.09169438969097956638 ) ) ;
#5535 = CARTESIAN_POINT ( 'NONE',  ( 2.564486210053318338, -0.3077528660414656225, 2.480985323101139173 ) ) ;
#5536 = CARTESIAN_POINT ( 'NONE',  ( 2.325080596666637689, -0.2335558449223793520, 2.499110268661046241 ) ) ;
#5537 = ORIENTED_EDGE ( 'NONE', *, *, #8624, .T. ) ;
#5538 = ORIENTED_EDGE ( 'NONE', *, *, #2513, .F. ) ;
#5539 = LINE ( 'NONE', #351, #1159 ) ;
#5540 = ORIENTED_EDGE ( 'NONE', *, *, #7272, .F. ) ;
#5541 = LINE ( 'NONE', #5442, #2873 ) ;
#5542 = VERTEX_POINT ( 'NONE', #8288 ) ;
#5543 = CARTESIAN_POINT ( 'NONE',  ( 2.490213109133065039, -0.07759539877612810221, 2.508800301755557349 ) ) ;
#5544 = DIRECTION ( 'NONE',  ( 0.000000000000000000, 0.000000000000000000, 1.000000000000000000 ) ) ;
#5545 = CARTESIAN_POINT ( 'NONE',  ( 1.183950746546068578, 0.3944503074752193084, 2.478812004758066845 ) ) ;
#5546 = CARTESIAN_POINT ( 'NONE',  ( 2.472913743600259284, -0.07998723003642045637, 2.508728484052304086 ) ) ;
#5547 = CARTESIAN_POINT ( 'NONE',  ( 2.765649927268456487, 0.3855841864338106495, 2.480295625711524732 ) ) ;
#5548 = ORIENTED_EDGE ( 'NONE', *, *, #4600, .F. ) ;
#5549 = FACE_OUTER_BOUND ( 'NONE', #4807, .T. ) ;
#5550 = CARTESIAN_POINT ( 'NONE',  ( 2.366403248853199859, 0.1785092329068210526, 2.493618769390086420 ) ) ;
#5551 = VERTEX_POINT ( 'NONE', #7667 ) ;
#5552 = CARTESIAN_POINT ( 'NONE',  ( 2.246116221602012963, -0.1654614304890619503, 2.494581171518979179 ) ) ;
#5553 = ORIENTED_EDGE ( 'NONE', *, *, #2063, .T. ) ;
#5554 = ORIENTED_EDGE ( 'NONE', *, *, #1323, .F. ) ;
#5555 = SURFACE_STYLE_USAGE ( .BOTH. , #7041 ) ;
#5556 = CARTESIAN_POINT ( 'NONE',  ( 2.472573247664885177, -0.2333034775475972544, 2.489090092255441089 ) ) ;
#5557 = CARTESIAN_POINT ( 'NONE',  ( 2.522951374024337223, -0.2205004460482446749, 2.500295893147954196 ) ) ;
#5558 = CARTESIAN_POINT ( 'NONE',  ( 1.246649828539320826, 0.4366061413766889054, 2.461977980409220557 ) ) ;
#5559 = B_SPLINE_CURVE_WITH_KNOTS ( 'NONE', 3,
 ( #8185, #4509, #1549, #2337 ),
 .UNSPECIFIED., .F., .F.,
 ( 4, 4 ),
 ( 0.05192186960057623007, 1.000000000000000000 ),
 .UNSPECIFIED. ) ;
#5560 = ORIENTED_EDGE ( 'NONE', *, *, #4499, .T. ) ;
#5561 = CARTESIAN_POINT ( 'NONE',  ( 1.624660284127364074, 0.3707616397034622091, 2.472354304407925696 ) ) ;
#5562 = CARTESIAN_POINT ( 'NONE',  ( 1.123384781003426092, -0.2390973607803764667, 2.488540546174114798 ) ) ;
#5563 = CARTESIAN_POINT ( 'NONE',  ( 2.723412789472450690, 0.1851788491612293697, 2.503159930111548803 ) ) ;
#5564 = ADVANCED_FACE ( 'NONE', ( #7563 ), #7515, .T. ) ;
#5565 = ORIENTED_EDGE ( 'NONE', *, *, #1048, .F. ) ;
#5566 = CARTESIAN_POINT ( 'NONE',  ( -4.500000000000000000, 0.000000000000000000, 0.000000000000000000 ) ) ;
#5567 = CARTESIAN_POINT ( 'NONE',  ( 5.500000000000000000, 0.000000000000000000, -1.000000000000000222 ) ) ;
#5568 = CARTESIAN_POINT ( 'NONE',  ( 2.475544171701593577, -0.2094773529008085999, 2.501243538446760617 ) ) ;
#5569 = VERTEX_POINT ( 'NONE', #9194 ) ;
#5570 = DIRECTION ( 'NONE',  ( -1.000000000000000000, 0.000000000000000000, 0.000000000000000000 ) ) ;
#5571 = B_SPLINE_CURVE_WITH_KNOTS ( 'NONE', 1,
 ( #113, #5499 ),
 .UNSPECIFIED., .F., .F.,
 ( 2, 2 ),
 ( 0.000000000000000000, 1.000000000000000000 ),
 .UNSPECIFIED. ) ;
#5572 = ORIENTED_EDGE ( 'NONE', *, *, #2670, .T. ) ;
#5573 = SURFACE_STYLE_FILL_AREA ( #2804 ) ;
#5574 = EDGE_CURVE ( 'NONE', #103, #7545, #5541, .T. ) ;
#5575 = ORIENTED_EDGE ( 'NONE', *, *, #7858, .T. ) ;
#5576 = CARTESIAN_POINT ( 'NONE',  ( 2.584044793295543929, -0.3102096543760115566, 2.480679336458446294 ) ) ;
#5577 = CARTESIAN_POINT ( 'NONE',  ( 0.8988385091490991297, 0.09515841299725594227, 2.508658929761055756 ) ) ;
#5578 = ORIENTED_EDGE ( 'NONE', *, *, #1628, .F. ) ;
#5579 = EDGE_CURVE ( 'NONE', #716, #4327, #6878, .T. ) ;
#5580 = VECTOR ( 'NONE', #8116, 1000.000000000000114 ) ;
#5581 = B_SPLINE_SURFACE_WITH_KNOTS ( 'NONE', 1, 3, ( 
 ( #7917, #2881, #4968, #1247 ),
 ( #9492, #2049, #1204, #547 ) ),
 .UNSPECIFIED., .F., .F., .F.,
 ( 2, 2 ),
 ( 4, 4 ),
 ( 0.000000000000000000, 1.000000000000000000 ),
 ( 0.000000000000000000, 1.000000000000000000 ),
 .UNSPECIFIED. ) ;
#5582 = CARTESIAN_POINT ( 'NONE',  ( 2.342719109556029355, 0.1781735066997538752, 2.493642757395355680 ) ) ;
#5583 = ORIENTED_EDGE ( 'NONE', *, *, #8097, .T. ) ;
#5584 = CARTESIAN_POINT ( 'NONE',  ( 1.576457644935023383, -0.1252587430496624188, 2.506872669126238407 ) ) ;
#5585 = EDGE_CURVE ( 'NONE', #7777, #6867, #8433, .T. ) ;
#5586 = ORIENTED_EDGE ( 'NONE', *, *, #9106, .T. ) ;
#5587 = CARTESIAN_POINT ( 'NONE',  ( 2.457873417402157923, -0.2090338067744428596, 2.501280685116811675 ) ) ;
#5588 = CARTESIAN_POINT ( 'NONE',  ( 2.948849507313137774, 0.3644372414834211593, 2.473294462254738590 ) ) ;
#5589 = CARTESIAN_POINT ( 'NONE',  ( 1.335444645985828904, -0.1545525757909771702, 2.495218127001399999 ) ) ;
#5590 = CARTESIAN_POINT ( 'NONE',  ( 2.300445336282767261, -0.2333034775475972544, 2.489090092255441089 ) ) ;
#5591 = B_SPLINE_CURVE_WITH_KNOTS ( 'NONE', 1,
 ( #1765, #8451 ),
 .UNSPECIFIED., .F., .F.,
 ( 2, 2 ),
 ( 0.000000000000000000, 1.000000000000000000 ),
 .UNSPECIFIED. ) ;
#5592 = VECTOR ( 'NONE', #5999, 1000.000000000000000 ) ;
#5593 = ORIENTED_EDGE ( 'NONE', *, *, #2854, .F. ) ;
#5594 = DIRECTION ( 'NONE',  ( 0.000000000000000000, 0.9999873558481577884, -0.005028731829187268153 ) ) ;
#5595 = FACE_OUTER_BOUND ( 'NONE', #4826, .T. ) ;
#5596 = ORIENTED_EDGE ( 'NONE', *, *, #537, .T. ) ;
#5597 = CARTESIAN_POINT ( 'NONE',  ( 4.500000000000000000, 0.000000000000000000, 2.500000000000000000 ) ) ;
#5598 = ORIENTED_EDGE ( 'NONE', *, *, #3769, .F. ) ;
#5599 = ORIENTED_EDGE ( 'NONE', *, *, #6377, .F. ) ;
#5600 = CYLINDRICAL_SURFACE ( 'NONE', #7257, 2.500000000000000000 ) ;
#5601 = DIRECTION ( 'NONE',  ( -1.000000000000000000, -0.000000000000000000, -0.000000000000000000 ) ) ;
#5602 = STYLED_ITEM ( 'NONE', ( #831 ), #9423 ) ;
#5603 = EDGE_CURVE ( 'NONE', #4973, #1996, #5222, .T. ) ;
#5604 = FACE_OUTER_BOUND ( 'NONE', #8399, .T. ) ;
#5605 = CARTESIAN_POINT ( 'NONE',  ( 1.183950746546068578, 0.3944503074752193084, 2.478812004758066845 ) ) ;
#5606 = ORIENTED_EDGE ( 'NONE', *, *, #7900, .F. ) ;
#5607 = AXIS2_PLACEMENT_3D ( 'NONE', #13, #1356, #2249 ) ;
#5608 = CYLINDRICAL_SURFACE ( 'NONE', #9601, 2.510000000000000231 ) ;
#5609 = B_SPLINE_CURVE_WITH_KNOTS ( 'NONE', 3,
 ( #1331, #3720, #9432, #3001 ),
 .UNSPECIFIED., .F., .F.,
 ( 4, 4 ),
 ( 0.000000000000000000, 1.000000000000000000 ),
 .UNSPECIFIED. ) ;
#5610 = CARTESIAN_POINT ( 'NONE',  ( 3.061263251584293688, -0.1857851797533837668, 2.493104393182709710 ) ) ;
#5611 = ORIENTED_EDGE ( 'NONE', *, *, #2620, .F. ) ;
#5612 = FILL_AREA_STYLE ('',( #2519 ) ) ;
#5613 = FACE_OUTER_BOUND ( 'NONE', #2901, .T. ) ;
#5614 = CARTESIAN_POINT ( 'NONE',  ( 1.599086317491486664, 0.2563158435842094462, 2.497213698091511613 ) ) ;
#5615 = CARTESIAN_POINT ( 'NONE',  ( 2.341233647537682927, -0.1944534611905221755, 2.492426097486347913 ) ) ;
#5616 = B_SPLINE_CURVE_WITH_KNOTS ( 'NONE', 1,
 ( #7031, #6161 ),
 .UNSPECIFIED., .F., .F.,
 ( 2, 2 ),
 ( 0.000000000000000000, 1.000000000000000000 ),
 .UNSPECIFIED. ) ;
#5617 = CARTESIAN_POINT ( 'NONE',  ( 2.645567678557562363, -0.1866774786462467861, 2.493020561280287595 ) ) ;
#5618 = CARTESIAN_POINT ( 'NONE',  ( 1.887749814965556938, 4.841020417620156606E-07, 2.499999511911842109 ) ) ;
#5619 = ORIENTED_EDGE ( 'NONE', *, *, #261, .T. ) ;
#5620 = CARTESIAN_POINT ( 'NONE',  ( 2.369395531636572017, -0.2292359742274489298, 2.489467988972742685 ) ) ;
#5621 = CARTESIAN_POINT ( 'NONE',  ( 2.522955167788405895, -0.2196194620501336348, 2.490334775063145933 ) ) ;
#5622 = VERTEX_POINT ( 'NONE', #7763 ) ;
#5623 = B_SPLINE_CURVE_WITH_KNOTS ( 'NONE', 3,
 ( #3809, #6766, #6044, #2366 ),
 .UNSPECIFIED., .F., .F.,
 ( 4, 4 ),
 ( 0.000000000000000000, 1.000000000000000000 ),
 .UNSPECIFIED. ) ;
#5624 = ADVANCED_FACE ( 'NONE', ( #214 ), #1093, .T. ) ;
#5625 = EDGE_LOOP ( 'NONE', ( #8027, #8987, #3673, #5728 ) ) ;
#5626 = LINE ( 'NONE', #2710, #9366 ) ;
#5627 = ORIENTED_EDGE ( 'NONE', *, *, #859, .T. ) ;
#5628 = CARTESIAN_POINT ( 'NONE',  ( 2.258914294017850821, 0.3638248994891007948, 2.473384612734490506 ) ) ;
#5629 = ORIENTED_EDGE ( 'NONE', *, *, #4249, .F. ) ;
#5630 = CARTESIAN_POINT ( 'NONE',  ( 3.070595498570912518, -0.03805614466516114847, 2.499710329188808977 ) ) ;
#5631 = EDGE_CURVE ( 'NONE', #1838, #8792, #6947, .T. ) ;
#5632 = CARTESIAN_POINT ( 'NONE',  ( 2.285157456343514415, -0.2007469217934570727, 2.491927100336293943 ) ) ;
#5633 = CARTESIAN_POINT ( 'NONE',  ( 2.887140939299873921, -0.2292359742274489298, 2.489467988972742685 ) ) ;
#5634 = EDGE_CURVE ( 'NONE', #6654, #8658, #1035, .T. ) ;
#5635 = ORIENTED_EDGE ( 'NONE', *, *, #8173, .F. ) ;
#5636 = CARTESIAN_POINT ( 'NONE',  ( 2.534158027177594086, -0.06041413158701345459, 2.502604225698175533 ) ) ;
#5637 = CARTESIAN_POINT ( 'NONE',  ( 2.353426814938833989, -0.2025976977819587688, 2.491777312051269622 ) ) ;
#5638 = EDGE_LOOP ( 'NONE', ( #7152, #352, #2660, #7406, #8385, #3392 ) ) ;
#5639 = CARTESIAN_POINT ( 'NONE',  ( 2.696259069935394770, 0.1544588577518069827, 2.495223930083632080 ) ) ;
#5640 = CIRCLE ( 'NONE', #2857, 2.510000000000000231 ) ;
#5641 = ORIENTED_EDGE ( 'NONE', *, *, #8128, .F. ) ;
#5642 = ADVANCED_FACE ( 'NONE', ( #5346 ), #661, .T. ) ;
#5643 = ORIENTED_EDGE ( 'NONE', *, *, #9369, .T. ) ;
#5644 = CARTESIAN_POINT ( 'NONE',  ( 2.311520129952410851, 0.4001133296780486348, 2.477904280621069155 ) ) ;
#5645 = CARTESIAN_POINT ( 'NONE',  ( 3.023555867989116575, 0.1550766931827207706, 2.505204825803972746 ) ) ;
#5646 = CARTESIAN_POINT ( 'NONE',  ( 2.645567678557562363, -0.1874241885608317892, 2.502992643525408845 ) ) ;
#5647 = CARTESIAN_POINT ( 'NONE',  ( 3.130013979308440941, -0.1057888086685636747, 2.507769672031402219 ) ) ;
#5648 = CARTESIAN_POINT ( 'NONE',  ( 2.790291966016793967, 0.3096232510435549257, 2.490836828623291588 ) ) ;
#5649 = ORIENTED_EDGE ( 'NONE', *, *, #7340, .T. ) ;
#5650 = STYLED_ITEM ( 'NONE', ( #2491 ), #1945 ) ;
#5651 = CARTESIAN_POINT ( 'NONE',  ( 1.516204428033355089, -0.1775906453122943485, 2.503709560371882414 ) ) ;
#5652 = CARTESIAN_POINT ( 'NONE',  ( 2.490213109133065039, -0.07759539877612810221, 2.508800301755556905 ) ) ;
#5653 = DIRECTION ( 'NONE',  ( -1.000000000000000000, 0.000000000000000000, 0.000000000000000000 ) ) ;
#5654 = CARTESIAN_POINT ( 'NONE',  ( 3.031774442003643433, -0.1990174301339255047, 2.502098308394068660 ) ) ;
#5655 = VECTOR ( 'NONE', #9357, 1000.000000000000114 ) ;
#5656 = ORIENTED_EDGE ( 'NONE', *, *, #3944, .T. ) ;
#5657 = STYLED_ITEM ( 'NONE', ( #3402 ), #3265 ) ;
#5658 =( LENGTH_UNIT ( ) NAMED_UNIT ( * ) SI_UNIT ( .MILLI., .METRE. ) );
#5659 = CARTESIAN_POINT ( 'NONE',  ( 2.793928197645979772, 0.2783881013536721460, 2.494513993752029091 ) ) ;
#5660 = CARTESIAN_POINT ( 'NONE',  ( 1.454295554333652651, 0.3580019351083639223, 2.484337927461574669 ) ) ;
#5661 = ORIENTED_EDGE ( 'NONE', *, *, #5342, .F. ) ;
#5662 = EDGE_CURVE ( 'NONE', #5919, #7092, #6274, .T. ) ;
#5663 = B_SPLINE_CURVE_WITH_KNOTS ( 'NONE', 3,
 ( #6339, #1947, #4910, #7859 ),
 .UNSPECIFIED., .F., .F.,
 ( 4, 4 ),
 ( 0.000000000000000000, 1.000000000000000000 ),
 .UNSPECIFIED. ) ;
#5664 = CARTESIAN_POINT ( 'NONE',  ( 2.790276436849969066, 0.1882968552717126653, 2.492898773375041177 ) ) ;
#5665 = ORIENTED_EDGE ( 'NONE', *, *, #2912, .F. ) ;
#5666 = CARTESIAN_POINT ( 'NONE',  ( 1.647040053532354165, 0.1436661170357829143, 2.505885082523909624 ) ) ;
#5667 = CIRCLE ( 'NONE', #8594, 2.510000000000000231 ) ;
#5668 = DIRECTION ( 'NONE',  ( 1.000000000000000000, 0.000000000000000000, 0.000000000000000000 ) ) ;
#5669 = EDGE_CURVE ( 'NONE', #7202, #7140, #1748, .T. ) ;
#5670 =( GEOMETRIC_REPRESENTATION_CONTEXT ( 3 ) GLOBAL_UNCERTAINTY_ASSIGNED_CONTEXT ( ( #1337 ) ) GLOBAL_UNIT_ASSIGNED_CONTEXT ( ( #3866, #212, #4656 ) ) REPRESENTATION_CONTEXT ( 'NONE', 'WORKASPACE' ) );
#5671 = CARTESIAN_POINT ( 'NONE',  ( 1.102365363877613413, 0.2181739595179849889, 2.490461873158992923 ) ) ;
#5672 = ORIENTED_EDGE ( 'NONE', *, *, #7163, .F. ) ;
#5673 = CARTESIAN_POINT ( 'NONE',  ( 1.292406635476338606, -0.05651962361396299650, 2.499361024771438622 ) ) ;
#5674 = VERTEX_POINT ( 'NONE', #5673 ) ;
#5675 = CARTESIAN_POINT ( 'NONE',  ( 2.458578719904779053, -0.05782577265663408489, 2.509349384017314666 ) ) ;
#5676 = B_SPLINE_SURFACE_WITH_KNOTS ( 'NONE', 1, 3, ( 
 ( #3126, #6075, #7579, #9014 ),
 ( #2400, #4625, #1108, #6995 ) ),
 .UNSPECIFIED., .F., .F., .F.,
 ( 2, 2 ),
 ( 4, 4 ),
 ( 0.000000000000000000, 1.000000000000000000 ),
 ( 0.000000000000000000, 1.000000000000000000 ),
 .UNSPECIFIED. ) ;
#5677 = EDGE_CURVE ( 'NONE', #4310, #7594, #1878, .T. ) ;
#5678 = CARTESIAN_POINT ( 'NONE',  ( 2.534158027177594086, -0.06057502141813732310, 2.509268950666746267 ) ) ;
#5679 = DIRECTION ( 'NONE',  ( 0.000000000000000000, 0.000000000000000000, 1.000000000000000000 ) ) ;
#5680 = CARTESIAN_POINT ( 'NONE',  ( 2.405232302830831337, 0.1943447023056229794, 2.492434580221864149 ) ) ;
#5681 = CARTESIAN_POINT ( 'NONE',  ( 2.874762089145887156, -0.1204541027259926483, 2.497096475736665599 ) ) ;
#5682 = LINE ( 'NONE', #5007, #2420 ) ;
#5683 = ORIENTED_EDGE ( 'NONE', *, *, #8394, .F. ) ;
#5684 = CARTESIAN_POINT ( 'NONE',  ( 2.313752600197278575, -0.1487351160211018986, 2.505589324941777107 ) ) ;
#5685 = VERTEX_POINT ( 'NONE', #3353 ) ;
#5686 = B_SPLINE_CURVE_WITH_KNOTS ( 'NONE', 3,
 ( #5972, #3112, #8238, #5199 ),
 .UNSPECIFIED., .F., .F.,
 ( 4, 4 ),
 ( 0.000000000000000000, 0.9998906704611150165 ),
 .UNSPECIFIED. ) ;
#5687 = EDGE_CURVE ( 'NONE', #9206, #6702, #773, .T. ) ;
#5688 = ORIENTED_EDGE ( 'NONE', *, *, #1025, .F. ) ;
#5689 = CARTESIAN_POINT ( 'NONE',  ( 2.353600449113603332, -0.09373570242025734689, 2.498376177117494379 ) ) ;
#5690 = CARTESIAN_POINT ( 'NONE',  ( 2.405232302830831337, 0.000000000000000000, 0.000000000000000000 ) ) ;
#5691 = FACE_OUTER_BOUND ( 'NONE', #1570, .T. ) ;
#5692 = CARTESIAN_POINT ( 'NONE',  ( 2.777147637078427600, 0.3374340181987957599, 2.487231197042552466 ) ) ;
#5693 = CARTESIAN_POINT ( 'NONE',  ( 2.784098270606021330, 0.3271461395251588078, 2.488616897203234313 ) ) ;
#5694 = ORIENTED_EDGE ( 'NONE', *, *, #8577, .T. ) ;
#5695 = EDGE_CURVE ( 'NONE', #4422, #8548, #7073, .T. ) ;
#5696 = EDGE_CURVE ( 'NONE', #8228, #115, #4950, .T. ) ;
#5697 = FACE_OUTER_BOUND ( 'NONE', #6730, .T. ) ;
#5698 = CARTESIAN_POINT ( 'NONE',  ( 2.874762089145887156, -0.1209359191368966358, 2.507084861639612416 ) ) ;
#5699 = CARTESIAN_POINT ( 'NONE',  ( 2.101981421199364597, 0.3950250790129175571, 2.468593767097137626 ) ) ;
#5700 = EDGE_CURVE ( 'NONE', #533, #1274, #7157, .T. ) ;
#5701 = ORIENTED_EDGE ( 'NONE', *, *, #1648, .F. ) ;
#5702 = CARTESIAN_POINT ( 'NONE',  ( 2.224175782026519776, 0.2536993302170770792, 2.497210573821341928 ) ) ;
#5703 = CYLINDRICAL_SURFACE ( 'NONE', #8847, 2.510000000000000231 ) ;
#5704 = CARTESIAN_POINT ( 'NONE',  ( 2.711145487613159766, 0.1822360511986347575, 2.493349168727903908 ) ) ;
#5705 = CARTESIAN_POINT ( 'NONE',  ( 2.348165803623886383, 0.3711715208483898909, 2.472292802665390976 ) ) ;
#5706 = B_SPLINE_CURVE_WITH_KNOTS ( 'NONE', 3,
 ( #5268, #2208, #3040, #8112 ),
 .UNSPECIFIED., .F., .F.,
 ( 4, 4 ),
 ( 0.000000000000000000, 1.000000000000000000 ),
 .UNSPECIFIED. ) ;
#5707 = ORIENTED_EDGE ( 'NONE', *, *, #9171, .F. ) ;
#5708 = ORIENTED_EDGE ( 'NONE', *, *, #8272, .F. ) ;
#5709 = CARTESIAN_POINT ( 'NONE',  ( 2.231998658947976555, 0.2096325363010264897, 2.501361633910023752 ) ) ;
#5710 = CARTESIAN_POINT ( 'NONE',  ( 1.767407409831402099, 0.2196447310550710130, 2.490385307508589108 ) ) ;
#5711 = VERTEX_POINT ( 'NONE', #2712 ) ;
#5712 =( NAMED_UNIT ( * ) PLANE_ANGLE_UNIT ( ) SI_UNIT ( $, .RADIAN. ) );
#5713 = FACE_OUTER_BOUND ( 'NONE', #1040, .T. ) ;
#5714 = CARTESIAN_POINT ( 'NONE',  ( 3.066575790687529501, 0.003398705502590552204, 2.500102464739951902 ) ) ;
#5715 = DIRECTION ( 'NONE',  ( -1.000000000000000000, 0.000000000000000000, 0.000000000000000000 ) ) ;
#5716 = ADVANCED_FACE ( 'NONE', ( #4856 ), #2099, .F. ) ;
#5717 = ORIENTED_EDGE ( 'NONE', *, *, #4815, .F. ) ;
#5718 = B_SPLINE_CURVE_WITH_KNOTS ( 'NONE', 3,
 ( #2971, #7520, #3166, #1447 ),
 .UNSPECIFIED., .F., .F.,
 ( 4, 4 ),
 ( 0.000000000000000000, 1.000000000000000000 ),
 .UNSPECIFIED. ) ;
#5719 = LINE ( 'NONE', #8610, #5827 ) ;
#5720 = ORIENTED_EDGE ( 'NONE', *, *, #2570, .T. ) ;
#5721 = CARTESIAN_POINT ( 'NONE',  ( 1.335444645985828904, 0.000000000000000000, 0.000000000000000000 ) ) ;
#5722 = ORIENTED_EDGE ( 'NONE', *, *, #3909, .F. ) ;
#5723 = CARTESIAN_POINT ( 'NONE',  ( 0.9918883581338960864, 0.3219928523306889723, 2.489261131960681883 ) ) ;
#5724 = DIRECTION ( 'NONE',  ( -1.000000000000000000, 0.000000000000000000, 8.340016711426955288E-17 ) ) ;
#5725 = EDGE_CURVE ( 'NONE', #4431, #7733, #819, .T. ) ;
#5726 = CARTESIAN_POINT ( 'NONE',  ( 2.571542154640000799, 0.2631267190535619416, 2.486114303430175809 ) ) ;
#5727 = SURFACE_STYLE_FILL_AREA ( #538 ) ;
#5728 = ORIENTED_EDGE ( 'NONE', *, *, #3822, .F. ) ;
#5729 = CARTESIAN_POINT ( 'NONE',  ( 2.431769577847554764, -0.07693038112157032926, 2.498838277886745729 ) ) ;
#5730 = COLOUR_RGB ( '',0.6666666666666666297, 0.6666666666666666297, 0.6666666666666666297 ) ;
#5731 = ORIENTED_EDGE ( 'NONE', *, *, #5385, .F. ) ;
#5732 = CARTESIAN_POINT ( 'NONE',  ( 1.228724050583566596, -0.1555720069660686822, 2.505243277028693871 ) ) ;
#5733 = EDGE_LOOP ( 'NONE', ( #3651, #2751, #3262, #1416 ) ) ;
#5734 = CARTESIAN_POINT ( 'NONE',  ( 2.258914294017850821, 0.3652801990870571669, 2.483278151185428495 ) ) ;
#5735 = CARTESIAN_POINT ( 'NONE',  ( 0.7897222432414691129, 0.04349486025607844641, 2.509623118544157983 ) ) ;
#5736 = DIRECTION ( 'NONE',  ( 0.000000000000000000, 0.005028731829187268153, 0.9999873558481577884 ) ) ;
#5737 = CARTESIAN_POINT ( 'NONE',  ( 1.879303047183425779, -0.05578442830469152597, 2.509417663544567745 ) ) ;
#5738 = VECTOR ( 'NONE', #8754, 1000.000000000000000 ) ;
#5739 = ORIENTED_EDGE ( 'NONE', *, *, #5762, .F. ) ;
#5740 = EDGE_CURVE ( 'NONE', #4691, #9148, #3934, .T. ) ;
#5741 = CARTESIAN_POINT ( 'NONE',  ( 1.560513996633691614, -6.058383480986211043E-12, 2.509999995934236949 ) ) ;
#5742 = CARTESIAN_POINT ( 'NONE',  ( 2.354231440198708114, 0.000000000000000000, 0.000000000000000000 ) ) ;
#5743 = VECTOR ( 'NONE', #8269, 1000.000000000000227 ) ;
#5744 = ORIENTED_EDGE ( 'NONE', *, *, #1027, .T. ) ;
#5745 = CARTESIAN_POINT ( 'NONE',  ( 2.490213109133065039, -0.07759539877612810221, 2.508800301755557349 ) ) ;
#5746 = ORIENTED_EDGE ( 'NONE', *, *, #4995, .T. ) ;
#5747 = EDGE_CURVE ( 'NONE', #1829, #1838, #2571, .T. ) ;
#5748 = CARTESIAN_POINT ( 'NONE',  ( 2.226037718443485414, 0.2394966930197350297, 2.498591682093422861 ) ) ;
#5749 = CARTESIAN_POINT ( 'NONE',  ( 3.130013979308440941, -0.1053673393113183920, 2.497778557800201416 ) ) ;
#5750 = ADVANCED_FACE ( 'NONE', ( #4998 ), #1188, .T. ) ;
#5751 = CARTESIAN_POINT ( 'NONE',  ( 2.298691817956818539, -0.07772552287767789392, 2.498791495150272990 ) ) ;
#5752 = FACE_OUTER_BOUND ( 'NONE', #2066, .T. ) ;
#5753 = CARTESIAN_POINT ( 'NONE',  ( 2.528247126229015596, 0.2631267190535619416, 2.486114303430175809 ) ) ;
#5754 = CIRCLE ( 'NONE', #7442, 2.500000000000000000 ) ;
#5755 = ORIENTED_EDGE ( 'NONE', *, *, #1296, .T. ) ;
#5756 = EDGE_CURVE ( 'NONE', #6841, #9406, #1385, .T. ) ;
#5757 = EDGE_LOOP ( 'NONE', ( #7749, #7319, #302, #8136 ) ) ;
#5758 = DIRECTION ( 'NONE',  ( -1.000000000000000000, -0.000000000000000000, -0.000000000000000000 ) ) ;
#5759 = AXIS2_PLACEMENT_3D ( 'NONE', #4787, #1066, #5467 ) ;
#5760 = CARTESIAN_POINT ( 'NONE',  ( 2.338200829250268509, 0.1509829626993598461, 2.505454877856418960 ) ) ;
#5761 = CARTESIAN_POINT ( 'NONE',  ( 1.767625831662646529, 0.07841382132904239910, 2.508907365357744723 ) ) ;
#5762 = EDGE_CURVE ( 'NONE', #3915, #7983, #2911, .T. ) ;
#5763 = LINE ( 'NONE', #3625, #2547 ) ;
#5764 = LINE ( 'NONE', #4393, #8660 ) ;
#5765 = CARTESIAN_POINT ( 'NONE',  ( -4.500000000000000000, 2.939152317953647106E-16, 2.299999999999999822 ) ) ;
#5766 = PRESENTATION_LAYER_ASSIGNMENT (  '', '', ( #308 ) ) ;
#5767 = ORIENTED_EDGE ( 'NONE', *, *, #2872, .T. ) ;
#5768 = VERTEX_POINT ( 'NONE', #9623 ) ;
#5769 = CARTESIAN_POINT ( 'NONE',  ( 3.270686484248359172, 0.008414780060087766536, 2.509989421015037969 ) ) ;
#5770 = VECTOR ( 'NONE', #8688, 1000.000000000000000 ) ;
#5771 = ORIENTED_EDGE ( 'NONE', *, *, #8750, .T. ) ;
#5772 = CARTESIAN_POINT ( 'NONE',  ( 3.095079062439470619, -0.1338420744374361204, 2.496436149989389008 ) ) ;
#5773 = DIRECTION ( 'NONE',  ( 0.000000000000000000, -0.09169438969097980230, 0.9957871955890971183 ) ) ;
#5774 = CARTESIAN_POINT ( 'NONE',  ( -4.299999999999998934, 0.000000000000000000, 0.000000000000000000 ) ) ;
#5775 = VERTEX_POINT ( 'NONE', #8760 ) ;
#5776 = FACE_OUTER_BOUND ( 'NONE', #4812, .T. ) ;
#5777 = CARTESIAN_POINT ( 'NONE',  ( 2.325295472927356499, -0.2335499063710763934, 2.499110825283996196 ) ) ;
#5778 = EDGE_CURVE ( 'NONE', #7751, #5685, #676, .T. ) ;
#5779 = ORIENTED_EDGE ( 'NONE', *, *, #1402, .T. ) ;
#5780 = CARTESIAN_POINT ( 'NONE',  ( 1.228724050583566596, -0.1549521981733751608, 2.495262228116228442 ) ) ;
#5781 = ORIENTED_EDGE ( 'NONE', *, *, #7947, .F. ) ;
#5782 = CARTESIAN_POINT ( 'NONE',  ( 3.001954774471419451, 0.01257182957296817082, 2.499968389620394582 ) ) ;
#5783 = DIRECTION ( 'NONE',  ( -1.000000000000000000, -0.000000000000000000, -0.000000000000000000 ) ) ;
#5784 = CARTESIAN_POINT ( 'NONE',  ( 0.9818325902696590779, 0.2020418404185647110, 2.502075696186564890 ) ) ;
#5785 = CARTESIAN_POINT ( 'NONE',  ( 1.781318735633162564, 0.008893288930708077508, 2.499984181832356267 ) ) ;
#5786 = CARTESIAN_POINT ( 'NONE',  ( 1.292406635476338606, -0.05651962361396299650, 2.499361024771438622 ) ) ;
#5787 = ORIENTED_EDGE ( 'NONE', *, *, #1224, .T. ) ;
#5788 = CIRCLE ( 'NONE', #6246, 2.500000000000000000 ) ;
#5789 = CARTESIAN_POINT ( 'NONE',  ( 2.874762089145795230, 0.1550766931828142237, 2.505204825803966973 ) ) ;
#5790 = EDGE_CURVE ( 'NONE', #7083, #5195, #2465, .T. ) ;
#5791 = CARTESIAN_POINT ( 'NONE',  ( 3.177982023650693488, -0.2292359742274489298, 2.489467988972742685 ) ) ;
#5792 = VERTEX_POINT ( 'NONE', #5185 ) ;
#5793 = CARTESIAN_POINT ( 'NONE',  ( 2.445275079141491670, -0.06666515774505003822, 2.509114536393830530 ) ) ;
#5794 = ORIENTED_EDGE ( 'NONE', *, *, #361, .F. ) ;
#5795 = CARTESIAN_POINT ( 'NONE',  ( 2.509618526153027940, -0.2293074698727984306, 2.499519204002083939 ) ) ;
#5796 = CARTESIAN_POINT ( 'NONE',  ( 2.276368472734770609, -0.1813507453732569330, 2.503440014690299087 ) ) ;
#5797 = CARTESIAN_POINT ( 'NONE',  ( 2.472573247664885177, -0.2342366914577876380, 2.499046452624462678 ) ) ;
#5798 = CARTESIAN_POINT ( 'NONE',  ( 2.457349073046187993, -0.1075093494075822081, 2.507705104072197155 ) ) ;
#5799 = ADVANCED_FACE ( 'NONE', ( #717 ), #771, .T. ) ;
#5800 = CARTESIAN_POINT ( 'NONE',  ( 3.269090360780903204, 0.01262211689126004413, 2.509968263178876224 ) ) ;
#5801 = VECTOR ( 'NONE', #6478, 1000.000000000000000 ) ;
#5802 = CARTESIAN_POINT ( 'NONE',  ( 2.330823823704680109, -0.2055772227247488482, 2.501588634378111298 ) ) ;
#5803 = VERTEX_POINT ( 'NONE', #5820 ) ;
#5804 = ORIENTED_EDGE ( 'NONE', *, *, #8378, .F. ) ;
#5805 = ORIENTED_EDGE ( 'NONE', *, *, #2446, .T. ) ;
#5806 =( NAMED_UNIT ( * ) PLANE_ANGLE_UNIT ( ) SI_UNIT ( $, .RADIAN. ) );
#5807 = AXIS2_PLACEMENT_3D ( 'NONE', #1660, #4617, #7521 ) ;
#5808 = CARTESIAN_POINT ( 'NONE',  ( 1.163292505442389935, 0.002015321945597773300, 2.509999190931634150 ) ) ;
#5809 = CARTESIAN_POINT ( 'NONE',  ( 3.235667465365422490, 0.01258859201239879468, 2.503301680806555130 ) ) ;
#5810 = B_SPLINE_CURVE_WITH_KNOTS ( 'NONE', 3,
 ( #4019, #265, #477, #5545 ),
 .UNSPECIFIED., .F., .F.,
 ( 4, 4 ),
 ( 0.000000000000000000, 1.000000000000000000 ),
 .UNSPECIFIED. ) ;
#5811 = ADVANCED_FACE ( 'NONE', ( #9480, #3584 ), #5138, .T. ) ;
#5812 = LINE ( 'NONE', #7294, #8198 ) ;
#5813 = CARTESIAN_POINT ( 'NONE',  ( 2.509781281173834255, -0.1939586291433668119, 2.492466733752256580 ) ) ;
#5814 = AXIS2_PLACEMENT_3D ( 'NONE', #6975, #8384, #6926 ) ;
#5815 = EDGE_CURVE ( 'NONE', #1220, #9064, #8462, .T. ) ;
#5816 = B_SPLINE_SURFACE_WITH_KNOTS ( 'NONE', 1, 3, ( 
 ( #3041, #4435, #5322, #4590 ),
 ( #9609, #914, #7541, #26 ) ),
 .UNSPECIFIED., .F., .F., .F.,
 ( 2, 2 ),
 ( 4, 4 ),
 ( 0.000000000000000000, 1.000000000000000000 ),
 ( 0.000000000000000000, 1.000000000000000000 ),
 .UNSPECIFIED. ) ;
#5817 = EDGE_CURVE ( 'NONE', #3352, #935, #4176, .T. ) ;
#5818 = CARTESIAN_POINT ( 'NONE',  ( 1.625667202744295325, 0.2044359402682430771, 2.492384637203135078 ) ) ;
#5819 = VERTEX_POINT ( 'NONE', #6622 ) ;
#5820 = CARTESIAN_POINT ( 'NONE',  ( 2.612763725650701918, -0.2601574917591775726, 2.486426769378413226 ) ) ;
#5821 = AXIS2_PLACEMENT_3D ( 'NONE', #4757, #6963, #3201 ) ;
#5822 = AXIS2_PLACEMENT_3D ( 'NONE', #9023, #7434, #5221 ) ;
#5823 = CARTESIAN_POINT ( 'NONE',  ( 2.353600449228213876, -0.09411064994452834898, 2.508369681600181700 ) ) ;
#5824 = CARTESIAN_POINT ( 'NONE',  ( 1.576457688715584338, -0.02736708171384788502, 2.509850800911972435 ) ) ;
#5825 = CARTESIAN_POINT ( 'NONE',  ( 3.000716889455846470, -0.01534155688081141090, 2.509953114429126941 ) ) ;
#5826 = ORIENTED_EDGE ( 'NONE', *, *, #5969, .T. ) ;
#5827 = VECTOR ( 'NONE', #2761, 1000.000000000000000 ) ;
#5828 = UNCERTAINTY_MEASURE_WITH_UNIT (LENGTH_MEASURE( 1.000000000000000082E-05 ), #5234, 'distance_accuracy_value', 'NONE');
#5829 = ORIENTED_EDGE ( 'NONE', *, *, #6005, .F. ) ;
#5830 = CARTESIAN_POINT ( 'NONE',  ( 2.617199480289145175, -0.2507325696107462476, 2.497467498365185445 ) ) ;
#5831 = ORIENTED_EDGE ( 'NONE', *, *, #5466, .T. ) ;
#5832 = CARTESIAN_POINT ( 'NONE',  ( 2.881632350981399693, 0.01257182957296817082, 2.499968389620394582 ) ) ;
#5833 = CARTESIAN_POINT ( 'NONE',  ( 2.788172032324728988, 0.000000000000000000, 0.000000000000000000 ) ) ;
#5834 = DIRECTION ( 'NONE',  ( 0.000000000000000000, 0.000000000000000000, -1.000000000000000000 ) ) ;
#5835 = CARTESIAN_POINT ( 'NONE',  ( 2.790291966016793967, 0.3096232510435549257, 2.490836828623291588 ) ) ;
#5836 = DIRECTION ( 'NONE',  ( 1.000000000000000000, 0.000000000000000000, 0.000000000000000000 ) ) ;
#5837 = EDGE_CURVE ( 'NONE', #1435, #3583, #9201, .T. ) ;
#5838 = ORIENTED_EDGE ( 'NONE', *, *, #7465, .F. ) ;
#5839 = DIRECTION ( 'NONE',  ( 0.000000000000000000, 0.000000000000000000, 1.000000000000000000 ) ) ;
#5840 = DIRECTION ( 'NONE',  ( 0.000000000000000000, -0.9957871955890971183, -0.09169438969097956638 ) ) ;
#5841 = VERTEX_POINT ( 'NONE', #8851 ) ;
#5842 = ORIENTED_EDGE ( 'NONE', *, *, #4612, .T. ) ;
#5843 = CARTESIAN_POINT ( 'NONE',  ( 3.130013979308440941, -0.1053673393113183920, 2.497778557800201416 ) ) ;
#5844 = CARTESIAN_POINT ( 'NONE',  ( 3.172589719469445679, -0.1536510157730454074, 2.506470333158619557 ) ) ;
#5845 = CARTESIAN_POINT ( 'NONE',  ( 2.581692811765796236, -0.2843986643782882018, 2.483770802570125724 ) ) ;
#5846 = B_SPLINE_CURVE_WITH_KNOTS ( 'NONE', 3,
 ( #5630, #7766, #2668, #4858 ),
 .UNSPECIFIED., .F., .F.,
 ( 4, 4 ),
 ( 0.000000000000000000, 1.000000000000000000 ),
 .UNSPECIFIED. ) ;
#5847 = CARTESIAN_POINT ( 'NONE',  ( 2.746918225525242008, 0.1913851766209684335, 2.492666671393195088 ) ) ;
#5848 = CARTESIAN_POINT ( 'NONE',  ( 2.463722369804626222, -0.1166209756229792255, 2.497278428218356439 ) ) ;
#5849 = ORIENTED_EDGE ( 'NONE', *, *, #2662, .T. ) ;
#5850 = ORIENTED_EDGE ( 'NONE', *, *, #8349, .T. ) ;
#5851 = ORIENTED_EDGE ( 'NONE', *, *, #3848, .F. ) ;
#5852 = CARTESIAN_POINT ( 'NONE',  ( 2.223944042334981663, 0.2715936501164588623, 2.495262889800675676 ) ) ;
#5853 = EDGE_CURVE ( 'NONE', #4452, #7459, #8893, .T. ) ;
#5854 = CARTESIAN_POINT ( 'NONE',  ( 1.780752329522045097, 0.04666334835747115023, 2.509849884234724993 ) ) ;
#5855 = EDGE_LOOP ( 'NONE', ( #9479, #3344, #2156, #5722 ) ) ;
#5856 = CARTESIAN_POINT ( 'NONE',  ( 1.717622484019977191, 0.2357832018418725140, 2.488856420472903785 ) ) ;
#5857 = B_SPLINE_CURVE_WITH_KNOTS ( 'NONE', 3,
 ( #9420, #2171, #6572, #5904 ),
 .UNSPECIFIED., .F., .F.,
 ( 4, 4 ),
 ( 0.000000000000000000, 1.000000000000000000 ),
 .UNSPECIFIED. ) ;
#5858 = CARTESIAN_POINT ( 'NONE',  ( 3.230879094835615639, 4.838056489167904609E-11, 2.509999988992202002 ) ) ;
#5859 = CARTESIAN_POINT ( 'NONE',  ( 2.641451710881328019, -0.2014260269099943379, 2.501904785495094430 ) ) ;
#5860 = ADVANCED_FACE ( 'NONE', ( #6579 ), #2423, .T. ) ;
#5861 = CARTESIAN_POINT ( 'NONE',  ( 1.540879591118792247, 0.03370578491910444785, 2.509959425822573920 ) ) ;
#5862 = ORIENTED_EDGE ( 'NONE', *, *, #7296, .T. ) ;
#5863 = CARTESIAN_POINT ( 'NONE',  ( 2.405232302830831337, 0.3908361604155352054, 2.479384418703892923 ) ) ;
#5864 = CARTESIAN_POINT ( 'NONE',  ( 2.117609719517868694, -0.1204541027259926483, 2.497096475736665599 ) ) ;
#5865 = CARTESIAN_POINT ( 'NONE',  ( 3.251326710809672171, -0.01844857768386853544, 2.509932200275824865 ) ) ;
#5866 = ADVANCED_FACE ( 'NONE', ( #9528 ), #8898, .T. ) ;
#5867 = ADVANCED_FACE ( 'NONE', ( #9039 ), #9087, .T. ) ;
#5868 = CARTESIAN_POINT ( 'NONE',  ( 2.256747995241840776, 0.2723574543420088090, 2.485120000536058971 ) ) ;
#5869 = ORIENTED_EDGE ( 'NONE', *, *, #4759, .T. ) ;
#5870 = ADVANCED_FACE ( 'NONE', ( #3242 ), #3796, .F. ) ;
#5871 = CARTESIAN_POINT ( 'NONE',  ( 2.907937407556844267, 0.2487250956825431403, 2.497646057146150511 ) ) ;
#5872 = ORIENTED_EDGE ( 'NONE', *, *, #6371, .F. ) ;
#5873 = DIRECTION ( 'NONE',  ( -1.000000000000000000, -0.000000000000000000, -0.000000000000000000 ) ) ;
#5874 = ORIENTED_EDGE ( 'NONE', *, *, #1084, .F. ) ;
#5875 = DIRECTION ( 'NONE',  ( -1.000000000000000000, 0.000000000000000000, 0.000000000000000000 ) ) ;
#5876 = DIRECTION ( 'NONE',  ( 1.000000000000000000, 0.000000000000000000, 0.000000000000000000 ) ) ;
#5877 = CARTESIAN_POINT ( 'NONE',  ( 4.500000000000000000, 0.2918473190525247007, 2.492975158793575563 ) ) ;
#5878 = CARTESIAN_POINT ( 'NONE',  ( 1.859054878144793976, -0.1080441991876556901, 2.507805527012090252 ) ) ;
#5879 = VECTOR ( 'NONE', #6419, 1000.000000000000114 ) ;
#5880 = DIRECTION ( 'NONE',  ( 0.000000000000000000, 0.000000000000000000, -1.000000000000000000 ) ) ;
#5881 = CARTESIAN_POINT ( 'NONE',  ( 2.246111384282223788, -0.1983545103725066205, 2.492165628858503457 ) ) ;
#5882 = VERTEX_POINT ( 'NONE', #7707 ) ;
#5883 = ORIENTED_EDGE ( 'NONE', *, *, #8005, .T. ) ;
#5884 = APPLICATION_PROTOCOL_DEFINITION ( 'draft international standard', 'automotive_design', 1998, #1431 ) ;
#5885 = FACE_OUTER_BOUND ( 'NONE', #7271, .T. ) ;
#5886 = CARTESIAN_POINT ( 'NONE',  ( 2.439344766133990650, -0.2296549975123819698, 2.489437817276995091 ) ) ;
#5887 = AXIS2_PLACEMENT_3D ( 'NONE', #1271, #1423, #9520 ) ;
#5888 = CARTESIAN_POINT ( 'NONE',  ( 2.260464980049202044, -0.2206245164699204009, 2.500284948307375466 ) ) ;
#5889 = B_SPLINE_CURVE_WITH_KNOTS ( 'NONE', 3,
 ( #8845, #9616, #4597, #6000 ),
 .UNSPECIFIED., .F., .F.,
 ( 4, 4 ),
 ( 0.000000000000000000, 1.000000000000000000 ),
 .UNSPECIFIED. ) ;
#5890 = CARTESIAN_POINT ( 'NONE',  ( 2.354231440198708114, -0.2025976977819587688, 2.491777312051269622 ) ) ;
#5891 = CARTESIAN_POINT ( 'NONE',  ( 0.9047706035393874302, 5.633615326757109206E-08, 2.499999975092818794 ) ) ;
#5892 = B_SPLINE_SURFACE_WITH_KNOTS ( 'NONE', 1, 3, ( 
 ( #5326, #6088, #759, #29 ),
 ( #5948, #5997, #7544, #6659 ) ),
 .UNSPECIFIED., .F., .F., .F.,
 ( 2, 2 ),
 ( 4, 4 ),
 ( 0.000000000000000000, 1.000000000000000000 ),
 ( 0.000000000000000000, 1.000000000000000000 ),
 .UNSPECIFIED. ) ;
#5893 = ORIENTED_EDGE ( 'NONE', *, *, #4154, .F. ) ;
#5894 = ORIENTED_EDGE ( 'NONE', *, *, #8203, .F. ) ;
#5895 = VERTEX_POINT ( 'NONE', #826 ) ;
#5896 = LINE ( 'NONE', #8260, #2093 ) ;
#5897 = AXIS2_PLACEMENT_3D ( 'NONE', #8187, #4512, #5975 ) ;
#5898 = ADVANCED_FACE ( 'NONE', ( #3816 ), #4583, .T. ) ;
#5899 = CARTESIAN_POINT ( 'NONE',  ( -3.781872720455399239, 0.000000000000000000, 2.500000000000000000 ) ) ;
#5900 = DIRECTION ( 'NONE',  ( 0.000000000000000000, 0.000000000000000000, 1.000000000000000000 ) ) ;
#5901 = ORIENTED_EDGE ( 'NONE', *, *, #6828, .T. ) ;
#5902 = CARTESIAN_POINT ( 'NONE',  ( 1.780752351689220969, 0.04666187156020932397, 2.509849889488192876 ) ) ;
#5903 = B_SPLINE_CURVE_WITH_KNOTS ( 'NONE', 3,
 ( #6268, #8453, #9255, #9213 ),
 .UNSPECIFIED., .F., .F.,
 ( 4, 4 ),
 ( 0.0001379423835930764126, 1.000000000000000000 ),
 .UNSPECIFIED. ) ;
#5904 = CARTESIAN_POINT ( 'NONE',  ( 0.8706338106990590964, 0.2401675128977830143, 2.498483453166839396 ) ) ;
#5905 = CARTESIAN_POINT ( 'NONE',  ( 1.161570977141077154, 0.1929042742342178263, 2.492546477195995980 ) ) ;
#5906 = CARTESIAN_POINT ( 'NONE',  ( 2.510512469368725963, -0.1776994541571509378, 2.503715879117541121 ) ) ;
#5907 =( GEOMETRIC_REPRESENTATION_CONTEXT ( 3 ) GLOBAL_UNCERTAINTY_ASSIGNED_CONTEXT ( ( #48 ) ) GLOBAL_UNIT_ASSIGNED_CONTEXT ( ( #947, #4772, #2591 ) ) REPRESENTATION_CONTEXT ( 'NONE', 'WORKASPACE' ) );
#5908 =( NAMED_UNIT ( * ) SI_UNIT ( $, .STERADIAN. ) SOLID_ANGLE_UNIT ( ) );
#5909 = VECTOR ( 'NONE', #982, 1000.000000000000000 ) ;
#5910 = LINE ( 'NONE', #5045, #7843 ) ;
#5911 = VECTOR ( 'NONE', #7424, 1000.000000000000114 ) ;
#5912 = EDGE_CURVE ( 'NONE', #7663, #8559, #1509, .T. ) ;
#5913 = ORIENTED_EDGE ( 'NONE', *, *, #4797, .T. ) ;
#5914 = CARTESIAN_POINT ( 'NONE',  ( 0.9047260075632922449, 1.084839134595969047E-05, 2.509999975021069751 ) ) ;
#5915 = CARTESIAN_POINT ( 'NONE',  ( 4.500000000000000000, -0.2301529181243587296, 2.499425860928633725 ) ) ;
#5916 = EDGE_CURVE ( 'NONE', #2526, #6808, #2092, .T. ) ;
#5917 = ORIENTED_EDGE ( 'NONE', *, *, #2543, .T. ) ;
#5918 =( NAMED_UNIT ( * ) PLANE_ANGLE_UNIT ( ) SI_UNIT ( $, .RADIAN. ) );
#5919 = VERTEX_POINT ( 'NONE', #6052 ) ;
#5920 = CYLINDRICAL_SURFACE ( 'NONE', #7345, 0.4499999999999999001 ) ;
#5921 = ORIENTED_EDGE ( 'NONE', *, *, #5928, .T. ) ;
#5922 = CARTESIAN_POINT ( 'NONE',  ( 2.493184033169769886, -0.1314572786507104130, 2.496541404401246833 ) ) ;
#5923 = CARTESIAN_POINT ( 'NONE',  ( 2.626070989566030800, -0.2288661706857017808, 2.489502013639608435 ) ) ;
#5924 = ADVANCED_FACE ( 'NONE', ( #9138 ), #7659, .T. ) ;
#5925 = FILL_AREA_STYLE_COLOUR ( '', #2955 ) ;
#5926 = FACE_OUTER_BOUND ( 'NONE', #2512, .T. ) ;
#5927 = EDGE_CURVE ( 'NONE', #7001, #1207, #8207, .T. ) ;
#5928 = EDGE_CURVE ( 'NONE', #7397, #2696, #7605, .T. ) ;
#5929 = CARTESIAN_POINT ( 'NONE',  ( 4.500000000000000000, 0.000000000000000000, 0.000000000000000000 ) ) ;
#5930 = MECHANICAL_DESIGN_GEOMETRIC_PRESENTATION_REPRESENTATION (  '', ( #4864 ), #7015 ) ;
#5931 = VERTEX_POINT ( 'NONE', #6919 ) ;
#5932 = ORIENTED_EDGE ( 'NONE', *, *, #2564, .T. ) ;
#5933 = ORIENTED_EDGE ( 'NONE', *, *, #2991, .F. ) ;
#5934 = DIRECTION ( 'NONE',  ( 0.000000000000000000, 0.000000000000000000, -1.000000000000000000 ) ) ;
#5935 = CARTESIAN_POINT ( 'NONE',  ( 3.000716889455846914, -0.01528043514025040697, 2.499953301224229651 ) ) ;
#5936 = DIRECTION ( 'NONE',  ( 0.000000000000000000, -0.03710033658858809952, 0.9993115455277264969 ) ) ;
#5937 = CARTESIAN_POINT ( 'NONE',  ( 2.816594438749755902, 0.2136789284599965866, 2.490981581785604693 ) ) ;
#5938 = CARTESIAN_POINT ( 'NONE',  ( 1.647040053532354165, 0.1430937420675128802, 2.495901476617440107 ) ) ;
#5939 = ORIENTED_EDGE ( 'NONE', *, *, #1529, .T. ) ;
#5940 = AXIS2_PLACEMENT_3D ( 'NONE', #8072, #2806, #2072 ) ;
#5941 = ORIENTED_EDGE ( 'NONE', *, *, #2670, .F. ) ;
#5942 = CARTESIAN_POINT ( 'NONE',  ( 3.272282608424860850, 0.004190625934128533112, 2.499999991890922590 ) ) ;
#5943 = B_SPLINE_CURVE_WITH_KNOTS ( 'NONE', 1,
 ( #2277, #5238 ),
 .UNSPECIFIED., .F., .F.,
 ( 2, 2 ),
 ( 0.000000000000000000, 1.000000000000000000 ),
 .UNSPECIFIED. ) ;
#5944 = DIRECTION ( 'NONE',  ( 1.000000000000000000, 0.000000000000000000, 0.000000000000000000 ) ) ;
#5945 = CARTESIAN_POINT ( 'NONE',  ( 1.213581336572982394, 0.001407087148033471773, 2.509999679293917207 ) ) ;
#5946 = ORIENTED_EDGE ( 'NONE', *, *, #5530, .F. ) ;
#5947 = AXIS2_PLACEMENT_3D ( 'NONE', #4650, #7066, #3914 ) ;
#5948 = CARTESIAN_POINT ( 'NONE',  ( 0.8706338106990590964, 0.2392106702169153332, 2.488529335823544741 ) ) ;
#5949 = ORIENTED_EDGE ( 'NONE', *, *, #4410, .T. ) ;
#5950 = CARTESIAN_POINT ( 'NONE',  ( 1.523090541236123086, 0.06423099795494986719, 2.509178028538770810 ) ) ;
#5951 = CARTESIAN_POINT ( 'NONE',  ( 2.840225097219448713, 0.1544588577518069827, 2.495223930083632080 ) ) ;
#5952 = DIRECTION ( 'NONE',  ( -1.000000000000000000, 0.000000000000000000, 0.000000000000000000 ) ) ;
#5953 = ADVANCED_FACE ( 'NONE', ( #6822 ), #3713, .T. ) ;
#5954 = CIRCLE ( 'NONE', #3006, 2.500000000000000000 ) ;
#5955 = CARTESIAN_POINT ( 'NONE',  ( 1.558668638834378006, 0.003153701075934653170, 2.500183001043309261 ) ) ;
#5956 = VERTEX_POINT ( 'NONE', #3387 ) ;
#5957 = CARTESIAN_POINT ( 'NONE',  ( 1.496120004174898988, -0.06971972786093694197, 2.499388398796928534 ) ) ;
#5958 = CARTESIAN_POINT ( 'NONE',  ( 2.302983000563780802, -0.1272666316754017257, 2.506771470330313001 ) ) ;
#5959 = MECHANICAL_DESIGN_GEOMETRIC_PRESENTATION_REPRESENTATION (  '', ( #6575 ), #4569 ) ;
#5960 = MECHANICAL_DESIGN_GEOMETRIC_PRESENTATION_REPRESENTATION (  '', ( #5657 ), #9340 ) ;
#5961 = PRESENTATION_STYLE_ASSIGNMENT (( #2957 ) ) ;
#5962 = CARTESIAN_POINT ( 'NONE',  ( 2.256747995241840776, 0.2734468841593768462, 2.495060480538203507 ) ) ;
#5963 = ORIENTED_EDGE ( 'NONE', *, *, #6488, .F. ) ;
#5964 = ADVANCED_FACE ( 'NONE', ( #429 ), #3111, .T. ) ;
#5965 = AXIS2_PLACEMENT_3D ( 'NONE', #1794, #3097, #3955 ) ;
#5966 = FACE_BOUND ( 'NONE', #7457, .T. ) ;
#5967 = ORIENTED_EDGE ( 'NONE', *, *, #2315, .T. ) ;
#5968 = SURFACE_STYLE_USAGE ( .BOTH. , #3011 ) ;
#5969 = EDGE_CURVE ( 'NONE', #4458, #7409, #1930, .T. ) ;
#5970 = ORIENTED_EDGE ( 'NONE', *, *, #9519, .F. ) ;
#5971 = B_SPLINE_SURFACE_WITH_KNOTS ( 'NONE', 1, 3, ( 
 ( #46, #5142, #8085, #1336 ),
 ( #726, #4454, #4357, #3008 ) ),
 .UNSPECIFIED., .F., .F., .F.,
 ( 2, 2 ),
 ( 4, 4 ),
 ( 0.000000000000000000, 1.000000000000000000 ),
 ( 0.000000000000000000, 1.000000000000000000 ),
 .UNSPECIFIED. ) ;
#5972 = CARTESIAN_POINT ( 'NONE',  ( 2.308305906130250662, -0.2093535025683832262, 2.501253907735548232 ) ) ;
#5973 = CARTESIAN_POINT ( 'NONE',  ( 2.426137061510986292, -0.1141209793664157285, 2.507426066956778943 ) ) ;
#5974 = CARTESIAN_POINT ( 'NONE',  ( 2.874762089145887156, -0.1204541027259926483, 2.497096475736665599 ) ) ;
#5975 = DIRECTION ( 'NONE',  ( 1.000000000000000000, 2.694260451159090599E-12, -1.757979437983211182E-13 ) ) ;
#5976 = DIRECTION ( 'NONE',  ( 0.000000000000000000, 0.000000000000000000, 1.000000000000000000 ) ) ;
#5977 = AXIS2_PLACEMENT_3D ( 'NONE', #6483, #7035, #362 ) ;
#5978 = ORIENTED_EDGE ( 'NONE', *, *, #5101, .F. ) ;
#5979 = CARTESIAN_POINT ( 'NONE',  ( 0.7902555610214534454, -0.02686364891265834512, 2.500841016437661324 ) ) ;
#5980 = CARTESIAN_POINT ( 'NONE',  ( 2.204199776340657557, -0.1209359191368966358, 2.507084861639612416 ) ) ;
#5981 = EDGE_CURVE ( 'NONE', #7867, #8330, #7764, .T. ) ;
#5982 = ORIENTED_EDGE ( 'NONE', *, *, #1473, .F. ) ;
#5983 = FACE_OUTER_BOUND ( 'NONE', #6089, .T. ) ;
#5984 = CARTESIAN_POINT ( 'NONE',  ( 1.127226583591082854, -0.1130471659736878715, 2.497476918420220127 ) ) ;
#5985 = CARTESIAN_POINT ( 'NONE',  ( 1.107265823205597188, -0.006740735243720314199, 2.509998772195441763 ) ) ;
#5986 = CARTESIAN_POINT ( 'NONE',  ( 3.097148132149223798, -0.1062330825052728439, 2.497741886621079210 ) ) ;
#5987 = CARTESIAN_POINT ( 'NONE',  ( 2.857493593182621971, 0.1544588577518069827, 2.495223930083632080 ) ) ;
#5988 = ADVANCED_FACE ( 'NONE', ( #2615 ), #4147, .T. ) ;
#5989 = CARTESIAN_POINT ( 'NONE',  ( 3.318543867033809214, -0.2080823715143211849, 2.501458167942137933 ) ) ;
#5990 = ADVANCED_FACE ( 'NONE', ( #7146 ), #1640, .T. ) ;
#5991 = ORIENTED_EDGE ( 'NONE', *, *, #7942, .T. ) ;
#5992 = LINE ( 'NONE', #2990, #3028 ) ;
#5993 = EDGE_CURVE ( 'NONE', #7604, #7202, #2364, .T. ) ;
#5994 = FACE_OUTER_BOUND ( 'NONE', #4527, .T. ) ;
#5995 = CARTESIAN_POINT ( 'NONE',  ( 3.068885326305910599, -0.2184093008979696993, 2.500578464594776840 ) ) ;
#5996 = ORIENTED_EDGE ( 'NONE', *, *, #8323, .T. ) ;
#5997 = CARTESIAN_POINT ( 'NONE',  ( 0.8172593267007940421, 0.1852132448179093227, 2.493719855434361587 ) ) ;
#5998 = ORIENTED_EDGE ( 'NONE', *, *, #6610, .F. ) ;
#5999 = DIRECTION ( 'NONE',  ( 1.334402673828313339E-16, 0.000000000000000000, -1.000000000000000000 ) ) ;
#6000 = CARTESIAN_POINT ( 'NONE',  ( 3.093496371354855778, -0.1954407537227389746, 2.492348874412305904 ) ) ;
#6001 =( NAMED_UNIT ( * ) PLANE_ANGLE_UNIT ( ) SI_UNIT ( $, .RADIAN. ) );
#6002 = CARTESIAN_POINT ( 'NONE',  ( 1.068608810083886640, 0.3226042148941806742, 2.489181897839631397 ) ) ;
#6003 = EDGE_LOOP ( 'NONE', ( #2413, #3725, #3680, #5641, #2690, #3109, #1515, #2002 ) ) ;
#6004 = CARTESIAN_POINT ( 'NONE',  ( 2.834902191653069892, -0.01528043514025040697, 2.499953301224229651 ) ) ;
#6005 = EDGE_CURVE ( 'NONE', #1042, #4965, #4990, .T. ) ;
#6006 = CARTESIAN_POINT ( 'NONE',  ( 1.335444645985828904, -0.1545525757909771702, 2.495218127001399999 ) ) ;
#6007 = CARTESIAN_POINT ( 'NONE',  ( 2.977011391412307528, 0.2811157298874625843, 2.484371012230569775 ) ) ;
#6008 = B_SPLINE_CURVE_WITH_KNOTS ( 'NONE', 3,
 ( #8877, #16, #70, #855 ),
 .UNSPECIFIED., .F., .F.,
 ( 4, 4 ),
 ( 0.000000000000000000, 1.000000000000000000 ),
 .UNSPECIFIED. ) ;
#6009 = ORIENTED_EDGE ( 'NONE', *, *, #8966, .F. ) ;
#6010 = B_SPLINE_CURVE_WITH_KNOTS ( 'NONE', 1,
 ( #7460, #8858 ),
 .UNSPECIFIED., .F., .F.,
 ( 2, 2 ),
 ( 0.000000000000000000, 1.000000000000000000 ),
 .UNSPECIFIED. ) ;
#6011 = UNCERTAINTY_MEASURE_WITH_UNIT (LENGTH_MEASURE( 1.000000000000000082E-05 ), #4716, 'distance_accuracy_value', 'NONE');
#6012 = ORIENTED_EDGE ( 'NONE', *, *, #494, .F. ) ;
#6013 = LINE ( 'NONE', #8087, #1942 ) ;
#6014 = EDGE_LOOP ( 'NONE', ( #5422, #4289, #7381, #7959 ) ) ;
#6015 = EDGE_CURVE ( 'NONE', #6782, #653, #953, .T. ) ;
#6016 = CARTESIAN_POINT ( 'NONE',  ( 2.532301199654241497, -0.1538264215081688591, 2.495262998572694180 ) ) ;
#6017 = CARTESIAN_POINT ( 'NONE',  ( 2.678495419965821522, 0.1820009806186898005, 2.493366327488569123 ) ) ;
#6018 = DIRECTION ( 'NONE',  ( 0.000000000000000000, 0.000000000000000000, 1.000000000000000000 ) ) ;
#6019 = CARTESIAN_POINT ( 'NONE',  ( 2.349552306828588844, -0.1855455881740159518, 2.503151457314213957 ) ) ;
#6020 = CARTESIAN_POINT ( 'NONE',  ( 4.500000000000000000, 0.000000000000000000, 0.000000000000000000 ) ) ;
#6021 = CARTESIAN_POINT ( 'NONE',  ( 3.361312794421991601, -0.2292359742274489298, 2.489467988972742685 ) ) ;
#6022 = ORIENTED_EDGE ( 'NONE', *, *, #6281, .T. ) ;
#6023 = CARTESIAN_POINT ( 'NONE',  ( 0.9079820004057245209, -0.01937402045080836507, 2.500083493888260566 ) ) ;
#6024 = ORIENTED_EDGE ( 'NONE', *, *, #9057, .F. ) ;
#6025 = CARTESIAN_POINT ( 'NONE',  ( 2.260461650287735935, -0.2197427717047596707, 2.490323897464647107 ) ) ;
#6026 = EDGE_LOOP ( 'NONE', ( #7507, #8157, #377, #8147 ) ) ;
#6027 = CARTESIAN_POINT ( 'NONE',  ( 1.292406977990229411, -0.05674552251345768572, 2.509358472931812134 ) ) ;
#6028 = CARTESIAN_POINT ( 'NONE',  ( 1.888053096262113595, 0.01061483692916303720, 2.499977464945827954 ) ) ;
#6029 = CARTESIAN_POINT ( 'NONE',  ( 2.645753361309656437, -0.2562532573088154852, 2.496884912870159123 ) ) ;
#6030 = CARTESIAN_POINT ( 'NONE',  ( 2.354231440198708558, -0.1195885823806021875, 2.497138076071124591 ) ) ;
#6031 = DIRECTION ( 'NONE',  ( 1.000000000000000000, 0.000000000000000000, 0.000000000000000000 ) ) ;
#6032 = STYLED_ITEM ( 'NONE', ( #4100 ), #7219 ) ;
#6033 = ORIENTED_EDGE ( 'NONE', *, *, #257, .T. ) ;
#6034 = ADVANCED_FACE ( 'NONE', ( #7013 ), #8292, .T. ) ;
#6035 = ORIENTED_EDGE ( 'NONE', *, *, #5476, .T. ) ;
#6036 = ORIENTED_EDGE ( 'NONE', *, *, #7711, .T. ) ;
#6037 = DIRECTION ( 'NONE',  ( 0.000000000000000000, 0.9874375068388546728, -0.1580100316051705478 ) ) ;
#6038 = PRESENTATION_LAYER_ASSIGNMENT (  '', '', ( #9123 ) ) ;
#6039 = CARTESIAN_POINT ( 'NONE',  ( 0.9258999619763664812, 0.2934372732417426799, 2.483316786440894042 ) ) ;
#6040 = CARTESIAN_POINT ( 'NONE',  ( 2.966179897529499065, -0.2292359742274489298, 2.489467988972742685 ) ) ;
#6041 = VERTEX_POINT ( 'NONE', #9469 ) ;
#6042 = DIRECTION ( 'NONE',  ( -1.000000000000000000, -0.000000000000000000, -0.000000000000000000 ) ) ;
#6043 = ORIENTED_EDGE ( 'NONE', *, *, #5229, .T. ) ;
#6044 = CARTESIAN_POINT ( 'NONE',  ( 1.132778806997792431, 0.2096024004518776129, 2.491254168326910268 ) ) ;
#6045 = EDGE_CURVE ( 'NONE', #1274, #228, #5082, .T. ) ;
#6046 = DIRECTION ( 'NONE',  ( 0.000000000000000000, 0.005028731829187268153, 0.9999873558481577884 ) ) ;
#6047 = B_SPLINE_SURFACE_WITH_KNOTS ( 'NONE', 1, 3, ( 
 ( #6070, #3264, #6215, #9205 ),
 ( #2594, #3120, #5550, #1857 ) ),
 .UNSPECIFIED., .F., .F., .F.,
 ( 2, 2 ),
 ( 4, 4 ),
 ( 0.000000000000000000, 1.000000000000000000 ),
 ( 0.000000000000000000, 1.000000000000000000 ),
 .UNSPECIFIED. ) ;
#6048 = FACE_OUTER_BOUND ( 'NONE', #9319, .T. ) ;
#6049 = ADVANCED_FACE ( 'NONE', ( #8885 ), #570, .T. ) ;
#6050 = ADVANCED_FACE ( 'NONE', ( #3573 ), #2257, .T. ) ;
#6051 = ORIENTED_EDGE ( 'NONE', *, *, #3258, .T. ) ;
#6052 = CARTESIAN_POINT ( 'NONE',  ( 1.335444645985828904, -0.1717310646574233268, 2.494094713805317554 ) ) ;
#6053 = AXIS2_PLACEMENT_3D ( 'NONE', #9289, #447, #6387 ) ;
#6054 = CARTESIAN_POINT ( 'NONE',  ( 3.332168106675751584, -0.1536510157730459070, 2.506470333158619557 ) ) ;
#6055 = CARTESIAN_POINT ( 'NONE',  ( 3.253327958251678531, -0.02412404464449346281, 2.509890484291184443 ) ) ;
#6056 = ORIENTED_EDGE ( 'NONE', *, *, #3532, .F. ) ;
#6057 = B_SPLINE_CURVE_WITH_KNOTS ( 'NONE', 3,
 ( #7674, #8439, #1809, #3259 ),
 .UNSPECIFIED., .F., .F.,
 ( 4, 4 ),
 ( 0.8173853966232428325, 1.000000000000000000 ),
 .UNSPECIFIED. ) ;
#6058 = AXIS2_PLACEMENT_3D ( 'NONE', #3204, #6149, #3155 ) ;
#6059 = VERTEX_POINT ( 'NONE', #2128 ) ;
#6060 = VECTOR ( 'NONE', #2036, 1000.000000000000000 ) ;
#6061 = ORIENTED_EDGE ( 'NONE', *, *, #6676, .T. ) ;
#6062 = CARTESIAN_POINT ( 'NONE',  ( 1.179038802324677393, 0.2427725481770261484, 2.488687049385818195 ) ) ;
#6063 = FACE_OUTER_BOUND ( 'NONE', #8803, .T. ) ;
#6064 = CARTESIAN_POINT ( 'NONE',  ( 2.258914294017850821, 0.3652801990870572224, 2.483278151185428495 ) ) ;
#6065 = SURFACE_STYLE_FILL_AREA ( #688 ) ;
#6066 = CARTESIAN_POINT ( 'NONE',  ( 2.816002875211695233, 0.2139641149606444082, 2.500988460931622193 ) ) ;
#6067 = LINE ( 'NONE', #892, #1283 ) ;
#6068 = ORIENTED_EDGE ( 'NONE', *, *, #1312, .F. ) ;
#6069 = CARTESIAN_POINT ( 'NONE',  ( 2.696259069935394770, 0.1548707480391451341, 2.501877860563855638 ) ) ;
#6070 = CARTESIAN_POINT ( 'NONE',  ( 2.405232302830831337, 0.1951220811148454415, 2.502404318542751582 ) ) ;
#6071 = B_SPLINE_CURVE_WITH_KNOTS ( 'NONE', 1,
 ( #9442, #546 ),
 .UNSPECIFIED., .F., .F.,
 ( 2, 2 ),
 ( 0.000000000000000000, 1.000000000000000000 ),
 .UNSPECIFIED. ) ;
#6072 = EDGE_LOOP ( 'NONE', ( #4621, #3693, #1667, #4281, #5665, #1262 ) ) ;
#6073 = CARTESIAN_POINT ( 'NONE',  ( 1.137315510006160713, -6.379838443817641689E-05, 2.510003178101638532 ) ) ;
#6074 = ORIENTED_EDGE ( 'NONE', *, *, #8817, .T. ) ;
#6075 = CARTESIAN_POINT ( 'NONE',  ( 3.254586474683443420, -0.02979937011083835102, 2.509829518155853201 ) ) ;
#6076 = CARTESIAN_POINT ( 'NONE',  ( 1.101566751195451221, -0.2091244645197091190, 2.501304549468557070 ) ) ;
#6077 = CARTESIAN_POINT ( 'NONE',  ( 2.611855167895241525, -0.3033920041301679249, 2.491597449951779897 ) ) ;
#6078 = CARTESIAN_POINT ( 'NONE',  ( 2.542451615332264936, -0.1830784111125053071, 2.503314262210104779 ) ) ;
#6079 = CARTESIAN_POINT ( 'NONE',  ( 4.500000000000000000, 3.061616997868383141E-16, -2.500000000000000000 ) ) ;
#6080 = VERTEX_POINT ( 'NONE', #1518 ) ;
#6081 = ORIENTED_EDGE ( 'NONE', *, *, #7741, .F. ) ;
#6082 = ADVANCED_FACE ( 'NONE', ( #2265 ), #7982, .T. ) ;
#6083 = DIRECTION ( 'NONE',  ( 0.000000000000000000, -0.9980895720334533872, 0.06178354310071570293 ) ) ;
#6084 = CARTESIAN_POINT ( 'NONE',  ( 2.338200829250268509, 0.1503814369515536209, 2.495472985912767783 ) ) ;
#6085 = CARTESIAN_POINT ( 'NONE',  ( 2.887140939299873921, 0.000000000000000000, 0.000000000000000000 ) ) ;
#6086 = EDGE_CURVE ( 'NONE', #1822, #844, #3858, .T. ) ;
#6087 = ORIENTED_EDGE ( 'NONE', *, *, #9228, .T. ) ;
#6088 = CARTESIAN_POINT ( 'NONE',  ( 0.8172593457782855175, 0.1859541171745292265, 2.503694732993445360 ) ) ;
#6089 = EDGE_LOOP ( 'NONE', ( #7014, #8897, #4795, #7974 ) ) ;
#6090 = CARTESIAN_POINT ( 'NONE',  ( 2.214040962212883823, 0.1827289845411645963, 2.503339792798523700 ) ) ;
#6091 = COLOUR_RGB ( '',0.6666666666666666297, 0.6666666666666666297, 0.6666666666666666297 ) ;
#6092 = CARTESIAN_POINT ( 'NONE',  ( 1.624660284127364074, 0.3707616397034622091, 2.472354304407925696 ) ) ;
#6093 = SURFACE_SIDE_STYLE ('',( #35 ) ) ;
#6094 = CARTESIAN_POINT ( 'NONE',  ( 2.341233647537682927, -0.1944534611905221755, 2.492426097486347913 ) ) ;
#6095 = MECHANICAL_DESIGN_GEOMETRIC_PRESENTATION_REPRESENTATION (  '', ( #7162 ), #1762 ) ;
#6096 = ORIENTED_EDGE ( 'NONE', *, *, #5155, .F. ) ;
#6097 = CARTESIAN_POINT ( 'NONE',  ( 1.369301273478776615, -0.01642649267490279424, 2.510270232524918210 ) ) ;
#6098 = ADVANCED_FACE ( 'NONE', ( #1470 ), #4637, .T. ) ;
#6099 = CARTESIAN_POINT ( 'NONE',  ( 2.592152940145814544, -0.05662104804356698357, 2.499358729138025925 ) ) ;
#6100 = CARTESIAN_POINT ( 'NONE',  ( 2.932880790617061084, 0.000000000000000000, 2.510000000000000231 ) ) ;
#6101 = CARTESIAN_POINT ( 'NONE',  ( 1.163292505442389935, 0.002007292774499774574, 2.499999194155013704 ) ) ;
#6102 = CIRCLE ( 'NONE', #5947, 0.4499999999999999001 ) ;
#6103 = ADVANCED_FACE ( 'NONE', ( #240 ), #732, .T. ) ;
#6104 = EDGE_CURVE ( 'NONE', #5059, #8562, #365, .T. ) ;
#6105 = DIRECTION ( 'NONE',  ( 0.000000000000000000, 0.000000000000000000, 1.000000000000000000 ) ) ;
#6106 = UNCERTAINTY_MEASURE_WITH_UNIT (LENGTH_MEASURE( 1.000000000000000082E-05 ), #2949, 'distance_accuracy_value', 'NONE');
#6107 = ORIENTED_EDGE ( 'NONE', *, *, #6916, .F. ) ;
#6108 = CARTESIAN_POINT ( 'NONE',  ( 4.500000000000000000, -0.2301529181243587296, 2.499425860928633725 ) ) ;
#6109 = VECTOR ( 'NONE', #2676, 999.9999999999998863 ) ;
#6110 = ORIENTED_EDGE ( 'NONE', *, *, #4560, .T. ) ;
#6111 = CARTESIAN_POINT ( 'NONE',  ( 2.671914025684617666, -0.1892283122320340683, 2.493711102390435919 ) ) ;
#6112 = CARTESIAN_POINT ( 'NONE',  ( 3.066576854247593520, 0.003411392470079251203, 2.510102867521374570 ) ) ;
#6113 = DIRECTION ( 'NONE',  ( 1.000000000000000000, 0.000000000000000000, 0.000000000000000000 ) ) ;
#6114 = FILL_AREA_STYLE_COLOUR ( '', #2691 ) ;
#6115 = CARTESIAN_POINT ( 'NONE',  ( 2.534158027177594530, -0.09014102557902213542, 2.508380871300760262 ) ) ;
#6116 = AXIS2_PLACEMENT_3D ( 'NONE', #7484, #808, #7383 ) ;
#6117 = CARTESIAN_POINT ( 'NONE',  ( 3.025595696798088596, 0.01233471465442990272, 2.509969708465926708 ) ) ;
#6118 = CARTESIAN_POINT ( 'NONE',  ( 4.500000000000000000, 5.510910596163087707E-17, 0.4499999999999999001 ) ) ;
#6119 = ORIENTED_EDGE ( 'NONE', *, *, #9499, .F. ) ;
#6120 = CYLINDRICAL_SURFACE ( 'NONE', #974, 2.510000000000000231 ) ;
#6121 = ORIENTED_EDGE ( 'NONE', *, *, #5342, .T. ) ;
#6122 = CIRCLE ( 'NONE', #5518, 0.4499999999999999001 ) ;
#6123 = CARTESIAN_POINT ( 'NONE',  ( 2.353829127568771273, -0.2025976977819587688, 2.491777312051269622 ) ) ;
#6124 = CARTESIAN_POINT ( 'NONE',  ( 2.964137387253224620, -0.01528043514025040697, 2.499953301224229651 ) ) ;
#6125 = EDGE_CURVE ( 'NONE', #2458, #1598, #3405, .T. ) ;
#6126 = CARTESIAN_POINT ( 'NONE',  ( 1.335444645985828904, -0.1717310646574233268, 2.494094713805317554 ) ) ;
#6127 = CARTESIAN_POINT ( 'NONE',  ( 3.292424493319719758, -0.1364509175148550524, 2.506288320826108418 ) ) ;
#6128 = CARTESIAN_POINT ( 'NONE',  ( 1.647040053532354165, 0.1436661170357829143, 2.505885082523909624 ) ) ;
#6129 = PRODUCT ( 'DO-201AD_BD5.0-L9.0-P13.00-D1.0', 'DO-201AD_BD5.0-L9.0-P13.00-D1.0', '', ( #7717 ) ) ;
#6130 = B_SPLINE_CURVE_WITH_KNOTS ( 'NONE', 3,
 ( #8140, #1494, #4, #4460 ),
 .UNSPECIFIED., .F., .F.,
 ( 4, 4 ),
 ( 0.000000000000000000, 1.000000000000000000 ),
 .UNSPECIFIED. ) ;
#6131 = ORIENTED_EDGE ( 'NONE', *, *, #3142, .F. ) ;
#6132 = VERTEX_POINT ( 'NONE', #8362 ) ;
#6133 = AXIS2_PLACEMENT_3D ( 'NONE', #880, #305, #7616 ) ;
#6134 = CARTESIAN_POINT ( 'NONE',  ( 2.874762089145887156, 0.000000000000000000, 0.000000000000000000 ) ) ;
#6135 = CARTESIAN_POINT ( 'NONE',  ( 1.183950746546068578, 0.3928787923059953169, 2.468936259719189952 ) ) ;
#6136 = DIRECTION ( 'NONE',  ( -1.000000000000000000, -0.000000000000000000, -0.000000000000000000 ) ) ;
#6137 = ORIENTED_EDGE ( 'NONE', *, *, #4263, .F. ) ;
#6138 = VERTEX_POINT ( 'NONE', #3189 ) ;
#6139 = FACE_OUTER_BOUND ( 'NONE', #6217, .T. ) ;
#6140 = CARTESIAN_POINT ( 'NONE',  ( 2.631457741052580790, -0.2841811687382364005, 2.483810683560184973 ) ) ;
#6141 = DIRECTION ( 'NONE',  ( 0.000000000000000000, -0.9957871955890971183, -0.09169438969097956638 ) ) ;
#6142 = FACE_OUTER_BOUND ( 'NONE', #1650, .T. ) ;
#6143 = CARTESIAN_POINT ( 'NONE',  ( 2.160904747929263348, -0.1204541027259926483, 2.497096475736665599 ) ) ;
#6144 = ORIENTED_EDGE ( 'NONE', *, *, #9165, .T. ) ;
#6145 = B_SPLINE_CURVE_WITH_KNOTS ( 'NONE', 3,
 ( #5148, #840, #640, #8139 ),
 .UNSPECIFIED., .F., .F.,
 ( 4, 4 ),
 ( 0.000000000000000000, 0.5309429008945729667 ),
 .UNSPECIFIED. ) ;
#6146 = CARTESIAN_POINT ( 'NONE',  ( 2.703576963161872015, 0.1828370905915718825, 2.503331901696855599 ) ) ;
#6147 = LINE ( 'NONE', #4703, #5909 ) ;
#6148 = CARTESIAN_POINT ( 'NONE',  ( 0.8981781650063318523, 0.04695119361388374463, 2.509560835169817317 ) ) ;
#6149 = DIRECTION ( 'NONE',  ( -1.000000000000000000, -0.000000000000000000, -0.000000000000000000 ) ) ;
#6150 = VERTEX_POINT ( 'NONE', #8929 ) ;
#6151 = EDGE_CURVE ( 'NONE', #7459, #9371, #8467, .T. ) ;
#6152 = LINE ( 'NONE', #6247, #6904 ) ;
#6153 = ORIENTED_EDGE ( 'NONE', *, *, #1335, .T. ) ;
#6154 = PLANE ( 'NONE',  #1626 ) ;
#6155 = EDGE_CURVE ( 'NONE', #3916, #615, #8976, .T. ) ;
#6156 = ORIENTED_EDGE ( 'NONE', *, *, #4263, .T. ) ;
#6157 = CARTESIAN_POINT ( 'NONE',  ( 1.292406635476338606, -0.05651962361396299650, 2.499361024771438622 ) ) ;
#6158 = EDGE_CURVE ( 'NONE', #4498, #6841, #4061, .T. ) ;
#6159 = LINE ( 'NONE', #2588, #3414 ) ;
#6160 = CARTESIAN_POINT ( 'NONE',  ( 2.284675634210900252, -0.1301641131103607185, 2.506624367689752386 ) ) ;
#6161 = CARTESIAN_POINT ( 'NONE',  ( 1.566128584581046645, -0.2309924597405297875, 2.499348411795166314 ) ) ;
#6162 = CARTESIAN_POINT ( 'NONE',  ( 2.637335743205095007, -0.1864305919078969864, 2.493039035875866727 ) ) ;
#6163 = EDGE_CURVE ( 'NONE', #9428, #2458, #3153, .T. ) ;
#6164 = ORIENTED_EDGE ( 'NONE', *, *, #3904, .T. ) ;
#6165 = CARTESIAN_POINT ( 'NONE',  ( 1.154753342507512937, 0.001895104583361275404, 2.499999284232861552 ) ) ;
#6166 = CARTESIAN_POINT ( 'NONE',  ( 2.284416569022766019, -0.1594018248749324851, 2.504933344068568601 ) ) ;
#6167 = ORIENTED_EDGE ( 'NONE', *, *, #4851, .T. ) ;
#6168 = CARTESIAN_POINT ( 'NONE',  ( 3.015323932527937956, 0.1764923002766573545, 2.493860020286321255 ) ) ;
#6169 = B_SPLINE_CURVE_WITH_KNOTS ( 'NONE', 3,
 ( #5868, #2279, #2915, #5291 ),
 .UNSPECIFIED., .F., .F.,
 ( 4, 4 ),
 ( 0.000000000000000000, 1.000000000000000000 ),
 .UNSPECIFIED. ) ;
#6170 = ORIENTED_EDGE ( 'NONE', *, *, #3205, .T. ) ;
#6171 = EDGE_CURVE ( 'NONE', #1363, #6540, #4894, .T. ) ;
#6172 = CARTESIAN_POINT ( 'NONE',  ( 1.138111679450937608, -3.781569655025045142E-06, 2.500003034013023928 ) ) ;
#6173 = PRESENTATION_STYLE_ASSIGNMENT (( #4170 ) ) ;
#6174 = DIRECTION ( 'NONE',  ( -1.000000000000000000, -0.000000000000000000, -0.000000000000000000 ) ) ;
#6175 = CARTESIAN_POINT ( 'NONE',  ( 3.129456747205582978, -0.06949349448347723335, 2.509300768802654513 ) ) ;
#6176 = CARTESIAN_POINT ( 'NONE',  ( 2.313752600197278575, -0.1487351160211018986, 2.505589324941777107 ) ) ;
#6177 = EDGE_LOOP ( 'NONE', ( #9252, #442, #5080, #5963 ) ) ;
#6178 = ORIENTED_EDGE ( 'NONE', *, *, #4995, .F. ) ;
#6179 = CARTESIAN_POINT ( 'NONE',  ( 2.698734839966531407, 0.3966051793289692151, 2.478468142165526356 ) ) ;
#6180 = CARTESIAN_POINT ( 'NONE',  ( 1.189886977943444446, -8.769080117479303473E-05, 2.510006731705418659 ) ) ;
#6181 = CARTESIAN_POINT ( 'NONE',  ( 2.788172032324728988, -0.1204541027259926483, 2.497096475736665599 ) ) ;
#6182 = ORIENTED_EDGE ( 'NONE', *, *, #4694, .T. ) ;
#6183 = DIRECTION ( 'NONE',  ( 0.000000000000000000, 0.000000000000000000, -1.000000000000000000 ) ) ;
#6184 = FILL_AREA_STYLE_COLOUR ( '', #9147 ) ;
#6185 = CARTESIAN_POINT ( 'NONE',  ( 4.500000000000000000, 0.000000000000000000, 0.000000000000000000 ) ) ;
#6186 = CARTESIAN_POINT ( 'NONE',  ( 2.793284549990653343, 0.2924303044619277481, 2.492914608267790655 ) ) ;
#6187 = DIRECTION ( 'NONE',  ( -1.000000000000000000, 0.000000000000000000, 0.000000000000000000 ) ) ;
#6188 = B_SPLINE_SURFACE_WITH_KNOTS ( 'NONE', 1, 3, ( 
 ( #6825, #4450, #152, #3154 ),
 ( #8806, #5290, #8081, #1590 ) ),
 .UNSPECIFIED., .F., .F., .F.,
 ( 2, 2 ),
 ( 4, 4 ),
 ( 0.000000000000000000, 1.000000000000000000 ),
 ( 0.000000000000000000, 1.000000000000000000 ),
 .UNSPECIFIED. ) ;
#6189 = FACE_OUTER_BOUND ( 'NONE', #4138, .T. ) ;
#6190 = EDGE_CURVE ( 'NONE', #4027, #2282, #4577, .T. ) ;
#6191 = FACE_OUTER_BOUND ( 'NONE', #3765, .T. ) ;
#6192 = EDGE_LOOP ( 'NONE', ( #579, #5583, #372, #4962 ) ) ;
#6193 = CARTESIAN_POINT ( 'NONE',  ( 1.780786076592868694, -0.02616735717376801607, 2.510108967676941916 ) ) ;
#6194 = CARTESIAN_POINT ( 'NONE',  ( 1.717622484019977191, 0.2357832018418725140, 2.488856420472903785 ) ) ;
#6195 = CARTESIAN_POINT ( 'NONE',  ( 1.070330338384372082, 0.2195139210043760836, 2.500382698405442472 ) ) ;
#6196 = AXIS2_PLACEMENT_3D ( 'NONE', #1325, #3626, #7943 ) ;
#6197 = SURFACE_STYLE_USAGE ( .BOTH. , #987 ) ;
#6198 = ORIENTED_EDGE ( 'NONE', *, *, #8108, .T. ) ;
#6199 = EDGE_CURVE ( 'NONE', #5484, #7911, #7051, .T. ) ;
#6200 = CARTESIAN_POINT ( 'NONE',  ( 2.790283204488101187, 0.1890565961973414977, 2.502869873452128857 ) ) ;
#6201 = AXIS2_PLACEMENT_3D ( 'NONE', #7413, #8295, #7365 ) ;
#6202 = ORIENTED_EDGE ( 'NONE', *, *, #2904, .T. ) ;
#6203 = CARTESIAN_POINT ( 'NONE',  ( 2.383653315985468257, -0.07482666282422519022, 2.499257671386546864 ) ) ;
#6204 = EDGE_LOOP ( 'NONE', ( #9360, #916, #6765, #2009, #4737, #4595 ) ) ;
#6205 = LINE ( 'NONE', #7621, #3131 ) ;
#6206 =( NAMED_UNIT ( * ) PLANE_ANGLE_UNIT ( ) SI_UNIT ( $, .RADIAN. ) );
#6207 = EDGE_CURVE ( 'NONE', #1463, #4168, #7886, .T. ) ;
#6208 = CARTESIAN_POINT ( 'NONE',  ( 3.326775802495638423, -0.2292359742274489298, 2.489467988972742685 ) ) ;
#6209 = CARTESIAN_POINT ( 'NONE',  ( 2.505731345338997773, -0.2003786561947067391, 2.491958820450774770 ) ) ;
#6210 =( NAMED_UNIT ( * ) SI_UNIT ( $, .STERADIAN. ) SOLID_ANGLE_UNIT ( ) );
#6211 = LINE ( 'NONE', #219, #2653 ) ;
#6212 = B_SPLINE_CURVE_WITH_KNOTS ( 'NONE', 3,
 ( #6021, #3734, #790, #3829 ),
 .UNSPECIFIED., .F., .F.,
 ( 4, 4 ),
 ( 0.000000000000000000, 1.000000000000000000 ),
 .UNSPECIFIED. ) ;
#6213 = ORIENTED_EDGE ( 'NONE', *, *, #1465, .T. ) ;
#6214 = CYLINDRICAL_SURFACE ( 'NONE', #2405, 2.510000000000000231 ) ;
#6215 = CARTESIAN_POINT ( 'NONE',  ( 2.366403248899470846, 0.1792232698391068579, 2.503593244467599455 ) ) ;
#6216 = AXIS2_PLACEMENT_3D ( 'NONE', #5519, #8459, #184 ) ;
#6217 = EDGE_LOOP ( 'NONE', ( #850, #1814, #4375, #3404 ) ) ;
#6218 = DIRECTION ( 'NONE',  ( 0.000000000000000000, 0.000000000000000000, 1.000000000000000000 ) ) ;
#6219 = ORIENTED_EDGE ( 'NONE', *, *, #4373, .T. ) ;
#6220 = EDGE_CURVE ( 'NONE', #942, #7135, #1087, .T. ) ;
#6221 =( LENGTH_UNIT ( ) NAMED_UNIT ( * ) SI_UNIT ( .MILLI., .METRE. ) );
#6222 = CARTESIAN_POINT ( 'NONE',  ( 1.767407409831402099, 0.2196447310550710130, 2.490385307508589108 ) ) ;
#6223 = CARTESIAN_POINT ( 'NONE',  ( 2.285155462299096385, -0.2015479651663660554, 2.501894965368709922 ) ) ;
#6224 = EDGE_LOOP ( 'NONE', ( #4148, #3820, #6415, #2320 ) ) ;
#6225 = EDGE_CURVE ( 'NONE', #4385, #5008, #3897, .T. ) ;
#6226 = ADVANCED_FACE ( 'NONE', ( #2463 ), #6819, .T. ) ;
#6227 = CARTESIAN_POINT ( 'NONE',  ( 1.477814131716600254, 0.4584277088387146981, 2.457609492273409746 ) ) ;
#6228 = VECTOR ( 'NONE', #6310, 1000.000000000000000 ) ;
#6229 = CARTESIAN_POINT ( 'NONE',  ( 2.643091908526457257, -0.1959758706252599514, 2.492311216302261379 ) ) ;
#6230 = CARTESIAN_POINT ( 'NONE',  ( 1.070330338384372082, 0.2186393635501753530, 2.490421014348050743 ) ) ;
#6231 = ORIENTED_EDGE ( 'NONE', *, *, #52, .T. ) ;
#6232 = PLANE ( 'NONE',  #1528 ) ;
#6233 = PRESENTATION_STYLE_ASSIGNMENT (( #3286 ) ) ;
#6234 =( NAMED_UNIT ( * ) SI_UNIT ( $, .STERADIAN. ) SOLID_ANGLE_UNIT ( ) );
#6235 = DIRECTION ( 'NONE',  ( 0.000000000000000000, 0.000000000000000000, -1.000000000000000000 ) ) ;
#6236 = B_SPLINE_CURVE_WITH_KNOTS ( 'NONE', 1,
 ( #1192, #7907 ),
 .UNSPECIFIED., .F., .F.,
 ( 2, 2 ),
 ( 0.000000000000000000, 1.000000000000000000 ),
 .UNSPECIFIED. ) ;
#6237 = VERTEX_POINT ( 'NONE', #333 ) ;
#6238 = B_SPLINE_CURVE_WITH_KNOTS ( 'NONE', 3,
 ( #4929, #4180, #5020, #9401 ),
 .UNSPECIFIED., .F., .F.,
 ( 4, 4 ),
 ( 0.000000000000000000, 1.000000000000000000 ),
 .UNSPECIFIED. ) ;
#6239 = CARTESIAN_POINT ( 'NONE',  ( 2.354231438496517281, -0.1200668666900512743, 2.507126631728687105 ) ) ;
#6240 = MECHANICAL_DESIGN_GEOMETRIC_PRESENTATION_REPRESENTATION (  '', ( #1114 ), #8855 ) ;
#6241 = CYLINDRICAL_SURFACE ( 'NONE', #721, 2.510000000000000231 ) ;
#6242 = CARTESIAN_POINT ( 'NONE',  ( 2.117609719517868694, 0.000000000000000000, 0.000000000000000000 ) ) ;
#6243 = EDGE_CURVE ( 'NONE', #9251, #7721, #8063, .T. ) ;
#6244 = PLANE ( 'NONE',  #1889 ) ;
#6245 = ORIENTED_EDGE ( 'NONE', *, *, #1275, .F. ) ;
#6246 = AXIS2_PLACEMENT_3D ( 'NONE', #8798, #1474, #9474 ) ;
#6247 = CARTESIAN_POINT ( 'NONE',  ( 2.874762089145887156, -0.09275084147147026614, 2.498278863819316520 ) ) ;
#6248 = B_SPLINE_CURVE_WITH_KNOTS ( 'NONE', 3,
 ( #3487, #1530, #8849, #7348, #5818, #4299 ),
 .UNSPECIFIED., .F., .F.,
 ( 4, 2, 4 ),
 ( 0.000000000000000000, 0.5000000000000000000, 1.000000000000000000 ),
 .UNSPECIFIED. ) ;
#6249 = ORIENTED_EDGE ( 'NONE', *, *, #7059, .T. ) ;
#6250 = VERTEX_POINT ( 'NONE', #376 ) ;
#6251 = CARTESIAN_POINT ( 'NONE',  ( 0.8706338106990590964, 0.2392106702169153332, 2.488529335823544741 ) ) ;
#6252 = STYLED_ITEM ( 'NONE', ( #5961 ), #2080 ) ;
#6253 = CARTESIAN_POINT ( 'NONE',  ( 2.493184033169769886, -0.05287140571402493966, 2.509443088507452568 ) ) ;
#6254 = CARTESIAN_POINT ( 'NONE',  ( 2.308305906130250662, -0.2085194248689075935, 2.491288752724650113 ) ) ;
#6255 = CARTESIAN_POINT ( 'NONE',  ( 2.532301199654241497, -0.1544417271942015446, 2.505244050566984626 ) ) ;
#6256 = CARTESIAN_POINT ( 'NONE',  ( 1.108203796827014420, 0.3179041521048309171, 2.479705012713106616 ) ) ;
#6257 = ORIENTED_EDGE ( 'NONE', *, *, #384, .F. ) ;
#6258 = CARTESIAN_POINT ( 'NONE',  ( 3.251512393562173919, -0.01844857768386853197, 2.509932200275824865 ) ) ;
#6259 = ADVANCED_FACE ( 'NONE', ( #417 ), #5044, .F. ) ;
#6260 = VECTOR ( 'NONE', #2932, 1000.000000000000000 ) ;
#6261 = CARTESIAN_POINT ( 'NONE',  ( 1.624660284127364074, 0.3707616397034620981, 2.472354304407925696 ) ) ;
#6262 = VERTEX_POINT ( 'NONE', #1973 ) ;
#6263 = FACE_OUTER_BOUND ( 'NONE', #8336, .T. ) ;
#6264 = ORIENTED_EDGE ( 'NONE', *, *, #1027, .F. ) ;
#6265 = B_SPLINE_SURFACE_WITH_KNOTS ( 'NONE', 1, 3, ( 
 ( #8251, #69, #2297, #4579 ),
 ( #6846, #956, #746, #3075 ) ),
 .UNSPECIFIED., .F., .F., .F.,
 ( 2, 2 ),
 ( 4, 4 ),
 ( 0.000000000000000000, 1.000000000000000000 ),
 ( 0.000000000000000000, 1.000000000000000000 ),
 .UNSPECIFIED. ) ;
#6266 = CARTESIAN_POINT ( 'NONE',  ( 2.463720645978764168, -0.1170857222191631769, 2.507267623061490536 ) ) ;
#6267 = CARTESIAN_POINT ( 'NONE',  ( 2.285157456343514415, -0.2007469217934570727, 2.491927100336293943 ) ) ;
#6268 = CARTESIAN_POINT ( 'NONE',  ( 2.463720645978764168, -0.1170857222191631769, 2.507267623061490536 ) ) ;
#6269 = CARTESIAN_POINT ( 'NONE',  ( 4.500000000000000000, 0.000000000000000000, 2.510000000000000231 ) ) ;
#6270 = VECTOR ( 'NONE', #4343, 1000.000000000000227 ) ;
#6271 = VERTEX_POINT ( 'NONE', #3327 ) ;
#6272 = EDGE_CURVE ( 'NONE', #1428, #881, #5520, .T. ) ;
#6273 = CARTESIAN_POINT ( 'NONE',  ( 1.579900679646538686, -0.1256670353249221550, 2.503514644257233801 ) ) ;
#6274 = CIRCLE ( 'NONE', #3490, 2.500000000000000000 ) ;
#6275 = COLOUR_RGB ( '',0.2980392156862745057, 0.2980392156862745057, 0.2980392156862745057 ) ;
#6276 = DIRECTION ( 'NONE',  ( -1.000000000000000000, -0.000000000000000000, -0.000000000000000000 ) ) ;
#6277 = CARTESIAN_POINT ( 'NONE',  ( 3.071276335330218821, -0.1772598635287596369, 2.503733001096915434 ) ) ;
#6278 = VERTEX_POINT ( 'NONE', #6230 ) ;
#6279 = ADVANCED_FACE ( 'NONE', ( #3420 ), #7263, .F. ) ;
#6280 = CARTESIAN_POINT ( 'NONE',  ( 2.086353122880867605, 0.3966051793289692151, 2.478468142165526356 ) ) ;
#6281 = EDGE_CURVE ( 'NONE', #1225, #9527, #2680, .T. ) ;
#6282 = DIRECTION ( 'NONE',  ( 1.000000000000000000, 0.000000000000000000, 0.000000000000000000 ) ) ;
#6283 = B_SPLINE_CURVE_WITH_KNOTS ( 'NONE', 1,
 ( #521, #4986 ),
 .UNSPECIFIED., .F., .F.,
 ( 2, 2 ),
 ( 0.000000000000000000, 1.000000000000000000 ),
 .UNSPECIFIED. ) ;
#6284 = CARTESIAN_POINT ( 'NONE',  ( 0.7898380217095511968, 0.02819733663552665553, 2.509888243473563652 ) ) ;
#6285 = ORIENTED_EDGE ( 'NONE', *, *, #6870, .T. ) ;
#6286 = ORIENTED_EDGE ( 'NONE', *, *, #860, .F. ) ;
#6287 = CARTESIAN_POINT ( 'NONE',  ( 1.199757102735621750, -0.1076794278622079382, 2.497680271511860894 ) ) ;
#6288 = EDGE_LOOP ( 'NONE', ( #9412, #1746, #5862, #5191 ) ) ;
#6289 = EDGE_LOOP ( 'NONE', ( #5386, #3388, #664, #8784 ) ) ;
#6290 = CARTESIAN_POINT ( 'NONE',  ( 2.282186532306803795, 0.3445862106477882714, 2.476138191505352637 ) ) ;
#6291 = EDGE_CURVE ( 'NONE', #8435, #3546, #4341, .T. ) ;
#6292 = ORIENTED_EDGE ( 'NONE', *, *, #1663, .T. ) ;
#6293 = CARTESIAN_POINT ( 'NONE',  ( 2.429003376388655155, -0.1232613542554552577, 2.506983940179850379 ) ) ;
#6294 = ORIENTED_EDGE ( 'NONE', *, *, #7804, .T. ) ;
#6295 = CARTESIAN_POINT ( 'NONE',  ( 2.342719109556029355, 0.1788862007265528964, 2.503617328424937227 ) ) ;
#6296 = B_SPLINE_CURVE_WITH_KNOTS ( 'NONE', 3,
 ( #6157, #1751, #263, #3254 ),
 .UNSPECIFIED., .F., .F.,
 ( 4, 4 ),
 ( 0.000000000000000000, 0.8285177760314452744 ),
 .UNSPECIFIED. ) ;
#6297 =( NAMED_UNIT ( * ) SI_UNIT ( $, .STERADIAN. ) SOLID_ANGLE_UNIT ( ) );
#6298 = DIRECTION ( 'NONE',  ( -1.000000000000000000, -0.000000000000000000, -0.000000000000000000 ) ) ;
#6299 = FILL_AREA_STYLE ('',( #1901 ) ) ;
#6300 = VERTEX_POINT ( 'NONE', #3803 ) ;
#6301 = CARTESIAN_POINT ( 'NONE',  ( 1.517461421217585205, -0.1465525290171816875, 2.495886000799355742 ) ) ;
#6302 = CARTESIAN_POINT ( 'NONE',  ( 2.756915435686840166, 0.000000000000000000, 0.000000000000000000 ) ) ;
#6303 = ADVANCED_FACE ( 'NONE', ( #3084 ), #4337, .T. ) ;
#6304 = ORIENTED_EDGE ( 'NONE', *, *, #5276, .F. ) ;
#6305 = CARTESIAN_POINT ( 'NONE',  ( 2.293829317515717836, -0.1282025621240669710, 2.496711074712214984 ) ) ;
#6306 = VERTEX_POINT ( 'NONE', #5899 ) ;
#6307 = ORIENTED_EDGE ( 'NONE', *, *, #1124, .T. ) ;
#6308 = LINE ( 'NONE', #4728, #4174 ) ;
#6309 = CARTESIAN_POINT ( 'NONE',  ( 2.262504160562355260, -0.06902348918236875241, 2.509050768306829049 ) ) ;
#6310 = DIRECTION ( 'NONE',  ( -1.000000000000000000, 0.000000000000000000, 0.000000000000000000 ) ) ;
#6311 = CARTESIAN_POINT ( 'NONE',  ( 1.392254850066266370, 0.3571362102707448805, 2.474359255911204869 ) ) ;
#6312 = ORIENTED_EDGE ( 'NONE', *, *, #7519, .F. ) ;
#6313 = ORIENTED_EDGE ( 'NONE', *, *, #1811, .F. ) ;
#6314 = CARTESIAN_POINT ( 'NONE',  ( 2.308305906130250662, -0.2093535025683832262, 2.501253907735548232 ) ) ;
#6315 = FACE_OUTER_BOUND ( 'NONE', #3160, .T. ) ;
#6316 = CARTESIAN_POINT ( 'NONE',  ( 2.285157456343514415, -0.2007469217934570727, 2.491927100336293943 ) ) ;
#6317 = ORIENTED_EDGE ( 'NONE', *, *, #4540, .F. ) ;
#6318 = CARTESIAN_POINT ( 'NONE',  ( 2.816471507364195492, 0.3395436993991669539, 2.476951415797377987 ) ) ;
#6319 = CARTESIAN_POINT ( 'NONE',  ( 0.8706338106990590964, 0.2401675128977830143, 2.498483453166839396 ) ) ;
#6320 = ADVANCED_FACE ( 'NONE', ( #5994 ), #6760, .T. ) ;
#6321 = CARTESIAN_POINT ( 'NONE',  ( 1.625667202744295325, 0.2044359402682430771, 2.492384637203135078 ) ) ;
#6322 = DIRECTION ( 'NONE',  ( 1.000000000000000000, 0.000000000000000000, 0.000000000000000000 ) ) ;
#6323 = EDGE_CURVE ( 'NONE', #9145, #4222, #6708, .T. ) ;
#6324 = CARTESIAN_POINT ( 'NONE',  ( 1.292406635476338606, -0.05651962361396017237, 2.499361024771438622 ) ) ;
#6325 = ORIENTED_EDGE ( 'NONE', *, *, #5054, .F. ) ;
#6326 = CARTESIAN_POINT ( 'NONE',  ( 1.566128584581046645, -0.2309924597405297875, 2.499348411795166314 ) ) ;
#6327 = ADVANCED_FACE ( 'NONE', ( #1629 ), #5816, .T. ) ;
#6328 = CARTESIAN_POINT ( 'NONE',  ( 2.826236812699200573, 0.3153547667525990472, 2.490375687557003559 ) ) ;
#6329 = ORIENTED_EDGE ( 'NONE', *, *, #5400, .T. ) ;
#6330 = EDGE_CURVE ( 'NONE', #4833, #3911, #1691, .T. ) ;
#6331 = EDGE_CURVE ( 'NONE', #3292, #1943, #5375, .T. ) ;
#6332 = DIRECTION ( 'NONE',  ( -0.000000000000000000, 1.000000000000000000, -0.000000000000000000 ) ) ;
#6333 = ORIENTED_EDGE ( 'NONE', *, *, #7653, .F. ) ;
#6334 = CARTESIAN_POINT ( 'NONE',  ( 2.313752600197278575, -0.1487351160211018986, 2.505589324941777107 ) ) ;
#6336 = ORIENTED_EDGE ( 'NONE', *, *, #5005, .T. ) ;
#6335 =( GEOMETRIC_REPRESENTATION_CONTEXT ( 3 ) GLOBAL_UNCERTAINTY_ASSIGNED_CONTEXT ( ( #3009 ) ) GLOBAL_UNIT_ASSIGNED_CONTEXT ( ( #995, #2490, #9098 ) ) REPRESENTATION_CONTEXT ( 'NONE', 'WORKASPACE' ) );
#6337 = FACE_OUTER_BOUND ( 'NONE', #4779, .T. ) ;
#6338 = CARTESIAN_POINT ( 'NONE',  ( 2.246116216513154296, -0.1661234531703263406, 2.504559483209836568 ) ) ;
#6339 = CARTESIAN_POINT ( 'NONE',  ( 3.302079996438208376, -0.1638682717578872072, 2.504645122469665086 ) ) ;
#6340 = AXIS2_PLACEMENT_3D ( 'NONE', #1730, #138, #3901 ) ;
#6341 = VERTEX_POINT ( 'NONE', #2209 ) ;
#6342 = CARTESIAN_POINT ( 'NONE',  ( 2.534158027177594530, -0.08978189798707385261, 2.498387322012709522 ) ) ;
#6343 = CARTESIAN_POINT ( 'NONE',  ( 2.998860061933319443, 0.2204972603361089745, 2.490257207234680248 ) ) ;
#6344 = ORIENTED_EDGE ( 'NONE', *, *, #782, .T. ) ;
#6345 = CARTESIAN_POINT ( 'NONE',  ( 1.183950746546068578, 0.3928787923059953169, 2.468936259719189952 ) ) ;
#6346 = ORIENTED_EDGE ( 'NONE', *, *, #2489, .F. ) ;
#6347 = VERTEX_POINT ( 'NONE', #8162 ) ;
#6348 = DIRECTION ( 'NONE',  ( -1.000000000000000000, -0.000000000000000000, -0.000000000000000000 ) ) ;
#6349 = CARTESIAN_POINT ( 'NONE',  ( 2.454983374286176634, -0.2330232735877345307, 2.489116355892286414 ) ) ;
#6350 = PRESENTATION_LAYER_ASSIGNMENT (  '', '', ( #2031 ) ) ;
#6351 = CARTESIAN_POINT ( 'NONE',  ( 1.188687444966411766, 2.432139976567886607E-06, 2.500006234410050432 ) ) ;
#6352 = CARTESIAN_POINT ( 'NONE',  ( 2.466321928337154912, -0.08371991586703655952, 2.498597801905543925 ) ) ;
#6353 = CARTESIAN_POINT ( 'NONE',  ( 2.965870426274356930, 0.3950250790129263279, 2.468593767097136293 ) ) ;
#6354 = EDGE_CURVE ( 'NONE', #3916, #8259, #2411, .T. ) ;
#6355 = ORIENTED_EDGE ( 'NONE', *, *, #378, .T. ) ;
#6356 = VECTOR ( 'NONE', #5139, 1000.000000000000114 ) ;
#6357 = CARTESIAN_POINT ( 'NONE',  ( 1.539164403155321104, -0.1254443068973379594, 2.506863681217281759 ) ) ;
#6358 = CARTESIAN_POINT ( 'NONE',  ( 3.063831605771293543, 2.617244474663163567E-06, 2.500008323848869729 ) ) ;
#6359 = DIRECTION ( 'NONE',  ( 0.000000000000000000, 0.000000000000000000, 1.000000000000000000 ) ) ;
#6360 = DIRECTION ( 'NONE',  ( 0.000000000000000000, -0.000000000000000000, 1.000000000000000000 ) ) ;
#6361 = ORIENTED_EDGE ( 'NONE', *, *, #2263, .T. ) ;
#6362 = EDGE_LOOP ( 'NONE', ( #6285, #6497, #2415, #7019 ) ) ;
#6363 = CARTESIAN_POINT ( 'NONE',  ( 2.749259169391014890, 0.3595845505950023280, 2.474048737917467822 ) ) ;
#6364 = CARTESIAN_POINT ( 'NONE',  ( 2.542451615332264936, -0.1830784111125053071, 2.503314262210104779 ) ) ;
#6365 = CARTESIAN_POINT ( 'NONE',  ( 0.9997478914790399740, -0.2266435085075205191, 2.489705348038478316 ) ) ;
#6366 = CARTESIAN_POINT ( 'NONE',  ( 2.639811513236195228, -0.1966771855626729681, 2.502287110294408201 ) ) ;
#6367 = ADVANCED_FACE ( 'NONE', ( #1574 ), #131, .F. ) ;
#6368 = ORIENTED_EDGE ( 'NONE', *, *, #9259, .T. ) ;
#6369 = MECHANICAL_DESIGN_GEOMETRIC_PRESENTATION_REPRESENTATION (  '', ( #9153 ), #765 ) ;
#6370 = CARTESIAN_POINT ( 'NONE',  ( 2.907937407556844267, 0.2477341590463576770, 2.487695276041982151 ) ) ;
#6371 = EDGE_CURVE ( 'NONE', #6710, #3641, #4636, .T. ) ;
#6372 = CARTESIAN_POINT ( 'NONE',  ( 2.734326365612967269, 0.1549038109063240187, 2.495196386681546308 ) ) ;
#6373 = ORIENTED_EDGE ( 'NONE', *, *, #6417, .F. ) ;
#6374 = CARTESIAN_POINT ( 'NONE',  ( 3.193496849071729038, -0.1852439300178983228, 2.493225224329144840 ) ) ;
#6375 = B_SPLINE_CURVE_WITH_KNOTS ( 'NONE', 3,
 ( #1960, #8009, #9392, #8772 ),
 .UNSPECIFIED., .F., .F.,
 ( 4, 4 ),
 ( 0.000000000000000000, 1.000000000000000000 ),
 .UNSPECIFIED. ) ;
#6376 = CARTESIAN_POINT ( 'NONE',  ( 2.510968859423536426, -0.1900091987760192114, 2.492773278585414864 ) ) ;
#6377 = EDGE_CURVE ( 'NONE', #8905, #9527, #3049, .T. ) ;
#6378 = CARTESIAN_POINT ( 'NONE',  ( 1.161570977141077154, 0.1929042742342178263, 2.492546477195995980 ) ) ;
#6379 = ORIENTED_EDGE ( 'NONE', *, *, #1471, .T. ) ;
#6380 = CARTESIAN_POINT ( 'NONE',  ( 3.248893223058223700, -0.03055957095876559587, 2.499817774092785161 ) ) ;
#6381 = ORIENTED_EDGE ( 'NONE', *, *, #6743, .T. ) ;
#6382 = CARTESIAN_POINT ( 'NONE',  ( 2.280520080619341527, 0.2044090018823918331, 2.501662838983192305 ) ) ;
#6383 = DIRECTION ( 'NONE',  ( 1.000000000000000000, 0.000000000000000000, 0.000000000000000000 ) ) ;
#6384 = EDGE_CURVE ( 'NONE', #1802, #8396, #4479, .T. ) ;
#6385 = ADVANCED_FACE ( 'NONE', ( #708 ), #3896, .F. ) ;
#6386 = SURFACE_SIDE_STYLE ('',( #4442 ) ) ;
#6387 = DIRECTION ( 'NONE',  ( 0.000000000000000000, 0.000000000000000000, -1.000000000000000000 ) ) ;
#6388 = ORIENTED_EDGE ( 'NONE', *, *, #8526, .T. ) ;
#6389 = DIRECTION ( 'NONE',  ( -1.000000000000000000, 0.000000000000000000, 0.000000000000000000 ) ) ;
#6390 = CARTESIAN_POINT ( 'NONE',  ( 2.425843088335733366, -0.1032647676281813615, 2.497866367075448402 ) ) ;
#6391 = ORIENTED_EDGE ( 'NONE', *, *, #6626, .T. ) ;
#6392 = SURFACE_STYLE_USAGE ( .BOTH. , #1198 ) ;
#6393 = CIRCLE ( 'NONE', #8861, 2.510000000000000231 ) ;
#6394 = ORIENTED_EDGE ( 'NONE', *, *, #2798, .T. ) ;
#6395 = FACE_OUTER_BOUND ( 'NONE', #602, .T. ) ;
#6396 = DIRECTION ( 'NONE',  ( 0.000000000000000000, 0.000000000000000000, 1.000000000000000000 ) ) ;
#6397 = CARTESIAN_POINT ( 'NONE',  ( 1.251785577343388800, -0.3269346845369724419, 2.488838498412166533 ) ) ;
#6398 = DIRECTION ( 'NONE',  ( -1.000000000000000000, 0.000000000000000000, 0.000000000000000000 ) ) ;
#6399 = CARTESIAN_POINT ( 'NONE',  ( 2.280515387535539507, 0.2035993831601810300, 2.491695665842198260 ) ) ;
#6400 = VERTEX_POINT ( 'NONE', #2992 ) ;
#6401 = VECTOR ( 'NONE', #5668, 1000.000000000000000 ) ;
#6402 =( NAMED_UNIT ( * ) SI_UNIT ( $, .STERADIAN. ) SOLID_ANGLE_UNIT ( ) );
#6403 = CARTESIAN_POINT ( 'NONE',  ( 2.542451856779942787, -0.1823566985591848211, 2.493340336674998436 ) ) ;
#6404 = EDGE_CURVE ( 'NONE', #951, #2363, #7436, .T. ) ;
#6405 = PLANE ( 'NONE',  #2661 ) ;
#6406 = VECTOR ( 'NONE', #2332, 1000.000000000000000 ) ;
#6407 = VERTEX_POINT ( 'NONE', #6180 ) ;
#6408 = ORIENTED_EDGE ( 'NONE', *, *, #969, .F. ) ;
#6409 = CARTESIAN_POINT ( 'NONE',  ( 3.129461416835822352, -0.06951957256860030743, 2.499290775042253276 ) ) ;
#6410 = CARTESIAN_POINT ( 'NONE',  ( 2.598308682041804651, -0.2836130863412807401, 2.483860753440092495 ) ) ;
#6411 = B_SPLINE_CURVE_WITH_KNOTS ( 'NONE', 1,
 ( #8635, #6554 ),
 .UNSPECIFIED., .F., .F.,
 ( 2, 2 ),
 ( 0.000000000000000000, 1.000000000000000000 ),
 .UNSPECIFIED. ) ;
#6412 = CARTESIAN_POINT ( 'NONE',  ( 4.299999999999999822, 0.000000000000000000, 0.000000000000000000 ) ) ;
#6413 = CARTESIAN_POINT ( 'NONE',  ( 2.641049398251801517, -0.2006235327788787881, 2.491937037345711481 ) ) ;
#6414 = B_SPLINE_SURFACE_WITH_KNOTS ( 'NONE', 1, 3, ( 
 ( #6148, #5577, #4053, #9187, #8515, #6195 ),
 ( #9089, #4850, #9140, #2529, #390, #5433 ) ),
 .UNSPECIFIED., .F., .F., .F.,
 ( 2, 2 ),
 ( 4, 2, 4 ),
 ( 0.000000000000000000, 1.000000000000000000 ),
 ( 0.000000000000000000, 0.5000000000000000000, 1.000000000000000000 ),
 .UNSPECIFIED. ) ;
#6415 = ORIENTED_EDGE ( 'NONE', *, *, #667, .T. ) ;
#6416 = CARTESIAN_POINT ( 'NONE',  ( 2.301527708959646201, 0.3637897292993508280, 2.473465776958398976 ) ) ;
#6417 = EDGE_CURVE ( 'NONE', #461, #7048, #5453, .T. ) ;
#6418 = FILL_AREA_STYLE_COLOUR ( '', #5364 ) ;
#6419 = DIRECTION ( 'NONE',  ( 0.000000000000000000, -0.006112174056100161575, 0.9999813204896917940 ) ) ;
#6420 = B_SPLINE_CURVE_WITH_KNOTS ( 'NONE', 3,
 ( #9559, #2213, #8030, #5858 ),
 .UNSPECIFIED., .F., .F.,
 ( 4, 4 ),
 ( 0.000000000000000000, 0.05192196966959097826 ),
 .UNSPECIFIED. ) ;
#6421 = CARTESIAN_POINT ( 'NONE',  ( 6.499999999999999112, 0.000000000000000000, -7.500000000000000000 ) ) ;
#6422 = AXIS2_PLACEMENT_3D ( 'NONE', #3604, #6551, #8544 ) ;
#6423 = FACE_OUTER_BOUND ( 'NONE', #6802, .T. ) ;
#6424 = ORIENTED_EDGE ( 'NONE', *, *, #6005, .T. ) ;
#6425 = VECTOR ( 'NONE', #7655, 1000.000000000000000 ) ;
#6426 = CARTESIAN_POINT ( 'NONE',  ( 1.573014610223508081, -0.1241865840743800742, 2.496913699273344278 ) ) ;
#6427 = ORIENTED_EDGE ( 'NONE', *, *, #432, .F. ) ;
#6428 = CARTESIAN_POINT ( 'NONE',  ( 2.354231440198708114, -0.1427050756364263151, 2.495923729080598452 ) ) ;
#6429 = ORIENTED_EDGE ( 'NONE', *, *, #3648, .T. ) ;
#6430 = CARTESIAN_POINT ( 'NONE',  ( 2.458578719867668738, -0.05759539111682296375, 2.499351976112210494 ) ) ;
#6431 = CARTESIAN_POINT ( 'NONE',  ( 2.621635234924692970, -0.2402601314187518822, 2.498496707243147874 ) ) ;
#6432 =( NAMED_UNIT ( * ) PLANE_ANGLE_UNIT ( ) SI_UNIT ( $, .RADIAN. ) );
#6433 = ADVANCED_FACE ( 'NONE', ( #7736 ), #3990, .T. ) ;
#6434 = CARTESIAN_POINT ( 'NONE',  ( 3.280231325050393387, -0.1028198502808098935, 2.508119311276391983 ) ) ;
#6435 = CARTESIAN_POINT ( 'NONE',  ( 2.245607030103355051, -0.1830974429735007791, 2.493286049849989805 ) ) ;
#6436 = ADVANCED_FACE ( 'NONE', ( #6315 ), #1777, .T. ) ;
#6437 = ADVANCED_FACE ( 'NONE', ( #2645 ), #5608, .T. ) ;
#6438 = EDGE_LOOP ( 'NONE', ( #2134, #9136, #4047, #4001, #1673, #4528, #1984, #1141, #3233, #9007, #3010, #5572, #7528, #5396 ) ) ;
#6439 = CARTESIAN_POINT ( 'NONE',  ( 1.195894749938177570, -0.2348089116859861658, 2.499027702240915971 ) ) ;
#6440 = VERTEX_POINT ( 'NONE', #8361 ) ;
#6441 = CARTESIAN_POINT ( 'NONE',  ( 2.280520080619341527, 0.2044090018823918331, 2.501662838983192305 ) ) ;
#6442 = LINE ( 'NONE', #2829, #4544 ) ;
#6443 = CARTESIAN_POINT ( 'NONE',  ( 1.211313004794117854, -0.3422798373858519372, 2.476458146005800387 ) ) ;
#6444 = EDGE_CURVE ( 'NONE', #3756, #7574, #9286, .T. ) ;
#6445 = CARTESIAN_POINT ( 'NONE',  ( 2.784098270606021330, 0.3271461395251588078, 2.488616897203234313 ) ) ;
#6446 = CARTESIAN_POINT ( 'NONE',  ( 2.262504160562355704, -0.09858633555054907571, 2.508063144030212577 ) ) ;
#6447 = EDGE_LOOP ( 'NONE', ( #4340, #4447, #4003, #3107 ) ) ;
#6448 = EDGE_CURVE ( 'NONE', #3865, #8782, #8144, .T. ) ;
#6449 = DIRECTION ( 'NONE',  ( -1.000000000000000000, -0.000000000000000000, -0.000000000000000000 ) ) ;
#6450 = ORIENTED_EDGE ( 'NONE', *, *, #839, .F. ) ;
#6451 = FACE_OUTER_BOUND ( 'NONE', #2675, .T. ) ;
#6452 = ORIENTED_EDGE ( 'NONE', *, *, #5700, .F. ) ;
#6453 = ORIENTED_EDGE ( 'NONE', *, *, #3182, .F. ) ;
#6454 = CARTESIAN_POINT ( 'NONE',  ( 2.365422796633697367, -0.05379158486288326130, 2.509423701271563001 ) ) ;
#6455 = CARTESIAN_POINT ( 'NONE',  ( 1.780346692840538037, -0.008330900304735775266, 2.509989445755142601 ) ) ;
#6456 = CARTESIAN_POINT ( 'NONE',  ( 2.086353122880867605, 0.1544588577517886918, 2.495223930083632968 ) ) ;
#6457 = B_SPLINE_CURVE_WITH_KNOTS ( 'NONE', 3,
 ( #4614, #2287, #5247, #6737 ),
 .UNSPECIFIED., .F., .F.,
 ( 4, 4 ),
 ( 0.000000000000000000, 1.000000000000000000 ),
 .UNSPECIFIED. ) ;
#6458 = CYLINDRICAL_SURFACE ( 'NONE', #8206, 2.510000000000000231 ) ;
#6459 = CARTESIAN_POINT ( 'NONE',  ( 3.001954774471419451, 0.01262211689126004413, 2.509968263178876224 ) ) ;
#6460 = EDGE_CURVE ( 'NONE', #780, #2458, #264, .T. ) ;
#6461 = VERTEX_POINT ( 'NONE', #7003 ) ;
#6462 = B_SPLINE_CURVE_WITH_KNOTS ( 'NONE', 1,
 ( #3124, #2397 ),
 .UNSPECIFIED., .F., .F.,
 ( 2, 2 ),
 ( 0.000000000000000000, 1.000000000000000000 ),
 .UNSPECIFIED. ) ;
#6463 = ORIENTED_EDGE ( 'NONE', *, *, #4202, .F. ) ;
#6464 = DIRECTION ( 'NONE',  ( 0.000000000000000000, -0.08069360646637489809, 0.9967389537263253718 ) ) ;
#6465 = EDGE_LOOP ( 'NONE', ( #604, #3310, #154, #4313 ) ) ;
#6466 = CARTESIAN_POINT ( 'NONE',  ( 2.788172032324740535, -0.09275084147147026614, 2.498278863819316520 ) ) ;
#6467 = CARTESIAN_POINT ( 'NONE',  ( 2.284414725334340979, -0.1587682744402006407, 2.494953433439446311 ) ) ;
#6468 = CARTESIAN_POINT ( 'NONE',  ( 1.179038884311095492, 0.2437438733660883261, 2.498641779396417739 ) ) ;
#6469 = CARTESIAN_POINT ( 'NONE',  ( 1.163292505442389935, 0.002007292774499774574, 2.499999194155013704 ) ) ;
#6470 = EDGE_CURVE ( 'NONE', #1569, #2144, #8533, .T. ) ;
#6471 = B_SPLINE_CURVE_WITH_KNOTS ( 'NONE', 3,
 ( #895, #3880, #1707, #5306 ),
 .UNSPECIFIED., .F., .F.,
 ( 4, 4 ),
 ( 0.000000000000000000, 1.000000000000000000 ),
 .UNSPECIFIED. ) ;
#6472 = ORIENTED_EDGE ( 'NONE', *, *, #6281, .F. ) ;
#6473 = CARTESIAN_POINT ( 'NONE',  ( 0.7931724973578438975, 5.493449919286876637E-06, 2.509996977953914410 ) ) ;
#6474 = EDGE_LOOP ( 'NONE', ( #1804, #7714, #8604, #6178, #4105, #4407, #4949, #3918, #1712, #7181, #9181, #6670, #3241, #9611, #5021, #83, #3228, #8007, #6950, #2431, #4561 ) ) ;
#6475 = DIRECTION ( 'NONE',  ( 0.000000000000000000, 0.000000000000000000, -1.000000000000000000 ) ) ;
#6476 = ORIENTED_EDGE ( 'NONE', *, *, #2775, .F. ) ;
#6477 = CARTESIAN_POINT ( 'NONE',  ( 2.532301199654241497, -0.1538264215081688591, 2.495262998572694180 ) ) ;
#6478 = DIRECTION ( 'NONE',  ( 1.000000000000000000, 0.000000000000000000, 0.000000000000000000 ) ) ;
#6479 = PRESENTATION_LAYER_ASSIGNMENT (  '', '', ( #1367 ) ) ;
#6480 = CARTESIAN_POINT ( 'NONE',  ( 1.560513996633691614, -6.058383480986211043E-12, 2.509999995934236949 ) ) ;
#6481 = ADVANCED_FACE ( 'NONE', ( #332 ), #5371, .T. ) ;
#6482 = CARTESIAN_POINT ( 'NONE',  ( 2.907937407556844267, 0.2487250956825431403, 2.497646057146150511 ) ) ;
#6483 = CARTESIAN_POINT ( 'NONE',  ( 2.583921004793332532, 0.000000000000000000, 0.000000000000000000 ) ) ;
#6484 = COLOUR_RGB ( '',0.6666666666666666297, 0.6666666666666666297, 0.6666666666666666297 ) ;
#6485 = UNCERTAINTY_MEASURE_WITH_UNIT (LENGTH_MEASURE( 1.000000000000000082E-05 ), #1786, 'distance_accuracy_value', 'NONE');
#6486 = ORIENTED_EDGE ( 'NONE', *, *, #3967, .T. ) ;
#6487 = CARTESIAN_POINT ( 'NONE',  ( 1.196488061962257099, -0.1136090617611476006, 2.497448541911110542 ) ) ;
#6488 = EDGE_CURVE ( 'NONE', #8771, #1220, #132, .T. ) ;
#6489 = ORIENTED_EDGE ( 'NONE', *, *, #8678, .T. ) ;
#6490 = B_SPLINE_CURVE_WITH_KNOTS ( 'NONE', 3,
 ( #2612, #5527, #196, #4846 ),
 .UNSPECIFIED., .F., .F.,
 ( 4, 4 ),
 ( 0.000000000000000000, 1.000000000000000000 ),
 .UNSPECIFIED. ) ;
#6491 = B_SPLINE_SURFACE_WITH_KNOTS ( 'NONE', 1, 3, ( 
 ( #3071, #8959, #9011, #9543 ),
 ( #2348, #5309, #7317, #8096 ) ),
 .UNSPECIFIED., .F., .F., .F.,
 ( 2, 2 ),
 ( 4, 4 ),
 ( 0.000000000000000000, 1.000000000000000000 ),
 ( 0.000000000000000000, 1.000000000000000000 ),
 .UNSPECIFIED. ) ;
#6492 = CARTESIAN_POINT ( 'NONE',  ( 1.781422658357864508, -0.1985222742836297294, 2.492525651782011575 ) ) ;
#6493 = DIRECTION ( 'NONE',  ( -1.000000000000000000, -0.000000000000000000, -0.000000000000000000 ) ) ;
#6494 = FACE_OUTER_BOUND ( 'NONE', #9270, .T. ) ;
#6495 = B_SPLINE_CURVE_WITH_KNOTS ( 'NONE', 3,
 ( #4043, #7099, #9266, #4693 ),
 .UNSPECIFIED., .F., .F.,
 ( 4, 4 ),
 ( 0.000000000000000000, 1.000000000000000000 ),
 .UNSPECIFIED. ) ;
#6496 = CARTESIAN_POINT ( 'NONE',  ( 1.886896470876236132, -0.01421203186774566002, 2.509969551388879783 ) ) ;
#6497 = ORIENTED_EDGE ( 'NONE', *, *, #7086, .T. ) ;
#6498 = CARTESIAN_POINT ( 'NONE',  ( 2.977011390544407110, 0.2822401951925916364, 2.494308496041926837 ) ) ;
#6499 = CARTESIAN_POINT ( 'NONE',  ( 2.425843088335733366, -0.1032647676281813615, 2.497866367075448402 ) ) ;
#6500 = EDGE_CURVE ( 'NONE', #1652, #5083, #2029, .T. ) ;
#6501 = TOROIDAL_SURFACE ( 'NONE', #3279, 2.299999999999999822, 0.2000000000000000111 ) ;
#6502 = ORIENTED_EDGE ( 'NONE', *, *, #4361, .T. ) ;
#6503 = CARTESIAN_POINT ( 'NONE',  ( 2.768051366967340776, 0.2080011676468116188, 2.501366729261738087 ) ) ;
#6504 = ORIENTED_EDGE ( 'NONE', *, *, #6666, .F. ) ;
#6505 = FACE_OUTER_BOUND ( 'NONE', #5379, .T. ) ;
#6506 = CARTESIAN_POINT ( 'NONE',  ( 2.284414725334340979, -0.1594033475379614540, 2.504933247173203981 ) ) ;
#6507 = CARTESIAN_POINT ( 'NONE',  ( 3.174185914592431157, -0.1488656997666526483, 2.496868669859806822 ) ) ;
#6508 = LINE ( 'NONE', #9460, #1418 ) ;
#6509 = CARTESIAN_POINT ( 'NONE',  ( 2.758045332749530676, 0.1979561658771783195, 2.492167524512537646 ) ) ;
#6510 = EDGE_CURVE ( 'NONE', #1400, #2541, #5512, .T. ) ;
#6511 = CARTESIAN_POINT ( 'NONE',  ( 2.279733181221798688, -0.1954794693351009360, 2.492351440545349739 ) ) ;
#6512 = EDGE_CURVE ( 'NONE', #5162, #7545, #5297, .T. ) ;
#6513 = ORIENTED_EDGE ( 'NONE', *, *, #7264, .F. ) ;
#6514 = VECTOR ( 'NONE', #6644, 1000.000000000000227 ) ;
#6515 = ORIENTED_EDGE ( 'NONE', *, *, #791, .F. ) ;
#6516 = VERTEX_POINT ( 'NONE', #7644 ) ;
#6517 = B_SPLINE_CURVE_WITH_KNOTS ( 'NONE', 1,
 ( #6477, #6624 ),
 .UNSPECIFIED., .F., .F.,
 ( 2, 2 ),
 ( 0.000000000000000000, 1.000000000000000000 ),
 .UNSPECIFIED. ) ;
#6518 = AXIS2_PLACEMENT_3D ( 'NONE', #8500, #6360, #9310 ) ;
#6519 = CARTESIAN_POINT ( 'NONE',  ( 1.258866317495359599, -0.01849703975564421371, 2.510223409940858463 ) ) ;
#6520 = VERTEX_POINT ( 'NONE', #2559 ) ;
#6521 = AXIS2_PLACEMENT_3D ( 'NONE', #2893, #3740, #7279 ) ;
#6522 = DIRECTION ( 'NONE',  ( -1.000000000000000000, -0.000000000000000000, -0.000000000000000000 ) ) ;
#6523 = CARTESIAN_POINT ( 'NONE',  ( 3.096923330990328349, -0.09160792046453973547, 2.498363918887122725 ) ) ;
#6524 = B_SPLINE_CURVE_WITH_KNOTS ( 'NONE', 3,
 ( #9585, #6066, #109, #6688 ),
 .UNSPECIFIED., .F., .F.,
 ( 4, 4 ),
 ( 8.769835993308195538E-05, 1.000000000000000000 ),
 .UNSPECIFIED. ) ;
#6525 = CARTESIAN_POINT ( 'NONE',  ( 2.999293321688194069, -0.2025409522305853804, 2.501814773853078044 ) ) ;
#6526 = B_SPLINE_CURVE_WITH_KNOTS ( 'NONE', 3,
 ( #7266, #3597, #5149, #501 ),
 .UNSPECIFIED., .F., .F.,
 ( 4, 4 ),
 ( 0.000000000000000000, 1.000000000000000000 ),
 .UNSPECIFIED. ) ;
#6527 = SURFACE_STYLE_USAGE ( .BOTH. , #6620 ) ;
#6528 = ORIENTED_EDGE ( 'NONE', *, *, #3909, .T. ) ;
#6529 = CARTESIAN_POINT ( 'NONE',  ( 1.576457688715584338, -0.02736708171384788502, 2.509850800911972435 ) ) ;
#6530 = CIRCLE ( 'NONE', #9308, 2.510000000000000231 ) ;
#6531 = EDGE_CURVE ( 'NONE', #5803, #1501, #2375, .T. ) ;
#6532 = CARTESIAN_POINT ( 'NONE',  ( 2.944145544255289071, 0.3476511202129864975, 2.475709736341208611 ) ) ;
#6533 = CARTESIAN_POINT ( 'NONE',  ( 1.888053096262113595, 0.01065729627687968945, 2.509977374805611117 ) ) ;
#6534 = MANIFOLD_SOLID_BREP ( '����1', #8225 ) ;
#6535 =( NAMED_UNIT ( * ) PLANE_ANGLE_UNIT ( ) SI_UNIT ( $, .RADIAN. ) );
#6536 = ORIENTED_EDGE ( 'NONE', *, *, #9449, .F. ) ;
#6537 = DIRECTION ( 'NONE',  ( -1.000000000000000000, 0.000000000000000000, 0.000000000000000000 ) ) ;
#6538 = ORIENTED_EDGE ( 'NONE', *, *, #8925, .T. ) ;
#6539 = DIRECTION ( 'NONE',  ( 1.000000000000000000, 0.000000000000000000, 0.000000000000000000 ) ) ;
#6540 = VERTEX_POINT ( 'NONE', #8018 ) ;
#6541 = ADVANCED_FACE ( 'NONE', ( #6451 ), #3873, .T. ) ;
#6542 = CARTESIAN_POINT ( 'NONE',  ( 1.014456394888559654, -0.07780546026036844198, 2.499017615158221961 ) ) ;
#6543 = DIRECTION ( 'NONE',  ( 1.000000000000000000, 0.000000000000000000, 0.000000000000000000 ) ) ;
#6544 = CARTESIAN_POINT ( 'NONE',  ( 1.767625831662646529, 0.07810141566637690547, 2.498911718483809885 ) ) ;
#6545 = B_SPLINE_CURVE_WITH_KNOTS ( 'NONE', 3,
 ( #5938, #3795, #3181, #6128 ),
 .UNSPECIFIED., .F., .F.,
 ( 4, 4 ),
 ( 0.000000000000000000, 1.000000000000000000 ),
 .UNSPECIFIED. ) ;
#6546 = FACE_OUTER_BOUND ( 'NONE', #8682, .T. ) ;
#6547 = CARTESIAN_POINT ( 'NONE',  ( 1.555854609845288339, 0.4308875871411704250, 2.473449456965326032 ) ) ;
#6548 = VERTEX_POINT ( 'NONE', #9502 ) ;
#6549 = ADVANCED_FACE ( 'NONE', ( #3419 ), #6405, .T. ) ;
#6550 = AXIS2_PLACEMENT_3D ( 'NONE', #687, #734, #3163 ) ;
#6551 = DIRECTION ( 'NONE',  ( -1.000000000000000000, -0.000000000000000000, -0.000000000000000000 ) ) ;
#6552 = DIRECTION ( 'NONE',  ( 0.000000000000000000, 0.1580100316051670228, 0.9874375068388551169 ) ) ;
#6553 = EDGE_LOOP ( 'NONE', ( #4175, #6164, #8182 ) ) ;
#6554 = CARTESIAN_POINT ( 'NONE',  ( 2.965870426274356930, 0.3966051793289779859, 2.478468142165525023 ) ) ;
#6555 = ORIENTED_EDGE ( 'NONE', *, *, #1137, .F. ) ;
#6556 = DIRECTION ( 'NONE',  ( 0.000000000000000000, 0.000000000000000000, -1.000000000000000000 ) ) ;
#6557 = CARTESIAN_POINT ( 'NONE',  ( 3.119691441867945336, -0.04353503308369446878, 2.499736574304711745 ) ) ;
#6558 = CARTESIAN_POINT ( 'NONE',  ( 1.780991220440093503, 4.178549348970568218E-06, 2.509999891011601925 ) ) ;
#6559 = CARTESIAN_POINT ( 'NONE',  ( 1.077636972029966334, 0.3212253987538661870, 2.479276961553950720 ) ) ;
#6560 = CARTESIAN_POINT ( 'NONE',  ( 2.793716450521386729, 0.2623953189282216547, 2.486236710194217103 ) ) ;
#6561 = AXIS2_PLACEMENT_3D ( 'NONE', #3047, #3667, #2313 ) ;
#6562 = CARTESIAN_POINT ( 'NONE',  ( 2.341233647537683371, -0.1952312750352842574, 2.502395801876293291 ) ) ;
#6563 = ORIENTED_EDGE ( 'NONE', *, *, #1340, .F. ) ;
#6564 = EDGE_CURVE ( 'NONE', #5622, #4239, #6411, .T. ) ;
#6565 = ORIENTED_EDGE ( 'NONE', *, *, #4443, .T. ) ;
#6566 = FACE_OUTER_BOUND ( 'NONE', #3451, .T. ) ;
#6567 = AXIS2_PLACEMENT_3D ( 'NONE', #1758, #5451, #8299 ) ;
#6568 = EDGE_CURVE ( 'NONE', #6782, #2377, #8379, .T. ) ;
#6569 = CARTESIAN_POINT ( 'NONE',  ( 2.434446389192383986, -0.1305919500364444430, 2.496586818555621701 ) ) ;
#6570 = B_SPLINE_SURFACE_WITH_KNOTS ( 'NONE', 1, 3, ( 
 ( #3409, #5644, #1294, #5734 ),
 ( #9349, #2047, #8584, #4314 ) ),
 .UNSPECIFIED., .F., .F., .F.,
 ( 2, 2 ),
 ( 4, 4 ),
 ( 0.000000000000000000, 1.000000000000000000 ),
 ( 0.000000000000000000, 1.000000000000000000 ),
 .UNSPECIFIED. ) ;
#6571 = DIRECTION ( 'NONE',  ( 1.000000000000000000, 0.000000000000000000, -2.168404344971008868E-16 ) ) ;
#6572 = CARTESIAN_POINT ( 'NONE',  ( 0.9258980680937545227, 0.2946091566427178066, 2.493250232926891297 ) ) ;
#6573 = DIRECTION ( 'NONE',  ( 0.000000000000000000, 0.9874375068388552279, -0.1580100316051670506 ) ) ;
#6574 = LINE ( 'NONE', #2269, #7326 ) ;
#6575 = STYLED_ITEM ( 'NONE', ( #4504 ), #5514 ) ;
#6576 = AXIS2_PLACEMENT_3D ( 'NONE', #8794, #1365, #2168 ) ;
#6577 = B_SPLINE_SURFACE_WITH_KNOTS ( 'NONE', 1, 3, ( 
 ( #2658, #8556, #1932, #4899 ),
 ( #7109, #431, #6374, #9321 ) ),
 .UNSPECIFIED., .F., .F., .F.,
 ( 2, 2 ),
 ( 4, 4 ),
 ( 0.000000000000000000, 1.000000000000000000 ),
 ( 0.000000000000000000, 1.000000000000000000 ),
 .UNSPECIFIED. ) ;
#6578 = EDGE_LOOP ( 'NONE', ( #2487, #3818, #4191, #2697 ) ) ;
#6579 = FACE_OUTER_BOUND ( 'NONE', #5513, .T. ) ;
#6580 = VECTOR ( 'NONE', #2692, 1000.000000000000000 ) ;
#6581 = LINE ( 'NONE', #6672, #6356 ) ;
#6582 = CARTESIAN_POINT ( 'NONE',  ( 2.405232302830831337, 0.000000000000000000, 0.000000000000000000 ) ) ;
#6583 = B_SPLINE_CURVE_WITH_KNOTS ( 'NONE', 3,
 ( #6351, #233, #9163, #6898 ),
 .UNSPECIFIED., .F., .F.,
 ( 4, 4 ),
 ( 0.8285177760314452744, 1.000000000000000000 ),
 .UNSPECIFIED. ) ;
#6584 = CARTESIAN_POINT ( 'NONE',  ( 2.262504160562355260, -0.09819356130532837235, 2.498070860587860764 ) ) ;
#6585 = VECTOR ( 'NONE', #1845, 1000.000000000000000 ) ;
#6586 = EDGE_CURVE ( 'NONE', #9527, #4934, #8713, .T. ) ;
#6587 = B_SPLINE_CURVE_WITH_KNOTS ( 'NONE', 1,
 ( #4948, #9238 ),
 .UNSPECIFIED., .F., .F.,
 ( 2, 2 ),
 ( 0.000000000000000000, 1.000000000000000000 ),
 .UNSPECIFIED. ) ;
#6588 = PRESENTATION_STYLE_ASSIGNMENT (( #1437 ) ) ;
#6589 = UNCERTAINTY_MEASURE_WITH_UNIT (LENGTH_MEASURE( 1.000000000000000082E-05 ), #2805, 'distance_accuracy_value', 'NONE');
#6590 = ORIENTED_EDGE ( 'NONE', *, *, #5817, .T. ) ;
#6591 = CARTESIAN_POINT ( 'NONE',  ( 0.7897222432414691129, 0.04332157396023750273, 2.499624620063902292 ) ) ;
#6592 = ORIENTED_EDGE ( 'NONE', *, *, #785, .F. ) ;
#6593 = CARTESIAN_POINT ( 'NONE',  ( 2.342719109556029355, 0.1788862007265528964, 2.503617328424937227 ) ) ;
#6594 = CARTESIAN_POINT ( 'NONE',  ( 6.049999999999999822, 0.000000000000000000, -1.000000000000000000 ) ) ;
#6595 = DIRECTION ( 'NONE',  ( -1.000000000000000000, 0.000000000000000000, 0.000000000000000000 ) ) ;
#6596 = CARTESIAN_POINT ( 'NONE',  ( 1.537538268649719431, -0.2271071700478047850, 2.489664876973508800 ) ) ;
#6597 = DIRECTION ( 'NONE',  ( -1.000000000000000000, -0.000000000000000000, -0.000000000000000000 ) ) ;
#6598 = EDGE_CURVE ( 'NONE', #7511, #6808, #1556, .T. ) ;
#6599 = CARTESIAN_POINT ( 'NONE',  ( 1.158042963865601127, 0.3745057377863634240, 2.471859941301584040 ) ) ;
#6600 = DIRECTION ( 'NONE',  ( -1.000000000000000000, -0.000000000000000000, -0.000000000000000000 ) ) ;
#6601 = VERTEX_POINT ( 'NONE', #7180 ) ;
#6602 = VERTEX_POINT ( 'NONE', #5022 ) ;
#6603 = CARTESIAN_POINT ( 'NONE',  ( 2.322046429800451062, -0.05287140571402494660, 2.509443088507452568 ) ) ;
#6604 = CARTESIAN_POINT ( 'NONE',  ( 3.143445031722684302, -0.2301529181243587296, 2.499425860928633725 ) ) ;
#6605 = CARTESIAN_POINT ( 'NONE',  ( 2.457349073046625421, -0.1070810253178228755, 2.497714247083400618 ) ) ;
#6606 = DIRECTION ( 'NONE',  ( 0.000000000000000000, 0.000000000000000000, 1.000000000000000000 ) ) ;
#6607 = FACE_OUTER_BOUND ( 'NONE', #884, .T. ) ;
#6608 = ORIENTED_EDGE ( 'NONE', *, *, #6500, .T. ) ;
#6609 = ORIENTED_EDGE ( 'NONE', *, *, #2472, .T. ) ;
#6610 = EDGE_CURVE ( 'NONE', #9405, #7083, #7704, .T. ) ;
#6611 = ORIENTED_EDGE ( 'NONE', *, *, #5048, .F. ) ;
#6612 = DIRECTION ( 'NONE',  ( -1.000000000000000000, 0.000000000000000000, 0.000000000000000000 ) ) ;
#6613 = EDGE_CURVE ( 'NONE', #8083, #1757, #4444, .T. ) ;
#6614 = CARTESIAN_POINT ( 'NONE',  ( 2.256747995241840776, 0.2734468841593768462, 2.495060480538203507 ) ) ;
#6615 = CARTESIAN_POINT ( 'NONE',  ( 2.881632350981399693, 0.01257182957296817082, 2.499968389620394582 ) ) ;
#6616 = PLANE ( 'NONE',  #2802 ) ;
#6617 = CARTESIAN_POINT ( 'NONE',  ( 3.000716889455846470, -0.01534155688081141090, 2.509953114429126941 ) ) ;
#6618 = CARTESIAN_POINT ( 'NONE',  ( 1.886681928598631375, 0.06294953013919828144, 2.509755343390171145 ) ) ;
#6619 = B_SPLINE_CURVE_WITH_KNOTS ( 'NONE', 3,
 ( #6773, #3098, #96, #874 ),
 .UNSPECIFIED., .F., .F.,
 ( 4, 4 ),
 ( 0.000000000000000000, 1.000000000000000000 ),
 .UNSPECIFIED. ) ;
#6620 = SURFACE_SIDE_STYLE ('',( #6720 ) ) ;
#6621 = EDGE_LOOP ( 'NONE', ( #7471, #7482, #5285, #993 ) ) ;
#6622 = CARTESIAN_POINT ( 'NONE',  ( 2.767375564066024474, 0.3449540277677828337, 2.476086977213600271 ) ) ;
#6623 = EDGE_CURVE ( 'NONE', #4951, #8166, #9448, .T. ) ;
#6624 = CARTESIAN_POINT ( 'NONE',  ( 2.532298550476452803, -0.1544390364353402378, 2.505244216443762717 ) ) ;
#6625 = DIRECTION ( 'NONE',  ( 0.000000000000000000, 0.07773788092224918900, 0.9969738320887456817 ) ) ;
#6626 = EDGE_CURVE ( 'NONE', #6041, #1139, #8069, .T. ) ;
#6627 = EDGE_CURVE ( 'NONE', #1255, #1435, #3607, .T. ) ;
#6628 = CARTESIAN_POINT ( 'NONE',  ( 2.284416569022766019, -0.1594018248749324851, 2.504933344068568601 ) ) ;
#6629 = ORIENTED_EDGE ( 'NONE', *, *, #3944, .F. ) ;
#6630 = B_SPLINE_CURVE_WITH_KNOTS ( 'NONE', 3,
 ( #9052, #6062, #3969, #1655, #784, #8337 ),
 .UNSPECIFIED., .F., .F.,
 ( 4, 2, 4 ),
 ( 0.000000000000000000, 0.5000000000000000000, 1.000000000000000000 ),
 .UNSPECIFIED. ) ;
#6631 = CARTESIAN_POINT ( 'NONE',  ( 2.881632350981399693, 0.000000000000000000, 2.500000000000000000 ) ) ;
#6632 = EDGE_LOOP ( 'NONE', ( #7666, #988, #3434, #5457 ) ) ;
#6633 = CARTESIAN_POINT ( 'NONE',  ( 2.463722369804626222, -0.1166209756229792255, 2.497278428218356439 ) ) ;
#6634 = CARTESIAN_POINT ( 'NONE',  ( 0.7897222432414691129, 0.04332157396023750273, 2.499624620063902292 ) ) ;
#6635 = SURFACE_STYLE_USAGE ( .BOTH. , #3686 ) ;
#6636 = CARTESIAN_POINT ( 'NONE',  ( 2.767375564066024474, 0.3463338438788539642, 2.485991325122454576 ) ) ;
#6637 = CARTESIAN_POINT ( 'NONE',  ( 1.390533354600380633, 0.4608703993464394744, 2.467326179289283772 ) ) ;
#6638 = CARTESIAN_POINT ( 'NONE',  ( 1.108203796827014420, 0.3179041521048309171, 2.479705012713106616 ) ) ;
#6639 = B_SPLINE_CURVE_WITH_KNOTS ( 'NONE', 3,
 ( #2454, #8876, #1714, #6028 ),
 .UNSPECIFIED., .F., .F.,
 ( 4, 4 ),
 ( 0.9418887672913686115, 1.000000000000000000 ),
 .UNSPECIFIED. ) ;
#6640 = CARTESIAN_POINT ( 'NONE',  ( 2.592152940145814544, -0.05684753223574125214, 2.509356164054577842 ) ) ;
#6641 = ORIENTED_EDGE ( 'NONE', *, *, #5677, .T. ) ;
#6642 = VERTEX_POINT ( 'NONE', #4662 ) ;
#6643 = ORIENTED_EDGE ( 'NONE', *, *, #3433, .F. ) ;
#6644 = DIRECTION ( 'NONE',  ( 0.000000000000000000, 0.1580100316051670228, 0.9874375068388551169 ) ) ;
#6645 = DIRECTION ( 'NONE',  ( -1.000000000000000000, -0.000000000000000000, -0.000000000000000000 ) ) ;
#6646 = CARTESIAN_POINT ( 'NONE',  ( 3.204926582424294068, -0.06840999099747485657, 2.510375757071417357 ) ) ;
#6647 = CIRCLE ( 'NONE', #2642, 2.510000000000000231 ) ;
#6648 = EDGE_CURVE ( 'NONE', #4455, #1007, #6761, .T. ) ;
#6649 = CARTESIAN_POINT ( 'NONE',  ( 2.621186619276883789, -0.2960719740314169957, 2.492477898902791811 ) ) ;
#6650 = CARTESIAN_POINT ( 'NONE',  ( 2.457873428451995412, -0.2090338070518001912, 2.501280685093583145 ) ) ;
#6651 = CARTESIAN_POINT ( 'NONE',  ( 2.469204461427152442, -0.1208865109556303830, 2.497079231009736500 ) ) ;
#6652 = B_SPLINE_SURFACE_WITH_KNOTS ( 'NONE', 1, 3, ( 
 ( #1006, #2500, #8398, #5455 ),
 ( #9158, #6892, #4778, #1106 ) ),
 .UNSPECIFIED., .F., .F., .F.,
 ( 2, 2 ),
 ( 4, 4 ),
 ( 0.000000000000000000, 1.000000000000000000 ),
 ( 0.000000000000000000, 1.000000000000000000 ),
 .UNSPECIFIED. ) ;
#6653 = ORIENTED_EDGE ( 'NONE', *, *, #822, .T. ) ;
#6654 = VERTEX_POINT ( 'NONE', #161 ) ;
#6655 = VERTEX_POINT ( 'NONE', #943 ) ;
#6656 = CARTESIAN_POINT ( 'NONE',  ( 2.826794044801901329, 0.2781401420645645550, 2.484479434684920829 ) ) ;
#6657 = CARTESIAN_POINT ( 'NONE',  ( 2.756915435686840166, 0.000000000000000000, 0.000000000000000000 ) ) ;
#6658 = CARTESIAN_POINT ( 'NONE',  ( 4.500000000000000000, 0.000000000000000000, 0.000000000000000000 ) ) ;
#6659 = CARTESIAN_POINT ( 'NONE',  ( 0.7897222432414691129, 0.04332157396023750273, 2.499624620063902292 ) ) ;
#6660 = EDGE_CURVE ( 'NONE', #2207, #3915, #2509, .T. ) ;
#6661 = ORIENTED_EDGE ( 'NONE', *, *, #6870, .F. ) ;
#6662 = CARTESIAN_POINT ( 'NONE',  ( -4.500000000000000000, 0.000000000000000000, 0.000000000000000000 ) ) ;
#6663 = FILL_AREA_STYLE_COLOUR ( '', #2555 ) ;
#6664 = CIRCLE ( 'NONE', #9443, 2.500000000000000000 ) ;
#6665 = CARTESIAN_POINT ( 'NONE',  ( 1.807848212850675651, 0.1919953340662775010, 2.502982106463142564 ) ) ;
#6666 = EDGE_CURVE ( 'NONE', #3133, #7681, #4507, .T. ) ;
#6667 = VECTOR ( 'NONE', #4932, 1000.000000000000000 ) ;
#6668 = FILL_AREA_STYLE ('',( #5383 ) ) ;
#6669 = CARTESIAN_POINT ( 'NONE',  ( 4.500000000000000000, 0.000000000000000000, 0.000000000000000000 ) ) ;
#6670 = ORIENTED_EDGE ( 'NONE', *, *, #4939, .F. ) ;
#6671 = CARTESIAN_POINT ( 'NONE',  ( 1.415782330526514698, -0.1121695966636467034, 2.497843307751307140 ) ) ;
#6672 = CARTESIAN_POINT ( 'NONE',  ( 2.484952097818111660, 0.3674986156302331164, 2.472841435982069402 ) ) ;
#6673 = CARTESIAN_POINT ( 'NONE',  ( 2.767375564066024474, 0.3463338438788539642, 2.485991325122454576 ) ) ;
#6674 = DIRECTION ( 'NONE',  ( 0.000000000000000000, 0.1162738322918425160, 0.9932171947384764721 ) ) ;
#6675 = ORIENTED_EDGE ( 'NONE', *, *, #6384, .F. ) ;
#6676 = EDGE_CURVE ( 'NONE', #2282, #4965, #9143, .T. ) ;
#6677 = AXIS2_PLACEMENT_3D ( 'NONE', #2984, #2298, #9599 ) ;
#6678 = UNCERTAINTY_MEASURE_WITH_UNIT (LENGTH_MEASURE( 1.000000000000000082E-05 ), #6221, 'distance_accuracy_value', 'NONE');
#6679 = ORIENTED_EDGE ( 'NONE', *, *, #6683, .T. ) ;
#6680 = CARTESIAN_POINT ( 'NONE',  ( 1.516204428033355089, -0.1768831128608509273, 2.493734621884344804 ) ) ;
#6681 = EDGE_CURVE ( 'NONE', #626, #6540, #1426, .T. ) ;
#6682 = ORIENTED_EDGE ( 'NONE', *, *, #4685, .T. ) ;
#6683 = EDGE_CURVE ( 'NONE', #4074, #1107, #1302, .T. ) ;
#6684 = ORIENTED_EDGE ( 'NONE', *, *, #2671, .F. ) ;
#6685 = DIRECTION ( 'NONE',  ( 0.000000000000000000, 0.000000000000000000, -1.000000000000000000 ) ) ;
#6686 = DIRECTION ( 'NONE',  ( -1.000000000000000000, 0.000000000000000000, 1.509973174694306569E-16 ) ) ;
#6687 = CARTESIAN_POINT ( 'NONE',  ( 3.093496371354855778, -0.1962225167376299151, 2.502318269909955095 ) ) ;
#6688 = CARTESIAN_POINT ( 'NONE',  ( 2.826794044801901329, 0.2792527026328228135, 2.494417352423660805 ) ) ;
#6689 = CARTESIAN_POINT ( 'NONE',  ( 1.070330338384372082, 0.2186393635501753530, 2.490421014348050743 ) ) ;
#6690 = EDGE_CURVE ( 'NONE', #9196, #8836, #6630, .T. ) ;
#6691 = LINE ( 'NONE', #9497, #8127 ) ;
#6692 = B_SPLINE_CURVE_WITH_KNOTS ( 'NONE', 3,
 ( #6865, #197, #3291, #6358 ),
 .UNSPECIFIED., .F., .F.,
 ( 4, 4 ),
 ( 0.000000000000000000, 0.3602239947127079955 ),
 .UNSPECIFIED. ) ;
#6693 = CARTESIAN_POINT ( 'NONE',  ( 2.607213874498907735, -0.1003356537464689668, 2.508370974138189879 ) ) ;
#6694 = ORIENTED_EDGE ( 'NONE', *, *, #7400, .T. ) ;
#6695 = CARTESIAN_POINT ( 'NONE',  ( 2.453695501181130112, 0.3950250790129175571, 2.468593767097137626 ) ) ;
#6696 = DIRECTION ( 'NONE',  ( 0.000000000000000000, 0.000000000000000000, 1.000000000000000000 ) ) ;
#6697 = CARTESIAN_POINT ( 'NONE',  ( 1.100993991040779552, -0.1396947699528647557, 2.506143922186510498 ) ) ;
#6698 = CARTESIAN_POINT ( 'NONE',  ( 3.096741313395797945, -0.1349798289292741538, 2.496519240077423873 ) ) ;
#6699 = CARTESIAN_POINT ( 'NONE',  ( 2.354231440198708114, -0.1592624257973694057, 2.494921938604319767 ) ) ;
#6700 = CARTESIAN_POINT ( 'NONE',  ( 2.881632350981399693, 0.01262211689126004413, 2.509968263178876224 ) ) ;
#6701 = B_SPLINE_CURVE_WITH_KNOTS ( 'NONE', 3,
 ( #7411, #5973, #163, #5301 ),
 .UNSPECIFIED., .F., .F.,
 ( 4, 4 ),
 ( 0.0002544970830785603746, 1.000000000000000000 ),
 .UNSPECIFIED. ) ;
#6702 = VERTEX_POINT ( 'NONE', #6928 ) ;
#6703 = CIRCLE ( 'NONE', #7956, 2.500000000000000000 ) ;
#6704 = ORIENTED_EDGE ( 'NONE', *, *, #2373, .F. ) ;
#6705 = ORIENTED_EDGE ( 'NONE', *, *, #3037, .F. ) ;
#6706 = DIRECTION ( 'NONE',  ( 0.000000000000000000, 0.07280039224747592019, 0.9973465309954276936 ) ) ;
#6707 = ADVANCED_FACE ( 'NONE', ( #3776 ), #2385, .T. ) ;
#6708 = LINE ( 'NONE', #811, #2518 ) ;
#6709 = CARTESIAN_POINT ( 'NONE',  ( 2.471768622405012827, -0.1540695810036642466, 2.505266964658528384 ) ) ;
#6710 = VERTEX_POINT ( 'NONE', #8949 ) ;
#6711 = AXIS2_PLACEMENT_3D ( 'NONE', #8178, #1535, #3863 ) ;
#6712 = CARTESIAN_POINT ( 'NONE',  ( 2.302983000563780802, -0.1267595933021929688, 2.496784332998319478 ) ) ;
#6713 = ORIENTED_EDGE ( 'NONE', *, *, #3555, .T. ) ;
#6714 = FACE_OUTER_BOUND ( 'NONE', #9028, .T. ) ;
#6715 = CYLINDRICAL_SURFACE ( 'NONE', #6561, 2.500000000000000000 ) ;
#6716 = CARTESIAN_POINT ( 'NONE',  ( 1.482263880567943337, 0.04282534004741361811, 2.509725979602284607 ) ) ;
#6717 = CIRCLE ( 'NONE', #5500, 2.500000000000000000 ) ;
#6718 = CARTESIAN_POINT ( 'NONE',  ( 2.907937407556844267, 0.2477341590463576770, 2.487695276041982151 ) ) ;
#6719 = EDGE_CURVE ( 'NONE', #4458, #3292, #6205, .T. ) ;
#6720 = SURFACE_STYLE_FILL_AREA ( #4349 ) ;
#6721 = VERTEX_POINT ( 'NONE', #885 ) ;
#6722 = B_SPLINE_CURVE_WITH_KNOTS ( 'NONE', 3,
 ( #5228, #6810, #3140, #4483, #2993, #8317 ),
 .UNSPECIFIED., .F., .F.,
 ( 4, 2, 4 ),
 ( 0.000000000000000000, 0.5000000000000000000, 1.000000000000000000 ),
 .UNSPECIFIED. ) ;
#6723 = CARTESIAN_POINT ( 'NONE',  ( 2.405232302830831337, 0.3903171216898836948, 2.476091743513051391 ) ) ;
#6724 = CARTESIAN_POINT ( 'NONE',  ( 3.071271301472171533, -0.1772645227300297111, 2.503732671229357720 ) ) ;
#6725 = VECTOR ( 'NONE', #6842, 1000.000000000000000 ) ;
#6726 = CIRCLE ( 'NONE', #5042, 2.510000000000000231 ) ;
#6727 = CARTESIAN_POINT ( 'NONE',  ( 2.697496954949315739, 0.3689686100927540569, 2.482732801725997085 ) ) ;
#6728 = CARTESIAN_POINT ( 'NONE',  ( 2.233304943991091474, 0.3370277994377211539, 2.477326358058932421 ) ) ;
#6729 = SURFACE_SIDE_STYLE ('',( #3771 ) ) ;
#6730 = EDGE_LOOP ( 'NONE', ( #4119, #7738, #5407, #497 ) ) ;
#6731 = CARTESIAN_POINT ( 'NONE',  ( 2.282186532306803795, 0.3459645554903794107, 2.486042744271374172 ) ) ;
#6732 = ORIENTED_EDGE ( 'NONE', *, *, #1594, .T. ) ;
#6733 = CARTESIAN_POINT ( 'NONE',  ( 1.221575135960931036, -0.1391306218635783021, 2.506172412439956698 ) ) ;
#6734 = B_SPLINE_SURFACE_WITH_KNOTS ( 'NONE', 1, 3, ( 
 ( #8408, #238, #374, #8360 ),
 ( #2557, #9073, #6951, #5416 ) ),
 .UNSPECIFIED., .F., .F., .F.,
 ( 2, 2 ),
 ( 4, 4 ),
 ( 0.000000000000000000, 1.000000000000000000 ),
 ( 0.000000000000000000, 1.000000000000000000 ),
 .UNSPECIFIED. ) ;
#6735 = EDGE_CURVE ( 'NONE', #8259, #4951, #216, .T. ) ;
#6736 = SURFACE_SIDE_STYLE ('',( #3777 ) ) ;
#6737 = CARTESIAN_POINT ( 'NONE',  ( 2.300445336282767261, -0.2333034775475972544, 2.489090092255441089 ) ) ;
#6738 = B_SPLINE_CURVE_WITH_KNOTS ( 'NONE', 3,
 ( #3940, #8311, #6273, #1676 ),
 .UNSPECIFIED., .F., .F.,
 ( 4, 4 ),
 ( 0.000000000000000000, 1.000000000000000000 ),
 .UNSPECIFIED. ) ;
#6739 = LINE ( 'NONE', #5877, #316 ) ;
#6740 = CARTESIAN_POINT ( 'NONE',  ( 0.8620261527772710153, -0.1448189065890106431, 2.505818725345942521 ) ) ;
#6741 = DIRECTION ( 'NONE',  ( 0.000000000000000000, -0.9999813204896919050, -0.006112174056101938799 ) ) ;
#6742 = MECHANICAL_DESIGN_GEOMETRIC_PRESENTATION_REPRESENTATION (  '', ( #5209 ), #5670 ) ;
#6743 = EDGE_CURVE ( 'NONE', #251, #1829, #9173, .T. ) ;
#6744 = CARTESIAN_POINT ( 'NONE',  ( 2.285157456343514859, -0.2007469217934570727, 2.491927100336293943 ) ) ;
#6745 = ORIENTED_EDGE ( 'NONE', *, *, #9225, .F. ) ;
#6746 = CARTESIAN_POINT ( 'NONE',  ( 2.576307885885423143, -0.2853533734068935956, 2.493726826693529741 ) ) ;
#6747 = ORIENTED_EDGE ( 'NONE', *, *, #1909, .T. ) ;
#6748 = ADVANCED_FACE ( 'NONE', ( #8291 ), #994, .T. ) ;
#6749 = CARTESIAN_POINT ( 'NONE',  ( 1.161570977141077154, 0.1929042742342178263, 2.492546477195995980 ) ) ;
#6750 = CARTESIAN_POINT ( 'NONE',  ( 1.161570944305657660, -0.2413170020507933444, 2.498372691277507940 ) ) ;
#6751 = CARTESIAN_POINT ( 'NONE',  ( 1.070330338384372082, 0.2186393635501753530, 2.490421014348050743 ) ) ;
#6752 = CARTESIAN_POINT ( 'NONE',  ( 2.466321928337154912, -0.08405479553050471120, 2.508592193113166502 ) ) ;
#6753 = CARTESIAN_POINT ( 'NONE',  ( 2.558234890725588517, -0.05684753223574125214, 2.509356164054578286 ) ) ;
#6754 = ORIENTED_EDGE ( 'NONE', *, *, #6598, .F. ) ;
#6755 = EDGE_CURVE ( 'NONE', #5674, #881, #6296, .T. ) ;
#6756 = ORIENTED_EDGE ( 'NONE', *, *, #6755, .T. ) ;
#6757 = EDGE_CURVE ( 'NONE', #7762, #7083, #6988, .T. ) ;
#6758 = ORIENTED_EDGE ( 'NONE', *, *, #8414, .T. ) ;
#6759 = CARTESIAN_POINT ( 'NONE',  ( 0.8981781650063318523, 0.04676413706562126266, 2.499562584830495648 ) ) ;
#6760 = PLANE ( 'NONE',  #303 ) ;
#6761 = B_SPLINE_CURVE_WITH_KNOTS ( 'NONE', 3,
 ( #8436, #105, #6831, #6016 ),
 .UNSPECIFIED., .F., .F.,
 ( 4, 4 ),
 ( 0.000000000000000000, 1.000000000000000000 ),
 .UNSPECIFIED. ) ;
#6762 = CARTESIAN_POINT ( 'NONE',  ( 1.163292472606964667, -0.3443056336409604512, 2.486273040243789367 ) ) ;
#6763 = ORIENTED_EDGE ( 'NONE', *, *, #1787, .T. ) ;
#6764 = VERTEX_POINT ( 'NONE', #8524 ) ;
#6765 = ORIENTED_EDGE ( 'NONE', *, *, #3714, .T. ) ;
#6766 = CARTESIAN_POINT ( 'NONE',  ( 1.102365363877613413, 0.2181739595179849889, 2.490461873158992923 ) ) ;
#6767 = CARTESIAN_POINT ( 'NONE',  ( 1.781273134506210498, 0.005900659827199437359, 2.499994827625827032 ) ) ;
#6768 = PLANE ( 'NONE',  #7155 ) ;
#6769 = DIRECTION ( 'NONE',  ( -1.000000000000000000, -0.000000000000000000, -0.000000000000000000 ) ) ;
#6770 = CARTESIAN_POINT ( 'NONE',  ( 2.308305906130250662, -0.2085194248689075935, 2.491288752724650113 ) ) ;
#6771 = VERTEX_POINT ( 'NONE', #9242 ) ;
#6772 = CARTESIAN_POINT ( 'NONE',  ( 1.722482933656547699, -0.1084491027501137406, 2.507785793775428651 ) ) ;
#6773 = CARTESIAN_POINT ( 'NONE',  ( 2.280515387535539507, 0.2035993831601810300, 2.491695665842198260 ) ) ;
#6774 = CARTESIAN_POINT ( 'NONE',  ( 2.790276436849969066, 0.1890500426927995414, 2.502870368468541162 ) ) ;
#6775 = ADVANCED_FACE ( 'NONE', ( #4953 ), #907, .T. ) ;
#6776 = CARTESIAN_POINT ( 'NONE',  ( 2.999479004441937491, -0.2301529181243587296, 2.499425860928633725 ) ) ;
#6777 = ORIENTED_EDGE ( 'NONE', *, *, #7451, .T. ) ;
#6778 = CARTESIAN_POINT ( 'NONE',  ( 2.384559623074435475, -0.1182284499960921526, 2.497202841903621184 ) ) ;
#6779 = UNCERTAINTY_MEASURE_WITH_UNIT (LENGTH_MEASURE( 1.000000000000000082E-05 ), #2566, 'distance_accuracy_value', 'NONE');
#6780 = ORIENTED_EDGE ( 'NONE', *, *, #3525, .F. ) ;
#6781 = CARTESIAN_POINT ( 'NONE',  ( 2.453597857411994987, -0.1465612218031537850, 2.505728715750275004 ) ) ;
#6782 = VERTEX_POINT ( 'NONE', #7905 ) ;
#6783 = CARTESIAN_POINT ( 'NONE',  ( 1.228696520136385528, -0.1927127361981874898, 2.502660250164997269 ) ) ;
#6784 = FACE_OUTER_BOUND ( 'NONE', #5638, .T. ) ;
#6785 = CARTESIAN_POINT ( 'NONE',  ( 2.086353122880875599, 0.000000000000000000, 2.510000000000000231 ) ) ;
#6786 = EDGE_CURVE ( 'NONE', #3407, #1391, #5846, .T. ) ;
#6787 = CARTESIAN_POINT ( 'NONE',  ( 3.093496371354855778, -0.1954407537227389746, 2.492348874412305904 ) ) ;
#6788 =( NAMED_UNIT ( * ) PLANE_ANGLE_UNIT ( ) SI_UNIT ( $, .RADIAN. ) );
#6789 = CARTESIAN_POINT ( 'NONE',  ( 4.500000000000000000, 0.000000000000000000, 0.000000000000000000 ) ) ;
#6790 = CARTESIAN_POINT ( 'NONE',  ( 2.214040962212883823, 0.000000000000000000, 0.000000000000000000 ) ) ;
#6791 = EDGE_CURVE ( 'NONE', #9235, #5023, #917, .T. ) ;
#6792 = DIRECTION ( 'NONE',  ( 0.000000000000000000, 0.000000000000000000, -1.000000000000000000 ) ) ;
#6793 = ORIENTED_EDGE ( 'NONE', *, *, #7804, .F. ) ;
#6794 = CARTESIAN_POINT ( 'NONE',  ( 2.492827744756053843, -0.2329522863139019129, 2.489123009559784716 ) ) ;
#6795 = EDGE_LOOP ( 'NONE', ( #6745, #4359, #6110, #8721 ) ) ;
#6796 = CARTESIAN_POINT ( 'NONE',  ( 2.584044793295543929, -0.3102096543760115566, 2.480679336458446294 ) ) ;
#6797 = CARTESIAN_POINT ( 'NONE',  ( 2.387240954316930619, 0.1839021099995038488, 2.493248829273428058 ) ) ;
#6798 = CARTESIAN_POINT ( 'NONE',  ( 3.090896461887190583, -0.1570960683028515270, 2.505160562098188493 ) ) ;
#6799 = CARTESIAN_POINT ( 'NONE',  ( 2.580846923672402760, -0.1145831906982823084, 2.508048207156064802 ) ) ;
#6800 = CARTESIAN_POINT ( 'NONE',  ( 2.870965980088645786, 0.2350149576857196443, 2.490237362332850868 ) ) ;
#6801 = ORIENTED_EDGE ( 'NONE', *, *, #5005, .F. ) ;
#6802 = EDGE_LOOP ( 'NONE', ( #2059, #3183, #6035, #1855 ) ) ;
#6803 = EDGE_CURVE ( 'NONE', #7935, #1417, #4987, .T. ) ;
#6804 = ORIENTED_EDGE ( 'NONE', *, *, #4084, .T. ) ;
#6805 = DIRECTION ( 'NONE',  ( -1.000000000000000000, 0.000000000000000000, 0.000000000000000000 ) ) ;
#6806 = CARTESIAN_POINT ( 'NONE',  ( 2.117609719517868694, -0.2017340161659378073, 2.491847384315813763 ) ) ;
#6807 = CARTESIAN_POINT ( 'NONE',  ( 2.405232302830831337, 0.1651231628232469051, 2.504562704565259423 ) ) ;
#6808 = VERTEX_POINT ( 'NONE', #1190 ) ;
#6809 = ADVANCED_FACE ( 'NONE', ( #6337 ), #9053, .T. ) ;
#6810 = CARTESIAN_POINT ( 'NONE',  ( 1.211289253936887800, -0.3436492815264527989, 2.486363933611902777 ) ) ;
#6811 = EDGE_CURVE ( 'NONE', #7751, #9206, #3639, .T. ) ;
#6812 = ORIENTED_EDGE ( 'NONE', *, *, #3731, .T. ) ;
#6813 = CARTESIAN_POINT ( 'NONE',  ( 2.284416569022766019, -0.1594018248749324851, 2.504933344068568601 ) ) ;
#6814 = CARTESIAN_POINT ( 'NONE',  ( 2.996611309144105117, 0.3153287103620198706, 2.481346802749651914 ) ) ;
#6815 = CARTESIAN_POINT ( 'NONE',  ( 2.520992153692247051, -0.08178141172101278944, 2.498674827010616273 ) ) ;
#6816 = B_SPLINE_CURVE_WITH_KNOTS ( 'NONE', 1,
 ( #3649, #3023 ),
 .UNSPECIFIED., .F., .F.,
 ( 2, 2 ),
 ( 0.000000000000000000, 1.000000000000000000 ),
 .UNSPECIFIED. ) ;
#6817 = VECTOR ( 'NONE', #2650, 1000.000000000000000 ) ;
#6818 = CARTESIAN_POINT ( 'NONE',  ( 2.117609719517868694, -0.2017340161659378073, 2.491847384315813763 ) ) ;
#6819 = B_SPLINE_SURFACE_WITH_KNOTS ( 'NONE', 1, 3, ( 
 ( #4690, #7593, #5468, #9076 ),
 ( #915, #3376, #4040, #8460 ) ),
 .UNSPECIFIED., .F., .F., .F.,
 ( 2, 2 ),
 ( 4, 4 ),
 ( 0.000000000000000000, 1.000000000000000000 ),
 ( 0.000000000000000000, 1.000000000000000000 ),
 .UNSPECIFIED. ) ;
#6820 = CARTESIAN_POINT ( 'NONE',  ( 1.824356778977260340, -0.1528343366088679989, 2.495323960040725542 ) ) ;
#6821 = EDGE_LOOP ( 'NONE', ( #2070, #2596, #2858, #5731 ) ) ;
#6822 = FACE_OUTER_BOUND ( 'NONE', #3156, .T. ) ;
#6823 = AXIS2_PLACEMENT_3D ( 'NONE', #3309, #2629, #4863 ) ;
#6824 = CARTESIAN_POINT ( 'NONE',  ( 2.948199617680830276, 0.3644372414834211593, 2.473294462254738590 ) ) ;
#6825 = CARTESIAN_POINT ( 'NONE',  ( 2.522955167788405895, -0.2204979398983341887, 2.500296114163398364 ) ) ;
#6826 = ORIENTED_EDGE ( 'NONE', *, *, #361, .T. ) ;
#6827 = PRESENTATION_STYLE_ASSIGNMENT (( #8382 ) ) ;
#6828 = EDGE_CURVE ( 'NONE', #1886, #7927, #2717, .T. ) ;
#6829 = EDGE_LOOP ( 'NONE', ( #4832, #6368, #668 ) ) ;
#6830 = ORIENTED_EDGE ( 'NONE', *, *, #5725, .F. ) ;
#6831 = CARTESIAN_POINT ( 'NONE',  ( 2.538723026420985018, -0.1618350423452107334, 2.494769288095969983 ) ) ;
#6832 = CARTESIAN_POINT ( 'NONE',  ( 3.001954774471419451, 0.01257182957296817082, 2.499968389620394582 ) ) ;
#6833 = CARTESIAN_POINT ( 'NONE',  ( 2.425843088335733366, -0.1032647676281813615, 2.497866367075448402 ) ) ;
#6834 = CARTESIAN_POINT ( 'NONE',  ( 2.511416028210894602, -0.1384315293969311245, 2.496174169945567733 ) ) ;
#6835 = SURFACE_STYLE_FILL_AREA ( #1551 ) ;
#6836 = DIRECTION ( 'NONE',  ( 0.000000000000000000, -0.006112174056100162442, 0.9999813204896919050 ) ) ;
#6837 = ORIENTED_EDGE ( 'NONE', *, *, #1848, .T. ) ;
#6838 = CARTESIAN_POINT ( 'NONE',  ( 2.493184033169769886, -0.05266076266337145484, 2.499445307278339357 ) ) ;
#6839 = CARTESIAN_POINT ( 'NONE',  ( 2.405232302830831337, 0.000000000000000000, 0.000000000000000000 ) ) ;
#6840 = EDGE_CURVE ( 'NONE', #4385, #5295, #749, .T. ) ;
#6841 = VERTEX_POINT ( 'NONE', #3442 ) ;
#6842 = DIRECTION ( 'NONE',  ( -1.000000000000000000, -0.000000000000000000, -0.000000000000000000 ) ) ;
#6843 = ORIENTED_EDGE ( 'NONE', *, *, #2960, .T. ) ;
#6844 = AXIS2_PLACEMENT_3D ( 'NONE', #1768, #369, #4730 ) ;
#6845 = CARTESIAN_POINT ( 'NONE',  ( 1.101566751195451221, -0.2091244645197091190, 2.501304549468557070 ) ) ;
#6846 = CARTESIAN_POINT ( 'NONE',  ( 2.645753361309656437, -0.2552323279968282121, 2.486937164213305795 ) ) ;
#6847 = CARTESIAN_POINT ( 'NONE',  ( 2.608741528037690216, -0.3039663385235272242, 2.481452520842598819 ) ) ;
#6848 = FACE_OUTER_BOUND ( 'NONE', #5318, .T. ) ;
#6849 = CARTESIAN_POINT ( 'NONE',  ( 2.932447530860537110, 0.3966051793289779859, 2.478468142165525023 ) ) ;
#6850 = ORIENTED_EDGE ( 'NONE', *, *, #2440, .T. ) ;
#6851 = ORIENTED_EDGE ( 'NONE', *, *, #7052, .F. ) ;
#6852 = DIRECTION ( 'NONE',  ( 0.000000000000000000, 0.000000000000000000, 1.000000000000000000 ) ) ;
#6853 = CARTESIAN_POINT ( 'NONE',  ( 2.387092936091211648, 0.1553709289577459018, 2.495183949440973770 ) ) ;
#6854 = CARTESIAN_POINT ( 'NONE',  ( 2.932880790617061084, 0.000000000000000000, 0.000000000000000000 ) ) ;
#6855 = ORIENTED_EDGE ( 'NONE', *, *, #4918, .T. ) ;
#6856 = LINE ( 'NONE', #713, #2783 ) ;
#6857 = ORIENTED_EDGE ( 'NONE', *, *, #347, .F. ) ;
#6858 = ADVANCED_FACE ( 'NONE', ( #1145 ), #7602, .T. ) ;
#6859 = CARTESIAN_POINT ( 'NONE',  ( 3.070595498570912518, -0.03820836924382178812, 2.509709170505564302 ) ) ;
#6860 = DIRECTION ( 'NONE',  ( 0.000000000000000000, 0.000000000000000000, 1.000000000000000000 ) ) ;
#6861 = SURFACE_STYLE_FILL_AREA ( #89 ) ;
#6862 = CARTESIAN_POINT ( 'NONE',  ( 4.500000000000000000, 5.510910596163088939E-17, 0.4499999999999999001 ) ) ;
#6863 = ADVANCED_FACE ( 'NONE', ( #2765 ), #1378, .T. ) ;
#6864 = EDGE_CURVE ( 'NONE', #8456, #483, #9197, .T. ) ;
#6865 = CARTESIAN_POINT ( 'NONE',  ( 3.093496371354855778, -0.01948914193164277830, 2.499924033515172450 ) ) ;
#6866 = AXIS2_PLACEMENT_3D ( 'NONE', #5061, #4315, #6396 ) ;
#6867 = VERTEX_POINT ( 'NONE', #4352 ) ;
#6868 = CARTESIAN_POINT ( 'NONE',  ( 1.657369157666903625, -0.1258341457442366251, 2.506843786071405233 ) ) ;
#6869 = LINE ( 'NONE', #2427, #4674 ) ;
#6870 = EDGE_CURVE ( 'NONE', #8581, #7727, #3289, .T. ) ;
#6871 = CARTESIAN_POINT ( 'NONE',  ( 2.503520373047568803, -0.1688971046413364485, 2.494288228742575164 ) ) ;
#6872 = CARTESIAN_POINT ( 'NONE',  ( 2.300445336282767261, -0.2342366914577876380, 2.499046452624462678 ) ) ;
#6873 = ORIENTED_EDGE ( 'NONE', *, *, #6786, .T. ) ;
#6874 = AXIS2_PLACEMENT_3D ( 'NONE', #2428, #7017, #5389 ) ;
#6875 = B_SPLINE_SURFACE_WITH_KNOTS ( 'NONE', 1, 3, ( 
 ( #7058, #7702, #2702, #3473 ),
 ( #1883, #289, #4046, #2651 ) ),
 .UNSPECIFIED., .F., .F., .F.,
 ( 2, 2 ),
 ( 4, 4 ),
 ( 0.000000000000000000, 1.000000000000000000 ),
 ( 0.000000000000000000, 1.000000000000000000 ),
 .UNSPECIFIED. ) ;
#6876 = CARTESIAN_POINT ( 'NONE',  ( 2.340363403547041532, -0.2236999916625351803, 2.490061558345090909 ) ) ;
#6877 = VERTEX_POINT ( 'NONE', #4256 ) ;
#6878 = LINE ( 'NONE', #6108, #2409 ) ;
#6879 = AXIS2_PLACEMENT_3D ( 'NONE', #4517, #6600, #1613 ) ;
#6880 = ORIENTED_EDGE ( 'NONE', *, *, #6811, .F. ) ;
#6881 = DIRECTION ( 'NONE',  ( 0.000000000000000000, 0.000000000000000000, -1.000000000000000000 ) ) ;
#6882 = B_SPLINE_CURVE_WITH_KNOTS ( 'NONE', 3,
 ( #7534, #17, #4581, #6752 ),
 .UNSPECIFIED., .F., .F.,
 ( 4, 4 ),
 ( 0.0002237808127349498715, 1.000000000000000000 ),
 .UNSPECIFIED. ) ;
#6883 = CARTESIAN_POINT ( 'NONE',  ( 2.788172032324728988, -0.1209359191368966358, 2.507084861639612416 ) ) ;
#6884 = SURFACE_STYLE_FILL_AREA ( #7769 ) ;
#6885 = DIRECTION ( 'NONE',  ( 0.000000000000000000, 0.000000000000000000, 1.000000000000000000 ) ) ;
#6886 = CARTESIAN_POINT ( 'NONE',  ( 2.216578626493900028, -0.2292359742274489298, 2.489467988972742685 ) ) ;
#6887 = PRESENTATION_LAYER_ASSIGNMENT (  '', '', ( #8434 ) ) ;
#6888 = ORIENTED_EDGE ( 'NONE', *, *, #5181, .T. ) ;
#6889 = DIRECTION ( 'NONE',  ( 0.000000000000000000, -0.09202886842252182287, 0.9957563393606240210 ) ) ;
#6890 = CARTESIAN_POINT ( 'NONE',  ( 2.898034327433925306, 0.2204972603360979277, 2.490257207234681580 ) ) ;
#6891 = VERTEX_POINT ( 'NONE', #4449 ) ;
#6892 = CARTESIAN_POINT ( 'NONE',  ( 0.8999074152567373419, -0.1849067887241459818, 2.493485238112537861 ) ) ;
#6893 = EDGE_LOOP ( 'NONE', ( #4477, #6679, #1965, #9208 ) ) ;
#6894 = B_SPLINE_CURVE_WITH_KNOTS ( 'NONE', 3,
 ( #174, #6797, #7635, #3839 ),
 .UNSPECIFIED., .F., .F.,
 ( 4, 4 ),
 ( 0.000000000000000000, 1.000000000000000000 ),
 .UNSPECIFIED. ) ;
#6895 = AXIS2_PLACEMENT_3D ( 'NONE', #3302, #100, #1801 ) ;
#6896 = CARTESIAN_POINT ( 'NONE',  ( 4.500000000000000000, -0.2301529181243587296, 2.499425860928633725 ) ) ;
#6897 = CARTESIAN_POINT ( 'NONE',  ( 1.079606845387364400, -0.01927435076460714755, 2.509933818517303461 ) ) ;
#6898 = CARTESIAN_POINT ( 'NONE',  ( 1.163292505442389935, 0.002007292774499774574, 2.499999194155013704 ) ) ;
#6899 = DIRECTION ( 'NONE',  ( 0.000000000000000000, 0.000000000000000000, 1.000000000000000000 ) ) ;
#6900 = FACE_OUTER_BOUND ( 'NONE', #7249, .T. ) ;
#6901 = EDGE_CURVE ( 'NONE', #1622, #4767, #7209, .T. ) ;
#6902 = ORIENTED_EDGE ( 'NONE', *, *, #7105, .T. ) ;
#6903 = EDGE_LOOP ( 'NONE', ( #3221, #5842, #3602, #9377 ) ) ;
#6904 = VECTOR ( 'NONE', #9192, 1000.000000000000114 ) ;
#6905 = PLANE ( 'NONE',  #9202 ) ;
#6906 = CARTESIAN_POINT ( 'NONE',  ( 1.123385917606791740, -0.1076793904325611534, 2.497680273106559046 ) ) ;
#6907 = CARTESIAN_POINT ( 'NONE',  ( 3.201254261938807133, -0.1638682717578872072, 2.504645122469665086 ) ) ;
#6908 = ORIENTED_EDGE ( 'NONE', *, *, #4783, .T. ) ;
#6909 = DIRECTION ( 'NONE',  ( 1.000000000000000000, 0.000000000000000000, 0.000000000000000000 ) ) ;
#6910 = CARTESIAN_POINT ( 'NONE',  ( 2.793928197645979772, 0.2772789854120240594, 2.484575690988076957 ) ) ;
#6911 = CARTESIAN_POINT ( 'NONE',  ( 2.284254760429142550, -0.2338761957106956779, 2.499080242044821265 ) ) ;
#6912 = CARTESIAN_POINT ( 'NONE',  ( 2.898034327433925306, 0.2213792493774423276, 2.500218236063620481 ) ) ;
#6913 = ADVANCED_FACE ( 'NONE', ( #7353 ), #3631, .T. ) ;
#6914 = B_SPLINE_CURVE_WITH_KNOTS ( 'NONE', 3,
 ( #8738, #2791, #5844, #6604 ),
 .UNSPECIFIED., .F., .F.,
 ( 4, 4 ),
 ( 0.05192196966959097826, 1.000000000000000000 ),
 .UNSPECIFIED. ) ;
#6915 = CARTESIAN_POINT ( 'NONE',  ( 3.269090360780903204, 0.01257182957296817082, 2.499968389620394582 ) ) ;
#6916 = EDGE_CURVE ( 'NONE', #1007, #1220, #6517, .T. ) ;
#6917 = DIRECTION ( 'NONE',  ( 0.000000000000000000, -0.9988385902946663730, -0.04818164109039706905 ) ) ;
#6918 = ORIENTED_EDGE ( 'NONE', *, *, #8705, .T. ) ;
#6919 = CARTESIAN_POINT ( 'NONE',  ( 3.302079996438208376, -0.1632154101174175254, 2.494666456643092722 ) ) ;
#6920 = CARTESIAN_POINT ( 'NONE',  ( 2.951347227699753883, 0.3533351082274708843, 2.474911563287434557 ) ) ;
#6921 = CARTESIAN_POINT ( 'NONE',  ( 2.348165803623886383, 0.3726562069317834736, 2.482181973876052883 ) ) ;
#6922 = EDGE_LOOP ( 'NONE', ( #7387, #5486, #6202, #4610, #9000, #7115 ) ) ;
#6923 = EDGE_CURVE ( 'NONE', #1835, #2824, #7555, .T. ) ;
#6924 = CARTESIAN_POINT ( 'NONE',  ( 2.322046429800451062, -0.05266076266337145484, 2.499445307278339357 ) ) ;
#6925 = ORIENTED_EDGE ( 'NONE', *, *, #4236, .T. ) ;
#6926 = DIRECTION ( 'NONE',  ( 0.000000000000000000, 0.000000000000000000, -1.000000000000000000 ) ) ;
#6927 = ORIENTED_EDGE ( 'NONE', *, *, #977, .T. ) ;
#6928 = CARTESIAN_POINT ( 'NONE',  ( 2.258914294017850821, 0.3638248994891007948, 2.473384612734490506 ) ) ;
#6929 = B_SPLINE_CURVE_WITH_KNOTS ( 'NONE', 1,
 ( #8627, #9491 ),
 .UNSPECIFIED., .F., .F.,
 ( 2, 2 ),
 ( 0.000000000000000000, 1.000000000000000000 ),
 .UNSPECIFIED. ) ;
#6930 = CARTESIAN_POINT ( 'NONE',  ( 1.364542698817799327, -0.01891678583608665670, 2.510000000000000231 ) ) ;
#6931 = CARTESIAN_POINT ( 'NONE',  ( 2.299169453283756770, -0.2082256355364587308, 2.491313342721521273 ) ) ;
#6932 = EDGE_CURVE ( 'NONE', #5083, #5792, #5609, .T. ) ;
#6933 = CARTESIAN_POINT ( 'NONE',  ( 4.299999999999999822, 0.000000000000000000, -2.299999999999999822 ) ) ;
#6934 = CARTESIAN_POINT ( 'NONE',  ( 2.510500183958755738, -0.1775720974685416620, 2.503725345838045069 ) ) ;
#6935 = CARTESIAN_POINT ( 'NONE',  ( 2.453695501181130112, 0.1544588577517892469, 2.495223930083633412 ) ) ;
#6936 = B_SPLINE_CURVE_WITH_KNOTS ( 'NONE', 3,
 ( #9065, #3220, #7037, #2597 ),
 .UNSPECIFIED., .F., .F.,
 ( 4, 4 ),
 ( 0.000000000000000000, 1.000000000000000000 ),
 .UNSPECIFIED. ) ;
#6937 = VERTEX_POINT ( 'NONE', #719 ) ;
#6938 = CARTESIAN_POINT ( 'NONE',  ( 1.496120004174898988, -0.06971972786093694197, 2.499388398796928534 ) ) ;
#6939 = CARTESIAN_POINT ( 'NONE',  ( 2.542106588055951466, -0.1720318756001622817, 2.504122178300303592 ) ) ;
#6940 = ORIENTED_EDGE ( 'NONE', *, *, #1928, .F. ) ;
#6941 = LINE ( 'NONE', #274, #2708 ) ;
#6942 = EDGE_LOOP ( 'NONE', ( #4530, #2267 ) ) ;
#6943 = DIRECTION ( 'NONE',  ( 0.000000000000000000, -0.08069360646636866696, 0.9967389537263259269 ) ) ;
#6944 = CARTESIAN_POINT ( 'NONE',  ( 1.824356778977260340, -0.1534456739553034799, 2.505305255880888371 ) ) ;
#6945 = DIRECTION ( 'NONE',  ( 0.000000000000000000, 0.000000000000000000, 1.000000000000000000 ) ) ;
#6946 = CARTESIAN_POINT ( 'NONE',  ( 3.023555867989116575, 0.1550766931827207706, 2.505204825803972746 ) ) ;
#6947 = B_SPLINE_CURVE_WITH_KNOTS ( 'NONE', 3,
 ( #1653, #4609, #1279, #1233 ),
 .UNSPECIFIED., .F., .F.,
 ( 4, 4 ),
 ( 0.000000000000000000, 1.000000000000000000 ),
 .UNSPECIFIED. ) ;
#6948 = B_SPLINE_CURVE_WITH_KNOTS ( 'NONE', 3,
 ( #2392, #4671, #949, #3311 ),
 .UNSPECIFIED., .F., .F.,
 ( 4, 4 ),
 ( 0.0001122455553255924024, 1.000000000000000000 ),
 .UNSPECIFIED. ) ;
#6949 = ORIENTED_EDGE ( 'NONE', *, *, #4685, .F. ) ;
#6950 = ORIENTED_EDGE ( 'NONE', *, *, #3266, .F. ) ;
#6951 = CARTESIAN_POINT ( 'NONE',  ( 2.279764576179922120, -0.05836184000165185043, 2.499340284931656608 ) ) ;
#6952 = DIRECTION ( 'NONE',  ( 1.000000000000000000, 0.000000000000000000, 0.000000000000000000 ) ) ;
#6953 = CARTESIAN_POINT ( 'NONE',  ( 3.093503138993078494, -0.1962159646772897725, 2.502318783689592152 ) ) ;
#6954 = ORIENTED_EDGE ( 'NONE', *, *, #2073, .F. ) ;
#6955 = CARTESIAN_POINT ( 'NONE',  ( 2.425843088335733366, -0.1032647676281813615, 2.497866367075448402 ) ) ;
#6956 = AXIS2_PLACEMENT_3D ( 'NONE', #5620, #5534, #7016 ) ;
#6957 = CARTESIAN_POINT ( 'NONE',  ( -3.219397575303088122, 0.000000000000000000, 2.500000000000000000 ) ) ;
#6958 = CARTESIAN_POINT ( 'NONE',  ( 2.354231440198708114, 0.000000000000000000, 0.000000000000000000 ) ) ;
#6959 = CARTESIAN_POINT ( 'NONE',  ( 2.598308655838552639, -0.2847475399304590371, 2.493796196311433011 ) ) ;
#6960 = FACE_OUTER_BOUND ( 'NONE', #4132, .T. ) ;
#6961 = LINE ( 'NONE', #8593, #5655 ) ;
#6962 = VERTEX_POINT ( 'NONE', #5093 ) ;
#6963 = DIRECTION ( 'NONE',  ( 0.000000000000000000, 0.9993115455277266079, 0.03710033658858810646 ) ) ;
#6964 = ORIENTED_EDGE ( 'NONE', *, *, #4694, .F. ) ;
#6965 = FACE_OUTER_BOUND ( 'NONE', #6438, .T. ) ;
#6966 = CARTESIAN_POINT ( 'NONE',  ( 2.384559623074435475, -0.1182284499960921526, 2.497202841903621184 ) ) ;
#6967 = STYLED_ITEM ( 'NONE', ( #7634 ), #7834 ) ;
#6968 = EDGE_CURVE ( 'NONE', #8310, #7032, #680, .T. ) ;
#6969 = CARTESIAN_POINT ( 'NONE',  ( 1.163292505442389935, 0.002015321945597773300, 2.509999190931634150 ) ) ;
#6970 = ORIENTED_EDGE ( 'NONE', *, *, #5815, .T. ) ;
#6971 = VERTEX_POINT ( 'NONE', #4302 ) ;
#6972 = CYLINDRICAL_SURFACE ( 'NONE', #2111, 0.4499999999999999001 ) ;
#6973 = COLOUR_RGB ( '',0.2980392156862745057, 0.2980392156862745057, 0.2980392156862745057 ) ;
#6974 = EDGE_LOOP ( 'NONE', ( #7473, #6361, #3747, #67 ) ) ;
#6975 = CARTESIAN_POINT ( 'NONE',  ( 4.299999999999999822, 0.000000000000000000, 0.000000000000000000 ) ) ;
#6976 = ORIENTED_EDGE ( 'NONE', *, *, #5634, .T. ) ;
#6977 = CARTESIAN_POINT ( 'NONE',  ( 2.298204265793288847, 0.1864028884043587575, 2.503134105065284221 ) ) ;
#6978 = B_SPLINE_SURFACE_WITH_KNOTS ( 'NONE', 1, 3, ( 
 ( #2969, #7516, #8818, #8862 ),
 ( #9536, #5300, #4412, #5351 ) ),
 .UNSPECIFIED., .F., .F., .F.,
 ( 2, 2 ),
 ( 4, 4 ),
 ( 0.000000000000000000, 1.000000000000000000 ),
 ( 0.000000000000000000, 1.000000000000000000 ),
 .UNSPECIFIED. ) ;
#6979 = DIRECTION ( 'NONE',  ( 0.000000000000000000, 0.000000000000000000, 1.000000000000000000 ) ) ;
#6980 = CARTESIAN_POINT ( 'NONE',  ( 2.251557783091139076, -0.1526989126354519888, 2.505367562945095550 ) ) ;
#6981 = B_SPLINE_CURVE_WITH_KNOTS ( 'NONE', 1,
 ( #5785, #549 ),
 .UNSPECIFIED., .F., .F.,
 ( 2, 2 ),
 ( 0.000000000000000000, 1.000000000000000000 ),
 .UNSPECIFIED. ) ;
#6982 = CARTESIAN_POINT ( 'NONE',  ( 2.255014956219874911, 0.1833590139133849661, 2.493266827280367526 ) ) ;
#6983 = EDGE_CURVE ( 'NONE', #1131, #1250, #6581, .T. ) ;
#6984 = CARTESIAN_POINT ( 'NONE',  ( 1.579900679646538686, -0.1253328144862920490, 2.496856360628890048 ) ) ;
#6985 = VECTOR ( 'NONE', #5003, 1000.000000000000000 ) ;
#6986 = ORIENTED_EDGE ( 'NONE', *, *, #6666, .T. ) ;
#6987 = CARTESIAN_POINT ( 'NONE',  ( 2.300445336282767261, -0.2342366914577876380, 2.499046452624462678 ) ) ;
#6988 = B_SPLINE_CURVE_WITH_KNOTS ( 'NONE', 1,
 ( #3209, #2586 ),
 .UNSPECIFIED., .F., .F.,
 ( 2, 2 ),
 ( 0.000000000000000000, 1.000000000000000000 ),
 .UNSPECIFIED. ) ;
#6989 = CARTESIAN_POINT ( 'NONE',  ( 1.698586462641709982, 0.2875283226537081460, 2.493999091472325791 ) ) ;
#6990 = AXIS2_PLACEMENT_3D ( 'NONE', #7671, #1700, #4713 ) ;
#6991 = EDGE_CURVE ( 'NONE', #879, #2349, #8481, .T. ) ;
#6992 = VERTEX_POINT ( 'NONE', #9624 ) ;
#6993 = FACE_OUTER_BOUND ( 'NONE', #7986, .T. ) ;
#6994 = ORIENTED_EDGE ( 'NONE', *, *, #2013, .F. ) ;
#6995 = CARTESIAN_POINT ( 'NONE',  ( 3.252069441819679607, -0.01837507737437104813, 2.499932470394247819 ) ) ;
#6996 = CARTESIAN_POINT ( 'NONE',  ( -5.500000000000000000, 0.000000000000000000, -1.000000000000000222 ) ) ;
#6997 = CARTESIAN_POINT ( 'NONE',  ( 1.717622484019977191, 0.2357832018418725140, 2.488856420472903785 ) ) ;
#6998 = EDGE_CURVE ( 'NONE', #3277, #2561, #4548, .T. ) ;
#6999 = CARTESIAN_POINT ( 'NONE',  ( 2.425657405583639736, -0.1919850967095921290, 2.492617444101964175 ) ) ;
#7000 = ORIENTED_EDGE ( 'NONE', *, *, #6690, .F. ) ;
#7001 = VERTEX_POINT ( 'NONE', #7301 ) ;
#7002 = CARTESIAN_POINT ( 'NONE',  ( 2.793703396486965307, 0.2918270547259807501, 2.482952124471786259 ) ) ;
#7003 = CARTESIAN_POINT ( 'NONE',  ( 2.697496954949315739, 0.3689686100927540569, 2.482732801725997085 ) ) ;
#7004 = CARTESIAN_POINT ( 'NONE',  ( 2.299169452208324138, -0.2082256355018774208, 2.491313342724415403 ) ) ;
#7005 = ORIENTED_EDGE ( 'NONE', *, *, #2912, .T. ) ;
#7006 = ORIENTED_EDGE ( 'NONE', *, *, #5219, .T. ) ;
#7007 = CARTESIAN_POINT ( 'NONE',  ( 2.840225097219448713, 0.1550766931828142237, 2.505204825803966973 ) ) ;
#7008 = CARTESIAN_POINT ( 'NONE',  ( 2.576865820566341281, -0.3101127208864226104, 2.480691458018803086 ) ) ;
#7009 = CARTESIAN_POINT ( 'NONE',  ( 2.637335743205095007, -0.1864305919078969864, 2.493039035875866727 ) ) ;
#7010 = EDGE_CURVE ( 'NONE', #3868, #2870, #4320, .T. ) ;
#7011 = CARTESIAN_POINT ( 'NONE',  ( 3.000716889455846470, -0.01528043514025040697, 2.499953301224229651 ) ) ;
#7012 = ORIENTED_EDGE ( 'NONE', *, *, #3967, .F. ) ;
#7013 = FACE_OUTER_BOUND ( 'NONE', #4630, .T. ) ;
#7014 = ORIENTED_EDGE ( 'NONE', *, *, #8814, .T. ) ;
#7015 =( GEOMETRIC_REPRESENTATION_CONTEXT ( 3 ) GLOBAL_UNCERTAINTY_ASSIGNED_CONTEXT ( ( #9093 ) ) GLOBAL_UNIT_ASSIGNED_CONTEXT ( ( #8321, #6001, #8982 ) ) REPRESENTATION_CONTEXT ( 'NONE', 'WORKASPACE' ) );
#7016 = DIRECTION ( 'NONE',  ( 1.000000000000000000, 0.000000000000000000, 0.000000000000000000 ) ) ;
#7017 = DIRECTION ( 'NONE',  ( -1.000000000000000000, -0.000000000000000000, -0.000000000000000000 ) ) ;
#7018 = CARTESIAN_POINT ( 'NONE',  ( 2.263722528314915827, 0.3253217189309473012, 2.488915458262636715 ) ) ;
#7019 = ORIENTED_EDGE ( 'NONE', *, *, #1039, .F. ) ;
#7020 = ADVANCED_FACE ( 'NONE', ( #9481 ), #9511, .T. ) ;
#7021 = AXIS2_PLACEMENT_3D ( 'NONE', #854, #8305, #5411 ) ;
#7022 = ORIENTED_EDGE ( 'NONE', *, *, #5456, .T. ) ;
#7023 = DIRECTION ( 'NONE',  ( 0.000000000000000000, -0.9950781104167929492, 0.09909366361854309024 ) ) ;
#7024 = ORIENTED_EDGE ( 'NONE', *, *, #1529, .F. ) ;
#7025 =( LENGTH_UNIT ( ) NAMED_UNIT ( * ) SI_UNIT ( .MILLI., .METRE. ) );
#7026 = ORIENTED_EDGE ( 'NONE', *, *, #5677, .F. ) ;
#7027 = CARTESIAN_POINT ( 'NONE',  ( 2.389524692703610675, 0.3956011599801403378, 2.468509810502431900 ) ) ;
#7028 = CIRCLE ( 'NONE', #480, 2.500000000000000000 ) ;
#7029 =( NAMED_UNIT ( * ) PLANE_ANGLE_UNIT ( ) SI_UNIT ( $, .RADIAN. ) );
#7030 = CARTESIAN_POINT ( 'NONE',  ( 2.493184033169769886, -0.1319831077653132734, 2.506527570018852291 ) ) ;
#7031 = CARTESIAN_POINT ( 'NONE',  ( 1.566128584581046645, -0.2300721710563045641, 2.489390848401560330 ) ) ;
#7032 = VERTEX_POINT ( 'NONE', #8036 ) ;
#7033 = CARTESIAN_POINT ( 'NONE',  ( 2.534158027177594086, -0.06049457650257538538, 2.505936588182461122 ) ) ;
#7034 = STYLED_ITEM ( 'NONE', ( #7313 ), #2617 ) ;
#7035 = DIRECTION ( 'NONE',  ( -1.000000000000000000, -0.000000000000000000, -0.000000000000000000 ) ) ;
#7036 = ORIENTED_EDGE ( 'NONE', *, *, #1880, .F. ) ;
#7037 = CARTESIAN_POINT ( 'NONE',  ( 2.597551121782383898, -0.2847834984758348953, 2.493792078957985048 ) ) ;
#7038 = EDGE_CURVE ( 'NONE', #8732, #6520, #8129, .T. ) ;
#7039 = VERTEX_POINT ( 'NONE', #629 ) ;
#7040 = VERTEX_POINT ( 'NONE', #2180 ) ;
#7041 = SURFACE_SIDE_STYLE ('',( #3930 ) ) ;
#7042 = CARTESIAN_POINT ( 'NONE',  ( 1.334821158737876656, -0.2195911155032735929, 2.490799306681914516 ) ) ;
#7043 = CARTESIAN_POINT ( 'NONE',  ( 1.807848212850675651, 0.1912304124166110397, 2.493010066198349417 ) ) ;
#7044 = AXIS2_PLACEMENT_3D ( 'NONE', #3450, #6539, #7866 ) ;
#7045 = CARTESIAN_POINT ( 'NONE',  ( 2.948292459056874648, 0.3658949904493548066, 2.483187640103757143 ) ) ;
#7046 = AXIS2_PLACEMENT_3D ( 'NONE', #1516, #3662, #6612 ) ;
#7047 = EDGE_CURVE ( 'NONE', #1545, #1363, #248, .T. ) ;
#7048 = VERTEX_POINT ( 'NONE', #8941 ) ;
#7049 = EDGE_LOOP ( 'NONE', ( #8316, #4736, #4985, #158 ) ) ;
#7050 = CARTESIAN_POINT ( 'NONE',  ( 2.571542154640000799, 0.2906845807296062900, 2.483042986846191180 ) ) ;
#7051 = CIRCLE ( 'NONE', #2882, 2.500000000000000000 ) ;
#7052 = EDGE_CURVE ( 'NONE', #2561, #8636, #6619, .T. ) ;
#7053 = FILL_AREA_STYLE_COLOUR ( '', #3882 ) ;
#7054 = CARTESIAN_POINT ( 'NONE',  ( 3.050136156965489231, -0.1931245587178349876, 2.502562373704664278 ) ) ;
#7055 = VERTEX_POINT ( 'NONE', #8224 ) ;
#7056 = CARTESIAN_POINT ( 'NONE',  ( 2.932076164494707093, 0.3156880985546608454, 2.490296252585345371 ) ) ;
#7057 = CARTESIAN_POINT ( 'NONE',  ( 1.507959314714496291, 0.3362269639534399834, 2.477622283909045819 ) ) ;
#7058 = CARTESIAN_POINT ( 'NONE',  ( 2.282186532306803795, 0.3459645554903794107, 2.486042744271374172 ) ) ;
#7059 = EDGE_CURVE ( 'NONE', #8769, #4374, #2138, .T. ) ;
#7060 = STYLED_ITEM ( 'NONE', ( #8896 ), #4672 ) ;
#7061 = DIRECTION ( 'NONE',  ( 0.000000000000000000, -0.9891365743928277610, 0.1469994462520932410 ) ) ;
#7062 = ORIENTED_EDGE ( 'NONE', *, *, #523, .T. ) ;
#7063 = CARTESIAN_POINT ( 'NONE',  ( 1.870035935261877169, 0.1096897928328601224, 2.497926422084447484 ) ) ;
#7064 = VERTEX_POINT ( 'NONE', #4604 ) ;
#7065 = SURFACE_STYLE_USAGE ( .BOTH. , #8425 ) ;
#7066 = DIRECTION ( 'NONE',  ( 0.000000000000000000, 0.000000000000000000, 1.000000000000000000 ) ) ;
#7067 = ORIENTED_EDGE ( 'NONE', *, *, #7931, .F. ) ;
#7068 = B_SPLINE_CURVE_WITH_KNOTS ( 'NONE', 3,
 ( #6343, #7863, #2822, #403 ),
 .UNSPECIFIED., .F., .F.,
 ( 4, 4 ),
 ( 0.000000000000000000, 1.000000000000000000 ),
 .UNSPECIFIED. ) ;
#7069 = B_SPLINE_CURVE_WITH_KNOTS ( 'NONE', 1,
 ( #3683, #3 ),
 .UNSPECIFIED., .F., .F.,
 ( 2, 2 ),
 ( 0.000000000000000000, 1.000000000000000000 ),
 .UNSPECIFIED. ) ;
#7070 = ORIENTED_EDGE ( 'NONE', *, *, #7786, .F. ) ;
#7071 = CARTESIAN_POINT ( 'NONE',  ( 2.216578626493900028, -0.2017340161659371967, 2.491847384315813319 ) ) ;
#7072 = ORIENTED_EDGE ( 'NONE', *, *, #4434, .F. ) ;
#7073 = LINE ( 'NONE', #7902, #8745 ) ;
#7074 = ORIENTED_EDGE ( 'NONE', *, *, #8868, .T. ) ;
#7075 = EDGE_CURVE ( 'NONE', #951, #2754, #6869, .T. ) ;
#7076 = CARTESIAN_POINT ( 'NONE',  ( 1.068608810083886640, 0.3226042148941806742, 2.489181897839631397 ) ) ;
#7077 = DIRECTION ( 'NONE',  ( 1.000000000000000000, 0.000000000000000000, 0.000000000000000000 ) ) ;
#7078 = CARTESIAN_POINT ( 'NONE',  ( 2.950108023745688257, 0.3588446198961684486, 2.474118528945957074 ) ) ;
#7079 = CARTESIAN_POINT ( 'NONE',  ( 4.500000000000000000, 0.3966051793289692151, 2.478468142165526356 ) ) ;
#7080 = EDGE_LOOP ( 'NONE', ( #9581, #1974 ) ) ;
#7081 =( NAMED_UNIT ( * ) PLANE_ANGLE_UNIT ( ) SI_UNIT ( $, .RADIAN. ) );
#7082 = CARTESIAN_POINT ( 'NONE',  ( 2.251557783091139076, -0.1526989126354520165, 2.505367562945095994 ) ) ;
#7083 = VERTEX_POINT ( 'NONE', #3152 ) ;
#7084 = CARTESIAN_POINT ( 'NONE',  ( 1.221575135960931036, -0.1385763165971895527, 2.496187661792785395 ) ) ;
#7085 = ORIENTED_EDGE ( 'NONE', *, *, #1384, .F. ) ;
#7086 = EDGE_CURVE ( 'NONE', #7727, #8956, #7801, .T. ) ;
#7087 = ORIENTED_EDGE ( 'NONE', *, *, #4746, .T. ) ;
#7088 = FACE_OUTER_BOUND ( 'NONE', #9545, .T. ) ;
#7089 = CARTESIAN_POINT ( 'NONE',  ( 3.000716889455846914, -0.01534155688081141090, 2.509953114429126497 ) ) ;
#7090 = CARTESIAN_POINT ( 'NONE',  ( 2.486655617379540217, -0.1591041480439351896, 2.494938455162552859 ) ) ;
#7091 = CARTESIAN_POINT ( 'NONE',  ( 2.996611309215486685, 0.3165900250176694741, 2.491272189990382468 ) ) ;
#7092 = VERTEX_POINT ( 'NONE', #6006 ) ;
#7093 = ADVANCED_FACE ( 'NONE', ( #4495 ), #253, .F. ) ;
#7094 = ORIENTED_EDGE ( 'NONE', *, *, #1527, .F. ) ;
#7095 = CARTESIAN_POINT ( 'NONE',  ( 2.964137387253224620, -0.2017340161659217090, 2.491847384315815095 ) ) ;
#7096 = CARTESIAN_POINT ( 'NONE',  ( 6.499999999999999112, 0.000000000000000000, -7.500000000000000000 ) ) ;
#7097 = CARTESIAN_POINT ( 'NONE',  ( 2.728554507498650139, 0.1862543910074269948, 2.503080738649079873 ) ) ;
#7098 = ORIENTED_EDGE ( 'NONE', *, *, #6207, .F. ) ;
#7099 = CARTESIAN_POINT ( 'NONE',  ( 2.999479004441937491, -0.2295416221930855483, 2.492787279624706365 ) ) ;
#7100 = CARTESIAN_POINT ( 'NONE',  ( 1.611748903958987178, -0.2300721710563045641, 2.489390848401560330 ) ) ;
#7101 = CARTESIAN_POINT ( 'NONE',  ( 2.349552306828588844, -0.1855455881740159518, 2.503151457314213957 ) ) ;
#7102 = EDGE_CURVE ( 'NONE', #1417, #2021, #7201, .T. ) ;
#7103 = VERTEX_POINT ( 'NONE', #772 ) ;
#7104 = CARTESIAN_POINT ( 'NONE',  ( 2.944145544255289071, 0.3476511202129864975, 2.475709736341208611 ) ) ;
#7105 = EDGE_CURVE ( 'NONE', #2602, #9241, #5489, .T. ) ;
#7106 = EDGE_CURVE ( 'NONE', #7032, #6654, #4080, .T. ) ;
#7107 = CARTESIAN_POINT ( 'NONE',  ( 2.734326365860691332, 0.1555234261528564421, 2.505177172228092886 ) ) ;
#7108 = EDGE_LOOP ( 'NONE', ( #5031, #405, #1817, #8101 ) ) ;
#7109 = CARTESIAN_POINT ( 'NONE',  ( 3.177982023650693488, -0.2292359742274489298, 2.489467988972742685 ) ) ;
#7110 = CARTESIAN_POINT ( 'NONE',  ( 1.014456394888559654, -0.07780546026036844198, 2.499017615158221961 ) ) ;
#7111 = VECTOR ( 'NONE', #6645, 1000.000000000000000 ) ;
#7112 = B_SPLINE_SURFACE_WITH_KNOTS ( 'NONE', 1, 3, ( 
 ( #246, #8630, #7091, #458 ),
 ( #2001, #7547, #6814, #6353 ) ),
 .UNSPECIFIED., .F., .F., .F.,
 ( 2, 2 ),
 ( 4, 4 ),
 ( 0.000000000000000000, 1.000000000000000000 ),
 ( 0.000000000000000000, 1.000000000000000000 ),
 .UNSPECIFIED. ) ;
#7113 = B_SPLINE_CURVE_WITH_KNOTS ( 'NONE', 3,
 ( #1505, #3792, #8920, #6697, #1563, #902, #6076, #7532, #7476, #6750 ),
 .UNSPECIFIED., .F., .F.,
 ( 4, 2, 2, 2, 4 ),
 ( 0.000000000000000000, 0.2500000000000000000, 0.5000000000000000000, 0.7500000000000000000, 1.000000000000000000 ),
 .UNSPECIFIED. ) ;
#7114 = DIRECTION ( 'NONE',  ( 1.000000000000000000, 0.000000000000000000, 0.000000000000000000 ) ) ;
#7115 = ORIENTED_EDGE ( 'NONE', *, *, #3026, .T. ) ;
#7116 = CARTESIAN_POINT ( 'NONE',  ( 2.660917452748341017, 0.3674986156302331164, 2.472841435982069402 ) ) ;
#7118 = ORIENTED_EDGE ( 'NONE', *, *, #5353, .T. ) ;
#7117 = VECTOR ( 'NONE', #9253, 1000.000000000000000 ) ;
#7119 = CARTESIAN_POINT ( 'NONE',  ( 2.534158027177594530, -0.09014102557902213542, 2.508380871300760262 ) ) ;
#7120 = CARTESIAN_POINT ( 'NONE',  ( 1.189886977943444446, -8.769080117479303473E-05, 2.510006731705418659 ) ) ;
#7121 = CARTESIAN_POINT ( 'NONE',  ( 1.576457688715584338, -0.02736708171384788502, 2.509850800911972435 ) ) ;
#7122 = VECTOR ( 'NONE', #3794, 1000.000000000000000 ) ;
#7123 = EDGE_LOOP ( 'NONE', ( #5197, #4632, #4023, #7577 ) ) ;
#7124 = EDGE_CURVE ( 'NONE', #6808, #2371, #691, .T. ) ;
#7125 = CARTESIAN_POINT ( 'NONE',  ( 2.431769034809904362, -0.07723852776964737488, 2.508833619703472628 ) ) ;
#7126 = ORIENTED_EDGE ( 'NONE', *, *, #4085, .T. ) ;
#7127 =( LENGTH_UNIT ( ) NAMED_UNIT ( * ) SI_UNIT ( .MILLI., .METRE. ) );
#7128 = ORIENTED_EDGE ( 'NONE', *, *, #2735, .T. ) ;
#7129 = CARTESIAN_POINT ( 'NONE',  ( 1.667698327472291409, -0.2300721710563045641, 2.489390848401560330 ) ) ;
#7130 = CARTESIAN_POINT ( 'NONE',  ( 2.425657405583639736, -0.2231952221964887684, 2.490016845884513774 ) ) ;
#7131 = AXIS2_PLACEMENT_3D ( 'NONE', #4451, #98, #1537 ) ;
#7132 = CARTESIAN_POINT ( 'NONE',  ( 2.564486210053318338, -0.2809548147692068065, 2.484162714489129620 ) ) ;
#7133 = CARTESIAN_POINT ( 'NONE',  ( 2.472573247664884732, -0.2333034775475972544, 2.489090092255441089 ) ) ;
#7134 = DIRECTION ( 'NONE',  ( 0.000000000000000000, 0.000000000000000000, 1.000000000000000000 ) ) ;
#7135 = VERTEX_POINT ( 'NONE', #7554 ) ;
#7136 = VECTOR ( 'NONE', #7399, 999.9999999999998863 ) ;
#7137 = CARTESIAN_POINT ( 'NONE',  ( 1.068608810083886640, 0.3226042148941807297, 2.489181897839631397 ) ) ;
#7138 = CARTESIAN_POINT ( 'NONE',  ( 2.645567678557562363, -0.1874241885608317892, 2.502992643525408845 ) ) ;
#7139 =( LENGTH_UNIT ( ) NAMED_UNIT ( * ) SI_UNIT ( .MILLI., .METRE. ) );
#7140 = VERTEX_POINT ( 'NONE', #3862 ) ;
#7141 = DIRECTION ( 'NONE',  ( -1.000000000000000000, -0.000000000000000000, -0.000000000000000000 ) ) ;
#7142 = CARTESIAN_POINT ( 'NONE',  ( 1.560513996633713374, -6.070974898707661490E-12, 2.499999995950422882 ) ) ;
#7143 = CARTESIAN_POINT ( 'NONE',  ( 2.584044793295543929, -0.3102096543760115566, 2.480679336458446294 ) ) ;
#7144 = CARTESIAN_POINT ( 'NONE',  ( 2.353884924823524294, -0.1737700460267964930, 2.504016203582569045 ) ) ;
#7145 = SURFACE_STYLE_USAGE ( .BOTH. , #7288 ) ;
#7146 = FACE_OUTER_BOUND ( 'NONE', #5464, .T. ) ;
#7147 = EDGE_CURVE ( 'NONE', #6642, #3868, #5374, .T. ) ;
#7148 = ORIENTED_EDGE ( 'NONE', *, *, #3835, .T. ) ;
#7149 = CARTESIAN_POINT ( 'NONE',  ( 1.516204671994106246, -0.1775847408030911123, 2.503709979177680012 ) ) ;
#7150 = CARTESIAN_POINT ( 'NONE',  ( 3.093496371354856223, -0.01956709849936934947, 2.509923729649233159 ) ) ;
#7151 = CARTESIAN_POINT ( 'NONE',  ( 2.511319048644352847, -0.1853195789928631931, 2.493121868991146961 ) ) ;
#7152 = ORIENTED_EDGE ( 'NONE', *, *, #4783, .F. ) ;
#7153 = ADVANCED_FACE ( 'NONE', ( #150 ), #8044, .T. ) ;
#7154 = CARTESIAN_POINT ( 'NONE',  ( 2.316609880758738971, 0.1794365115821525691, 2.503578008111461362 ) ) ;
#7155 = AXIS2_PLACEMENT_3D ( 'NONE', #5279, #6141, #5331 ) ;
#7156 = ORIENTED_EDGE ( 'NONE', *, *, #6086, .F. ) ;
#7157 = LINE ( 'NONE', #532, #2419 ) ;
#7158 = ORIENTED_EDGE ( 'NONE', *, *, #5631, .T. ) ;
#7159 = CARTESIAN_POINT ( 'NONE',  ( 2.475544171701593577, -0.2086427817737137591, 2.491278424747769282 ) ) ;
#7160 = CARTESIAN_POINT ( 'NONE',  ( 2.617199480292039304, -0.2507325696039168772, 2.497467498365899541 ) ) ;
#7161 = CARTESIAN_POINT ( 'NONE',  ( 2.405232302830831337, 0.1951220811148454415, 2.502404318542751582 ) ) ;
#7162 = STYLED_ITEM ( 'NONE', ( #6173 ), #1534 ) ;
#7163 = EDGE_CURVE ( 'NONE', #9406, #4536, #6147, .T. ) ;
#7164 = SURFACE_STYLE_USAGE ( .BOTH. , #4120 ) ;
#7165 = DIRECTION ( 'NONE',  ( 0.000000000000000000, 0.9997434916552103701, 0.02264841921742678787 ) ) ;
#7166 = ORIENTED_EDGE ( 'NONE', *, *, #2461, .T. ) ;
#7167 =( NAMED_UNIT ( * ) SI_UNIT ( $, .STERADIAN. ) SOLID_ANGLE_UNIT ( ) );
#7168 = COLOUR_RGB ( '',0.2980392156862745057, 0.2980392156862745057, 0.2980392156862745057 ) ;
#7169 = EDGE_LOOP ( 'NONE', ( #187, #8631, #2395, #7619 ) ) ;
#7170 = CARTESIAN_POINT ( 'NONE',  ( 0.9005746124975103628, 0.01450713200012019276, 2.509999999686586936 ) ) ;
#7171 = DIRECTION ( 'NONE',  ( 0.000000000000000000, 0.1557116176954323472, 0.9878025572525469533 ) ) ;
#7172 = CARTESIAN_POINT ( 'NONE',  ( 1.647040053532354165, 0.1430937420675128802, 2.495901476617440107 ) ) ;
#7173 = CARTESIAN_POINT ( 'NONE',  ( 2.661309452804696996, -0.1433901556100098673, 2.496261917748523462 ) ) ;
#7174 = DIRECTION ( 'NONE',  ( 0.000000000000000000, 0.000000000000000000, 1.000000000000000000 ) ) ;
#7175 = ORIENTED_EDGE ( 'NONE', *, *, #7910, .T. ) ;
#7176 = AXIS2_PLACEMENT_3D ( 'NONE', #8188, #6741, #7468 ) ;
#7177 = B_SPLINE_CURVE_WITH_KNOTS ( 'NONE', 1,
 ( #2292, #2196 ),
 .UNSPECIFIED., .F., .F.,
 ( 2, 2 ),
 ( 0.000000000000000000, 1.000000000000000000 ),
 .UNSPECIFIED. ) ;
#7178 = CARTESIAN_POINT ( 'NONE',  ( 2.989204558813184587, 0.2487250956825430848, 2.497646057146150067 ) ) ;
#7179 = CARTESIAN_POINT ( 'NONE',  ( 2.429003376354568200, -0.1227702731138204523, 2.496995956356994562 ) ) ;
#7180 = CARTESIAN_POINT ( 'NONE',  ( 2.471773635239680189, -0.1540714906128568540, 2.505266847220138704 ) ) ;
#7181 = ORIENTED_EDGE ( 'NONE', *, *, #8902, .F. ) ;
#7182 = AXIS2_PLACEMENT_3D ( 'NONE', #2723, #492, #1951 ) ;
#7183 = CARTESIAN_POINT ( 'NONE',  ( 2.944145544255289071, 0.3476511202129864975, 2.475709736341208611 ) ) ;
#7184 = LINE ( 'NONE', #5026, #195 ) ;
#7185 = EDGE_CURVE ( 'NONE', #935, #3449, #5943, .T. ) ;
#7186 = CARTESIAN_POINT ( 'NONE',  ( 2.463722369804626222, -0.1170874595254711437, 2.507267541931229804 ) ) ;
#7187 = DIRECTION ( 'NONE',  ( 0.000000000000000000, 0.005028731829187268153, 0.9999873558481577884 ) ) ;
#7188 = DIRECTION ( 'NONE',  ( 1.000000000000000000, 0.000000000000000000, 0.000000000000000000 ) ) ;
#7189 = B_SPLINE_SURFACE_WITH_KNOTS ( 'NONE', 1, 3, ( 
 ( #1905, #6434, #7774, #7817 ),
 ( #4069, #1288, #1102, #9204 ) ),
 .UNSPECIFIED., .F., .F., .F.,
 ( 2, 2 ),
 ( 4, 4 ),
 ( 0.000000000000000000, 1.000000000000000000 ),
 ( 0.000000000000000000, 1.000000000000000000 ),
 .UNSPECIFIED. ) ;
#7190 = ORIENTED_EDGE ( 'NONE', *, *, #6901, .F. ) ;
#7191 = AXIS2_PLACEMENT_3D ( 'NONE', #3766, #4398, #7300 ) ;
#7192 = ORIENTED_EDGE ( 'NONE', *, *, #5756, .F. ) ;
#7193 = MECHANICAL_DESIGN_GEOMETRIC_PRESENTATION_REPRESENTATION (  '', ( #205 ), #810 ) ;
#7194 = CARTESIAN_POINT ( 'NONE',  ( 2.474547421019357873, -0.05301595119492413105, 2.499437823818346782 ) ) ;
#7195 = FILL_AREA_STYLE_COLOUR ( '', #8503 ) ;
#7196 = EDGE_CURVE ( 'NONE', #7371, #7762, #3735, .T. ) ;
#7197 = CARTESIAN_POINT ( 'NONE',  ( 2.284414725334340979, -0.1594033475379614540, 2.504933247173203981 ) ) ;
#7198 = FACE_OUTER_BOUND ( 'NONE', #1409, .T. ) ;
#7199 = AXIS2_PLACEMENT_3D ( 'NONE', #8882, #4478, #754 ) ;
#7200 = CARTESIAN_POINT ( 'NONE',  ( 2.511319048644352847, -0.1860608573088346485, 2.503094356467111314 ) ) ;
#7201 = B_SPLINE_CURVE_WITH_KNOTS ( 'NONE', 3,
 ( #5288, #5432, #7501, #2374 ),
 .UNSPECIFIED., .F., .F.,
 ( 4, 4 ),
 ( 0.000000000000000000, 1.000000000000000000 ),
 .UNSPECIFIED. ) ;
#7202 = VERTEX_POINT ( 'NONE', #6194 ) ;
#7203 = EDGE_CURVE ( 'NONE', #6520, #7641, #1727, .T. ) ;
#7204 = B_SPLINE_CURVE_WITH_KNOTS ( 'NONE', 3,
 ( #5962, #1034, #7018, #4653 ),
 .UNSPECIFIED., .F., .F.,
 ( 4, 4 ),
 ( 0.000000000000000000, 1.000000000000000000 ),
 .UNSPECIFIED. ) ;
#7205 = CARTESIAN_POINT ( 'NONE',  ( 2.948570983185014427, 0.2477341590463576770, 2.487695276041982151 ) ) ;
#7206 = ORIENTED_EDGE ( 'NONE', *, *, #1273, .F. ) ;
#7207 = CARTESIAN_POINT ( 'NONE',  ( 3.251419552185923045, -0.01837507737437104813, 2.499932470394247819 ) ) ;
#7208 = VERTEX_POINT ( 'NONE', #3296 ) ;
#7209 = LINE ( 'NONE', #5864, #7136 ) ;
#7210 = CARTESIAN_POINT ( 'NONE',  ( 1.888016215810998322, 0.006192782295372217111, 2.509996331011635107 ) ) ;
#7211 = CARTESIAN_POINT ( 'NONE',  ( 2.354231440198708114, -0.1432758959389720255, 2.505907423996920791 ) ) ;
#7212 = ADVANCED_FACE ( 'NONE', ( #1032, #6965 ), #6241, .T. ) ;
#7213 = CARTESIAN_POINT ( 'NONE',  ( 2.466321928337154912, -0.08371991586703655952, 2.498597801905543925 ) ) ;
#7214 = CARTESIAN_POINT ( 'NONE',  ( 4.500000000000000000, 0.000000000000000000, 0.000000000000000000 ) ) ;
#7215 = ORIENTED_EDGE ( 'NONE', *, *, #380, .F. ) ;
#7216 = CARTESIAN_POINT ( 'NONE',  ( 1.195894749938177570, -0.2338734180139304675, 2.489071416574617501 ) ) ;
#7217 = ADVANCED_FACE ( 'NONE', ( #299 ), #388, .T. ) ;
#7218 = ORIENTED_EDGE ( 'NONE', *, *, #3198, .T. ) ;
#7219 = ADVANCED_FACE ( 'NONE', ( #4801 ), #4009, .T. ) ;
#7220 = LINE ( 'NONE', #3453, #5116 ) ;
#7221 = CARTESIAN_POINT ( 'NONE',  ( 2.384559623074435475, -0.2292359742274489298, 2.489467988972742685 ) ) ;
#7222 = CARTESIAN_POINT ( 'NONE',  ( 1.163292472606964667, -0.3429338980487653399, 2.476367569963934034 ) ) ;
#7223 = CARTESIAN_POINT ( 'NONE',  ( 2.790291966016793967, 0.3083896922744571722, 2.480913175919613245 ) ) ;
#7224 = CARTESIAN_POINT ( 'NONE',  ( 1.364542585333360369, -0.01884147942427169195, 2.499999967856631145 ) ) ;
#7225 = ORIENTED_EDGE ( 'NONE', *, *, #257, .F. ) ;
#7226 = CARTESIAN_POINT ( 'NONE',  ( 0.9047706035393874302, 5.633615326757109206E-08, 2.499999975092818794 ) ) ;
#7227 = B_SPLINE_CURVE_WITH_KNOTS ( 'NONE', 3,
 ( #9224, #3381, #2567, #4143, #7744, #1926, #1123, #5568 ),
 .UNSPECIFIED., .F., .F.,
 ( 4, 2, 2, 4 ),
 ( 5.179500083457524876E-05, 0.2500388462506259457, 0.5000258975004172601, 1.000000000000000000 ),
 .UNSPECIFIED. ) ;
#7228 = CARTESIAN_POINT ( 'NONE',  ( 2.932880790617061084, 0.01257182957296817082, 2.499968389620394582 ) ) ;
#7229 = ORIENTED_EDGE ( 'NONE', *, *, #95, .T. ) ;
#7230 = CARTESIAN_POINT ( 'NONE',  ( 2.493184033169769886, -0.05266076266337145484, 2.499445307278339357 ) ) ;
#7231 = ORIENTED_EDGE ( 'NONE', *, *, #6404, .T. ) ;
#7232 = LINE ( 'NONE', #8021, #2940 ) ;
#7233 = CARTESIAN_POINT ( 'NONE',  ( 2.571542154640000799, 0.2631267190535619416, 2.486114303430175809 ) ) ;
#7234 = FACE_OUTER_BOUND ( 'NONE', #8706, .T. ) ;
#7235 = DIRECTION ( 'NONE',  ( -1.000000000000000000, -0.000000000000000000, -0.000000000000000000 ) ) ;
#7236 = DIRECTION ( 'NONE',  ( -1.000000000000000000, -0.000000000000000000, -0.000000000000000000 ) ) ;
#7237 = EDGE_LOOP ( 'NONE', ( #5872, #9425, #2098, #366, #1319, #350 ) ) ;
#7238 = VERTEX_POINT ( 'NONE', #4052 ) ;
#7239 = ORIENTED_EDGE ( 'NONE', *, *, #9523, .T. ) ;
#7240 = CARTESIAN_POINT ( 'NONE',  ( 2.224397862442783591, 0.2365508737501481329, 2.499077075304914075 ) ) ;
#7241 = EDGE_CURVE ( 'NONE', #6407, #1917, #1183, .T. ) ;
#7242 =( NAMED_UNIT ( * ) SI_UNIT ( $, .STERADIAN. ) SOLID_ANGLE_UNIT ( ) );
#7243 = CARTESIAN_POINT ( 'NONE',  ( 1.684665885342018443, 0.1430477259948418900, 2.505920535801588578 ) ) ;
#7244 = CARTESIAN_POINT ( 'NONE',  ( 3.070595498570912518, -0.03820836924382178812, 2.509709170505564302 ) ) ;
#7245 = CARTESIAN_POINT ( 'NONE',  ( 1.338899840007008457, 0.3566699052782576485, 2.474426559960707372 ) ) ;
#7246 = CARTESIAN_POINT ( 'NONE',  ( 2.284256483531978077, -0.2338762340769186820, 2.499080238448738722 ) ) ;
#7247 = EDGE_CURVE ( 'NONE', #2040, #7103, #111, .T. ) ;
#7248 = CARTESIAN_POINT ( 'NONE',  ( 1.558668638832915176, 0.003166315882749187391, 2.510183733047509413 ) ) ;
#7249 = EDGE_LOOP ( 'NONE', ( #8423, #7920, #7278, #6137 ) ) ;
#7250 = DIRECTION ( 'NONE',  ( 0.000000000000000000, 0.000000000000000000, 1.000000000000000000 ) ) ;
#7251 = CARTESIAN_POINT ( 'NONE',  ( 2.316609338549485031, 0.1787216364645765887, 2.493603592923205436 ) ) ;
#7252 = ADVANCED_FACE ( 'NONE', ( #9274 ), #6577, .T. ) ;
#7253 = CARTESIAN_POINT ( 'NONE',  ( 1.161570944305657660, -0.1064164990975954989, 2.497734078864243479 ) ) ;
#7254 = CARTESIAN_POINT ( 'NONE',  ( 1.571143124691752213, -0.01824508264911236730, 2.509950265985237738 ) ) ;
#7255 = ORIENTED_EDGE ( 'NONE', *, *, #846, .F. ) ;
#7256 = CARTESIAN_POINT ( 'NONE',  ( 2.932447530860537110, 0.3950250790129263279, 2.468593767097136293 ) ) ;
#7257 = AXIS2_PLACEMENT_3D ( 'NONE', #3271, #9067, #1818 ) ;
#7258 = UNCERTAINTY_MEASURE_WITH_UNIT (LENGTH_MEASURE( 1.000000000000000082E-05 ), #8282, 'distance_accuracy_value', 'NONE');
#7259 = B_SPLINE_CURVE_WITH_KNOTS ( 'NONE', 3,
 ( #7953, #4954, #1284, #3539, #630, #3633 ),
 .UNSPECIFIED., .F., .F.,
 ( 4, 2, 4 ),
 ( 0.000000000000000000, 0.5000000000000000000, 1.000000000000000000 ),
 .UNSPECIFIED. ) ;
#7260 = ORIENTED_EDGE ( 'NONE', *, *, #3274, .F. ) ;
#7261 = CARTESIAN_POINT ( 'NONE',  ( 1.228696520136385528, -0.1927127361981874898, 2.502660250164997269 ) ) ;
#7262 = ORIENTED_EDGE ( 'NONE', *, *, #8016, .T. ) ;
#7263 = B_SPLINE_SURFACE_WITH_KNOTS ( 'NONE', 1, 3, ( 
 ( #1921, #9174, #8596, #7878, #5654, #7054, #9262, #6277 ),
 ( #4884, #9220, #1876, #1211, #2605, #4183, #5610, #4137 ) ),
 .UNSPECIFIED., .F., .F., .F.,
 ( 2, 2 ),
 ( 4, 2, 2, 4 ),
 ( 0.000000000000000000, 1.000000000000000000 ),
 ( 0.000000000000000000, 0.2500000000000000000, 0.5000000000000000000, 1.000000000000000000 ),
 .UNSPECIFIED. ) ;
#7264 = EDGE_CURVE ( 'NONE', #7202, #3619, #9050, .T. ) ;
#7265 = PLANE ( 'NONE',  #894 ) ;
#7266 = CARTESIAN_POINT ( 'NONE',  ( 2.280520080619341527, 0.2044090018823918331, 2.501662838983192305 ) ) ;
#7267 = DIRECTION ( 'NONE',  ( 0.000000000000000000, 0.000000000000000000, -1.000000000000000000 ) ) ;
#7268 = CARTESIAN_POINT ( 'NONE',  ( 2.319199294265130273, -0.07728625376108376466, 2.498805081429837927 ) ) ;
#7269 = CYLINDRICAL_SURFACE ( 'NONE', #648, 2.500000000000000000 ) ;
#7270 = CIRCLE ( 'NONE', #9132, 2.500000000000000000 ) ;
#7271 = EDGE_LOOP ( 'NONE', ( #5030, #3836, #5779, #7543 ) ) ;
#7272 = EDGE_CURVE ( 'NONE', #2900, #6877, #2484, .T. ) ;
#7273 = FACE_OUTER_BOUND ( 'NONE', #1498, .T. ) ;
#7274 = B_SPLINE_CURVE_WITH_KNOTS ( 'NONE', 3,
 ( #747, #2352, #7477, #904 ),
 .UNSPECIFIED., .F., .F.,
 ( 4, 4 ),
 ( 0.000000000000000000, 1.000000000000000000 ),
 .UNSPECIFIED. ) ;
#7275 = DIRECTION ( 'NONE',  ( 0.000000000000000000, 0.000000000000000000, 1.000000000000000000 ) ) ;
#7276 = EDGE_LOOP ( 'NONE', ( #5717, #4542, #2623, #8930, #8536, #6068, #5443, #1293 ) ) ;
#7277 = CARTESIAN_POINT ( 'NONE',  ( 2.426420772097062972, -0.08702772200448641304, 2.508546167682449202 ) ) ;
#7278 = ORIENTED_EDGE ( 'NONE', *, *, #2798, .F. ) ;
#7279 = DIRECTION ( 'NONE',  ( 0.000000000000000000, 0.000000000000000000, -1.000000000000000000 ) ) ;
#7280 = CARTESIAN_POINT ( 'NONE',  ( 2.276368472734770609, -0.1806282324434829722, 2.493466150089939326 ) ) ;
#7281 = CARTESIAN_POINT ( 'NONE',  ( 1.647040053532354165, 0.1436661170357829143, 2.505885082523909624 ) ) ;
#7282 = CARTESIAN_POINT ( 'NONE',  ( 2.637335743205095007, -0.1871763142755285547, 2.503011192019370501 ) ) ;
#7283 = FACE_BOUND ( 'NONE', #1199, .T. ) ;
#7284 = CARTESIAN_POINT ( 'NONE',  ( 2.598308682041804651, -0.2836130863412807401, 2.483860753440092495 ) ) ;
#7285 = ORIENTED_EDGE ( 'NONE', *, *, #1723, .T. ) ;
#7286 = EDGE_LOOP ( 'NONE', ( #5308, #7587, #8428, #5554, #8735, #4677, #1197 ) ) ;
#7287 = ORIENTED_EDGE ( 'NONE', *, *, #6757, .F. ) ;
#7288 = SURFACE_SIDE_STYLE ('',( #5124 ) ) ;
#7289 = AXIS2_PLACEMENT_3D ( 'NONE', #7972, #1546, #6359 ) ;
#7290 = CARTESIAN_POINT ( 'NONE',  ( 1.213580544117256022, 0.001401490769571442190, 2.499999680563965487 ) ) ;
#7291 = ORIENTED_EDGE ( 'NONE', *, *, #2945, .F. ) ;
#7292 = CARTESIAN_POINT ( 'NONE',  ( 2.245607030103355051, -0.1830974429735007791, 2.493286049849989805 ) ) ;
#7293 = PLANE ( 'NONE',  #5940 ) ;
#7294 = CARTESIAN_POINT ( 'NONE',  ( 2.354231440198708114, -0.2292359742274495127, 2.489467988972742685 ) ) ;
#7295 = CARTESIAN_POINT ( 'NONE',  ( 2.826794044801901329, 0.2792527026328228135, 2.494417352423660805 ) ) ;
#7296 = EDGE_CURVE ( 'NONE', #9206, #8493, #1407, .T. ) ;
#7297 = B_SPLINE_CURVE_WITH_KNOTS ( 'NONE', 1,
 ( #6656, #9607 ),
 .UNSPECIFIED., .F., .F.,
 ( 2, 2 ),
 ( 0.000000000000000000, 1.000000000000000000 ),
 .UNSPECIFIED. ) ;
#7298 = DIRECTION ( 'NONE',  ( -1.000000000000000000, -0.000000000000000000, -0.000000000000000000 ) ) ;
#7299 = ORIENTED_EDGE ( 'NONE', *, *, #6377, .T. ) ;
#7300 = DIRECTION ( 'NONE',  ( 0.000000000000000000, -0.05708203025457053714, 0.9983694916322395363 ) ) ;
#7301 = CARTESIAN_POINT ( 'NONE',  ( 0.8620261527772710153, -0.1448189065890106431, 2.505818725345942521 ) ) ;
#7302 = CARTESIAN_POINT ( 'NONE',  ( 1.516204671994106246, -0.1775847408030911123, 2.503709979177680012 ) ) ;
#7303 = ADVANCED_FACE ( 'NONE', ( #2944 ), #1322, .T. ) ;
#7304 =( NAMED_UNIT ( * ) SI_UNIT ( $, .STERADIAN. ) SOLID_ANGLE_UNIT ( ) );
#7305 = CARTESIAN_POINT ( 'NONE',  ( 2.944145544255289071, 0.3490417246938384843, 2.485612575286573644 ) ) ;
#7306 = ORIENTED_EDGE ( 'NONE', *, *, #5837, .F. ) ;
#7307 = CARTESIAN_POINT ( 'NONE',  ( 2.260461650287735935, -0.2197427717047596707, 2.490323897464647107 ) ) ;
#7308 = ORIENTED_EDGE ( 'NONE', *, *, #4373, .F. ) ;
#7309 = DIRECTION ( 'NONE',  ( 1.000000000000000000, 0.000000000000000000, 8.340016711426955288E-17 ) ) ;
#7310 = CARTESIAN_POINT ( 'NONE',  ( 1.780991220440093503, 4.178549348970568218E-06, 2.509999891011601925 ) ) ;
#7311 = CARTESIAN_POINT ( 'NONE',  ( 4.500000000000000000, 0.000000000000000000, 0.000000000000000000 ) ) ;
#7312 = CARTESIAN_POINT ( 'NONE',  ( 2.767375564066024474, 0.3449540277677828337, 2.476086977213600271 ) ) ;
#7313 = PRESENTATION_STYLE_ASSIGNMENT (( #4319 ) ) ;
#7314 = EDGE_CURVE ( 'NONE', #6867, #1907, #3478, .T. ) ;
#7315 = AXIS2_PLACEMENT_3D ( 'NONE', #8585, #4128, #1961 ) ;
#7316 = CARTESIAN_POINT ( 'NONE',  ( 0.8147289364371734788, -0.09089705306109074900, 2.498918347455100886 ) ) ;
#7317 = CARTESIAN_POINT ( 'NONE',  ( 2.460654495494496885, -0.08801996956299366903, 2.498453721040118758 ) ) ;
#7318 = VERTEX_POINT ( 'NONE', #6614 ) ;
#7319 = ORIENTED_EDGE ( 'NONE', *, *, #3842, .T. ) ;
#7320 = CARTESIAN_POINT ( 'NONE',  ( 2.788172032324728988, 0.000000000000000000, 0.000000000000000000 ) ) ;
#7321 = CARTESIAN_POINT ( 'NONE',  ( 2.235847440758194082, 0.2100142681710433501, 2.501242304727473442 ) ) ;
#7322 = FACE_OUTER_BOUND ( 'NONE', #9311, .T. ) ;
#7323 = EDGE_CURVE ( 'NONE', #8099, #3641, #2170, .T. ) ;
#7324 = CARTESIAN_POINT ( 'NONE',  ( 2.279793494169042756, -0.08503538650496837714, 2.508595801436712236 ) ) ;
#7325 = CARTESIAN_POINT ( 'NONE',  ( 2.722431932779705743, 0.1835534992278565480, 2.493255609324057431 ) ) ;
#7326 = VECTOR ( 'NONE', #5131, 1000.000000000000000 ) ;
#7327 = CARTESIAN_POINT ( 'NONE',  ( 0.9167185187126989376, -0.03262537615837143856, 2.499831533972953768 ) ) ;
#7328 = B_SPLINE_CURVE_WITH_KNOTS ( 'NONE', 3,
 ( #8494, #4078, #1866, #8539, #7042, #1914 ),
 .UNSPECIFIED., .F., .F.,
 ( 4, 2, 4 ),
 ( 0.000000000000000000, 0.5000000000000000000, 1.000000000000000000 ),
 .UNSPECIFIED. ) ;
#7329 = EDGE_LOOP ( 'NONE', ( #3036, #3323, #7372, #6964 ) ) ;
#7330 = EDGE_CURVE ( 'NONE', #2576, #7499, #1896, .T. ) ;
#7331 = ORIENTED_EDGE ( 'NONE', *, *, #7047, .T. ) ;
#7332 = CARTESIAN_POINT ( 'NONE',  ( 3.270686484892644241, 0.008381253348377616652, 2.499989463170895210 ) ) ;
#7333 = PRESENTATION_LAYER_ASSIGNMENT (  '', '', ( #7060 ) ) ;
#7334 = VECTOR ( 'NONE', #165, 1000.000000000000000 ) ;
#7335 = B_SPLINE_CURVE_WITH_KNOTS ( 'NONE', 3,
 ( #9550, #9410, #7979, #3613, #6560, #9509 ),
 .UNSPECIFIED., .F., .F.,
 ( 4, 2, 4 ),
 ( 0.000000000000000000, 0.5000000000000000000, 1.000000000000000000 ),
 .UNSPECIFIED. ) ;
#7336 = DIRECTION ( 'NONE',  ( 1.000000000000000000, 0.000000000000000000, 0.000000000000000000 ) ) ;
#7337 = ORIENTED_EDGE ( 'NONE', *, *, #8527, .T. ) ;
#7338 = EDGE_CURVE ( 'NONE', #7483, #8099, #9372, .T. ) ;
#7339 = SURFACE_STYLE_FILL_AREA ( #8650 ) ;
#7340 = EDGE_CURVE ( 'NONE', #8956, #3860, #4199, .T. ) ;
#7341 = LINE ( 'NONE', #5177, #475 ) ;
#7342 = LINE ( 'NONE', #622, #5738 ) ;
#7343 = CARTESIAN_POINT ( 'NONE',  ( 2.645567678557562363, -0.1874241885608317892, 2.502992643525408845 ) ) ;
#7344 = LINE ( 'NONE', #7079, #2219 ) ;
#7345 = AXIS2_PLACEMENT_3D ( 'NONE', #8482, #8335, #992 ) ;
#7346 = AXIS2_PLACEMENT_3D ( 'NONE', #1419, #6037, #6805 ) ;
#7347 = B_SPLINE_SURFACE_WITH_KNOTS ( 'NONE', 1, 3, ( 
 ( #3022, #5252, #8870, #7525, #2154, #8191 ),
 ( #4516, #847, #8053, #6023, #8957, #4418 ) ),
 .UNSPECIFIED., .F., .F., .F.,
 ( 2, 2 ),
 ( 4, 2, 4 ),
 ( 0.000000000000000000, 1.000000000000000000 ),
 ( 0.000000000000000000, 0.5000000000000000000, 1.000000000000000000 ),
 .UNSPECIFIED. ) ;
#7348 = CARTESIAN_POINT ( 'NONE',  ( 1.599086317491486664, 0.2552946649245113608, 2.487264639533378396 ) ) ;
#7349 = B_SPLINE_CURVE_WITH_KNOTS ( 'NONE', 1,
 ( #526, #2130 ),
 .UNSPECIFIED., .F., .F.,
 ( 2, 2 ),
 ( 0.000000000000000000, 1.000000000000000000 ),
 .UNSPECIFIED. ) ;
#7350 = ORIENTED_EDGE ( 'NONE', *, *, #5260, .T. ) ;
#7351 = CARTESIAN_POINT ( 'NONE',  ( 1.335444645985828904, -0.1551707860941410888, 2.505198999509405500 ) ) ;
#7352 = PRESENTATION_LAYER_ASSIGNMENT (  '', '', ( #5049 ) ) ;
#7353 = FACE_OUTER_BOUND ( 'NONE', #1729, .T. ) ;
#7354 =( NAMED_UNIT ( * ) SI_UNIT ( $, .STERADIAN. ) SOLID_ANGLE_UNIT ( ) );
#7355 = ORIENTED_EDGE ( 'NONE', *, *, #3956, .T. ) ;
#7356 = VECTOR ( 'NONE', #5090, 1000.000000000000000 ) ;
#7357 = DIRECTION ( 'NONE',  ( 1.000000000000000000, 0.000000000000000000, 0.000000000000000000 ) ) ;
#7358 = UNCERTAINTY_MEASURE_WITH_UNIT (LENGTH_MEASURE( 1.000000000000000082E-05 ), #4210, 'distance_accuracy_value', 'NONE');
#7359 = ORIENTED_EDGE ( 'NONE', *, *, #2671, .T. ) ;
#7360 = CARTESIAN_POINT ( 'NONE',  ( 2.425657405583639736, 0.000000000000000000, 0.000000000000000000 ) ) ;
#7361 = ORIENTED_EDGE ( 'NONE', *, *, #8173, .T. ) ;
#7362 = CARTESIAN_POINT ( 'NONE',  ( 2.493184033169769886, -0.1314572786507104130, 2.496541404401246833 ) ) ;
#7363 = CARTESIAN_POINT ( 'NONE',  ( 0.8172593267007940421, 0.1852132448179093227, 2.493719855434361587 ) ) ;
#7364 = CARTESIAN_POINT ( 'NONE',  ( 2.341233647537682927, -0.1944534611905221755, 2.492426097486347913 ) ) ;
#7365 = DIRECTION ( 'NONE',  ( 0.000000000000000000, 0.1052506876214247822, 0.9944457213720703237 ) ) ;
#7366 = CARTESIAN_POINT ( 'NONE',  ( 2.626070989566030800, -0.2288661706857017808, 2.489502013639608435 ) ) ;
#7367 = B_SPLINE_CURVE_WITH_KNOTS ( 'NONE', 3,
 ( #2173, #6767, #7392, #8074 ),
 .UNSPECIFIED., .F., .F.,
 ( 4, 4 ),
 ( 0.000000000000000000, 0.04280524340421248269 ),
 .UNSPECIFIED. ) ;
#7368 = CARTESIAN_POINT ( 'NONE',  ( 3.330571911481412517, -0.1494611623783491661, 2.506856144556499189 ) ) ;
#7369 = ADVANCED_FACE ( 'NONE', ( #2212 ), #5120, .T. ) ;
#7370 = DIRECTION ( 'NONE',  ( -1.000000000000000000, -0.000000000000000000, -0.000000000000000000 ) ) ;
#7371 = VERTEX_POINT ( 'NONE', #9471 ) ;
#7372 = ORIENTED_EDGE ( 'NONE', *, *, #7946, .T. ) ;
#7373 = CARTESIAN_POINT ( 'NONE',  ( 2.564486210053318338, -0.2809548147692068065, 2.484162714489129620 ) ) ;
#7374 = CARTESIAN_POINT ( 'NONE',  ( 4.500000000000000000, 3.061616997868383141E-16, -2.500000000000000000 ) ) ;
#7375 = CARTESIAN_POINT ( 'NONE',  ( 1.719337292675634954, -0.1102309731897582190, 2.507692482838908887 ) ) ;
#7376 = CARTESIAN_POINT ( 'NONE',  ( 3.097148132149223798, -0.1066580148352939406, 2.507732854167563641 ) ) ;
#7377 = EDGE_CURVE ( 'NONE', #7710, #9109, #4437, .T. ) ;
#7378 = DIRECTION ( 'NONE',  ( -1.000000000000000000, -0.000000000000000000, -0.000000000000000000 ) ) ;
#7379 = CARTESIAN_POINT ( 'NONE',  ( 2.322915475849121059, -0.2088131233630323158, 2.501299137161879127 ) ) ;
#7380 = ORIENTED_EDGE ( 'NONE', *, *, #209, .F. ) ;
#7381 = ORIENTED_EDGE ( 'NONE', *, *, #7607, .T. ) ;
#7382 = EDGE_LOOP ( 'NONE', ( #6408, #6036, #9588, #3090 ) ) ;
#7383 = DIRECTION ( 'NONE',  ( 0.000000000000000000, -0.006112174056100162442, 0.9999813204896919050 ) ) ;
#7384 = B_SPLINE_CURVE_WITH_KNOTS ( 'NONE', 3,
 ( #841, #788, #2970, #5352 ),
 .UNSPECIFIED., .F., .F.,
 ( 4, 4 ),
 ( 0.000000000000000000, 1.000000000000000000 ),
 .UNSPECIFIED. ) ;
#7385 = CARTESIAN_POINT ( 'NONE',  ( 2.768056400825340102, 0.2071771139886276203, 2.491400739230713146 ) ) ;
#7386 = SURFACE_STYLE_USAGE ( .BOTH. , #5225 ) ;
#7387 = ORIENTED_EDGE ( 'NONE', *, *, #6864, .T. ) ;
#7388 = CARTESIAN_POINT ( 'NONE',  ( 2.457873417440914920, -0.2082010027643582672, 2.491315423423038133 ) ) ;
#7389 = DIRECTION ( 'NONE',  ( 1.000000000000000000, 0.000000000000000000, 0.000000000000000000 ) ) ;
#7390 = ADVANCED_FACE ( 'NONE', ( #4391 ), #476, .T. ) ;
#7391 = DIRECTION ( 'NONE',  ( -1.000000000000000000, 0.000000000000000000, 0.000000000000000000 ) ) ;
#7392 = CARTESIAN_POINT ( 'NONE',  ( 1.781148164725414818, 0.002935828024082141798, 2.499999912093819887 ) ) ;
#7393 = PRESENTATION_STYLE_ASSIGNMENT (( #2216 ) ) ;
#7394 = EDGE_CURVE ( 'NONE', #5711, #2371, #2007, .T. ) ;
#7395 = ADVANCED_FACE ( 'NONE', ( #8165 ), #5892, .T. ) ;
#7396 =( LENGTH_UNIT ( ) NAMED_UNIT ( * ) SI_UNIT ( .MILLI., .METRE. ) );
#7397 = VERTEX_POINT ( 'NONE', #8931 ) ;
#7398 = CARTESIAN_POINT ( 'NONE',  ( 1.496120004152211358, -0.06999860678441988115, 2.509385952391984809 ) ) ;
#7399 = DIRECTION ( 'NONE',  ( 0.000000000000000000, -0.04818164109039706905, 0.9988385902946663730 ) ) ;
#7400 = EDGE_CURVE ( 'NONE', #3005, #4934, #2359, .T. ) ;
#7401 = CARTESIAN_POINT ( 'NONE',  ( 2.952625056610553855, 0.3490417246938384843, 2.485612575286573644 ) ) ;
#7402 = B_SPLINE_CURVE_WITH_KNOTS ( 'NONE', 3,
 ( #7256, #2281, #587, #5096 ),
 .UNSPECIFIED., .F., .F.,
 ( 4, 4 ),
 ( 0.000000000000000000, 1.000000000000000000 ),
 .UNSPECIFIED. ) ;
#7403 = CARTESIAN_POINT ( 'NONE',  ( 0.9047260075632922449, 1.084839134595969047E-05, 2.509999975021069751 ) ) ;
#7404 = B_SPLINE_CURVE_WITH_KNOTS ( 'NONE', 1,
 ( #5495, #4715 ),
 .UNSPECIFIED., .F., .F.,
 ( 2, 2 ),
 ( 0.000000000000000000, 1.000000000000000000 ),
 .UNSPECIFIED. ) ;
#7405 = LINE ( 'NONE', #5194, #211 ) ;
#7406 = ORIENTED_EDGE ( 'NONE', *, *, #2538, .T. ) ;
#7407 = DIRECTION ( 'NONE',  ( 0.000000000000000000, -0.07679403868383774534, 0.9970469776407856477 ) ) ;
#7408 = ORIENTED_EDGE ( 'NONE', *, *, #3266, .T. ) ;
#7409 = VERTEX_POINT ( 'NONE', #5421 ) ;
#7410 = LINE ( 'NONE', #9582, #4333 ) ;
#7411 = CARTESIAN_POINT ( 'NONE',  ( 2.425843312167490495, -0.1036857961492296670, 2.507857503064498061 ) ) ;
#7412 = CARTESIAN_POINT ( 'NONE',  ( 2.405232302830831337, 0.3583930149366567064, 2.484281474963055292 ) ) ;
#7413 = CARTESIAN_POINT ( 'NONE',  ( 2.484952097818029948, 0.000000000000000000, 0.000000000000000000 ) ) ;
#7414 = DIRECTION ( 'NONE',  ( 1.000000000000000000, 0.000000000000000000, 0.000000000000000000 ) ) ;
#7415 = EDGE_CURVE ( 'NONE', #3428, #8906, #456, .T. ) ;
#7416 = AXIS2_PLACEMENT_3D ( 'NONE', #7848, #4004, #1839 ) ;
#7417 = ORIENTED_EDGE ( 'NONE', *, *, #8229, .T. ) ;
#7418 = CARTESIAN_POINT ( 'NONE',  ( 0.7897222432414691129, 0.04332157396023750273, 2.499624620063902292 ) ) ;
#7419 = B_SPLINE_CURVE_WITH_KNOTS ( 'NONE', 3,
 ( #7722, #3976, #6938, #271 ),
 .UNSPECIFIED., .F., .F.,
 ( 4, 4 ),
 ( 0.000000000000000000, 1.000000000000000000 ),
 .UNSPECIFIED. ) ;
#7420 = CARTESIAN_POINT ( 'NONE',  ( 1.657369157666903625, -0.1253328144862920490, 2.496856360628890048 ) ) ;
#7421 = ORIENTED_EDGE ( 'NONE', *, *, #8478, .F. ) ;
#7422 = ORIENTED_EDGE ( 'NONE', *, *, #2513, .T. ) ;
#7423 = B_SPLINE_CURVE_WITH_KNOTS ( 'NONE', 3,
 ( #4331, #7976, #6454, #6603 ),
 .UNSPECIFIED., .F., .F.,
 ( 4, 4 ),
 ( 0.000000000000000000, 1.000000000000000000 ),
 .UNSPECIFIED. ) ;
#7424 = DIRECTION ( 'NONE',  ( 0.000000000000000000, 0.1052506876214247822, 0.9944457213720702127 ) ) ;
#7425 = CARTESIAN_POINT ( 'NONE',  ( 2.298691817956818539, -0.07772552287767789392, 2.498791495150272990 ) ) ;
#7426 = CARTESIAN_POINT ( 'NONE',  ( 1.012938056368957174, -0.08208078825048888139, 2.508836586994608542 ) ) ;
#7427 = AXIS2_PLACEMENT_3D ( 'NONE', #9161, #1161, #2453 ) ;
#7428 = CARTESIAN_POINT ( 'NONE',  ( 2.631457741052580790, -0.2841811687382364005, 2.483810683560184973 ) ) ;
#7429 = CARTESIAN_POINT ( 'NONE',  ( 3.119814373255367368, -0.1700642794679713410, 2.494338803392993853 ) ) ;
#7430 = CARTESIAN_POINT ( 'NONE',  ( 2.870965980160026909, 0.2359550177042640529, 2.500198311770556625 ) ) ;
#7431 = B_SPLINE_SURFACE_WITH_KNOTS ( 'NONE', 1, 3, ( 
 ( #5852, #7240, #5709, #2752 ),
 ( #9414, #1180, #8697, #8647 ) ),
 .UNSPECIFIED., .F., .F., .F.,
 ( 2, 2 ),
 ( 4, 4 ),
 ( 0.000000000000000000, 1.000000000000000000 ),
 ( 0.000000000000000000, 1.000000000000000000 ),
 .UNSPECIFIED. ) ;
#7432 = ORIENTED_EDGE ( 'NONE', *, *, #4481, .T. ) ;
#7433 = ORIENTED_EDGE ( 'NONE', *, *, #8001, .T. ) ;
#7434 = DIRECTION ( 'NONE',  ( -1.000000000000000000, -0.000000000000000000, -0.000000000000000000 ) ) ;
#7435 = AXIS2_PLACEMENT_3D ( 'NONE', #5987, #2353, #8352 ) ;
#7436 = LINE ( 'NONE', #756, #7921 ) ;
#7437 = ORIENTED_EDGE ( 'NONE', *, *, #4323, .F. ) ;
#7438 = CARTESIAN_POINT ( 'NONE',  ( 2.790276436849969066, 0.3647883498761897991, 2.483350450458936987 ) ) ;
#7439 = B_SPLINE_CURVE_WITH_KNOTS ( 'NONE', 1,
 ( #59, #1606 ),
 .UNSPECIFIED., .F., .F.,
 ( 2, 2 ),
 ( 0.000000000000000000, 1.000000000000000000 ),
 .UNSPECIFIED. ) ;
#7440 = ORIENTED_EDGE ( 'NONE', *, *, #8349, .F. ) ;
#7441 = CARTESIAN_POINT ( 'NONE',  ( 3.094604218905520732, -0.08009760465704060528, 2.508729379748012800 ) ) ;
#7442 = AXIS2_PLACEMENT_3D ( 'NONE', #998, #7815, #3360 ) ;
#7443 = FACE_OUTER_BOUND ( 'NONE', #3815, .T. ) ;
#7444 = AXIS2_PLACEMENT_3D ( 'NONE', #8409, #3280, #4689 ) ;
#7445 = ADVANCED_FACE ( 'NONE', ( #1577 ), #85, .T. ) ;
#7446 = DIRECTION ( 'NONE',  ( 0.000000000000000000, 0.000000000000000000, 1.000000000000000000 ) ) ;
#7447 = ORIENTED_EDGE ( 'NONE', *, *, #663, .F. ) ;
#7448 = CARTESIAN_POINT ( 'NONE',  ( 0.9242884617567050931, -0.04749122087333855491, 2.509622245776125027 ) ) ;
#7449 = B_SPLINE_CURVE_WITH_KNOTS ( 'NONE', 3,
 ( #1112, #7688, #2601, #6946 ),
 .UNSPECIFIED., .F., .F.,
 ( 4, 4 ),
 ( 0.000000000000000000, 1.000000000000000000 ),
 .UNSPECIFIED. ) ;
#7450 = CARTESIAN_POINT ( 'NONE',  ( 2.566098438701606366, -0.3081768306028005444, 2.480932732580898747 ) ) ;
#7451 = EDGE_CURVE ( 'NONE', #1950, #8645, #1992, .T. ) ;
#7452 = CARTESIAN_POINT ( 'NONE',  ( 2.224415644431705807, 0.3082441220505992008, 2.481214656408368135 ) ) ;
#7453 = ORIENTED_EDGE ( 'NONE', *, *, #3372, .F. ) ;
#7454 = EDGE_CURVE ( 'NONE', #8246, #8472, #6856, .T. ) ;
#7455 = DIRECTION ( 'NONE',  ( 0.000000000000000000, 0.000000000000000000, 1.000000000000000000 ) ) ;
#7456 = STYLED_ITEM ( 'NONE', ( #4666 ), #692 ) ;
#7457 = EDGE_LOOP ( 'NONE', ( #8078, #678 ) ) ;
#7458 = UNCERTAINTY_MEASURE_WITH_UNIT (LENGTH_MEASURE( 1.000000000000000082E-05 ), #605, 'distance_accuracy_value', 'NONE');
#7459 = VERTEX_POINT ( 'NONE', #4594 ) ;
#7460 = CARTESIAN_POINT ( 'NONE',  ( 2.944145544255289071, 0.3476511202129864975, 2.475709736341208611 ) ) ;
#7461 = ORIENTED_EDGE ( 'NONE', *, *, #1523, .F. ) ;
#7462 = CARTESIAN_POINT ( 'NONE',  ( 1.196488061962257099, -0.1140634980081921684, 2.507438336078754659 ) ) ;
#7463 = CARTESIAN_POINT ( 'NONE',  ( 2.532301199654241497, -0.1538264215081688591, 2.495262998572694180 ) ) ;
#7464 = CARTESIAN_POINT ( 'NONE',  ( 2.223944042334981663, 0.2715936501164588623, 2.495262889800675676 ) ) ;
#7465 = EDGE_CURVE ( 'NONE', #7499, #7935, #6722, .T. ) ;
#7466 = FILL_AREA_STYLE_COLOUR ( '', #937 ) ;
#7467 = FACE_OUTER_BOUND ( 'NONE', #5144, .T. ) ;
#7468 = DIRECTION ( 'NONE',  ( 1.000000000000000000, 0.000000000000000000, 0.000000000000000000 ) ) ;
#7469 = ORIENTED_EDGE ( 'NONE', *, *, #261, .F. ) ;
#7470 = CARTESIAN_POINT ( 'NONE',  ( 1.158042966486052761, 0.3760037626032913805, 2.481747380769890210 ) ) ;
#7471 = ORIENTED_EDGE ( 'NONE', *, *, #8624, .F. ) ;
#7472 = CARTESIAN_POINT ( 'NONE',  ( 3.143445031722684302, -0.2301529181243587296, 2.499425860928633725 ) ) ;
#7473 = ORIENTED_EDGE ( 'NONE', *, *, #8469, .F. ) ;
#7474 = CARTESIAN_POINT ( 'NONE',  ( 2.472573247664885177, -0.2342366914577876380, 2.499046452624462678 ) ) ;
#7475 = CARTESIAN_POINT ( 'NONE',  ( 1.094434427590988079, -0.1549413266398082245, 2.495262984248563409 ) ) ;
#7476 = CARTESIAN_POINT ( 'NONE',  ( 1.142474045524395576, -0.2406852498611279367, 2.498433712015119212 ) ) ;
#7477 = CARTESIAN_POINT ( 'NONE',  ( 2.964818224879330888, 0.3156880985602183998, 2.490296252584565107 ) ) ;
#7478 = CARTESIAN_POINT ( 'NONE',  ( 3.129512260176939176, -0.1423973527186500887, 2.496216468168512836 ) ) ;
#7479 = CARTESIAN_POINT ( 'NONE',  ( 2.463722369804626222, -0.1166209756229792255, 2.497278428218356439 ) ) ;
#7480 = ORIENTED_EDGE ( 'NONE', *, *, #5695, .T. ) ;
#7481 = AXIS2_PLACEMENT_3D ( 'NONE', #56, #3062, #6018 ) ;
#7482 = ORIENTED_EDGE ( 'NONE', *, *, #6791, .T. ) ;
#7483 = VERTEX_POINT ( 'NONE', #3708 ) ;
#7484 = CARTESIAN_POINT ( 'NONE',  ( 2.788172032324740535, 0.000000000000000000, 0.000000000000000000 ) ) ;
#7485 = ADVANCED_FACE ( 'NONE', ( #1680 ), #8816, .T. ) ;
#7486 = CARTESIAN_POINT ( 'NONE',  ( 2.354231440198708114, 0.000000000000000000, 0.000000000000000000 ) ) ;
#7487 = CARTESIAN_POINT ( 'NONE',  ( 1.657369157666903625, -0.1258341457442372358, 2.506843786071405233 ) ) ;
#7488 = EDGE_LOOP ( 'NONE', ( #4200, #7239, #7825, #8613 ) ) ;
#7489 =( GEOMETRIC_REPRESENTATION_CONTEXT ( 3 ) GLOBAL_UNCERTAINTY_ASSIGNED_CONTEXT ( ( #3772 ) ) GLOBAL_UNIT_ASSIGNED_CONTEXT ( ( #830, #8901, #7354 ) ) REPRESENTATION_CONTEXT ( 'NONE', 'WORKASPACE' ) );
#7490 = ORIENTED_EDGE ( 'NONE', *, *, #6932, .F. ) ;
#7491 = CARTESIAN_POINT ( 'NONE',  ( 2.354231440198708114, -0.1592624257973694057, 2.494921938604319767 ) ) ;
#7492 = CARTESIAN_POINT ( 'NONE',  ( 1.624666460203585627, 0.3722389961908533218, 2.482244574919003632 ) ) ;
#7493 = SURFACE_STYLE_USAGE ( .BOTH. , #972 ) ;
#7494 = B_SPLINE_CURVE_WITH_KNOTS ( 'NONE', 3,
 ( #8590, #1683, #4748, #192, #7873, #3855, #3458, #6140, #2417, #971 ),
 .UNSPECIFIED., .F., .F.,
 ( 4, 2, 2, 2, 4 ),
 ( 0.000000000000000000, 0.2500000000000000000, 0.3750000000000000000, 0.5000000000000000000, 1.000000000000000000 ),
 .UNSPECIFIED. ) ;
#7495 = CIRCLE ( 'NONE', #2709, 2.299999999999999822 ) ;
#7496 = CARTESIAN_POINT ( 'NONE',  ( 1.077636972029966334, 0.3212253987538661870, 2.479276961553950720 ) ) ;
#7497 = EDGE_CURVE ( 'NONE', #2561, #7927, #2807, .T. ) ;
#7498 = B_SPLINE_CURVE_WITH_KNOTS ( 'NONE', 3,
 ( #8181, #3640, #9580, #3774 ),
 .UNSPECIFIED., .F., .F.,
 ( 4, 4 ),
 ( 8.317960972096535106E-05, 0.3603494723735420346 ),
 .UNSPECIFIED. ) ;
#7499 = VERTEX_POINT ( 'NONE', #3284 ) ;
#7500 = CARTESIAN_POINT ( 'NONE',  ( 2.710545558816060296, 0.1833487065249842507, 2.503294647800843098 ) ) ;
#7501 = CARTESIAN_POINT ( 'NONE',  ( 1.496120007805666008, -0.06999860484569912777, 2.509385952413124787 ) ) ;
#7502 = VECTOR ( 'NONE', #3884, 1000.000000000000000 ) ;
#7503 = CIRCLE ( 'NONE', #6116, 2.500000000000000000 ) ;
#7504 = CARTESIAN_POINT ( 'NONE',  ( 1.390533354600380633, 0.4608703993464394744, 2.467326179289283772 ) ) ;
#7505 = EDGE_CURVE ( 'NONE', #5895, #8396, #8694, .T. ) ;
#7506 = CARTESIAN_POINT ( 'NONE',  ( 1.576457688715584338, -0.02725804951578474425, 2.499851395330649595 ) ) ;
#7507 = ORIENTED_EDGE ( 'NONE', *, *, #5574, .F. ) ;
#7508 = VECTOR ( 'NONE', #3232, 1000.000000000000000 ) ;
#7509 = AXIS2_PLACEMENT_3D ( 'NONE', #3069, #9590, #5880 ) ;
#7510 = CARTESIAN_POINT ( 'NONE',  ( 2.698734839966531407, 0.3950250790129175571, 2.468593767097137626 ) ) ;
#7511 = VERTEX_POINT ( 'NONE', #1174 ) ;
#7512 = CARTESIAN_POINT ( 'NONE',  ( 2.434448957171899686, -0.1311173011102907959, 2.506573009778401584 ) ) ;
#7513 = ORIENTED_EDGE ( 'NONE', *, *, #8767, .T. ) ;
#7514 = DIRECTION ( 'NONE',  ( -1.000000000000000000, -0.000000000000000000, -0.000000000000000000 ) ) ;
#7515 = B_SPLINE_SURFACE_WITH_KNOTS ( 'NONE', 1, 3, ( 
 ( #260, #159, #3251, #3159 ),
 ( #1697, #6203, #2534, #882 ) ),
 .UNSPECIFIED., .F., .F., .F.,
 ( 2, 2 ),
 ( 4, 4 ),
 ( 0.000000000000000000, 1.000000000000000000 ),
 ( 0.000000000000000000, 1.000000000000000000 ),
 .UNSPECIFIED. ) ;
#7516 = CARTESIAN_POINT ( 'NONE',  ( 1.865799627445616782, -0.1075548308403746628, 2.508115991751743490 ) ) ;
#7517 = CARTESIAN_POINT ( 'NONE',  ( 0.8706338106990590964, 0.2392106702169153332, 2.488529335823544741 ) ) ;
#7518 = CARTESIAN_POINT ( 'NONE',  ( 1.729205207782311460, -0.2242234836204078374, 2.489931390364695574 ) ) ;
#7519 = EDGE_CURVE ( 'NONE', #3593, #9428, #6495, .T. ) ;
#7520 = CARTESIAN_POINT ( 'NONE',  ( 3.177982023650693488, -0.2295416221930855483, 2.492787279624706365 ) ) ;
#7521 = DIRECTION ( 'NONE',  ( 0.000000000000000000, 0.000000000000000000, -1.000000000000000000 ) ) ;
#7522 = COLOUR_RGB ( '',0.2980392156862745057, 0.2980392156862745057, 0.2980392156862745057 ) ;
#7523 = EDGE_LOOP ( 'NONE', ( #400, #5619, #2234, #2937 ) ) ;
#7524 = DIRECTION ( 'NONE',  ( -1.000000000000000000, -0.000000000000000000, -0.000000000000000000 ) ) ;
#7525 = CARTESIAN_POINT ( 'NONE',  ( 0.9079820004057245209, -0.01945151653261159574, 2.510083827863813788 ) ) ;
#7526 = EDGE_CURVE ( 'NONE', #5819, #5768, #3837, .T. ) ;
#7527 = EDGE_CURVE ( 'NONE', #4421, #1822, #9312, .T. ) ;
#7528 = ORIENTED_EDGE ( 'NONE', *, *, #4952, .F. ) ;
#7529 = CARTESIAN_POINT ( 'NONE',  ( 2.472913744524716240, -0.07966855524499201480, 2.498733549871929860 ) ) ;
#7530 = ORIENTED_EDGE ( 'NONE', *, *, #5227, .F. ) ;
#7531 = CARTESIAN_POINT ( 'NONE',  ( 2.303625574180194757, 0.1514405996631583984, 2.505427299876370473 ) ) ;
#7532 = CARTESIAN_POINT ( 'NONE',  ( 1.126653823436413848, -0.2341255047154806035, 2.499088381569262829 ) ) ;
#7533 = CARTESIAN_POINT ( 'NONE',  ( 2.617777052269365967, -0.2979598487963808773, 2.482181390030372636 ) ) ;
#7534 = CARTESIAN_POINT ( 'NONE',  ( 2.457100008118129342, -0.1009411975190391136, 2.507969472430520597 ) ) ;
#7535 = CARTESIAN_POINT ( 'NONE',  ( 2.698734839966531407, 0.3950250790129175571, 2.468593767097137626 ) ) ;
#7536 = B_SPLINE_CURVE_WITH_KNOTS ( 'NONE', 1,
 ( #9576, #4308 ),
 .UNSPECIFIED., .F., .F.,
 ( 2, 2 ),
 ( 0.000000000000000000, 1.000000000000000000 ),
 .UNSPECIFIED. ) ;
#7537 = ORIENTED_EDGE ( 'NONE', *, *, #9283, .F. ) ;
#7538 = B_SPLINE_CURVE_WITH_KNOTS ( 'NONE', 1,
 ( #5922, #1656 ),
 .UNSPECIFIED., .F., .F.,
 ( 2, 2 ),
 ( 0.000000000000000000, 1.000000000000000000 ),
 .UNSPECIFIED. ) ;
#7539 = ORIENTED_EDGE ( 'NONE', *, *, #1449, .T. ) ;
#7540 = FACE_OUTER_BOUND ( 'NONE', #465, .T. ) ;
#7541 = CARTESIAN_POINT ( 'NONE',  ( 2.370399374511178880, 0.3988589676873616208, 2.467977221257951825 ) ) ;
#7542 = CARTESIAN_POINT ( 'NONE',  ( 1.125454002588618163, -0.3438615977559747461, 2.486334531501694034 ) ) ;
#7543 = ORIENTED_EDGE ( 'NONE', *, *, #3315, .F. ) ;
#7544 = CARTESIAN_POINT ( 'NONE',  ( 0.7902854604783514647, 0.1199052264290193653, 2.498297331023003665 ) ) ;
#7545 = VERTEX_POINT ( 'NONE', #6280 ) ;
#7546 = CARTESIAN_POINT ( 'NONE',  ( 3.093511900519622770, -0.07492835148040294380, 2.498883776988656713 ) ) ;
#7547 = CARTESIAN_POINT ( 'NONE',  ( 3.027351977047352261, 0.2350149576857189504, 2.490237362332850868 ) ) ;
#7548 = CARTESIAN_POINT ( 'NONE',  ( 2.214040962212883823, 0.1544588577517892469, 2.495223930083633412 ) ) ;
#7549 = ADVANCED_FACE ( 'NONE', ( #3946 ), #4091, .F. ) ;
#7550 = FACE_OUTER_BOUND ( 'NONE', #2738, .T. ) ;
#7551 = DIRECTION ( 'NONE',  ( 0.000000000000000000, -0.9967389537263259269, -0.08069360646636866696 ) ) ;
#7552 = ORIENTED_EDGE ( 'NONE', *, *, #5476, .F. ) ;
#7553 = DIRECTION ( 'NONE',  ( -1.000000000000000000, -0.000000000000000000, -0.000000000000000000 ) ) ;
#7554 = CARTESIAN_POINT ( 'NONE',  ( 2.887140939299873921, -0.2017340161659217090, 2.491847384315815095 ) ) ;
#7555 = B_SPLINE_CURVE_WITH_KNOTS ( 'NONE', 1,
 ( #1482, #4400 ),
 .UNSPECIFIED., .F., .F.,
 ( 2, 2 ),
 ( 0.000000000000000000, 1.000000000000000000 ),
 .UNSPECIFIED. ) ;
#7556 = CARTESIAN_POINT ( 'NONE',  ( 2.826292325670447525, 0.2413072905326733575, 2.488602911987530142 ) ) ;
#7557 = DIRECTION ( 'NONE',  ( 0.000000000000000000, -0.9957871955890971183, -0.09169438969097956638 ) ) ;
#7558 = ORIENTED_EDGE ( 'NONE', *, *, #6613, .T. ) ;
#7559 = ADVANCED_FACE ( 'NONE', ( #4140 ), #6232, .F. ) ;
#7560 = ORIENTED_EDGE ( 'NONE', *, *, #72, .T. ) ;
#7561 = CARTESIAN_POINT ( 'NONE',  ( 2.558234890725588517, -0.05669654277429173050, 2.502691207443543231 ) ) ;
#7562 = ORIENTED_EDGE ( 'NONE', *, *, #2835, .T. ) ;
#7563 = FACE_OUTER_BOUND ( 'NONE', #9038, .T. ) ;
#7564 = EDGE_CURVE ( 'NONE', #653, #1737, #4529, .T. ) ;
#7565 = ORIENTED_EDGE ( 'NONE', *, *, #2786, .F. ) ;
#7566 = CARTESIAN_POINT ( 'NONE',  ( 1.161570944305657660, -0.2413170020507933444, 2.498372691277507940 ) ) ;
#7567 = CARTESIAN_POINT ( 'NONE',  ( 2.724235271281369997, -0.05684753223574125214, 2.509356164054577842 ) ) ;
#7568 = CARTESIAN_POINT ( 'NONE',  ( 2.534158027177594530, -0.09014102557902213542, 2.508380871300760262 ) ) ;
#7569 = CARTESIAN_POINT ( 'NONE',  ( 2.641250554566564990, -0.2006235327788787881, 2.491937037345711481 ) ) ;
#7570 = CARTESIAN_POINT ( 'NONE',  ( 2.907937407556844267, 0.2477341590463576770, 2.487695276041982151 ) ) ;
#7571 = CARTESIAN_POINT ( 'NONE',  ( 2.490213109133065039, -0.07759539877612810221, 2.508800301755556905 ) ) ;
#7572 = CARTESIAN_POINT ( 'NONE',  ( 1.138111679450937608, -3.781569655025045142E-06, 2.500003034013023928 ) ) ;
#7573 = CARTESIAN_POINT ( 'NONE',  ( 3.058092859917100448, 0.1550766931828142237, 2.505204825803966973 ) ) ;
#7574 = VERTEX_POINT ( 'NONE', #1879 ) ;
#7575 = LINE ( 'NONE', #5597, #7502 ) ;
#7576 = ADVANCED_FACE ( 'NONE', ( #1781 ), #1830, .T. ) ;
#7577 = ORIENTED_EDGE ( 'NONE', *, *, #481, .F. ) ;
#7578 = B_SPLINE_SURFACE_WITH_KNOTS ( 'NONE', 1, 3, ( 
 ( #8508, #7746, #9226, #2471 ),
 ( #2524, #4049, #8370, #5617 ) ),
 .UNSPECIFIED., .F., .F., .F.,
 ( 2, 2 ),
 ( 4, 4 ),
 ( 0.000000000000000000, 1.000000000000000000 ),
 ( 0.000000000000000000, 1.000000000000000000 ),
 .UNSPECIFIED. ) ;
#7579 = CARTESIAN_POINT ( 'NONE',  ( 3.253327958251678531, -0.02412404464449346281, 2.509890484291184443 ) ) ;
#7580 = CARTESIAN_POINT ( 'NONE',  ( 2.724235271281369997, -0.05684753223574125214, 2.509356164054577842 ) ) ;
#7581 = CARTESIAN_POINT ( 'NONE',  ( 2.591799049670413968, -0.3111659786704719100, 2.490637632401045298 ) ) ;
#7582 = DIRECTION ( 'NONE',  ( -1.000000000000000000, 0.000000000000000000, 0.000000000000000000 ) ) ;
#7583 = CARTESIAN_POINT ( 'NONE',  ( 4.500000000000000000, -0.2301529181243587296, 2.499425860928633725 ) ) ;
#7584 = PRESENTATION_LAYER_ASSIGNMENT (  '', '', ( #5108 ) ) ;
#7585 = ADVANCED_FACE ( 'NONE', ( #7792 ), #4411, .F. ) ;
#7586 = VERTEX_POINT ( 'NONE', #3609 ) ;
#7587 = ORIENTED_EDGE ( 'NONE', *, *, #7942, .F. ) ;
#7588 = B_SPLINE_CURVE_WITH_KNOTS ( 'NONE', 3,
 ( #7479, #3890, #5262, #804 ),
 .UNSPECIFIED., .F., .F.,
 ( 4, 4 ),
 ( 0.000000000000000000, 1.000000000000000000 ),
 .UNSPECIFIED. ) ;
#7589 = CARTESIAN_POINT ( 'NONE',  ( 2.211070038175347641, 0.000000000000000000, 0.000000000000000000 ) ) ;
#7590 = EDGE_CURVE ( 'NONE', #8180, #5484, #7232, .T. ) ;
#7591 = AXIS2_PLACEMENT_3D ( 'NONE', #6421, #3480, #3162 ) ;
#7592 = CARTESIAN_POINT ( 'NONE',  ( 2.387092936041997238, 0.1559924126488040352, 2.505164685240370837 ) ) ;
#7593 = CARTESIAN_POINT ( 'NONE',  ( 2.882519502012971024, 0.1771982694821459536, 2.503835460367194177 ) ) ;
#7594 = VERTEX_POINT ( 'NONE', #559 ) ;
#7595 = CARTESIAN_POINT ( 'NONE',  ( 2.826794044801901329, 0.2792527026328228135, 2.494417352423660805 ) ) ;
#7596 = ORIENTED_EDGE ( 'NONE', *, *, #4902, .F. ) ;
#7597 = CARTESIAN_POINT ( 'NONE',  ( 3.097148132149224242, -0.1062330825052728439, 2.497741886621079210 ) ) ;
#7598 = CYLINDRICAL_SURFACE ( 'NONE', #4886, 2.510000000000000231 ) ;
#7599 = CARTESIAN_POINT ( 'NONE',  ( 2.387930237458357752, 0.3676063614376372524, 2.482952318398704339 ) ) ;
#7600 = AXIS2_PLACEMENT_3D ( 'NONE', #8775, #2925, #4318 ) ;
#7601 = SURFACE_STYLE_FILL_AREA ( #6668 ) ;
#7602 = B_SPLINE_SURFACE_WITH_KNOTS ( 'NONE', 1, 3, ( 
 ( #2716, #1805, #5675, #4112 ),
 ( #8614, #1987, #6430, #9383 ) ),
 .UNSPECIFIED., .F., .F., .F.,
 ( 2, 2 ),
 ( 4, 4 ),
 ( 0.000000000000000000, 1.000000000000000000 ),
 ( 0.000000000000000000, 1.000000000000000000 ),
 .UNSPECIFIED. ) ;
#7603 = CARTESIAN_POINT ( 'NONE',  ( 1.108203796827014420, 0.3179041521048309171, 2.479705012713106616 ) ) ;
#7604 = VERTEX_POINT ( 'NONE', #1357 ) ;
#7605 = LINE ( 'NONE', #8471, #2577 ) ;
#7606 = CIRCLE ( 'NONE', #2813, 0.4499999999999999001 ) ;
#7607 = EDGE_CURVE ( 'NONE', #4082, #3558, #1038, .T. ) ;
#7608 = DIRECTION ( 'NONE',  ( -1.000000000000000000, 0.000000000000000000, 0.000000000000000000 ) ) ;
#7609 = B_SPLINE_CURVE_WITH_KNOTS ( 'NONE', 3,
 ( #8094, #7224, #3553, #5786 ),
 .UNSPECIFIED., .F., .F.,
 ( 4, 4 ),
 ( 0.5309429008945729667, 1.000000000000000000 ),
 .UNSPECIFIED. ) ;
#7610 = CARTESIAN_POINT ( 'NONE',  ( 1.477814131716600254, 0.4584277088387146981, 2.457609492273409746 ) ) ;
#7611 = DIRECTION ( 'NONE',  ( -1.000000000000000000, 0.000000000000000000, 0.000000000000000000 ) ) ;
#7612 = EDGE_LOOP ( 'NONE', ( #4585, #1187, #6777, #7897 ) ) ;
#7613 = AXIS2_PLACEMENT_3D ( 'NONE', #963, #8546, #6952 ) ;
#7614 = AXIS2_PLACEMENT_3D ( 'NONE', #7320, #8918, #6556 ) ;
#7615 = EDGE_LOOP ( 'NONE', ( #8098, #5170, #4184, #9603 ) ) ;
#7616 = DIRECTION ( 'NONE',  ( 0.000000000000000000, 0.000000000000000000, 1.000000000000000000 ) ) ;
#7617 = ORIENTED_EDGE ( 'NONE', *, *, #5155, .T. ) ;
#7618 = CARTESIAN_POINT ( 'NONE',  ( 2.117609719517868694, 0.000000000000000000, 0.000000000000000000 ) ) ;
#7619 = ORIENTED_EDGE ( 'NONE', *, *, #2570, .F. ) ;
#7620 = ADVANCED_FACE ( 'NONE', ( #2894 ), #294, .T. ) ;
#7621 = CARTESIAN_POINT ( 'NONE',  ( 2.216578626493900028, -0.2017340161659371967, 2.491847384315813319 ) ) ;
#7622 = CARTESIAN_POINT ( 'NONE',  ( 2.898034327433925306, 0.2213792493774423276, 2.500218236063620481 ) ) ;
#7623 = CARTESIAN_POINT ( 'NONE',  ( 2.583921004793332532, 0.1827289845411645963, 2.503339792798523700 ) ) ;
#7624 = DIRECTION ( 'NONE',  ( 0.000000000000000000, 0.000000000000000000, -1.000000000000000000 ) ) ;
#7625 = CARTESIAN_POINT ( 'NONE',  ( 2.510500226423368009, -0.1768650773684222743, 2.493750311868779157 ) ) ;
#7626 = FACE_BOUND ( 'NONE', #7286, .T. ) ;
#7627 = ORIENTED_EDGE ( 'NONE', *, *, #3325, .T. ) ;
#7628 = FACE_BOUND ( 'NONE', #8461, .T. ) ;
#7629 = CARTESIAN_POINT ( 'NONE',  ( 3.031774442003643433, -0.1990174301339255047, 2.502098308394068660 ) ) ;
#7630 = EDGE_LOOP ( 'NONE', ( #6167, #3707, #9168, #7215 ) ) ;
#7631 = CARTESIAN_POINT ( 'NONE',  ( 3.023555867989116575, 0.1550766931827207706, 2.505204825803972746 ) ) ;
#7632 = ORIENTED_EDGE ( 'NONE', *, *, #1909, .F. ) ;
#7633 = EDGE_CURVE ( 'NONE', #5168, #2576, #345, .T. ) ;
#7634 = PRESENTATION_STYLE_ASSIGNMENT (( #5555 ) ) ;
#7635 = CARTESIAN_POINT ( 'NONE',  ( 2.366403248853199859, 0.1785092329068210526, 2.493618769390086420 ) ) ;
#7636 = CARTESIAN_POINT ( 'NONE',  ( 2.262504160562355260, -0.06902348918236875241, 2.509050768306829049 ) ) ;
#7637 = CARTESIAN_POINT ( 'NONE',  ( 2.302983000563780802, -0.1267595933021929688, 2.496784332998319478 ) ) ;
#7638 = DIRECTION ( 'NONE',  ( -1.000000000000000000, -0.000000000000000000, -0.000000000000000000 ) ) ;
#7639 = ORIENTED_EDGE ( 'NONE', *, *, #1377, .T. ) ;
#7640 = EDGE_CURVE ( 'NONE', #4075, #6341, #7423, .T. ) ;
#7641 = VERTEX_POINT ( 'NONE', #1310 ) ;
#7642 = B_SPLINE_CURVE_WITH_KNOTS ( 'NONE', 3,
 ( #7687, #1010, #5104, #5784, #3598, #1999 ),
 .UNSPECIFIED., .F., .F.,
 ( 4, 2, 4 ),
 ( 0.000000000000000000, 0.5000000000000004441, 1.000000000000000000 ),
 .UNSPECIFIED. ) ;
#7643 = CARTESIAN_POINT ( 'NONE',  ( 2.965870426274356930, 0.3950250790129263279, 2.468593767097136293 ) ) ;
#7644 = CARTESIAN_POINT ( 'NONE',  ( 2.211070038175347641, 0.01257182957296817082, 2.499968389620394582 ) ) ;
#7645 = DIRECTION ( 'NONE',  ( 0.000000000000000000, 0.000000000000000000, 1.000000000000000000 ) ) ;
#7646 = ORIENTED_EDGE ( 'NONE', *, *, #1251, .T. ) ;
#7647 = EDGE_LOOP ( 'NONE', ( #9290, #2967, #2987, #8746 ) ) ;
#7648 = CARTESIAN_POINT ( 'NONE',  ( 2.826794044801901329, 0.2781401420645645550, 2.484479434684920829 ) ) ;
#7649 = ORIENTED_EDGE ( 'NONE', *, *, #7454, .T. ) ;
#7650 = CARTESIAN_POINT ( 'NONE',  ( -6.049999999999999822, 5.510910596163086474E-17, -1.000000000000000000 ) ) ;
#7651 = VECTOR ( 'NONE', #3950, 1000.000000000000114 ) ;
#7652 = DIRECTION ( 'NONE',  ( -1.000000000000000000, -0.000000000000000000, -0.000000000000000000 ) ) ;
#7653 = EDGE_CURVE ( 'NONE', #3558, #652, #9033, .T. ) ;
#7654 = CARTESIAN_POINT ( 'NONE',  ( 2.907937407556844267, 0.2487250956825431403, 2.497646057146150511 ) ) ;
#7655 = DIRECTION ( 'NONE',  ( 1.000000000000000000, 0.000000000000000000, 0.000000000000000000 ) ) ;
#7656 = ADVANCED_FACE ( 'NONE', ( #7882 ), #9457, .T. ) ;
#7657 = EDGE_CURVE ( 'NONE', #262, #6601, #4179, .T. ) ;
#7658 = VERTEX_POINT ( 'NONE', #656 ) ;
#7659 = PLANE ( 'NONE',  #5965 ) ;
#7660 = CARTESIAN_POINT ( 'NONE',  ( 2.497239537316238600, -0.1649081028405443017, 2.504581237609279309 ) ) ;
#7661 = CARTESIAN_POINT ( 'NONE',  ( 1.624660284127364074, 0.3722446862622760255, 2.482243721625557953 ) ) ;
#7662 = FACE_OUTER_BOUND ( 'NONE', #2834, .T. ) ;
#7663 = VERTEX_POINT ( 'NONE', #7928 ) ;
#7664 = B_SPLINE_SURFACE_WITH_KNOTS ( 'NONE', 1, 3, ( 
 ( #8834, #2205, #8107, #1461 ),
 ( #4427, #702, #6651, #9602 ) ),
 .UNSPECIFIED., .F., .F., .F.,
 ( 2, 2 ),
 ( 4, 4 ),
 ( 0.000000000000000000, 1.000000000000000000 ),
 ( 0.000000000000000000, 1.000000000000000000 ),
 .UNSPECIFIED. ) ;
#7665 = CARTESIAN_POINT ( 'NONE',  ( 2.300445336282767261, -0.2333034775475972544, 2.489090092255441089 ) ) ;
#7666 = ORIENTED_EDGE ( 'NONE', *, *, #8527, .F. ) ;
#7667 = CARTESIAN_POINT ( 'NONE',  ( 1.183950746546068578, 0.3944503074752193084, 2.478812004758066845 ) ) ;
#7668 = VECTOR ( 'NONE', #9294, 1000.000000000000000 ) ;
#7669 = MECHANICAL_DESIGN_GEOMETRIC_PRESENTATION_REPRESENTATION (  '', ( #7034 ), #2868 ) ;
#7670 = ORIENTED_EDGE ( 'NONE', *, *, #2564, .F. ) ;
#7671 = CARTESIAN_POINT ( 'NONE',  ( 4.500000000000000000, 0.000000000000000000, 0.000000000000000000 ) ) ;
#7672 = CARTESIAN_POINT ( 'NONE',  ( 1.400610559240172082, -1.637778328998336542E-11, 2.509999982504607097 ) ) ;
#7673 = CARTESIAN_POINT ( 'NONE',  ( 2.511416028208497409, -0.1389852555135983048, 2.506158866625398662 ) ) ;
#7674 = CARTESIAN_POINT ( 'NONE',  ( 1.189886977943444446, -8.769080117479303473E-05, 2.510006731705418659 ) ) ;
#7675 = CARTESIAN_POINT ( 'NONE',  ( 0.7897222432414691129, 0.04332157396023750273, 2.499624620063902292 ) ) ;
#7676 = VECTOR ( 'NONE', #679, 1000.000000000000000 ) ;
#7677 = VECTOR ( 'NONE', #5758, 1000.000000000000000 ) ;
#7678 = ORIENTED_EDGE ( 'NONE', *, *, #6171, .F. ) ;
#7679 = CARTESIAN_POINT ( 'NONE',  ( 2.626070989566030800, -0.2288661706857017808, 2.489502013639608435 ) ) ;
#7680 = CARTESIAN_POINT ( 'NONE',  ( 1.667599354219706065, 0.3326853527925368592, 2.488176157489085494 ) ) ;
#7681 = VERTEX_POINT ( 'NONE', #1213 ) ;
#7682 = CARTESIAN_POINT ( 'NONE',  ( 2.086353122880867605, 0.1550766931827964323, 2.505204825803967861 ) ) ;
#7683 = ORIENTED_EDGE ( 'NONE', *, *, #6163, .T. ) ;
#7684 = CIRCLE ( 'NONE', #7199, 0.4499999999999999001 ) ;
#7685 = DIRECTION ( 'NONE',  ( 0.000000000000000000, 0.000000000000000000, 1.000000000000000000 ) ) ;
#7686 = FACE_OUTER_BOUND ( 'NONE', #6447, .T. ) ;
#7687 = CARTESIAN_POINT ( 'NONE',  ( 0.8981781650063318523, 0.04695119361388375850, 2.509560835169817317 ) ) ;
#7688 = CARTESIAN_POINT ( 'NONE',  ( 3.007091997285251672, 0.1993017061923005873, 2.502173069392938043 ) ) ;
#7689 = CARTESIAN_POINT ( 'NONE',  ( 1.516204428033355089, -0.1768831128608509273, 2.493734621884344804 ) ) ;
#7690 = B_SPLINE_SURFACE_WITH_KNOTS ( 'NONE', 1, 3, ( 
 ( #2326, #5141, #4403, #4550 ),
 ( #1592, #6728, #7452, #43 ) ),
 .UNSPECIFIED., .F., .F., .F.,
 ( 2, 2 ),
 ( 4, 4 ),
 ( 0.000000000000000000, 1.000000000000000000 ),
 ( 0.000000000000000000, 1.000000000000000000 ),
 .UNSPECIFIED. ) ;
#7691 = ORIENTED_EDGE ( 'NONE', *, *, #7465, .T. ) ;
#7692 = VERTEX_POINT ( 'NONE', #1411 ) ;
#7693 = ADVANCED_FACE ( 'NONE', ( #4377 ), #3276, .F. ) ;
#7694 = CARTESIAN_POINT ( 'NONE',  ( 3.280231325918293805, -0.1024102118273346185, 2.498126803930342366 ) ) ;
#7695 = CARTESIAN_POINT ( 'NONE',  ( 2.542451615332264936, -0.1830784111125053071, 2.503314262210104779 ) ) ;
#7696 = CARTESIAN_POINT ( 'NONE',  ( 1.011729324409022190, -0.2628191479528638741, 2.496453546642317445 ) ) ;
#7697 = EDGE_CURVE ( 'NONE', #9148, #2040, #1169, .T. ) ;
#7698 = ORIENTED_EDGE ( 'NONE', *, *, #2197, .F. ) ;
#7699 = DIRECTION ( 'NONE',  ( 1.000000000000000000, 0.000000000000000000, 0.000000000000000000 ) ) ;
#7700 = FACE_OUTER_BOUND ( 'NONE', #9049, .T. ) ;
#7701 = CARTESIAN_POINT ( 'NONE',  ( 0.7932090301261459642, 4.487679078546478055E-08, 2.499996992555101549 ) ) ;
#7702 = CARTESIAN_POINT ( 'NONE',  ( 2.301526921172402762, 0.3652441029075442214, 2.483359749351996992 ) ) ;
#7703 = FACE_OUTER_BOUND ( 'NONE', #4809, .T. ) ;
#7704 = B_SPLINE_CURVE_WITH_KNOTS ( 'NONE', 3,
 ( #1308, #557, #1354, #9454 ),
 .UNSPECIFIED., .F., .F.,
 ( 4, 4 ),
 ( 0.000000000000000000, 1.000000000000000000 ),
 .UNSPECIFIED. ) ;
#7705 = PLANE ( 'NONE',  #4107 ) ;
#7706 = EDGE_LOOP ( 'NONE', ( #2407, #2638, #8970, #5107 ) ) ;
#7707 = CARTESIAN_POINT ( 'NONE',  ( 2.578412416475610147, 0.3950250790129175571, 2.468593767097137626 ) ) ;
#7708 = ADVANCED_FACE ( 'NONE', ( #5885 ), #8455, .F. ) ;
#7709 = CARTESIAN_POINT ( 'NONE',  ( 2.300273773889198292, -0.1502243793805635164, 2.495483316943381435 ) ) ;
#7710 = VERTEX_POINT ( 'NONE', #8962 ) ;
#7711 = EDGE_CURVE ( 'NONE', #5931, #806, #1514, .T. ) ;
#7712 = EDGE_CURVE ( 'NONE', #9466, #3317, #3717, .T. ) ;
#7713 = CARTESIAN_POINT ( 'NONE',  ( 2.534158027177594530, 0.000000000000000000, 0.000000000000000000 ) ) ;
#7714 = ORIENTED_EDGE ( 'NONE', *, *, #6648, .F. ) ;
#7715 = ORIENTED_EDGE ( 'NONE', *, *, #2543, .F. ) ;
#7716 = CARTESIAN_POINT ( 'NONE',  ( 0.9258999666803310324, 0.2946110269686552652, 2.493250053141218281 ) ) ;
#7717 = PRODUCT_CONTEXT ( 'NONE', #1431, 'mechanical' ) ;
#7718 = FACE_OUTER_BOUND ( 'NONE', #4839, .T. ) ;
#7719 = CARTESIAN_POINT ( 'NONE',  ( 2.480877470532229179, -0.07783393658018401828, 2.508792923951904896 ) ) ;
#7720 = CARTESIAN_POINT ( 'NONE',  ( 2.645753361309656437, -0.2562532573088155408, 2.496884912870159123 ) ) ;
#7721 = VERTEX_POINT ( 'NONE', #5366 ) ;
#7722 = CARTESIAN_POINT ( 'NONE',  ( 1.335444645985828904, -0.1545525757909771702, 2.495218127001399999 ) ) ;
#7723 = DIRECTION ( 'NONE',  ( 0.000000000000000000, 0.1580100316051670228, 0.9874375068388550059 ) ) ;
#7724 = ORIENTED_EDGE ( 'NONE', *, *, #2656, .T. ) ;
#7725 = CARTESIAN_POINT ( 'NONE',  ( 2.692792991893113275, -0.05684753223574125214, 2.509356164054577842 ) ) ;
#7726 = ORIENTED_EDGE ( 'NONE', *, *, #3578, .F. ) ;
#7727 = VERTEX_POINT ( 'NONE', #3175 ) ;
#7728 = CARTESIAN_POINT ( 'NONE',  ( 2.319199294265130273, -0.07728625376108376466, 2.498805081429837927 ) ) ;
#7729 = FILL_AREA_STYLE_COLOUR ( '', #8717 ) ;
#7730 = EDGE_CURVE ( 'NONE', #9196, #1400, #2124, .T. ) ;
#7731 = CARTESIAN_POINT ( 'NONE',  ( 2.592152940145814544, -0.05662104804356698357, 2.499358729138025925 ) ) ;
#7732 = DIRECTION ( 'NONE',  ( -1.000000000000000000, -0.000000000000000000, -0.000000000000000000 ) ) ;
#7733 = VERTEX_POINT ( 'NONE', #4578 ) ;
#7734 = ORIENTED_EDGE ( 'NONE', *, *, #4154, .T. ) ;
#7735 = CARTESIAN_POINT ( 'NONE',  ( 3.292424493319719758, -0.1359072883614094174, 2.496303108392538661 ) ) ;
#7736 = FACE_OUTER_BOUND ( 'NONE', #7955, .T. ) ;
#7737 = CARTESIAN_POINT ( 'NONE',  ( 2.768051366967340776, 0.2080011676468116188, 2.501366729261738087 ) ) ;
#7738 = ORIENTED_EDGE ( 'NONE', *, *, #3624, .F. ) ;
#7739 = CARTESIAN_POINT ( 'NONE',  ( 2.280520080619341527, 0.2044090018823918331, 2.501662838983192305 ) ) ;
#7740 = MECHANICAL_DESIGN_GEOMETRIC_PRESENTATION_REPRESENTATION (  '', ( #1367 ), #280 ) ;
#7741 = EDGE_CURVE ( 'NONE', #3846, #5160, #3742, .T. ) ;
#7742 = SURFACE_STYLE_USAGE ( .BOTH. , #4890 ) ;
#7743 = CARTESIAN_POINT ( 'NONE',  ( 2.790283204488101187, 0.1890565961973414977, 2.502869873452128857 ) ) ;
#7744 = CARTESIAN_POINT ( 'NONE',  ( 2.501848603459542630, -0.2041402853420496988, 2.501685100218673519 ) ) ;
#7745 = B_SPLINE_SURFACE_WITH_KNOTS ( 'NONE', 1, 3, ( 
 ( #3987, #2507, #9116, #235 ),
 ( #7689, #8404, #5462, #1770 ) ),
 .UNSPECIFIED., .F., .F., .F.,
 ( 2, 2 ),
 ( 4, 4 ),
 ( 0.000000000000000000, 1.000000000000000000 ),
 ( 0.000000000000000000, 1.000000000000000000 ),
 .UNSPECIFIED. ) ;
#7746 = CARTESIAN_POINT ( 'NONE',  ( 2.677051217643087622, -0.1004184969495520580, 2.508369097389195890 ) ) ;
#7747 = VECTOR ( 'NONE', #4440, 999.9999999999998863 ) ;
#7748 = B_SPLINE_CURVE_WITH_KNOTS ( 'NONE', 1,
 ( #2253, #5368 ),
 .UNSPECIFIED., .F., .F.,
 ( 2, 2 ),
 ( 0.000000000000000000, 1.000000000000000000 ),
 .UNSPECIFIED. ) ;
#7749 = ORIENTED_EDGE ( 'NONE', *, *, #2916, .F. ) ;
#7750 = CARTESIAN_POINT ( 'NONE',  ( 2.304049124075973509, 0.1508316669027527646, 2.495445854291868049 ) ) ;
#7751 = VERTEX_POINT ( 'NONE', #9597 ) ;
#7752 = B_SPLINE_CURVE_WITH_KNOTS ( 'NONE', 3,
 ( #2097, #3502, #8722, #1339 ),
 .UNSPECIFIED., .F., .F.,
 ( 4, 4 ),
 ( 0.000000000000000000, 0.9480781303994271214 ),
 .UNSPECIFIED. ) ;
#7753 = CARTESIAN_POINT ( 'NONE',  ( 2.313752600197278575, -0.1481425458377509108, 2.495606897352367515 ) ) ;
#7754 = VECTOR ( 'NONE', #7582, 1000.000000000000000 ) ;
#7755 = PLANE ( 'NONE',  #586 ) ;
#7756 = VERTEX_POINT ( 'NONE', #8250 ) ;
#7757 = ADVANCED_FACE ( 'NONE', ( #173 ), #2982, .T. ) ;
#7758 = ORIENTED_EDGE ( 'NONE', *, *, #2621, .T. ) ;
#7759 = ORIENTED_EDGE ( 'NONE', *, *, #8914, .F. ) ;
#7760 = CARTESIAN_POINT ( 'NONE',  ( 2.342719109556029355, 0.1788862007265528964, 2.503617328424937227 ) ) ;
#7761 = MECHANICAL_DESIGN_GEOMETRIC_PRESENTATION_REPRESENTATION (  '', ( #1722 ), #8974 ) ;
#7762 = VERTEX_POINT ( 'NONE', #6796 ) ;
#7763 = CARTESIAN_POINT ( 'NONE',  ( 2.965870426274356930, 0.3950250790129263279, 2.468593767097136293 ) ) ;
#7764 = B_SPLINE_CURVE_WITH_KNOTS ( 'NONE', 3,
 ( #9416, #7891, #2657, #5618 ),
 .UNSPECIFIED., .F., .F.,
 ( 4, 4 ),
 ( 0.000000000000000000, 0.9418887672913686115 ),
 .UNSPECIFIED. ) ;
#7765 = ORIENTED_EDGE ( 'NONE', *, *, #1471, .F. ) ;
#7766 = CARTESIAN_POINT ( 'NONE',  ( 3.052479103895801238, -0.02328603789230960369, 2.499935192571379527 ) ) ;
#7767 = B_SPLINE_CURVE_WITH_KNOTS ( 'NONE', 3,
 ( #3263, #8244, #6069, #1812 ),
 .UNSPECIFIED., .F., .F.,
 ( 4, 4 ),
 ( 0.000000000000000000, 1.000000000000000000 ),
 .UNSPECIFIED. ) ;
#7768 = ADVANCED_FACE ( 'NONE', ( #1562 ), #8829, .T. ) ;
#7769 = FILL_AREA_STYLE ('',( #4664 ) ) ;
#7770 = LINE ( 'NONE', #3972, #8391 ) ;
#7771 = CARTESIAN_POINT ( 'NONE',  ( 2.503520373047568803, -0.1688971046413364485, 2.494288228742575164 ) ) ;
#7772 = EDGE_CURVE ( 'NONE', #652, #1363, #7787, .T. ) ;
#7773 = VERTEX_POINT ( 'NONE', #6027 ) ;
#7774 = CARTESIAN_POINT ( 'NONE',  ( 3.268038159384767827, -0.06915193253517426530, 2.509273283529711573 ) ) ;
#7775 = CARTESIAN_POINT ( 'NONE',  ( 2.996611237488604473, 0.3165902117148944872, 2.491272160115038936 ) ) ;
#7776 = AXIS2_PLACEMENT_3D ( 'NONE', #8499, #3188, #2462 ) ;
#7777 = VERTEX_POINT ( 'NONE', #2350 ) ;
#7778 = CARTESIAN_POINT ( 'NONE',  ( 2.645753361309656437, -0.2562532573088155408, 2.496884912870159123 ) ) ;
#7779 = VERTEX_POINT ( 'NONE', #1616 ) ;
#7780 = ADVANCED_FACE ( 'NONE', ( #118 ), #5676, .F. ) ;
#7781 = FILL_AREA_STYLE ('',( #7729 ) ) ;
#7782 = CARTESIAN_POINT ( 'NONE',  ( 4.500000000000000000, 0.1436661170357829143, 2.505885082523909624 ) ) ;
#7783 = CARTESIAN_POINT ( 'NONE',  ( 2.354231440198708114, -0.1598994755005588853, 2.504901626358737143 ) ) ;
#7784 = EDGE_LOOP ( 'NONE', ( #7806, #2953, #190, #393 ) ) ;
#7785 = CARTESIAN_POINT ( 'NONE',  ( 3.255844991115442344, -0.03533309113959915565, 2.499750302064292828 ) ) ;
#7786 = EDGE_CURVE ( 'NONE', #8058, #4068, #5410, .T. ) ;
#7787 = B_SPLINE_CURVE_WITH_KNOTS ( 'NONE', 3,
 ( #14, #1668, #7531, #3029 ),
 .UNSPECIFIED., .F., .F.,
 ( 4, 4 ),
 ( 8.689090374953213668E-05, 1.000000000000000000 ),
 .UNSPECIFIED. ) ;
#7788 = VECTOR ( 'NONE', #326, 1000.000000000000000 ) ;
#7789 = CARTESIAN_POINT ( 'NONE',  ( 2.538721542568452616, -0.1624805246091710065, 2.504748479783351467 ) ) ;
#7790 = CARTESIAN_POINT ( 'NONE',  ( 2.308305906130250662, -0.2085194248689075935, 2.491288752724650113 ) ) ;
#7791 = ORIENTED_EDGE ( 'NONE', *, *, #4634, .T. ) ;
#7792 = FACE_OUTER_BOUND ( 'NONE', #9264, .T. ) ;
#7793 = CARTESIAN_POINT ( 'NONE',  ( 1.454295552010481662, 0.3565756325990430686, 2.474440166791367357 ) ) ;
#7794 = CARTESIAN_POINT ( 'NONE',  ( 2.353884924821066260, -0.1730777351844484668, 2.494040043402677487 ) ) ;
#7795 = CARTESIAN_POINT ( 'NONE',  ( 2.384559623074435475, 0.000000000000000000, 0.000000000000000000 ) ) ;
#7796 = EDGE_LOOP ( 'NONE', ( #4608, #5328, #8917, #5251 ) ) ;
#7797 = CARTESIAN_POINT ( 'NONE',  ( 2.255014956219874911, 0.1833590139133849661, 2.493266827280367526 ) ) ;
#7798 = AXIS2_PLACEMENT_3D ( 'NONE', #3759, #4598, #6187 ) ;
#7799 = CARTESIAN_POINT ( 'NONE',  ( 1.537434141543654320, -0.2280047568777996969, 2.499624538496821646 ) ) ;
#7800 = DIRECTION ( 'NONE',  ( 0.000000000000000000, -0.04818164109039706211, 0.9988385902946662620 ) ) ;
#7801 = B_SPLINE_CURVE_WITH_KNOTS ( 'NONE', 3,
 ( #8989, #4547, #2476, #1533 ),
 .UNSPECIFIED., .F., .F.,
 ( 4, 4 ),
 ( 0.000000000000000000, 0.9998774592592614141 ),
 .UNSPECIFIED. ) ;
#7802 = ORIENTED_EDGE ( 'NONE', *, *, #9106, .F. ) ;
#7803 = AXIS2_PLACEMENT_3D ( 'NONE', #2237, #6113, #8950 ) ;
#7804 = EDGE_CURVE ( 'NONE', #1674, #8028, #6647, .T. ) ;
#7805 = CARTESIAN_POINT ( 'NONE',  ( 3.234071341253653031, 0.008381253348377413689, 2.499989463170895210 ) ) ;
#7806 = ORIENTED_EDGE ( 'NONE', *, *, #6444, .F. ) ;
#7807 = DIRECTION ( 'NONE',  ( 0.000000000000000000, -0.06182103031639087087, 0.9980872508005600441 ) ) ;
#7808 = ORIENTED_EDGE ( 'NONE', *, *, #5993, .F. ) ;
#7809 = DIRECTION ( 'NONE',  ( 0.000000000000000000, -0.03710033658858810646, 0.9993115455277266079 ) ) ;
#7810 = EDGE_CURVE ( 'NONE', #1829, #9566, #5591, .T. ) ;
#7811 = COLOUR_RGB ( '',0.6666666666666666297, 0.6666666666666666297, 0.6666666666666666297 ) ;
#7812 = CARTESIAN_POINT ( 'NONE',  ( 2.493808833439248751, -0.2070899543762012573, 2.491409257486341566 ) ) ;
#7813 = CARTESIAN_POINT ( 'NONE',  ( 1.335444645985828904, -0.1551707860941410888, 2.505198999509405500 ) ) ;
#7814 = B_SPLINE_CURVE_WITH_KNOTS ( 'NONE', 1,
 ( #4780, #6309 ),
 .UNSPECIFIED., .F., .F.,
 ( 2, 2 ),
 ( 0.000000000000000000, 1.000000000000000000 ),
 .UNSPECIFIED. ) ;
#7815 = DIRECTION ( 'NONE',  ( -1.000000000000000000, -0.000000000000000000, -0.000000000000000000 ) ) ;
#7816 = ORIENTED_EDGE ( 'NONE', *, *, #7330, .F. ) ;
#7817 = CARTESIAN_POINT ( 'NONE',  ( 3.255844991115442344, -0.03547442350415755397, 2.509749303272549525 ) ) ;
#7818 = CIRCLE ( 'NONE', #828, 2.510000000000000231 ) ;
#7819 = PRESENTATION_LAYER_ASSIGNMENT (  '', '', ( #7034 ) ) ;
#7820 = FACE_OUTER_BOUND ( 'NONE', #2510, .T. ) ;
#7821 = VERTEX_POINT ( 'NONE', #7828 ) ;
#7822 = CARTESIAN_POINT ( 'NONE',  ( 1.161570944305657660, -0.2413170020507933722, 2.498372691277507940 ) ) ;
#7823 = ORIENTED_EDGE ( 'NONE', *, *, #9519, .T. ) ;
#7824 = B_SPLINE_SURFACE_WITH_KNOTS ( 'NONE', 1, 3, ( 
 ( #7661, #346, #3203, #4103 ),
 ( #254, #4802, #7610, #2618 ) ),
 .UNSPECIFIED., .F., .F., .F.,
 ( 2, 2 ),
 ( 4, 4 ),
 ( 0.000000000000000000, 1.000000000000000000 ),
 ( 0.000000000000000000, 1.000000000000000000 ),
 .UNSPECIFIED. ) ;
#7825 = ORIENTED_EDGE ( 'NONE', *, *, #5696, .F. ) ;
#7826 = EDGE_CURVE ( 'NONE', #2363, #3926, #4077, .T. ) ;
#7827 = ORIENTED_EDGE ( 'NONE', *, *, #3020, .T. ) ;
#7828 = CARTESIAN_POINT ( 'NONE',  ( 3.361312794421991601, -0.2292359742274489298, 2.489467988972742685 ) ) ;
#7829 = LINE ( 'NONE', #7731, #6228 ) ;
#7830 = VECTOR ( 'NONE', #9095, 1000.000000000000000 ) ;
#7831 = CARTESIAN_POINT ( 'NONE',  ( 2.788172032324728988, 0.000000000000000000, 0.000000000000000000 ) ) ;
#7832 = COLOUR_RGB ( '',0.2980392156862745057, 0.2980392156862745057, 0.2980392156862745057 ) ;
#7833 = ORIENTED_EDGE ( 'NONE', *, *, #2741, .F. ) ;
#7834 = ADVANCED_FACE ( 'NONE', ( #3318 ), #5600, .T. ) ;
#7835 = EDGE_CURVE ( 'NONE', #3269, #6237, #6308, .T. ) ;
#7836 = CARTESIAN_POINT ( 'NONE',  ( 2.117609719517861588, -0.01528043514025484960, 2.499953301224229651 ) ) ;
#7837 = AXIS2_PLACEMENT_3D ( 'NONE', #4070, #7165, #9341 ) ;
#7838 = CARTESIAN_POINT ( 'NONE',  ( 2.645567678557562363, -0.1874241885608317892, 2.502992643525408845 ) ) ;
#7839 = CARTESIAN_POINT ( 'NONE',  ( 2.710545558816060296, 0.1833487065249842507, 2.503294647800843098 ) ) ;
#7840 = ORIENTED_EDGE ( 'NONE', *, *, #2054, .T. ) ;
#7841 = PRESENTATION_STYLE_ASSIGNMENT (( #7742 ) ) ;
#7842 =( NAMED_UNIT ( * ) PLANE_ANGLE_UNIT ( ) SI_UNIT ( $, .RADIAN. ) );
#7843 = VECTOR ( 'NONE', #7996, 1000.000000000000000 ) ;
#7844 = ORIENTED_EDGE ( 'NONE', *, *, #6660, .F. ) ;
#7845 = FACE_OUTER_BOUND ( 'NONE', #3416, .T. ) ;
#7846 = B_SPLINE_SURFACE_WITH_KNOTS ( 'NONE', 1, 3, ( 
 ( #8319, #3948, #4485, #7441, #2312, #5277, #31, #6859 ),
 ( #7597, #762, #3046, #191, #7546, #3193, #2416, #3143 ) ),
 .UNSPECIFIED., .F., .F., .F.,
 ( 2, 2 ),
 ( 4, 2, 2, 4 ),
 ( 0.000000000000000000, 1.000000000000000000 ),
 ( 0.000000000000000000, 0.2500000000000000000, 0.5000000000000000000, 1.000000000000000000 ),
 .UNSPECIFIED. ) ;
#7847 = ORIENTED_EDGE ( 'NONE', *, *, #1685, .T. ) ;
#7848 = CARTESIAN_POINT ( 'NONE',  ( 2.117609719517861588, 0.000000000000000000, 0.000000000000000000 ) ) ;
#7849 = CARTESIAN_POINT ( 'NONE',  ( 2.501849444990141613, -0.2033264627705257399, 2.491718269369607164 ) ) ;
#7850 = ADVANCED_FACE ( 'NONE', ( #5458 ), #2639, .T. ) ;
#7851 = CARTESIAN_POINT ( 'NONE',  ( 2.645567678557562363, -0.1866774786462467861, 2.493020561280287595 ) ) ;
#7852 = EDGE_LOOP ( 'NONE', ( #1726, #2157, #3391, #6754 ) ) ;
#7853 = CARTESIAN_POINT ( 'NONE',  ( 1.569571575511992778, -0.1241079079637038285, 2.506929840897202943 ) ) ;
#7854 = ORIENTED_EDGE ( 'NONE', *, *, #2362, .F. ) ;
#7855 = CARTESIAN_POINT ( 'NONE',  ( 2.520992153692247051, -0.08178141172101278944, 2.498674827010616273 ) ) ;
#7856 = CARTESIAN_POINT ( 'NONE',  ( 3.201254261938807133, -0.1632154101174175254, 2.494666456643092722 ) ) ;
#7857 = B_SPLINE_CURVE_WITH_KNOTS ( 'NONE', 3,
 ( #4924, #3644, #4171, #7132 ),
 .UNSPECIFIED., .F., .F.,
 ( 4, 4 ),
 ( 0.000000000000000000, 1.000000000000000000 ),
 .UNSPECIFIED. ) ;
#7858 = EDGE_CURVE ( 'NONE', #1125, #1179, #9272, .T. ) ;
#7859 = CARTESIAN_POINT ( 'NONE',  ( 3.326775802495638423, -0.2301529181243587296, 2.499425860928633725 ) ) ;
#7860 = LINE ( 'NONE', #4211, #9593 ) ;
#7861 = ORIENTED_EDGE ( 'NONE', *, *, #6199, .F. ) ;
#7862 = CARTESIAN_POINT ( 'NONE',  ( 2.571542154640000799, 0.2906845807296062900, 2.483042986846191180 ) ) ;
#7863 = CARTESIAN_POINT ( 'NONE',  ( 2.998860061933319443, 0.2207912566832238022, 2.493577550177660029 ) ) ;
#7864 = B_SPLINE_CURVE_WITH_KNOTS ( 'NONE', 3,
 ( #107, #3113, #1702, #9583 ),
 .UNSPECIFIED., .F., .F.,
 ( 4, 4 ),
 ( 0.000000000000000000, 1.000000000000000000 ),
 .UNSPECIFIED. ) ;
#7865 = ORIENTED_EDGE ( 'NONE', *, *, #9404, .T. ) ;
#7866 = DIRECTION ( 'NONE',  ( 0.000000000000000000, 0.000000000000000000, -1.000000000000000000 ) ) ;
#7867 = VERTEX_POINT ( 'NONE', #4678 ) ;
#7868 = ORIENTED_EDGE ( 'NONE', *, *, #2255, .T. ) ;
#7869 = DIRECTION ( 'NONE',  ( 1.000000000000000000, 0.000000000000000000, 0.000000000000000000 ) ) ;
#7870 = CARTESIAN_POINT ( 'NONE',  ( 2.425657405583639736, -0.2231952221964887684, 2.490016845884513774 ) ) ;
#7871 = DIRECTION ( 'NONE',  ( 1.000000000000000000, 0.000000000000000000, 0.000000000000000000 ) ) ;
#7872 = CARTESIAN_POINT ( 'NONE',  ( 2.472573247664884732, -0.2342366914577876380, 2.499046452624462678 ) ) ;
#7873 = CARTESIAN_POINT ( 'NONE',  ( 2.611855167895241525, -0.3021832710459840254, 2.481670766884242596 ) ) ;
#7874 = EDGE_LOOP ( 'NONE', ( #1871, #3460, #3438, #7913 ) ) ;
#7875 = EDGE_CURVE ( 'NONE', #2665, #8180, #9577, .T. ) ;
#7876 = CARTESIAN_POINT ( 'NONE',  ( 1.569571575511992778, -0.1236134541471153453, 2.496942072606775476 ) ) ;
#7877 = CARTESIAN_POINT ( 'NONE',  ( 2.793928197645979772, 0.2783881013536720905, 2.494513993752029091 ) ) ;
#7878 = CARTESIAN_POINT ( 'NONE',  ( 3.026632723977835671, -0.2000924213366699345, 2.502011963363956148 ) ) ;
#7879 = ORIENTED_EDGE ( 'NONE', *, *, #6207, .T. ) ;
#7880 = ORIENTED_EDGE ( 'NONE', *, *, #8868, .F. ) ;
#7881 = ADVANCED_FACE ( 'NONE', ( #7088 ), #408, .T. ) ;
#7882 = FACE_OUTER_BOUND ( 'NONE', #7945, .T. ) ;
#7883 = EDGE_CURVE ( 'NONE', #9064, #78, #1776, .T. ) ;
#7884 = CARTESIAN_POINT ( 'NONE',  ( 2.787675602843502798, 0.2272406459571017778, 2.489732318496868935 ) ) ;
#7885 = CARTESIAN_POINT ( 'NONE',  ( 2.584044793295543929, -0.3114504929935155708, 2.490602053804279681 ) ) ;
#7886 = B_SPLINE_CURVE_WITH_KNOTS ( 'NONE', 3,
 ( #8410, #9025, #1725, #2412 ),
 .UNSPECIFIED., .F., .F.,
 ( 4, 4 ),
 ( 0.000000000000000000, 1.000000000000000000 ),
 .UNSPECIFIED. ) ;
#7887 = FACE_OUTER_BOUND ( 'NONE', #9595, .T. ) ;
#7888 = ORIENTED_EDGE ( 'NONE', *, *, #9399, .T. ) ;
#7889 = EDGE_CURVE ( 'NONE', #3317, #2526, #9374, .T. ) ;
#7890 = CARTESIAN_POINT ( 'NONE',  ( 2.660917452748341017, 0.1827289845411645963, 2.503339792798523700 ) ) ;
#7891 = CARTESIAN_POINT ( 'NONE',  ( 1.863392603402794334, -0.1097810726336259091, 2.497960899028958348 ) ) ;
#7892 = ORIENTED_EDGE ( 'NONE', *, *, #4278, .F. ) ;
#7893 = SURFACE_STYLE_FILL_AREA ( #3243 ) ;
#7894 = LINE ( 'NONE', #3875, #428 ) ;
#7895 = DIRECTION ( 'NONE',  ( -1.000000000000000000, -0.000000000000000000, -0.000000000000000000 ) ) ;
#7896 = MECHANICAL_DESIGN_GEOMETRIC_PRESENTATION_REPRESENTATION (  '', ( #5108 ), #1214 ) ;
#7897 = ORIENTED_EDGE ( 'NONE', *, *, #5147, .F. ) ;
#7898 = B_SPLINE_SURFACE_WITH_KNOTS ( 'NONE', 1, 3, ( 
 ( #5119, #7379, #5802, #6562 ),
 ( #5029, #9462, #4336, #4286 ) ),
 .UNSPECIFIED., .F., .F., .F.,
 ( 2, 2 ),
 ( 4, 4 ),
 ( 0.000000000000000000, 1.000000000000000000 ),
 ( 0.000000000000000000, 1.000000000000000000 ),
 .UNSPECIFIED. ) ;
#7899 = CARTESIAN_POINT ( 'NONE',  ( 2.881632350981399693, 0.01257182957296817082, 2.499968389620394582 ) ) ;
#7900 = EDGE_CURVE ( 'NONE', #9614, #4498, #8571, .T. ) ;
#7901 = VERTEX_POINT ( 'NONE', #9490 ) ;
#7902 = CARTESIAN_POINT ( 'NONE',  ( 2.698734839966531407, 0.3950250790129175571, 2.468593767097137626 ) ) ;
#7904 = ORIENTED_EDGE ( 'NONE', *, *, #8578, .T. ) ;
#7903 = AXIS2_PLACEMENT_3D ( 'NONE', #8150, #3074, #6696 ) ;
#7905 = CARTESIAN_POINT ( 'NONE',  ( 2.493184033169769886, -0.05266076266337145484, 2.499445307278339357 ) ) ;
#7906 = CARTESIAN_POINT ( 'NONE',  ( 2.581692811765796236, -0.2843986643782882018, 2.483770802570125724 ) ) ;
#7907 = CARTESIAN_POINT ( 'NONE',  ( 3.201254261938807133, -0.1638682717578872072, 2.504645122469665086 ) ) ;
#7908 = CARTESIAN_POINT ( 'NONE',  ( 3.000716889455846470, -0.01534155688081141090, 2.509953114429126941 ) ) ;
#7909 = CARTESIAN_POINT ( 'NONE',  ( 2.445277883076570458, -0.06639737306823097207, 2.499118122228246808 ) ) ;
#7910 = EDGE_CURVE ( 'NONE', #7901, #8548, #3261, .T. ) ;
#7911 = VERTEX_POINT ( 'NONE', #5832 ) ;
#7912 = SURFACE_STYLE_FILL_AREA ( #4124 ) ;
#7913 = ORIENTED_EDGE ( 'NONE', *, *, #1614, .F. ) ;
#7914 = CARTESIAN_POINT ( 'NONE',  ( 1.068608810083886640, 0.3226042148941807297, 2.489181897839631397 ) ) ;
#7915 = LINE ( 'NONE', #8010, #4390 ) ;
#7916 = VECTOR ( 'NONE', #3960, 1000.000000000000000 ) ;
#7917 = CARTESIAN_POINT ( 'NONE',  ( 3.247365478760182000, -0.03547442350415755397, 2.509749303272549525 ) ) ;
#7918 = CARTESIAN_POINT ( 'NONE',  ( 2.791384284401949412, 0.3047881303277069076, 2.491433908955641652 ) ) ;
#7919 = DIRECTION ( 'NONE',  ( 1.000000000000000000, 0.000000000000000000, 0.000000000000000000 ) ) ;
#7920 = ORIENTED_EDGE ( 'NONE', *, *, #74, .T. ) ;
#7921 = VECTOR ( 'NONE', #3752, 1000.000000000000000 ) ;
#7922 = CARTESIAN_POINT ( 'NONE',  ( 2.216578626493900028, -0.2301529181243587296, 2.499425860928633725 ) ) ;
#7923 = STYLED_ITEM ( 'NONE', ( #5211 ), #3295 ) ;
#7924 = ADVANCED_FACE ( 'NONE', ( #2684 ), #6570, .T. ) ;
#7925 = LINE ( 'NONE', #555, #2730 ) ;
#7926 = CARTESIAN_POINT ( 'NONE',  ( 2.793521368935839799, 0.2496778024025445852, 2.497718067024145672 ) ) ;
#7927 = VERTEX_POINT ( 'NONE', #6441 ) ;
#7928 = CARTESIAN_POINT ( 'NONE',  ( 2.998860061933319443, 0.2204972603361089745, 2.490257207234680248 ) ) ;
#7929 = CARTESIAN_POINT ( 'NONE',  ( 4.500000000000000000, 0.000000000000000000, 2.510000000000000231 ) ) ;
#7930 = CARTESIAN_POINT ( 'NONE',  ( 1.535565026931891675, 0.04265472020602998487, 2.499727071341506512 ) ) ;
#7931 = EDGE_CURVE ( 'NONE', #7459, #4790, #6375, .T. ) ;
#7932 = CARTESIAN_POINT ( 'NONE',  ( 3.025651867284865570, -0.2001828422471169378, 2.491975571745143725 ) ) ;
#7933 = CARTESIAN_POINT ( 'NONE',  ( 0.9695574795675230284, -0.09651411375299154272, 2.498181807089261408 ) ) ;
#7934 = ORIENTED_EDGE ( 'NONE', *, *, #3994, .F. ) ;
#7935 = VERTEX_POINT ( 'NONE', #8724 ) ;
#7936 = VECTOR ( 'NONE', #5936, 1000.000000000000114 ) ;
#7937 = PLANE ( 'NONE',  #6576 ) ;
#7938 = CARTESIAN_POINT ( 'NONE',  ( 4.500000000000000000, 0.01262211689126004413, 2.509968263178876224 ) ) ;
#7939 = ORIENTED_EDGE ( 'NONE', *, *, #3714, .F. ) ;
#7940 = CARTESIAN_POINT ( 'NONE',  ( 1.716252519444233515, 0.1299405110455756629, 2.506766913558374554 ) ) ;
#7941 = CARTESIAN_POINT ( 'NONE',  ( 2.290494484879105119, -0.1537666799059142497, 2.495271713742002628 ) ) ;
#7942 = EDGE_CURVE ( 'NONE', #9284, #5841, #4269, .T. ) ;
#7943 = DIRECTION ( 'NONE',  ( -1.734723475976807094E-16, 0.000000000000000000, -1.000000000000000000 ) ) ;
#7944 = CARTESIAN_POINT ( 'NONE',  ( 2.086353122880875599, -0.2301529181243587296, 2.499425860928633725 ) ) ;
#7945 = EDGE_LOOP ( 'NONE', ( #84, #4720, #3096, #8711 ) ) ;
#7946 = EDGE_CURVE ( 'NONE', #1435, #529, #2019, .T. ) ;
#7947 = EDGE_CURVE ( 'NONE', #8836, #2541, #229, .T. ) ;
#7948 = CARTESIAN_POINT ( 'NONE',  ( 1.579900679646538686, -0.1253328144862920490, 2.496856360628890048 ) ) ;
#7949 = ORIENTED_EDGE ( 'NONE', *, *, #1239, .T. ) ;
#7950 = CARTESIAN_POINT ( 'NONE',  ( 2.117609719517861588, 0.000000000000000000, 0.000000000000000000 ) ) ;
#7951 = ORIENTED_EDGE ( 'NONE', *, *, #3382, .T. ) ;
#7952 = CARTESIAN_POINT ( 'NONE',  ( 2.338200829250268509, 0.1503814369515536209, 2.495472985912767783 ) ) ;
#7953 = CARTESIAN_POINT ( 'NONE',  ( 1.392254850066266370, 0.3585647551118277820, 2.484256692934849298 ) ) ;
#7954 = DIRECTION ( 'NONE',  ( 0.000000000000000000, -1.000000000000000000, 0.000000000000000000 ) ) ;
#7955 = EDGE_LOOP ( 'NONE', ( #2499, #3355, #6850, #4386 ) ) ;
#7956 = AXIS2_PLACEMENT_3D ( 'NONE', #3730, #6686, #3826 ) ;
#7957 = CARTESIAN_POINT ( 'NONE',  ( 2.460654495494496885, -0.08801996956299366903, 2.498453721040118758 ) ) ;
#7958 = DIRECTION ( 'NONE',  ( 0.000000000000000000, 0.06178354310071569599, 0.9980895720334532761 ) ) ;
#7959 = ORIENTED_EDGE ( 'NONE', *, *, #1764, .F. ) ;
#7960 = CARTESIAN_POINT ( 'NONE',  ( 1.183950746546068578, 0.3944503074752193084, 2.478812004758066845 ) ) ;
#7961 =( GEOMETRIC_REPRESENTATION_CONTEXT ( 3 ) GLOBAL_UNCERTAINTY_ASSIGNED_CONTEXT ( ( #6106 ) ) GLOBAL_UNIT_ASSIGNED_CONTEXT ( ( #2949, #5232, #8119 ) ) REPRESENTATION_CONTEXT ( 'NONE', 'WORKASPACE' ) );
#7962 = ORIENTED_EDGE ( 'NONE', *, *, #1792, .T. ) ;
#7963 = CARTESIAN_POINT ( 'NONE',  ( 0.8981781650063318523, 0.04695119361388375850, 2.509560835169817317 ) ) ;
#7964 = CARTESIAN_POINT ( 'NONE',  ( 3.302079996438208376, -0.1638682717578872072, 2.504645122469665086 ) ) ;
#7965 = CARTESIAN_POINT ( 'NONE',  ( 1.251785577343388800, -0.3256321559133191768, 2.478922807183433275 ) ) ;
#7966 = CARTESIAN_POINT ( 'NONE',  ( 1.824356778977260340, -0.1534456739553034799, 2.505305255880888371 ) ) ;
#7967 = LINE ( 'NONE', #1347, #4734 ) ;
#7968 = ORIENTED_EDGE ( 'NONE', *, *, #5400, .F. ) ;
#7969 = B_SPLINE_CURVE_WITH_KNOTS ( 'NONE', 3,
 ( #2635, #3172, #952, #5684 ),
 .UNSPECIFIED., .F., .F.,
 ( 4, 4 ),
 ( 0.000000000000000000, 1.000000000000000000 ),
 .UNSPECIFIED. ) ;
#7970 = CARTESIAN_POINT ( 'NONE',  ( 2.522955167788405895, -0.2196194620501336348, 2.490334775063145933 ) ) ;
#7971 = ORIENTED_EDGE ( 'NONE', *, *, #470, .F. ) ;
#7972 = CARTESIAN_POINT ( 'NONE',  ( 2.874762089145887156, 0.000000000000000000, 0.000000000000000000 ) ) ;
#7973 =( GEOMETRIC_REPRESENTATION_CONTEXT ( 3 ) GLOBAL_UNCERTAINTY_ASSIGNED_CONTEXT ( ( #5344 ) ) GLOBAL_UNIT_ASSIGNED_CONTEXT ( ( #7127, #543, #7167 ) ) REPRESENTATION_CONTEXT ( 'NONE', 'WORKASPACE' ) );
#7974 = ORIENTED_EDGE ( 'NONE', *, *, #3497, .F. ) ;
#7975 = VECTOR ( 'NONE', #4096, 1000.000000000000000 ) ;
#7976 = CARTESIAN_POINT ( 'NONE',  ( 2.383644044332463796, -0.07468018686982165477, 2.509275807360627830 ) ) ;
#7977 = CARTESIAN_POINT ( 'NONE',  ( 1.657369157666903625, -0.1258341457442372358, 2.506843786071405233 ) ) ;
#7978 = LINE ( 'NONE', #3469, #1100 ) ;
#7979 = CARTESIAN_POINT ( 'NONE',  ( 2.784853331843319069, 0.2291877819674167371, 2.489493947062420443 ) ) ;
#7980 = CARTESIAN_POINT ( 'NONE',  ( 0.9451029750229504867, -0.07567828509952910510, 2.499012930387787268 ) ) ;
#7981 = EDGE_CURVE ( 'NONE', #9406, #5010, #3270, .T. ) ;
#7982 = B_SPLINE_SURFACE_WITH_KNOTS ( 'NONE', 1, 3, ( 
 ( #8841, #2210, #3621, #6709 ),
 ( #6569, #5173, #2903, #8115 ) ),
 .UNSPECIFIED., .F., .F., .F.,
 ( 2, 2 ),
 ( 4, 4 ),
 ( 0.000000000000000000, 1.000000000000000000 ),
 ( 0.000000000000000000, 1.000000000000000000 ),
 .UNSPECIFIED. ) ;
#7983 = VERTEX_POINT ( 'NONE', #1245 ) ;
#7984 = ORIENTED_EDGE ( 'NONE', *, *, #1287, .F. ) ;
#7985 =( GEOMETRIC_REPRESENTATION_CONTEXT ( 3 ) GLOBAL_UNCERTAINTY_ASSIGNED_CONTEXT ( ( #5440 ) ) GLOBAL_UNIT_ASSIGNED_CONTEXT ( ( #3753, #9556, #7242 ) ) REPRESENTATION_CONTEXT ( 'NONE', 'WORKASPACE' ) );
#7986 = EDGE_LOOP ( 'NONE', ( #5893, #1843, #3557, #758 ) ) ;
#7987 = CARTESIAN_POINT ( 'NONE',  ( 2.282186532306803795, 0.3445862106477882714, 2.476138191505352637 ) ) ;
#7988 = EDGE_CURVE ( 'NONE', #3531, #1225, #7220, .T. ) ;
#7989 = CARTESIAN_POINT ( 'NONE',  ( 1.781318735633162564, 0.008893288930708077508, 2.499984181832356267 ) ) ;
#7990 = CARTESIAN_POINT ( 'NONE',  ( 2.285155462299096385, -0.2015479651663660554, 2.501894965368709922 ) ) ;
#7991 = CARTESIAN_POINT ( 'NONE',  ( 2.521407629289695418, -0.05542315146756867511, 2.499390406016992916 ) ) ;
#7992 = CARTESIAN_POINT ( 'NONE',  ( 1.132793694971008458, 0.3509369412345186845, 2.485551973987023100 ) ) ;
#7993 = CARTESIAN_POINT ( 'NONE',  ( 1.035941984889742429, -0.04988896697542856418, 2.499586620008058535 ) ) ;
#7994 = B_SPLINE_CURVE_WITH_KNOTS ( 'NONE', 3,
 ( #2370, #5334, #8275, #1641 ),
 .UNSPECIFIED., .F., .F.,
 ( 4, 4 ),
 ( 0.000000000000000000, 1.000000000000000000 ),
 .UNSPECIFIED. ) ;
#7995 = EDGE_CURVE ( 'NONE', #6602, #2225, #5434, .T. ) ;
#7996 = DIRECTION ( 'NONE',  ( -1.000000000000000000, 0.000000000000000000, -2.168404344971008868E-16 ) ) ;
#7997 = EDGE_LOOP ( 'NONE', ( #2877, #3394, #2921, #4784 ) ) ;
#7998 = DIRECTION ( 'NONE',  ( -1.000000000000000000, 0.000000000000000000, 0.000000000000000000 ) ) ;
#7999 = CARTESIAN_POINT ( 'NONE',  ( 3.097148132149224242, -0.1062330825052728439, 2.497741886621079210 ) ) ;
#8000 = CARTESIAN_POINT ( 'NONE',  ( 3.248893221319324454, -0.03068181469761960961, 2.509817045112051392 ) ) ;
#8001 = EDGE_CURVE ( 'NONE', #7756, #7867, #3485, .T. ) ;
#8002 = B_SPLINE_CURVE_WITH_KNOTS ( 'NONE', 1,
 ( #8245, #3690 ),
 .UNSPECIFIED., .F., .F.,
 ( 2, 2 ),
 ( 0.000000000000000000, 1.000000000000000000 ),
 .UNSPECIFIED. ) ;
#8003 = ORIENTED_EDGE ( 'NONE', *, *, #7900, .T. ) ;
#8004 =( NAMED_UNIT ( * ) PLANE_ANGLE_UNIT ( ) SI_UNIT ( $, .RADIAN. ) );
#8005 = EDGE_CURVE ( 'NONE', #474, #834, #2339, .T. ) ;
#8006 = CARTESIAN_POINT ( 'NONE',  ( 2.426433958615628050, -0.08664765780782562876, 2.508561879988547183 ) ) ;
#8007 = ORIENTED_EDGE ( 'NONE', *, *, #5075, .F. ) ;
#8008 = EDGE_LOOP ( 'NONE', ( #8777, #391, #125, #5998 ) ) ;
#8009 = CARTESIAN_POINT ( 'NONE',  ( 2.340738493650206919, -0.1445176776861988865, 2.495820093096599024 ) ) ;
#8010 = CARTESIAN_POINT ( 'NONE',  ( 2.788172032324740535, -0.01528043514025040697, 2.499953301224229651 ) ) ;
#8011 = PLANE ( 'NONE',  #8996 ) ;
#8012 = LINE ( 'NONE', #2831, #1715 ) ;
#8013 = VERTEX_POINT ( 'NONE', #7914 ) ;
#8014 = CARTESIAN_POINT ( 'NONE',  ( 2.977011390545210467, 0.2811157322613371812, 2.484371011994170431 ) ) ;
#8015 = CYLINDRICAL_SURFACE ( 'NONE', #8279, 2.510000000000000231 ) ;
#8016 = EDGE_CURVE ( 'NONE', #5320, #2284, #2148, .T. ) ;
#8017 = ORIENTED_EDGE ( 'NONE', *, *, #3624, .T. ) ;
#8018 = CARTESIAN_POINT ( 'NONE',  ( 2.405232302830831337, 0.1651231628232469051, 2.504562704565259423 ) ) ;
#8019 = EDGE_LOOP ( 'NONE', ( #3961, #7408, #7361, #448 ) ) ;
#8020 = LINE ( 'NONE', #6695, #6514 ) ;
#8021 = CARTESIAN_POINT ( 'NONE',  ( 4.500000000000000000, 0.000000000000000000, 2.500000000000000000 ) ) ;
#8022 = LINE ( 'NONE', #5115, #3632 ) ;
#8023 = CARTESIAN_POINT ( 'NONE',  ( 2.592152940145814544, -0.05684753223574125214, 2.509356164054578286 ) ) ;
#8024 = CARTESIAN_POINT ( 'NONE',  ( 2.696073387183302028, 0.1820009806186898282, 2.493366327488569123 ) ) ;
#8025 = CARTESIAN_POINT ( 'NONE',  ( 2.211070038175347641, 0.000000000000000000, 0.000000000000000000 ) ) ;
#8026 = ORIENTED_EDGE ( 'NONE', *, *, #3603, .F. ) ;
#8027 = ORIENTED_EDGE ( 'NONE', *, *, #7505, .T. ) ;
#8028 = VERTEX_POINT ( 'NONE', #8045 ) ;
#8029 = ADVANCED_FACE ( 'NONE', ( #6395 ), #7265, .T. ) ;
#8030 = CARTESIAN_POINT ( 'NONE',  ( 3.232475218430453268, 0.004207390030082166013, 2.510000000000000231 ) ) ;
#8031 = CARTESIAN_POINT ( 'NONE',  ( 3.326775802495638423, -0.2301529181243587296, 2.499425860928633725 ) ) ;
#8032 = LINE ( 'NONE', #9323, #2233 ) ;
#8033 = FACE_OUTER_BOUND ( 'NONE', #5409, .T. ) ;
#8034 = ORIENTED_EDGE ( 'NONE', *, *, #4309, .T. ) ;
#8035 = CARTESIAN_POINT ( 'NONE',  ( 2.584044793295543929, -0.3114504929935155153, 2.490602053804279681 ) ) ;
#8036 = CARTESIAN_POINT ( 'NONE',  ( 3.361312794421991601, -0.2301529181243587296, 2.499425860928633725 ) ) ;
#8037 = CARTESIAN_POINT ( 'NONE',  ( 2.612763725650701918, -0.2611981217262142607, 2.496372476455927192 ) ) ;
#8038 = ADVANCED_FACE ( 'NONE', ( #6063 ), #1443, .F. ) ;
#8039 = CARTESIAN_POINT ( 'NONE',  ( 2.887140939299873921, -0.2301529181243587296, 2.499425860928633725 ) ) ;
#8040 = EDGE_CURVE ( 'NONE', #6764, #1428, #6145, .T. ) ;
#8041 = ORIENTED_EDGE ( 'NONE', *, *, #494, .T. ) ;
#8042 = CARTESIAN_POINT ( 'NONE',  ( 2.612763725650701474, -0.2611981217262142607, 2.496372476455927192 ) ) ;
#8043 = ORIENTED_EDGE ( 'NONE', *, *, #4202, .T. ) ;
#8044 = B_SPLINE_SURFACE_WITH_KNOTS ( 'NONE', 1, 3, ( 
 ( #9040, #5388, #7660, #8327 ),
 ( #4649, #3913, #8900, #3202 ) ),
 .UNSPECIFIED., .F., .F., .F.,
 ( 2, 2 ),
 ( 4, 4 ),
 ( 0.000000000000000000, 1.000000000000000000 ),
 ( 0.000000000000000000, 1.000000000000000000 ),
 .UNSPECIFIED. ) ;
#8045 = CARTESIAN_POINT ( 'NONE',  ( 2.484952097818029948, 0.2641792259297762180, 2.496058760643896424 ) ) ;
#8046 = CARTESIAN_POINT ( 'NONE',  ( 1.390533354600380633, 0.4590342622972505837, 2.457496194511238574 ) ) ;
#8047 = CARTESIAN_POINT ( 'NONE',  ( 1.780752329522085065, 0.04647743860040294550, 2.499850482305512323 ) ) ;
#8048 = EDGE_CURVE ( 'NONE', #9440, #1886, #910, .T. ) ;
#8049 = CARTESIAN_POINT ( 'NONE',  ( 2.784098270606021330, 0.3258427684513534039, 2.478702088847843044 ) ) ;
#8050 = CARTESIAN_POINT ( 'NONE',  ( 2.932880790617061084, -0.2292359742274495404, 2.489467988972743129 ) ) ;
#8051 = AXIS2_PLACEMENT_3D ( 'NONE', #6412, #7235, #8832 ) ;
#8052 = EDGE_LOOP ( 'NONE', ( #7308, #3696, #8449, #3739 ) ) ;
#8053 = CARTESIAN_POINT ( 'NONE',  ( 0.9451029750229504867, -0.07567828509952910510, 2.499012930387787268 ) ) ;
#8054 = EDGE_CURVE ( 'NONE', #1810, #2355, #7069, .T. ) ;
#8055 = ADVANCED_FACE ( 'NONE', ( #6784 ), #6978, .T. ) ;
#8056 = FACE_OUTER_BOUND ( 'NONE', #8019, .T. ) ;
#8057 = ORIENTED_EDGE ( 'NONE', *, *, #4178, .T. ) ;
#8058 = VERTEX_POINT ( 'NONE', #8293 ) ;
#8059 = CARTESIAN_POINT ( 'NONE',  ( 1.091847191819639296, -0.3319277005247076584, 2.477954954374290697 ) ) ;
#8060 = CARTESIAN_POINT ( 'NONE',  ( 1.780868074893975805, -0.002731464580744382125, 2.510000000938826581 ) ) ;
#8061 = CARTESIAN_POINT ( 'NONE',  ( 4.500000000000000000, 0.000000000000000000, 0.000000000000000000 ) ) ;
#8062 = CARTESIAN_POINT ( 'NONE',  ( -3.781872720455400128, 3.061616997868383141E-16, -2.500000000000000000 ) ) ;
#8063 = CIRCLE ( 'NONE', #6518, 0.4499999999999999001 ) ;
#8064 = CARTESIAN_POINT ( 'NONE',  ( 3.058092859917100448, 0.1550766931828142237, 2.505204825803966973 ) ) ;
#8065 = EDGE_LOOP ( 'NONE', ( #2930, #2876, #3459, #8315 ) ) ;
#8066 = VERTEX_POINT ( 'NONE', #6633 ) ;
#8067 = EDGE_LOOP ( 'NONE', ( #619, #6121, #8325, #1194 ) ) ;
#8068 = CARTESIAN_POINT ( 'NONE',  ( 3.273878731310496448, 4.852509534599910856E-11, 2.499999989035925463 ) ) ;
#8069 = CIRCLE ( 'NONE', #5134, 0.4499999999999999001 ) ;
#8070 = ORIENTED_EDGE ( 'NONE', *, *, #2656, .F. ) ;
#8071 = DIRECTION ( 'NONE',  ( 1.000000000000000000, 0.000000000000000000, 0.000000000000000000 ) ) ;
#8072 = CARTESIAN_POINT ( 'NONE',  ( 2.629660856110518363, 0.000000000000000000, 0.000000000000000000 ) ) ;
#8073 = LINE ( 'NONE', #671, #7747 ) ;
#8074 = CARTESIAN_POINT ( 'NONE',  ( 1.780943019868786337, 3.346011192800385961E-08, 2.499999891265936025 ) ) ;
#8075 = TOROIDAL_SURFACE ( 'NONE', #1903, 1.000000000000000222, 0.4499999999999999001 ) ;
#8076 = B_SPLINE_CURVE_WITH_KNOTS ( 'NONE', 3,
 ( #7753, #7709, #3348, #2579 ),
 .UNSPECIFIED., .F., .F.,
 ( 4, 4 ),
 ( 0.000000000000000000, 1.000000000000000000 ),
 .UNSPECIFIED. ) ;
#8077 = LINE ( 'NONE', #3715, #7356 ) ;
#8078 = ORIENTED_EDGE ( 'NONE', *, *, #8387, .T. ) ;
#8079 = CARTESIAN_POINT ( 'NONE',  ( 2.524452147494949728, -0.1464701254646790241, 2.505735470319800484 ) ) ;
#8080 = CARTESIAN_POINT ( 'NONE',  ( 2.346066461484367593, -0.07879710554616652096, 2.508763133824746916 ) ) ;
#8081 = CARTESIAN_POINT ( 'NONE',  ( 2.541872765981290971, -0.1995419974093126103, 2.492083446744664421 ) ) ;
#8082 = FACE_OUTER_BOUND ( 'NONE', #1904, .T. ) ;
#8083 = VERTEX_POINT ( 'NONE', #2286 ) ;
#8084 = EDGE_CURVE ( 'NONE', #1007, #6771, #3150, .T. ) ;
#8085 = CARTESIAN_POINT ( 'NONE',  ( 2.945673286815018610, 0.3537882420915524073, 2.484946046385303919 ) ) ;
#8086 = ORIENTED_EDGE ( 'NONE', *, *, #8097, .F. ) ;
#8087 = CARTESIAN_POINT ( 'NONE',  ( 4.500000000000000000, 0.2487250956825431403, 2.497646057146150511 ) ) ;
#8088 = EDGE_CURVE ( 'NONE', #6771, #9064, #7538, .T. ) ;
#8089 = ORIENTED_EDGE ( 'NONE', *, *, #4258, .T. ) ;
#8090 = CARTESIAN_POINT ( 'NONE',  ( 2.998860061933319443, 0.2213792493774534575, 2.500218236063619592 ) ) ;
#8091 = CARTESIAN_POINT ( 'NONE',  ( 2.262504160562355260, -0.06874849520156250948, 2.499054550106403649 ) ) ;
#8092 = CARTESIAN_POINT ( 'NONE',  ( 2.354231440198708114, -0.1598994755005588853, 2.504901626358737143 ) ) ;
#8093 = FACE_BOUND ( 'NONE', #968, .T. ) ;
#8094 = CARTESIAN_POINT ( 'NONE',  ( 1.400610559240116570, -1.634091510848958425E-11, 2.499999982574229396 ) ) ;
#8095 = CARTESIAN_POINT ( 'NONE',  ( 2.276803520664543612, -0.1895291624052274637, 2.502847565094535209 ) ) ;
#8096 = CARTESIAN_POINT ( 'NONE',  ( 2.466321928337154912, -0.08371991586703655952, 2.498597801905543925 ) ) ;
#8097 = EDGE_CURVE ( 'NONE', #7901, #6059, #7410, .T. ) ;
#8098 = ORIENTED_EDGE ( 'NONE', *, *, #4410, .F. ) ;
#8099 = VERTEX_POINT ( 'NONE', #2236 ) ;
#8100 = FILL_AREA_STYLE_COLOUR ( '', #924 ) ;
#8101 = ORIENTED_EDGE ( 'NONE', *, *, #2759, .F. ) ;
#8102 = CARTESIAN_POINT ( 'NONE',  ( 1.126653823436413848, -0.2341255047154806035, 2.499088381569262829 ) ) ;
#8103 = CARTESIAN_POINT ( 'NONE',  ( 0.7932090301261459642, 4.487679078546478055E-08, 2.499996992555101549 ) ) ;
#8104 = CARTESIAN_POINT ( 'NONE',  ( 3.071276335330218821, -0.1765536489330275238, 2.493757969220034898 ) ) ;
#8105 = CARTESIAN_POINT ( 'NONE',  ( 4.500000000000000000, 0.000000000000000000, 0.000000000000000000 ) ) ;
#8106 = EDGE_CURVE ( 'NONE', #2349, #4374, #9591, .T. ) ;
#8107 = CARTESIAN_POINT ( 'NONE',  ( 2.469204461414890694, -0.1213700569898739645, 2.507067547934222596 ) ) ;
#8108 = EDGE_CURVE ( 'NONE', #7135, #4062, #733, .T. ) ;
#8109 = ORIENTED_EDGE ( 'NONE', *, *, #6610, .T. ) ;
#8110 = ORIENTED_EDGE ( 'NONE', *, *, #1554, .T. ) ;
#8111 = ORIENTED_EDGE ( 'NONE', *, *, #4236, .F. ) ;
#8112 = CARTESIAN_POINT ( 'NONE',  ( 3.211157342063377662, -0.1364509175148550524, 2.506288320826108418 ) ) ;
#8113 = CIRCLE ( 'NONE', #495, 0.4499999999999999001 ) ;
#8114 = DIRECTION ( 'NONE',  ( 0.000000000000000000, -0.006112174056100161575, 0.9999813204896917940 ) ) ;
#8115 = CARTESIAN_POINT ( 'NONE',  ( 2.471768622405012827, -0.1534557579717771292, 2.495285821373036228 ) ) ;
#8116 = DIRECTION ( 'NONE',  ( 0.000000000000000000, -0.03710033658858809952, 0.9993115455277264969 ) ) ;
#8117 = CARTESIAN_POINT ( 'NONE',  ( 3.096504484494014608, -0.09253646042218058310, 2.508301363587553290 ) ) ;
#8118 = CARTESIAN_POINT ( 'NONE',  ( 1.208804030546209329, 0.2839201533169621872, 2.494068816360707874 ) ) ;
#8119 =( NAMED_UNIT ( * ) SI_UNIT ( $, .STERADIAN. ) SOLID_ANGLE_UNIT ( ) );
#8120 = CARTESIAN_POINT ( 'NONE',  ( 0.9997478914790399740, -0.2266435085075205191, 2.489705348038478316 ) ) ;
#8121 = AXIS2_PLACEMENT_3D ( 'NONE', #1429, #1532, #4448 ) ;
#8122 = STYLED_ITEM ( 'NONE', ( #8171 ), #3334 ) ;
#8123 = B_SPLINE_SURFACE_WITH_KNOTS ( 'NONE', 1, 3, ( 
 ( #1721, #1775, #4738, #6179 ),
 ( #9121, #282, #3278, #962 ) ),
 .UNSPECIFIED., .F., .F., .F.,
 ( 2, 2 ),
 ( 4, 4 ),
 ( 0.000000000000000000, 1.000000000000000000 ),
 ( 0.000000000000000000, 1.000000000000000000 ),
 .UNSPECIFIED. ) ;
#8124 = DIRECTION ( 'NONE',  ( 1.000000000000000000, 0.000000000000000000, 0.000000000000000000 ) ) ;
#8125 = EDGE_LOOP ( 'NONE', ( #2260, #2787, #2811, #6643, #8111, #5112, #76, #4919, #5024, #1572, #8881, #8202 ) ) ;
#8126 = CARTESIAN_POINT ( 'NONE',  ( 2.619132394921744655, -0.2982227901550626448, 2.492224293424465387 ) ) ;
#8127 = VECTOR ( 'NONE', #2394, 1000.000000000000000 ) ;
#8128 = EDGE_CURVE ( 'NONE', #3860, #5264, #5686, .T. ) ;
#8129 = LINE ( 'NONE', #5000, #2187 ) ;
#8130 = CARTESIAN_POINT ( 'NONE',  ( 2.989204558813184587, 0.2477341590463576770, 2.487695276041982151 ) ) ;
#8131 = DIRECTION ( 'NONE',  ( 0.000000000000000000, 0.000000000000000000, -1.000000000000000000 ) ) ;
#8132 = ORIENTED_EDGE ( 'NONE', *, *, #6735, .T. ) ;
#8133 = AXIS2_PLACEMENT_3D ( 'NONE', #8995, #5343, #936 ) ;
#8134 = CARTESIAN_POINT ( 'NONE',  ( 2.484952097818117878, 0.000000000000000000, 0.000000000000000000 ) ) ;
#8135 = UNCERTAINTY_MEASURE_WITH_UNIT (LENGTH_MEASURE( 1.000000000000000082E-05 ), #8513, 'distance_accuracy_value', 'NONE');
#8136 = ORIENTED_EDGE ( 'NONE', *, *, #4064, .F. ) ;
#8137 = CARTESIAN_POINT ( 'NONE',  ( 2.348165803623886383, 0.3726562069317834736, 2.482181973876052883 ) ) ;
#8138 = VERTEX_POINT ( 'NONE', #8090 ) ;
#8139 = CARTESIAN_POINT ( 'NONE',  ( 1.400610559240116570, -1.634091510848958425E-11, 2.499999982574229396 ) ) ;
#8140 = CARTESIAN_POINT ( 'NONE',  ( 2.641250554566564990, -0.2006235327788787881, 2.491937037345711481 ) ) ;
#8141 = CARTESIAN_POINT ( 'NONE',  ( 3.037546300121629184, -0.2287920474835208051, 2.489508866774779339 ) ) ;
#8142 = CARTESIAN_POINT ( 'NONE',  ( 2.725914399747445316, 0.3671320788486520104, 2.472895908443525581 ) ) ;
#8143 = FACE_OUTER_BOUND ( 'NONE', #413, .T. ) ;
#8144 = B_SPLINE_CURVE_WITH_KNOTS ( 'NONE', 3,
 ( #3942, #6906, #2515, #239, #5562, #1826 ),
 .UNSPECIFIED., .F., .F.,
 ( 4, 2, 4 ),
 ( 0.000000000000000000, 0.5000000000000000000, 1.000000000000000000 ),
 .UNSPECIFIED. ) ;
#8145 = CARTESIAN_POINT ( 'NONE',  ( 0.7902555573234232300, -0.02697061489668063292, 2.510844372035170302 ) ) ;
#8146 = CARTESIAN_POINT ( 'NONE',  ( 1.153776212419349356, 0.001889796039654081678, 2.509999291718564063 ) ) ;
#8147 = ORIENTED_EDGE ( 'NONE', *, *, #6512, .T. ) ;
#8148 = ORIENTED_EDGE ( 'NONE', *, *, #5505, .F. ) ;
#8149 = FACE_OUTER_BOUND ( 'NONE', #9086, .T. ) ;
#8150 = CARTESIAN_POINT ( 'NONE',  ( 4.500000000000000000, 0.000000000000000000, 0.000000000000000000 ) ) ;
#8151 = CARTESIAN_POINT ( 'NONE',  ( 2.257145867328144817, 0.2432811182230063263, 2.488306630109381690 ) ) ;
#8152 = CARTESIAN_POINT ( 'NONE',  ( 2.598942515453571023, -0.3083303745734267687, 2.480915349769388545 ) ) ;
#8153 = CARTESIAN_POINT ( 'NONE',  ( 3.129512252283497276, -0.1429675270452903657, 2.506201309366855146 ) ) ;
#8154 = CARTESIAN_POINT ( 'NONE',  ( 3.318543867033915351, -0.2072533580822768229, 2.491492199145529440 ) ) ;
#8155 = ORIENTED_EDGE ( 'NONE', *, *, #4259, .T. ) ;
#8156 = ADVANCED_FACE ( 'NONE', ( #2190 ), #5246, .F. ) ;
#8157 = ORIENTED_EDGE ( 'NONE', *, *, #4361, .F. ) ;
#8158 = ORIENTED_EDGE ( 'NONE', *, *, #8289, .T. ) ;
#8159 = DIRECTION ( 'NONE',  ( 1.000000000000000000, 0.000000000000000000, 0.000000000000000000 ) ) ;
#8160 = EDGE_CURVE ( 'NONE', #1441, #1888, #9424, .T. ) ;
#8161 = ADVANCED_FACE ( 'NONE', ( #8184 ), #3825, .F. ) ;
#8162 = CARTESIAN_POINT ( 'NONE',  ( 2.282186532306803795, 0.3445862106477882714, 2.476138191505352637 ) ) ;
#8163 = CARTESIAN_POINT ( 'NONE',  ( 1.767625831662646529, 0.07841382132904241298, 2.508907365357744723 ) ) ;
#8164 = ORIENTED_EDGE ( 'NONE', *, *, #705, .F. ) ;
#8165 = FACE_OUTER_BOUND ( 'NONE', #4059, .T. ) ;
#8166 = VERTEX_POINT ( 'NONE', #2757 ) ;
#8167 = CARTESIAN_POINT ( 'NONE',  ( 2.692792991893113275, -0.05684753223574125214, 2.509356164054577842 ) ) ;
#8168 = FILL_AREA_STYLE ('',( #6663 ) ) ;
#8169 = CARTESIAN_POINT ( 'NONE',  ( 1.888053096262113595, 0.01065729627687968945, 2.509977374805611117 ) ) ;
#8170 = EDGE_CURVE ( 'NONE', #4041, #172, #6159, .T. ) ;
#8171 = PRESENTATION_STYLE_ASSIGNMENT (( #926 ) ) ;
#8172 = CARTESIAN_POINT ( 'NONE',  ( 2.696073387183302028, 0.1820009806186898282, 2.493366327488569123 ) ) ;
#8173 = EDGE_CURVE ( 'NONE', #8859, #2246, #7404, .T. ) ;
#8174 = ORIENTED_EDGE ( 'NONE', *, *, #8474, .F. ) ;
#8175 = CARTESIAN_POINT ( 'NONE',  ( 2.645753361309656437, -0.2562532573088155408, 2.496884912870159123 ) ) ;
#8176 = CARTESIAN_POINT ( 'NONE',  ( 2.564486210053318338, -0.3077528660414656225, 2.480985323101139173 ) ) ;
#8177 = B_SPLINE_CURVE_WITH_KNOTS ( 'NONE', 3,
 ( #4416, #8676, #3688, #2105 ),
 .UNSPECIFIED., .F., .F.,
 ( 4, 4 ),
 ( 0.000000000000000000, 1.000000000000000000 ),
 .UNSPECIFIED. ) ;
#8178 = CARTESIAN_POINT ( 'NONE',  ( 2.578412416475610147, 0.000000000000000000, 0.000000000000000000 ) ) ;
#8179 = FACE_OUTER_BOUND ( 'NONE', #9486, .T. ) ;
#8180 = VERTEX_POINT ( 'NONE', #1701 ) ;
#8181 = CARTESIAN_POINT ( 'NONE',  ( 3.093489597830168858, -0.01956131693522765794, 2.509923774715033140 ) ) ;
#8182 = ORIENTED_EDGE ( 'NONE', *, *, #918, .T. ) ;
#8183 = DIRECTION ( 'NONE',  ( -1.000000000000000000, 0.000000000000000000, 0.000000000000000000 ) ) ;
#8184 = FACE_OUTER_BOUND ( 'NONE', #2018, .T. ) ;
#8185 = CARTESIAN_POINT ( 'NONE',  ( 3.230879094835743093, 4.852406643424649147E-11, 2.499999989035925907 ) ) ;
#8186 = CARTESIAN_POINT ( 'NONE',  ( 2.405232302830831337, 0.1644653016167798021, 2.494584367096872146 ) ) ;
#8187 = CARTESIAN_POINT ( 'NONE',  ( 3.040824363953108289, 0.1544588577517604644, 2.495223930083635189 ) ) ;
#8188 = CARTESIAN_POINT ( 'NONE',  ( 2.164339878846604392, -0.01528043514025484960, 2.499953301224229651 ) ) ;
#8189 = ORIENTED_EDGE ( 'NONE', *, *, #1239, .F. ) ;
#8190 = EDGE_CURVE ( 'NONE', #806, #8310, #9137, .T. ) ;
#8191 = CARTESIAN_POINT ( 'NONE',  ( 0.8981781650063318523, 0.04695119361388375157, 2.509560835169817317 ) ) ;
#8192 = CARTESIAN_POINT ( 'NONE',  ( 2.480877469908264299, -0.07752384123120233117, 2.498797733019334721 ) ) ;
#8193 = VERTEX_POINT ( 'NONE', #7622 ) ;
#8194 = B_SPLINE_CURVE_WITH_KNOTS ( 'NONE', 3,
 ( #1500, #7529, #8192, #3834 ),
 .UNSPECIFIED., .F., .F.,
 ( 4, 4 ),
 ( 0.000000000000000000, 1.000000000000000000 ),
 .UNSPECIFIED. ) ;
#8195 = CARTESIAN_POINT ( 'NONE',  ( 2.570572352088348556, -0.2830687095543740761, 2.483923636382713962 ) ) ;
#8196 = CARTESIAN_POINT ( 'NONE',  ( 3.318543867033915351, -0.2072533580822768229, 2.491492199145529440 ) ) ;
#8197 = CARTESIAN_POINT ( 'NONE',  ( 2.338200829250268509, 0.1509829626993598461, 2.505454877856419404 ) ) ;
#8198 = VECTOR ( 'NONE', #2907, 1000.000000000000000 ) ;
#8199 = CARTESIAN_POINT ( 'NONE',  ( 2.117609719517861588, -0.09275084147147026614, 2.498278863819316520 ) ) ;
#8200 = CARTESIAN_POINT ( 'NONE',  ( 2.425657405583639736, -0.1927530370964304907, 2.502587913878372206 ) ) ;
#8201 = CARTESIAN_POINT ( 'NONE',  ( 2.626070989566030800, -0.2297816353684445922, 2.499460021694166478 ) ) ;
#8202 = ORIENTED_EDGE ( 'NONE', *, *, #3240, .F. ) ;
#8203 = EDGE_CURVE ( 'NONE', #172, #7773, #1261, .T. ) ;
#8204 = ORIENTED_EDGE ( 'NONE', *, *, #9209, .T. ) ;
#8205 = CARTESIAN_POINT ( 'NONE',  ( 2.425657405583639736, -0.1919850967095921290, 2.492617444101964175 ) ) ;
#8206 = AXIS2_PLACEMENT_3D ( 'NONE', #2845, #8689, #2934 ) ;
#8207 = B_SPLINE_CURVE_WITH_KNOTS ( 'NONE', 3,
 ( #3151, #1030, #2575, #5532 ),
 .UNSPECIFIED., .F., .F.,
 ( 4, 4 ),
 ( 0.000000000000000000, 1.000000000000000000 ),
 .UNSPECIFIED. ) ;
#8208 = CARTESIAN_POINT ( 'NONE',  ( 2.874762089145795230, 0.1544588577518069827, 2.495223930083632080 ) ) ;
#8209 = CARTESIAN_POINT ( 'NONE',  ( 1.125454002548186949, -0.3424916312305779642, 2.476428816236812658 ) ) ;
#8210 = EDGE_CURVE ( 'NONE', #8542, #5551, #5810, .T. ) ;
#8211 = ORIENTED_EDGE ( 'NONE', *, *, #1176, .F. ) ;
#8212 = FILL_AREA_STYLE_COLOUR ( '', #5730 ) ;
#8213 = ORIENTED_EDGE ( 'NONE', *, *, #2725, .T. ) ;
#8214 = PLANE ( 'NONE',  #6340 ) ;
#8215 = SURFACE_SIDE_STYLE ('',( #763 ) ) ;
#8216 = MECHANICAL_DESIGN_GEOMETRIC_PRESENTATION_REPRESENTATION (  '', ( #5602 ), #5293 ) ;
#8217 = CARTESIAN_POINT ( 'NONE',  ( 2.790276436849969066, 0.3633350098368424708, 2.473456623963084855 ) ) ;
#8218 = VECTOR ( 'NONE', #534, 1000.000000000000000 ) ;
#8219 = DIRECTION ( 'NONE',  ( 0.000000000000000000, 0.000000000000000000, 1.000000000000000000 ) ) ;
#8220 = LINE ( 'NONE', #824, #6425 ) ;
#8221 = ORIENTED_EDGE ( 'NONE', *, *, #7947, .T. ) ;
#8222 = CARTESIAN_POINT ( 'NONE',  ( 1.415782330549202106, -0.1126182750382844072, 2.507834680983056952 ) ) ;
#8223 = EDGE_CURVE ( 'NONE', #6237, #5841, #283, .T. ) ;
#8224 = CARTESIAN_POINT ( 'NONE',  ( 2.434446389192383986, -0.1305919500364444430, 2.496586818555621701 ) ) ;
#8225 = CLOSED_SHELL ( 'NONE', ( #6, #1534, #6437, #7768, #3087, #6707, #5811, #8412, #4974, #2769, #9278, #2080, #938, #1945, #4381, #5514, #2617, #6049, #647, #9159, #3334, #692, #5988, #7390, #2379, #5289, #4324, #7445, #724, #7576, #3547, #877, #9384, #3910, #8161, #7219, #9423, #8231, #8979, #8156, #6098, #590, #8797, #7620, #3689, #9524, #3468, #4763, #6279, #330, #8406, #423, #8558, #202, #4201, #1170, #2032, #1001, #9570, #7559, #8545, #323, #1366, #472, #3356, #6481, #989, #4752, #4056, #682, #1098, #186, #4988, #6541, #6775, #4010, #8252, #6858, #4196, #5642, #6082, #7153, #9263, #2305, #6809, #809, #2917, #9036, #2127, #5624, #4144, #7369, #8445, #4187, #7881, #6385, #7217, #3417, #5564, #3780, #3455, #147, #7020, #8766, #7212, #4836, #5716, #1327, #7693, #4013, #6259, #1013, #984, #4672, #2227, #8945, #3984, #4773, #6863, #7395, #3962, #5126, #6103, #554, #2848, #5860, #4665, #5953, #6050, #2302, #4017, #2244, #4494, #8312, #8506, #7303, #6034, #5898, #548, #4476, #3895, #1229, #45, #6436, #8284, #610, #8055, #435, #4104, #5201, #5333, #7708, #9478, #3786, #8338, #1280, #3503, #5990, #2107, #7485, #2583, #7093, #3440, #8038, #5870, #104, #9090, #9100, #3288, #5390, #978, #612, #4121, #6327, #7924, #9391, #3479, #5964, #6303, #5866, #4115, #4589, #1433, #9508, #4983, #7252, #5924, #1223, #2652, #4022, #3211, #3014, #5099, #1507, #3230, #7780, #1989, #488, #3265, #4753, #3787, #5867, #9485, #5799, #7757, #3722, #6367, #9465, #2853, #8359, #9541, #725, #4723, #6433, #6320, #6748, #2720, #1828, #7656, #8464, #889, #8029, #2795, #5529, #8634, #8718, #6226, #9626, #5161, #9133, #2595, #3665, #1178, #8671, #4500, #3939, #1893, #4317, #7585, #7834, #1111, #6913, #8431, #4304, #3436, #2081, #7850, #4631, #5135, #9322, #911, #1408, #167, #6549, #7549, #3671, #9572, #4930, #5750, #9056 ) ) ;
#8226 = CARTESIAN_POINT ( 'NONE',  ( 2.637335743205095007, -0.1871763142755285547, 2.503011192019370501 ) ) ;
#8227 = SURFACE_STYLE_FILL_AREA ( #5190 ) ;
#8228 = VERTEX_POINT ( 'NONE', #312 ) ;
#8229 = EDGE_CURVE ( 'NONE', #3583, #7064, #4971, .T. ) ;
#8230 = B_SPLINE_CURVE_WITH_KNOTS ( 'NONE', 3,
 ( #2771, #5636, #7033, #1152 ),
 .UNSPECIFIED., .F., .F.,
 ( 4, 4 ),
 ( 0.000000000000000000, 1.000000000000000000 ),
 .UNSPECIFIED. ) ;
#8231 = ADVANCED_FACE ( 'NONE', ( #7718 ), #650, .T. ) ;
#8232 = VECTOR ( 'NONE', #1459, 1000.000000000000000 ) ;
#8233 = UNCERTAINTY_MEASURE_WITH_UNIT (LENGTH_MEASURE( 1.000000000000000082E-05 ), #7025, 'distance_accuracy_value', 'NONE');
#8234 = ORIENTED_EDGE ( 'NONE', *, *, #6923, .T. ) ;
#8235 = CARTESIAN_POINT ( 'NONE',  ( 2.626070989566030800, -0.2297816353684445922, 2.499460021694166478 ) ) ;
#8236 = ORIENTED_EDGE ( 'NONE', *, *, #6681, .T. ) ;
#8237 = CARTESIAN_POINT ( 'NONE',  ( 1.195894749938177570, -0.2348089116859861658, 2.499027702240915971 ) ) ;
#8238 = CARTESIAN_POINT ( 'NONE',  ( 2.330823823704680109, -0.2055772227247488482, 2.501588634378111298 ) ) ;
#8239 = CARTESIAN_POINT ( 'NONE',  ( 2.621635234924697411, -0.2393029197397825714, 2.488542537094769802 ) ) ;
#8240 = FACE_BOUND ( 'NONE', #8125, .T. ) ;
#8241 = DIRECTION ( 'NONE',  ( -1.000000000000000000, -0.000000000000000000, -0.000000000000000000 ) ) ;
#8242 = CARTESIAN_POINT ( 'NONE',  ( 2.901706719646841126, 0.3165902117148944872, 2.491272160115038936 ) ) ;
#8243 = ORIENTED_EDGE ( 'NONE', *, *, #2217, .T. ) ;
#8244 = CARTESIAN_POINT ( 'NONE',  ( 2.696259069935394770, 0.1546648028954760723, 2.498550895323743415 ) ) ;
#8245 = CARTESIAN_POINT ( 'NONE',  ( 2.989204558813184587, 0.2477341590463576770, 2.487695276041982151 ) ) ;
#8246 = VERTEX_POINT ( 'NONE', #7567 ) ;
#8247 = CARTESIAN_POINT ( 'NONE',  ( 2.214040962212883823, 0.1820009806186898005, 2.493366327488569123 ) ) ;
#8248 = STYLED_ITEM ( 'NONE', ( #4093 ), #938 ) ;
#8249 = ORIENTED_EDGE ( 'NONE', *, *, #7394, .F. ) ;
#8250 = CARTESIAN_POINT ( 'NONE',  ( 1.667698327472291409, -0.2300721710563045641, 2.489390848401560330 ) ) ;
#8251 = CARTESIAN_POINT ( 'NONE',  ( 2.645753361309656437, -0.2562532573088154852, 2.496884912870159123 ) ) ;
#8252 = ADVANCED_FACE ( 'NONE', ( #1046 ), #5528, .T. ) ;
#8253 = CARTESIAN_POINT ( 'NONE',  ( 2.471768622405012827, -0.1534557579717771292, 2.495285821373036228 ) ) ;
#8254 = CARTESIAN_POINT ( 'NONE',  ( 2.475544171701593577, -0.2094773529008085999, 2.501243538446760617 ) ) ;
#8255 = CARTESIAN_POINT ( 'NONE',  ( 2.840225097219448713, 0.1550766931828142237, 2.505204825803966528 ) ) ;
#8256 = ORIENTED_EDGE ( 'NONE', *, *, #5084, .T. ) ;
#8257 = VECTOR ( 'NONE', #7389, 1000.000000000000000 ) ;
#8258 = ORIENTED_EDGE ( 'NONE', *, *, #7883, .T. ) ;
#8259 = VERTEX_POINT ( 'NONE', #6883 ) ;
#8260 = CARTESIAN_POINT ( 'NONE',  ( 4.500000000000000000, 0.3966051793289779859, 2.478468142165525023 ) ) ;
#8261 = CARTESIAN_POINT ( 'NONE',  ( 2.874762089145795230, 0.1546648028954760723, 2.498550895323743415 ) ) ;
#8262 = CARTESIAN_POINT ( 'NONE',  ( 1.033096919290210414, -0.2904554435547148650, 2.483157745612055489 ) ) ;
#8263 = ORIENTED_EDGE ( 'NONE', *, *, #1764, .T. ) ;
#8264 = CIRCLE ( 'NONE', #5494, 2.500000000000000000 ) ;
#8265 = CARTESIAN_POINT ( 'NONE',  ( 2.581692811765796236, -0.2843986643782882018, 2.483770802570125724 ) ) ;
#8266 = EDGE_CURVE ( 'NONE', #3441, #6962, #7894, .T. ) ;
#8267 = B_SPLINE_CURVE_WITH_KNOTS ( 'NONE', 3,
 ( #2101, #2880, #2923, #1295 ),
 .UNSPECIFIED., .F., .F.,
 ( 4, 4 ),
 ( 0.000000000000000000, 1.000000000000000000 ),
 .UNSPECIFIED. ) ;
#8268 = ORIENTED_EDGE ( 'NONE', *, *, #760, .T. ) ;
#8269 = DIRECTION ( 'NONE',  ( 0.000000000000000000, 0.1580100316051670228, 0.9874375068388551169 ) ) ;
#8270 = CARTESIAN_POINT ( 'NONE',  ( 2.262504160562355260, -0.06874849520156250948, 2.499054550106403649 ) ) ;
#8271 = CARTESIAN_POINT ( 'NONE',  ( 1.633267892796018472, 0.1436661170357829143, 2.505885082523909624 ) ) ;
#8272 = EDGE_CURVE ( 'NONE', #5551, #5348, #8397, .T. ) ;
#8273 = AXIS2_PLACEMENT_3D ( 'NONE', #6789, #2445, #5976 ) ;
#8274 = FILL_AREA_STYLE_COLOUR ( '', #8280 ) ;
#8275 = CARTESIAN_POINT ( 'NONE',  ( 2.262504160562355260, -0.09845541080214259555, 2.504732382882762121 ) ) ;
#8276 = ORIENTED_EDGE ( 'NONE', *, *, #4535, .T. ) ;
#8277 = CARTESIAN_POINT ( 'NONE',  ( 2.710545558816060296, 0.1826182335906217924, 2.493321362351437198 ) ) ;
#8278 = CARTESIAN_POINT ( 'NONE',  ( 3.361312794421991601, -0.2301529181243587296, 2.499425860928633725 ) ) ;
#8279 = AXIS2_PLACEMENT_3D ( 'NONE', #1352, #4325, #7275 ) ;
#8280 = COLOUR_RGB ( '',0.2980392156862745057, 0.2980392156862745057, 0.2980392156862745057 ) ;
#8281 = DIRECTION ( 'NONE',  ( 1.000000000000000000, 0.000000000000000000, 0.000000000000000000 ) ) ;
#8282 =( LENGTH_UNIT ( ) NAMED_UNIT ( * ) SI_UNIT ( .MILLI., .METRE. ) );
#8283 = VERTEX_POINT ( 'NONE', #5398 ) ;
#8284 = ADVANCED_FACE ( 'NONE', ( #4242 ), #8799, .T. ) ;
#8285 = CARTESIAN_POINT ( 'NONE',  ( 2.383653315985468257, -0.07482666282422519022, 2.499257671386546864 ) ) ;
#8286 = ORIENTED_EDGE ( 'NONE', *, *, #5036, .F. ) ;
#8287 = ORIENTED_EDGE ( 'NONE', *, *, #276, .F. ) ;
#8288 = CARTESIAN_POINT ( 'NONE',  ( 2.322046429800451062, -0.05266076266337145484, 2.499445307278339357 ) ) ;
#8289 = EDGE_CURVE ( 'NONE', #6306, #8684, #727, .T. ) ;
#8290 = ORIENTED_EDGE ( 'NONE', *, *, #4709, .F. ) ;
#8291 = FACE_OUTER_BOUND ( 'NONE', #2046, .T. ) ;
#8292 = B_SPLINE_SURFACE_WITH_KNOTS ( 'NONE', 1, 3, ( 
 ( #4388, #1420, #1368, #8163, #5854, #2069 ),
 ( #709, #5127, #3706, #2169, #757, #7989 ) ),
 .UNSPECIFIED., .F., .F., .F.,
 ( 2, 2 ),
 ( 4, 2, 4 ),
 ( 0.000000000000000000, 1.000000000000000000 ),
 ( 0.000000000000000000, 0.5000000000000000000, 1.000000000000000000 ),
 .UNSPECIFIED. ) ;
#8293 = CARTESIAN_POINT ( 'NONE',  ( 2.353426814938833989, -0.2034080885730866206, 2.501744421299474830 ) ) ;
#8294 = CARTESIAN_POINT ( 'NONE',  ( 3.211157342063377662, -0.1364509175148550524, 2.506288320826108418 ) ) ;
#8295 = DIRECTION ( 'NONE',  ( -1.000000000000000000, -0.000000000000000000, -0.000000000000000000 ) ) ;
#8296 = CARTESIAN_POINT ( 'NONE',  ( 2.204199776340657557, -0.09275084147147026614, 2.498278863819316520 ) ) ;
#8297 = EDGE_CURVE ( 'NONE', #5016, #8456, #5764, .T. ) ;
#8298 = ORIENTED_EDGE ( 'NONE', *, *, #1384, .T. ) ;
#8299 = DIRECTION ( 'NONE',  ( 0.000000000000000000, 0.000000000000000000, -1.000000000000000000 ) ) ;
#8300 = CARTESIAN_POINT ( 'NONE',  ( 2.384559623074435919, -0.1187013637960765283, 2.507191653271235499 ) ) ;
#8301 = ORIENTED_EDGE ( 'NONE', *, *, #3168, .T. ) ;
#8302 = DIRECTION ( 'NONE',  ( 0.000000000000000000, 0.000000000000000000, 1.000000000000000000 ) ) ;
#8303 = EDGE_LOOP ( 'NONE', ( #2634, #7639, #5831, #3595 ) ) ;
#8304 = CARTESIAN_POINT ( 'NONE',  ( 1.142044527042773483, -0.1070622952458792215, 2.497706564580071564 ) ) ;
#8305 = DIRECTION ( 'NONE',  ( 1.000000000000000000, 0.000000000000000000, 0.000000000000000000 ) ) ;
#8306 = CARTESIAN_POINT ( 'NONE',  ( 2.631457741052580790, -0.2853178934131893052, 2.493745926294425708 ) ) ;
#8307 = CARTESIAN_POINT ( 'NONE',  ( 2.484952097818117878, 0.000000000000000000, 0.000000000000000000 ) ) ;
#8308 = CARTESIAN_POINT ( 'NONE',  ( 0.9997478914790399740, -0.2275500825415505968, 2.499664169430632299 ) ) ;
#8309 = ORIENTED_EDGE ( 'NONE', *, *, #9398, .T. ) ;
#8310 = VERTEX_POINT ( 'NONE', #8031 ) ;
#8311 = CARTESIAN_POINT ( 'NONE',  ( 1.579900679646538686, -0.1254999249056071020, 2.500185502443061925 ) ) ;
#8312 = ADVANCED_FACE ( 'NONE', ( #5086 ), #3430, .T. ) ;
#8313 = CARTESIAN_POINT ( 'NONE',  ( 2.364749128120947397, 0.1512774186833770740, 2.505437133439130104 ) ) ;
#8314 = CARTESIAN_POINT ( 'NONE',  ( 2.204199776340657557, -0.1204541027259926483, 2.497096475736665599 ) ) ;
#8315 = ORIENTED_EDGE ( 'NONE', *, *, #6968, .F. ) ;
#8316 = ORIENTED_EDGE ( 'NONE', *, *, #5466, .F. ) ;
#8317 = CARTESIAN_POINT ( 'NONE',  ( 1.335444645985828904, -0.1724179889160524226, 2.504071092660538511 ) ) ;
#8318 = ORIENTED_EDGE ( 'NONE', *, *, #6991, .F. ) ;
#8319 = CARTESIAN_POINT ( 'NONE',  ( 3.097148132149224242, -0.1066580148352939406, 2.507732854167563641 ) ) ;
#8320 = CARTESIAN_POINT ( 'NONE',  ( 2.793928197645979772, 0.2783881013536720905, 2.494513993752029091 ) ) ;
#8321 =( LENGTH_UNIT ( ) NAMED_UNIT ( * ) SI_UNIT ( .MILLI., .METRE. ) );
#8322 = SURFACE_STYLE_USAGE ( .BOTH. , #6093 ) ;
#8323 = EDGE_CURVE ( 'NONE', #1, #6306, #7342, .T. ) ;
#8324 = CARTESIAN_POINT ( 'NONE',  ( 1.090835300866708879, 0.3213676708064379661, 2.489342825638975132 ) ) ;
#8325 = ORIENTED_EDGE ( 'NONE', *, *, #8160, .F. ) ;
#8326 = CARTESIAN_POINT ( 'NONE',  ( 1.781318735633162564, 0.008893288930708077508, 2.499984181832356267 ) ) ;
#8327 = CARTESIAN_POINT ( 'NONE',  ( 2.503520373047568803, -0.1695726930599017745, 2.504265381657545309 ) ) ;
#8328 = CARTESIAN_POINT ( 'NONE',  ( 2.348165803623886383, 0.3711715208483898909, 2.472292802665390976 ) ) ;
#8329 = CARTESIAN_POINT ( 'NONE',  ( 4.500000000000000000, 0.3689686100927540569, 2.482732801725997085 ) ) ;
#8330 = VERTEX_POINT ( 'NONE', #5130 ) ;
#8331 = EDGE_CURVE ( 'NONE', #8166, #1907, #5178, .T. ) ;
#8332 = FILL_AREA_STYLE_COLOUR ( '', #672 ) ;
#8333 = UNCERTAINTY_MEASURE_WITH_UNIT (LENGTH_MEASURE( 1.000000000000000082E-05 ), #9532, 'distance_accuracy_value', 'NONE');
#8334 = EDGE_LOOP ( 'NONE', ( #9463, #3954, #3534, #7440 ) ) ;
#8335 = DIRECTION ( 'NONE',  ( -1.000000000000000000, 0.000000000000000000, -2.168404344971008868E-16 ) ) ;
#8336 = EDGE_LOOP ( 'NONE', ( #7833, #4825, #1078, #237, #3879, #2483, #30, #6528, #5755, #2744, #4756, #5672, #1090, #1654, #7560, #9552, #5491, #4515, #4152, #1317 ) ) ;
#8337 = CARTESIAN_POINT ( 'NONE',  ( 1.392254850066266370, 0.3571362102707448805, 2.474359255911204869 ) ) ;
#8338 = ADVANCED_FACE ( 'NONE', ( #7198 ), #6616, .T. ) ;
#8339 = CARTESIAN_POINT ( 'NONE',  ( 1.183950746546068578, 0.3944503074752193084, 2.478812004758066845 ) ) ;
#8340 = CARTESIAN_POINT ( 'NONE',  ( 2.617199480292035307, -0.2497336350636719382, 2.487517428651293550 ) ) ;
#8341 = CARTESIAN_POINT ( 'NONE',  ( 4.299999999999999822, 0.000000000000000000, 2.500000000000000000 ) ) ;
#8342 = CARTESIAN_POINT ( 'NONE',  ( 2.840225097219448713, 0.1550766931828142237, 2.505204825803966973 ) ) ;
#8343 = EDGE_LOOP ( 'NONE', ( #7291, #5575, #1693, #6257 ) ) ;
#8344 = CARTESIAN_POINT ( 'NONE',  ( 2.626070989566030800, -0.2297816353684445922, 2.499460021694166478 ) ) ;
#8345 = CARTESIAN_POINT ( 'NONE',  ( 2.965870426274356930, 0.3966051793289779859, 2.478468142165525023 ) ) ;
#8346 = ORIENTED_EDGE ( 'NONE', *, *, #232, .F. ) ;
#8347 = CARTESIAN_POINT ( 'NONE',  ( 2.245607030103355051, -0.1830974429735007791, 2.493286049849989805 ) ) ;
#8348 = ORIENTED_EDGE ( 'NONE', *, *, #9228, .F. ) ;
#8349 = EDGE_CURVE ( 'NONE', #2349, #3407, #2739, .T. ) ;
#8350 = CARTESIAN_POINT ( 'NONE',  ( 1.624666460203585627, 0.3722389961908533218, 2.482244574919003632 ) ) ;
#8351 = CARTESIAN_POINT ( 'NONE',  ( 3.000716889455846914, -0.01528043514025040697, 2.499953301224229651 ) ) ;
#8352 = DIRECTION ( 'NONE',  ( 1.000000000000000000, 0.000000000000000000, 0.000000000000000000 ) ) ;
#8353 = CARTESIAN_POINT ( 'NONE',  ( 3.310311931900037585, -0.1859849057341920742, 2.503198125226708370 ) ) ;
#8354 =( GEOMETRIC_REPRESENTATION_CONTEXT ( 3 ) GLOBAL_UNCERTAINTY_ASSIGNED_CONTEXT ( ( #9578 ) ) GLOBAL_UNIT_ASSIGNED_CONTEXT ( ( #8364, #9078, #2266 ) ) REPRESENTATION_CONTEXT ( 'NONE', 'WORKASPACE' ) );
#8355 = ORIENTED_EDGE ( 'NONE', *, *, #2511, .T. ) ;
#8356 = EDGE_CURVE ( 'NONE', #9632, #3492, #5812, .T. ) ;
#8357 = VERTEX_POINT ( 'NONE', #5859 ) ;
#8358 = B_SPLINE_CURVE_WITH_KNOTS ( 'NONE', 3,
 ( #7987, #6416, #4290, #3620 ),
 .UNSPECIFIED., .F., .F.,
 ( 4, 4 ),
 ( 0.000000000000000000, 1.000000000000000000 ),
 .UNSPECIFIED. ) ;
#8359 = ADVANCED_FACE ( 'NONE', ( #3710 ), #1475, .T. ) ;
#8360 = CARTESIAN_POINT ( 'NONE',  ( 2.262504160562355260, -0.06902348918236875241, 2.509050768306829049 ) ) ;
#8361 = CARTESIAN_POINT ( 'NONE',  ( 2.756915435686840166, 0.01257182957296817082, 2.499968389620394582 ) ) ;
#8362 = CARTESIAN_POINT ( 'NONE',  ( 2.756915435686840166, 0.01262211689126004413, 2.509968263178876224 ) ) ;
#8363 = ORIENTED_EDGE ( 'NONE', *, *, #7633, .F. ) ;
#8364 =( LENGTH_UNIT ( ) NAMED_UNIT ( * ) SI_UNIT ( .MILLI., .METRE. ) );
#8365 = ORIENTED_EDGE ( 'NONE', *, *, #4709, .T. ) ;
#8366 = LINE ( 'NONE', #7650, #5592 ) ;
#8367 = CARTESIAN_POINT ( 'NONE',  ( 1.163292472606964667, -0.3429338980487653399, 2.476367569963934034 ) ) ;
#8368 = CARTESIAN_POINT ( 'NONE',  ( 1.667698327472291409, -0.2309924597405297875, 2.499348411795166314 ) ) ;
#8369 = STYLED_ITEM ( 'NONE', ( #8865 ), #9159 ) ;
#8370 = CARTESIAN_POINT ( 'NONE',  ( 2.661309452804696996, -0.1433901556100098673, 2.496261917748523462 ) ) ;
#8371 = B_SPLINE_SURFACE_WITH_KNOTS ( 'NONE', 1, 3, ( 
 ( #3091, #970, #6911, #245 ),
 ( #4641, #8980, #9080, #3235 ) ),
 .UNSPECIFIED., .F., .F., .F.,
 ( 2, 2 ),
 ( 4, 4 ),
 ( 0.000000000000000000, 1.000000000000000000 ),
 ( 0.000000000000000000, 1.000000000000000000 ),
 .UNSPECIFIED. ) ;
#8372 = CARTESIAN_POINT ( 'NONE',  ( 1.090835300867074142, 0.3200873215203106081, 2.479425125138426722 ) ) ;
#8373 = ORIENTED_EDGE ( 'NONE', *, *, #6991, .T. ) ;
#8374 = CARTESIAN_POINT ( 'NONE',  ( 1.693191325652037893, -0.1225881773440007094, 2.507006721497627488 ) ) ;
#8375 = AXIS2_PLACEMENT_3D ( 'NONE', #8854, #2224, #8131 ) ;
#8376 = CARTESIAN_POINT ( 'NONE',  ( 2.337148626987066269, -0.1224670033783970269, 2.507011688567623242 ) ) ;
#8377 = CARTESIAN_POINT ( 'NONE',  ( 1.228732094738190783, -0.1364424478322048273, 2.496549526006174524 ) ) ;
#8378 = EDGE_CURVE ( 'NONE', #4015, #1674, #8073, .T. ) ;
#8379 = B_SPLINE_CURVE_WITH_KNOTS ( 'NONE', 1,
 ( #7230, #2006 ),
 .UNSPECIFIED., .F., .F.,
 ( 2, 2 ),
 ( 0.000000000000000000, 1.000000000000000000 ),
 .UNSPECIFIED. ) ;
#8380 = ORIENTED_EDGE ( 'NONE', *, *, #1445, .F. ) ;
#8381 = AXIS2_PLACEMENT_3D ( 'NONE', #6085, #5376, #3943 ) ;
#8382 = SURFACE_STYLE_USAGE ( .BOTH. , #258 ) ;
#8383 = ORIENTED_EDGE ( 'NONE', *, *, #311, .F. ) ;
#8384 = DIRECTION ( 'NONE',  ( -1.000000000000000000, -0.000000000000000000, -0.000000000000000000 ) ) ;
#8385 = ORIENTED_EDGE ( 'NONE', *, *, #1982, .F. ) ;
#8386 = CARTESIAN_POINT ( 'NONE',  ( 2.405232302830831337, 0.1644653016167798021, 2.494584367096872146 ) ) ;
#8387 = EDGE_CURVE ( 'NONE', #6937, #1255, #1553, .T. ) ;
#8388 = DIRECTION ( 'NONE',  ( 0.000000000000000000, -1.000000000000000000, 0.000000000000000000 ) ) ;
#8389 = DIRECTION ( 'NONE',  ( 0.000000000000000000, -0.08103907911278351861, 0.9967109248205079375 ) ) ;
#8390 = CARTESIAN_POINT ( 'NONE',  ( 2.284050552918847288, 0.3899028538018735057, 2.479656257998800850 ) ) ;
#8391 = VECTOR ( 'NONE', #164, 1000.000000000000000 ) ;
#8392 = ORIENTED_EDGE ( 'NONE', *, *, #2197, .T. ) ;
#8393 = CARTESIAN_POINT ( 'NONE',  ( 3.250213633285067960, -0.02500655077148023278, 2.509883997668622246 ) ) ;
#8394 = EDGE_CURVE ( 'NONE', #6764, #9356, #2396, .T. ) ;
#8395 = CARTESIAN_POINT ( 'NONE',  ( 2.578412416475610147, 0.000000000000000000, 0.000000000000000000 ) ) ;
#8396 = VERTEX_POINT ( 'NONE', #8890 ) ;
#8397 = B_SPLINE_CURVE_WITH_KNOTS ( 'NONE', 3,
 ( #8339, #5039, #7992, #2808 ),
 .UNSPECIFIED., .F., .F.,
 ( 4, 4 ),
 ( 0.000000000000000000, 1.000000000000000000 ),
 .UNSPECIFIED. ) ;
#8398 = CARTESIAN_POINT ( 'NONE',  ( 0.9458133006384251695, -0.2131947446311368011, 2.500970968306407194 ) ) ;
#8399 = EDGE_LOOP ( 'NONE', ( #4054, #5967, #4157, #3523 ) ) ;
#8400 = DIRECTION ( 'NONE',  ( -1.000000000000000000, -0.000000000000000000, -0.000000000000000000 ) ) ;
#8401 =( NAMED_UNIT ( * ) SI_UNIT ( $, .STERADIAN. ) SOLID_ANGLE_UNIT ( ) );
#8402 = CARTESIAN_POINT ( 'NONE',  ( 1.560513996633713374, -6.070974898707661490E-12, 2.499999995950422882 ) ) ;
#8403 = CARTESIAN_POINT ( 'NONE',  ( 1.390533354600380633, 0.4590342622972505837, 2.457496194511238574 ) ) ;
#8404 = CARTESIAN_POINT ( 'NONE',  ( 1.517451801887941709, -0.2055135667485903928, 2.491703834902506465 ) ) ;
#8405 = ORIENTED_EDGE ( 'NONE', *, *, #7730, .F. ) ;
#8406 = ADVANCED_FACE ( 'NONE', ( #1524 ), #7846, .F. ) ;
#8407 = PRESENTATION_LAYER_ASSIGNMENT (  '', '', ( #8248 ) ) ;
#8408 = CARTESIAN_POINT ( 'NONE',  ( 2.322046429800451062, -0.05287140571402493966, 2.509443088507452568 ) ) ;
#8409 = CARTESIAN_POINT ( 'NONE',  ( 2.086353122880867605, 0.000000000000000000, 0.000000000000000000 ) ) ;
#8410 = CARTESIAN_POINT ( 'NONE',  ( 2.425657405583639736, -0.2231952221964887684, 2.490016845884513774 ) ) ;
#8411 = ORIENTED_EDGE ( 'NONE', *, *, #8932, .T. ) ;
#8412 = ADVANCED_FACE ( 'NONE', ( #922 ), #5423, .T. ) ;
#8413 = CARTESIAN_POINT ( 'NONE',  ( 2.426433948746390623, -0.08630273133542185060, 2.498567597837573651 ) ) ;
#8414 = EDGE_CURVE ( 'NONE', #5685, #8493, #1815, .T. ) ;
#8415 = CARTESIAN_POINT ( 'NONE',  ( 1.625667202647562926, 0.2052536848131262526, 2.502354175707011130 ) ) ;
#8416 = AXIS2_PLACEMENT_3D ( 'NONE', #6996, #1109, #9162 ) ;
#8417 = CARTESIAN_POINT ( 'NONE',  ( 1.392254850066266370, 0.3585647551118277820, 2.484256692934849298 ) ) ;
#8418 = FACE_OUTER_BOUND ( 'NONE', #7612, .T. ) ;
#8419 = EDGE_CURVE ( 'NONE', #3583, #437, #8366, .T. ) ;
#8420 = CARTESIAN_POINT ( 'NONE',  ( 2.531682257146860682, 0.3674986156302331164, 2.472841435982069402 ) ) ;
#8421 = DIRECTION ( 'NONE',  ( 0.000000000000000000, 0.000000000000000000, 1.000000000000000000 ) ) ;
#8422 = STYLED_ITEM ( 'NONE', ( #3758 ), #2379 ) ;
#8423 = ORIENTED_EDGE ( 'NONE', *, *, #8609, .T. ) ;
#8424 = CARTESIAN_POINT ( 'NONE',  ( 2.998860061933319443, 0.2204972603361089745, 2.490257207234680248 ) ) ;
#8425 = SURFACE_SIDE_STYLE ('',( #7893 ) ) ;
#8426 = CARTESIAN_POINT ( 'NONE',  ( 2.260464980049202044, -0.2206245164699204009, 2.500284948307375466 ) ) ;
#8427 = DIRECTION ( 'NONE',  ( -1.000000000000000000, -0.000000000000000000, -0.000000000000000000 ) ) ;
#8428 = ORIENTED_EDGE ( 'NONE', *, *, #2378, .F. ) ;
#8429 = B_SPLINE_SURFACE_WITH_KNOTS ( 'NONE', 1, 3, ( 
 ( #7282, #2117, #5076, #8023 ),
 ( #1359, #4230, #2014, #608 ) ),
 .UNSPECIFIED., .F., .F., .F.,
 ( 2, 2 ),
 ( 4, 4 ),
 ( 0.000000000000000000, 1.000000000000000000 ),
 ( 0.000000000000000000, 1.000000000000000000 ),
 .UNSPECIFIED. ) ;
#8430 = ORIENTED_EDGE ( 'NONE', *, *, #8848, .F. ) ;
#8431 = ADVANCED_FACE ( 'NONE', ( #6714 ), #8214, .T. ) ;
#8432 = EDGE_LOOP ( 'NONE', ( #1113, #6756, #6826, #4893, #3773, #6994 ) ) ;
#8433 = LINE ( 'NONE', #1803, #7830 ) ;
#8434 = STYLED_ITEM ( 'NONE', ( #4541 ), #3288 ) ;
#8435 = VERTEX_POINT ( 'NONE', #87 ) ;
#8436 = CARTESIAN_POINT ( 'NONE',  ( 2.542451856779942787, -0.1823566985591848211, 2.493340336674998436 ) ) ;
#8437 = CARTESIAN_POINT ( 'NONE',  ( 2.964137387253224620, 0.000000000000000000, 0.000000000000000000 ) ) ;
#8438 = CARTESIAN_POINT ( 'NONE',  ( 2.445277883076570458, -0.06639737306823097207, 2.499118122228246808 ) ) ;
#8439 = CARTESIAN_POINT ( 'NONE',  ( 1.181926488250581553, 0.001225464171254200384, 2.509999999974601881 ) ) ;
#8440 = VECTOR ( 'NONE', #1265, 1000.000000000000000 ) ;
#8441 = AXIS2_PLACEMENT_3D ( 'NONE', #1625, #862, #23 ) ;
#8442 = ORIENTED_EDGE ( 'NONE', *, *, #2966, .T. ) ;
#8443 = LINE ( 'NONE', #5681, #6109 ) ;
#8444 = CARTESIAN_POINT ( 'NONE',  ( 2.532301199654241497, -0.1538264215081688591, 2.495262998572694180 ) ) ;
#8445 = ADVANCED_FACE ( 'NONE', ( #6139 ), #8371, .T. ) ;
#8446 = B_SPLINE_CURVE_WITH_KNOTS ( 'NONE', 3,
 ( #1096, #3921, #398, #6209, #9199, #7812, #5445, #3971 ),
 .UNSPECIFIED., .F., .F.,
 ( 4, 2, 2, 4 ),
 ( 0.000000000000000000, 0.2500000000000000000, 0.5000000000000000000, 1.000000000000000000 ),
 .UNSPECIFIED. ) ;
#8447 = ORIENTED_EDGE ( 'NONE', *, *, #3195, .T. ) ;
#8448 = CARTESIAN_POINT ( 'NONE',  ( 2.425843088335733366, -0.1032647676281813615, 2.497866367075448402 ) ) ;
#8449 = ORIENTED_EDGE ( 'NONE', *, *, #5574, .T. ) ;
#8450 = AXIS2_PLACEMENT_3D ( 'NONE', #4224, #8632, #2004 ) ;
#8451 = CARTESIAN_POINT ( 'NONE',  ( 3.251512393562173919, -0.01844857768386853197, 2.509932200275824865 ) ) ;
#8452 = CARTESIAN_POINT ( 'NONE',  ( 2.285157456343514415, -0.2007469217934570727, 2.491927100336293943 ) ) ;
#8453 = CARTESIAN_POINT ( 'NONE',  ( 2.459556025425767345, -0.1128880987775408712, 2.507463645922364925 ) ) ;
#8454 = DIRECTION ( 'NONE',  ( 0.000000000000000000, -0.04818164109039706211, 0.9988385902946662620 ) ) ;
#8455 = B_SPLINE_SURFACE_WITH_KNOTS ( 'NONE', 1, 3, ( 
 ( #5163, #5312, #3791, #2251, #698, #1457, #6845, #8102, #4424, #4520 ),
 ( #1504, #8304, #5984, #2201, #7475, #853, #5257, #3838, #2296, #901 ) ),
 .UNSPECIFIED., .F., .F., .F.,
 ( 2, 2 ),
 ( 4, 2, 2, 2, 4 ),
 ( 0.000000000000000000, 1.000000000000000000 ),
 ( 0.000000000000000000, 0.2500000000000000000, 0.5000000000000000000, 0.7500000000000000000, 1.000000000000000000 ),
 .UNSPECIFIED. ) ;
#8456 = VERTEX_POINT ( 'NONE', #6090 ) ;
#8457 = ORIENTED_EDGE ( 'NONE', *, *, #7264, .T. ) ;
#8458 = CARTESIAN_POINT ( 'NONE',  ( 2.996611309144105117, 0.3153287103620198706, 2.481346802749651914 ) ) ;
#8459 = DIRECTION ( 'NONE',  ( -1.000000000000000000, -0.000000000000000000, -0.000000000000000000 ) ) ;
#8460 = CARTESIAN_POINT ( 'NONE',  ( 2.898034327433925306, 0.2204972603360979277, 2.490257207234681580 ) ) ;
#8461 = EDGE_LOOP ( 'NONE', ( #9237, #6675, #5521, #9103, #6536 ) ) ;
#8462 = B_SPLINE_CURVE_WITH_KNOTS ( 'NONE', 3,
 ( #1587, #8079, #9567, #2136 ),
 .UNSPECIFIED., .F., .F.,
 ( 4, 4 ),
 ( 0.0001125389108153885230, 1.000000000000000000 ),
 .UNSPECIFIED. ) ;
#8463 = DIRECTION ( 'NONE',  ( -0.000000000000000000, 1.000000000000000000, -0.000000000000000000 ) ) ;
#8464 = ADVANCED_FACE ( 'NONE', ( #2268 ), #9029, .F. ) ;
#8465 = CARTESIAN_POINT ( 'NONE',  ( 2.629660856110518363, 0.3950250790129175571, 2.468593767097137626 ) ) ;
#8466 = CARTESIAN_POINT ( 'NONE',  ( 2.639811513236195228, -0.1958936111181990847, 2.492317838938653551 ) ) ;
#8467 = B_SPLINE_CURVE_WITH_KNOTS ( 'NONE', 1,
 ( #3804, #3991 ),
 .UNSPECIFIED., .F., .F.,
 ( 2, 2 ),
 ( 0.000000000000000000, 1.000000000000000000 ),
 .UNSPECIFIED. ) ;
#8468 = CARTESIAN_POINT ( 'NONE',  ( 3.070595498570912518, -0.03805614466516114847, 2.499710329188808977 ) ) ;
#8469 = EDGE_CURVE ( 'NONE', #638, #4452, #3874, .T. ) ;
#8470 = ORIENTED_EDGE ( 'NONE', *, *, #5089, .T. ) ;
#8471 = CARTESIAN_POINT ( 'NONE',  ( 4.500000000000000000, 0.3966051793289692151, 2.478468142165526356 ) ) ;
#8472 = VERTEX_POINT ( 'NONE', #8167 ) ;
#8473 = DIRECTION ( 'NONE',  ( -1.000000000000000000, -0.000000000000000000, -0.000000000000000000 ) ) ;
#8474 = EDGE_CURVE ( 'NONE', #6278, #9196, #5623, .T. ) ;
#8475 = CARTESIAN_POINT ( 'NONE',  ( 2.466321928337154912, -0.08405479553050471120, 2.508592193113166502 ) ) ;
#8476 = CYLINDRICAL_SURFACE ( 'NONE', #6058, 2.510000000000000231 ) ;
#8477 = ORIENTED_EDGE ( 'NONE', *, *, #2694, .F. ) ;
#8478 = EDGE_CURVE ( 'NONE', #5882, #7397, #817, .T. ) ;
#8479 = CARTESIAN_POINT ( 'NONE',  ( 2.211070038175347641, 0.01257182957296817082, 2.499968389620394582 ) ) ;
#8480 = VERTEX_POINT ( 'NONE', #1634 ) ;
#8481 = B_SPLINE_CURVE_WITH_KNOTS ( 'NONE', 3,
 ( #5186, #2817, #3675, #5772, #8805, #7999 ),
 .UNSPECIFIED., .F., .F.,
 ( 4, 2, 4 ),
 ( 0.000000000000000000, 0.5000000000000000000, 1.000000000000000000 ),
 .UNSPECIFIED. ) ;
#8482 = CARTESIAN_POINT ( 'NONE',  ( -4.500000000000000000, 0.000000000000000000, 0.000000000000000000 ) ) ;
#8483 = ORIENTED_EDGE ( 'NONE', *, *, #718, .F. ) ;
#8484 = CARTESIAN_POINT ( 'NONE',  ( 2.520992153662236390, -0.08210853734958734051, 2.508669526319316834 ) ) ;
#8485 = CARTESIAN_POINT ( 'NONE',  ( 2.948849507313137774, 0.3658949904493548066, 2.483187640103757143 ) ) ;
#8486 = SURFACE_STYLE_FILL_AREA ( #5446 ) ;
#8487 = DIRECTION ( 'NONE',  ( 1.000000000000000000, 0.000000000000000000, 0.000000000000000000 ) ) ;
#8488 = ORIENTED_EDGE ( 'NONE', *, *, #2960, .F. ) ;
#8489 = FILL_AREA_STYLE_COLOUR ( '', #2087 ) ;
#8490 = FACE_OUTER_BOUND ( 'NONE', #8972, .T. ) ;
#8491 = VERTEX_POINT ( 'NONE', #6813 ) ;
#8492 = CARTESIAN_POINT ( 'NONE',  ( 2.998860061933319443, 0.2204972603361067540, 2.490257207234680692 ) ) ;
#8493 = VERTEX_POINT ( 'NONE', #4843 ) ;
#8494 = CARTESIAN_POINT ( 'NONE',  ( 1.163292472606964667, -0.3429338980487653399, 2.476367569963934034 ) ) ;
#8495 = CARTESIAN_POINT ( 'NONE',  ( 1.068608810083886640, 0.3213189391376301551, 2.479264838485688571 ) ) ;
#8496 = CARTESIAN_POINT ( 'NONE',  ( 2.439344762671818767, -0.2305736158619169640, 2.499395568693152381 ) ) ;
#8497 = EDGE_LOOP ( 'NONE', ( #8729, #440, #4640, #1780 ) ) ;
#8498 = CARTESIAN_POINT ( 'NONE',  ( 2.784097293282285168, 0.3258436564578867101, 2.478701976348490099 ) ) ;
#8499 = CARTESIAN_POINT ( 'NONE',  ( 2.384559623074435475, 0.000000000000000000, 0.000000000000000000 ) ) ;
#8500 = CARTESIAN_POINT ( 'NONE',  ( 6.499999999999997335, 0.000000000000000000, -1.000000000000002665 ) ) ;
#8501 = ORIENTED_EDGE ( 'NONE', *, *, #6626, .F. ) ;
#8502 = DIRECTION ( 'NONE',  ( -1.000000000000000000, 0.000000000000000000, -2.168404344971008868E-16 ) ) ;
#8503 = COLOUR_RGB ( '',0.2980392156862745057, 0.2980392156862745057, 0.2980392156862745057 ) ;
#8504 = DIRECTION ( 'NONE',  ( 0.000000000000000000, 0.000000000000000000, 1.000000000000000000 ) ) ;
#8505 = CARTESIAN_POINT ( 'NONE',  ( 3.302079996438208376, -0.1634330306642407526, 2.497992678585283510 ) ) ;
#8506 = ADVANCED_FACE ( 'NONE', ( #1175 ), #2508, .T. ) ;
#8507 = B_SPLINE_SURFACE_WITH_KNOTS ( 'NONE', 1, 3, ( 
 ( #8550, #3423, #1923, #5659 ),
 ( #8599, #7884, #3947, #6910 ) ),
 .UNSPECIFIED., .F., .F., .F.,
 ( 2, 2 ),
 ( 4, 4 ),
 ( 0.000000000000000000, 1.000000000000000000 ),
 ( 0.000000000000000000, 1.000000000000000000 ),
 .UNSPECIFIED. ) ;
#8508 = CARTESIAN_POINT ( 'NONE',  ( 2.692792991893113275, -0.05684753223574125214, 2.509356164054578286 ) ) ;
#8509 = AXIS2_PLACEMENT_3D ( 'NONE', #3507, #6348, #8672 ) ;
#8510 = EDGE_CURVE ( 'NONE', #6271, #5168, #490, .T. ) ;
#8511 = ORIENTED_EDGE ( 'NONE', *, *, #839, .T. ) ;
#8512 = B_SPLINE_CURVE_WITH_KNOTS ( 'NONE', 3,
 ( #8254, #6650, #5261, #8200 ),
 .UNSPECIFIED., .F., .F.,
 ( 4, 4 ),
 ( 0.000000000000000000, 1.000000000000000000 ),
 .UNSPECIFIED. ) ;
#8513 =( LENGTH_UNIT ( ) NAMED_UNIT ( * ) SI_UNIT ( .MILLI., .METRE. ) );
#8514 = CARTESIAN_POINT ( 'NONE',  ( 2.580794747594372218, -0.3101657709008930897, 2.480684824099452346 ) ) ;
#8515 = CARTESIAN_POINT ( 'NONE',  ( 1.022360031562995042, 0.2188903781294403994, 2.500437440562104818 ) ) ;
#8516 = AXIS2_PLACEMENT_3D ( 'NONE', #3745, #8589, #6899 ) ;
#8517 = ORIENTED_EDGE ( 'NONE', *, *, #4259, .F. ) ;
#8518 = EDGE_CURVE ( 'NONE', #8661, #5071, #613, .T. ) ;
#8519 = CARTESIAN_POINT ( 'NONE',  ( 2.280515387535539507, 0.2044137806928217338, 2.501662448505566960 ) ) ;
#8520 = VECTOR ( 'NONE', #2768, 1000.000000000000000 ) ;
#8521 = EDGE_LOOP ( 'NONE', ( #7904, #8572, #9020, #2382 ) ) ;
#8522 = DIRECTION ( 'NONE',  ( -1.000000000000000000, -0.000000000000000000, -0.000000000000000000 ) ) ;
#8523 = EDGE_LOOP ( 'NONE', ( #3805, #3775, #9221, #9258, #6713 ) ) ;
#8524 = CARTESIAN_POINT ( 'NONE',  ( 1.523090541236123086, 0.06397509756469109410, 2.499181303325468395 ) ) ;
#8525 = CARTESIAN_POINT ( 'NONE',  ( 1.137315510006160713, -6.379838443817641689E-05, 2.510003178101638532 ) ) ;
#8526 = EDGE_CURVE ( 'NONE', #9632, #8685, #7270, .T. ) ;
#8527 = EDGE_CURVE ( 'NONE', #7055, #1201, #2272, .T. ) ;
#8528 = CARTESIAN_POINT ( 'NONE',  ( 1.335444645985828904, -0.1547586458920318098, 2.498545084504068203 ) ) ;
#8529 = DIRECTION ( 'NONE',  ( 1.000000000000000000, 0.000000000000000000, 0.000000000000000000 ) ) ;
#8530 = VERTEX_POINT ( 'NONE', #1121 ) ;
#8531 =( NAMED_UNIT ( * ) SI_UNIT ( $, .STERADIAN. ) SOLID_ANGLE_UNIT ( ) );
#8532 = DIRECTION ( 'NONE',  ( -1.000000000000000000, -0.000000000000000000, -0.000000000000000000 ) ) ;
#8533 = CIRCLE ( 'NONE', #7776, 2.500000000000000000 ) ;
#8534 = EDGE_LOOP ( 'NONE', ( #5781, #93, #1369, #9066 ) ) ;
#8535 = DIRECTION ( 'NONE',  ( 0.000000000000000000, 1.000000000000000000, -1.224646799147353207E-16 ) ) ;
#8536 = ORIENTED_EDGE ( 'NONE', *, *, #3842, .F. ) ;
#8537 = EDGE_LOOP ( 'NONE', ( #3219, #3267, #6391, #2531 ) ) ;
#8538 = DIRECTION ( 'NONE',  ( -1.000000000000000000, -0.000000000000000000, -0.000000000000000000 ) ) ;
#8539 = CARTESIAN_POINT ( 'NONE',  ( 1.317964694777384871, -0.2599184451052687361, 2.486671869554366587 ) ) ;
#8540 = CARTESIAN_POINT ( 'NONE',  ( 2.256747995241840776, 0.2734468841593768462, 2.495060480538203507 ) ) ;
#8541 = CARTESIAN_POINT ( 'NONE',  ( 2.471768622405012827, -0.1534557579717771292, 2.495285821373036228 ) ) ;
#8542 = VERTEX_POINT ( 'NONE', #4936 ) ;
#8543 = ORIENTED_EDGE ( 'NONE', *, *, #8801, .T. ) ;
#8544 = DIRECTION ( 'NONE',  ( 0.000000000000000000, 0.000000000000000000, 1.000000000000000000 ) ) ;
#8545 = ADVANCED_FACE ( 'NONE', ( #2610 ), #9498, .T. ) ;
#8546 = DIRECTION ( 'NONE',  ( 0.000000000000000000, -0.9957563393606240210, -0.09202886842252182287 ) ) ;
#8547 = CARTESIAN_POINT ( 'NONE',  ( 2.696073387183302028, 0.1827289845411645963, 2.503339792798523700 ) ) ;
#8548 = VERTEX_POINT ( 'NONE', #8465 ) ;
#8549 = PRESENTATION_STYLE_ASSIGNMENT (( #2698 ) ) ;
#8550 = CARTESIAN_POINT ( 'NONE',  ( 2.768056400825340102, 0.2080058224445821558, 2.501366342187635983 ) ) ;
#8551 = CARTESIAN_POINT ( 'NONE',  ( 2.434448957171899686, -0.1311173011102907959, 2.506573009778401584 ) ) ;
#8552 = B_SPLINE_CURVE_WITH_KNOTS ( 'NONE', 1,
 ( #8120, #8891 ),
 .UNSPECIFIED., .F., .F.,
 ( 2, 2 ),
 ( 0.000000000000000000, 1.000000000000000000 ),
 .UNSPECIFIED. ) ;
#8553 = PLANE ( 'NONE',  #1289 ) ;
#8554 = EDGE_CURVE ( 'NONE', #3797, #2890, #3333, .T. ) ;
#8555 = CARTESIAN_POINT ( 'NONE',  ( 2.278681008128114804, 0.1593733868342575855, 2.495030770425642697 ) ) ;
#8556 = CARTESIAN_POINT ( 'NONE',  ( 3.185739436517863510, -0.2080823715102910199, 2.501458167942509192 ) ) ;
#8557 = CARTESIAN_POINT ( 'NONE',  ( 1.127389876060714613, 0.001541743623872723163, 2.509999571175894229 ) ) ;
#8558 = ADVANCED_FACE ( 'NONE', ( #7700 ), #468, .T. ) ;
#8559 = VERTEX_POINT ( 'NONE', #2747 ) ;
#8560 = TOROIDAL_SURFACE ( 'NONE', #8416, 1.000000000000000222, 0.4499999999999999001 ) ;
#8561 = CARTESIAN_POINT ( 'NONE',  ( 3.235667465365422490, 0.01257182957296817082, 2.499968389620394582 ) ) ;
#8562 = VERTEX_POINT ( 'NONE', #5077 ) ;
#8563 = CARTESIAN_POINT ( 'NONE',  ( 2.327245546864419978, -0.1463301715332785691, 2.495714482302449078 ) ) ;
#8564 = ORIENTED_EDGE ( 'NONE', *, *, #9344, .T. ) ;
#8565 = CARTESIAN_POINT ( 'NONE',  ( 1.335444645985828904, 0.000000000000000000, 0.000000000000000000 ) ) ;
#8566 = CIRCLE ( 'NONE', #4396, 2.510000000000000231 ) ;
#8567 = FACE_OUTER_BOUND ( 'NONE', #6578, .T. ) ;
#8568 = PLANE ( 'NONE',  #8708 ) ;
#8569 = EDGE_CURVE ( 'NONE', #4675, #8905, #3540, .T. ) ;
#8570 = CARTESIAN_POINT ( 'NONE',  ( 2.353426814938833989, -0.2025976977819587688, 2.491777312051269622 ) ) ;
#8571 = B_SPLINE_CURVE_WITH_KNOTS ( 'NONE', 3,
 ( #6172, #9298, #2100, #4922, #6542, #500 ),
 .UNSPECIFIED., .F., .F.,
 ( 4, 2, 4 ),
 ( 0.1189210351215573974, 0.5000000000028970160, 1.000000000000000000 ),
 .UNSPECIFIED. ) ;
#8572 = ORIENTED_EDGE ( 'NONE', *, *, #9449, .T. ) ;
#8573 = LINE ( 'NONE', #7862, #3180 ) ;
#8574 = AXIS2_PLACEMENT_3D ( 'NONE', #6669, #7298, #7446 ) ;
#8575 = AXIS2_PLACEMENT_3D ( 'NONE', #2593, #5006, #4866 ) ;
#8576 = CARTESIAN_POINT ( 'NONE',  ( 2.272147779663091782, -0.1362338477430902750, 2.506301606947626048 ) ) ;
#8577 = EDGE_CURVE ( 'NONE', #4422, #805, #838, .T. ) ;
#8578 = EDGE_CURVE ( 'NONE', #251, #7039, #5282, .T. ) ;
#8579 = ORIENTED_EDGE ( 'NONE', *, *, #9378, .F. ) ;
#8580 = CARTESIAN_POINT ( 'NONE',  ( 2.790276436849969066, 0.1882968552717126653, 2.492898773375041177 ) ) ;
#8581 = VERTEX_POINT ( 'NONE', #3657 ) ;
#8582 = B_SPLINE_SURFACE_WITH_KNOTS ( 'NONE', 1, 3, ( 
 ( #7200, #2026, #3435, #8756, #8608, #4243, #9422, #1184 ),
 ( #7151, #6376, #5813, #2132, #7849, #1326, #576, #2809 ) ),
 .UNSPECIFIED., .F., .F., .F.,
 ( 2, 2 ),
 ( 4, 2, 2, 4 ),
 ( 0.000000000000000000, 1.000000000000000000 ),
 ( 0.000000000000000000, 0.2500000000000000000, 0.5000000000000000000, 1.000000000000000000 ),
 .UNSPECIFIED. ) ;
#8583 = ORIENTED_EDGE ( 'NONE', *, *, #3240, .T. ) ;
#8584 = CARTESIAN_POINT ( 'NONE',  ( 2.284530986539071495, 0.3888181980252469194, 2.469708199336833943 ) ) ;
#8585 = CARTESIAN_POINT ( 'NONE',  ( 2.216578626493900028, 0.000000000000000000, 0.000000000000000000 ) ) ;
#8586 = DIRECTION ( 'NONE',  ( -1.000000000000000000, -0.000000000000000000, -0.000000000000000000 ) ) ;
#8587 = COLOUR_RGB ( '',0.6666666666666666297, 0.6666666666666666297, 0.6666666666666666297 ) ;
#8588 = EDGE_CURVE ( 'NONE', #1810, #879, #3079, .T. ) ;
#8589 = DIRECTION ( 'NONE',  ( -1.000000000000000000, -0.000000000000000000, -0.000000000000000000 ) ) ;
#8590 = CARTESIAN_POINT ( 'NONE',  ( 2.584044793295543929, -0.3102096543760115566, 2.480679336458446294 ) ) ;
#8591 = AXIS2_PLACEMENT_3D ( 'NONE', #144, #3146, #3092 ) ;
#8592 = ORIENTED_EDGE ( 'NONE', *, *, #5438, .T. ) ;
#8593 = CARTESIAN_POINT ( 'NONE',  ( 2.117609719517861588, 0.1820009806186891899, 2.493366327488569123 ) ) ;
#8594 = AXIS2_PLACEMENT_3D ( 'NONE', #7713, #3819, #6105 ) ;
#8595 = CARTESIAN_POINT ( 'NONE',  ( -4.500000000000000000, 5.510910596163087707E-17, -0.4499999999999999001 ) ) ;
#8596 = CARTESIAN_POINT ( 'NONE',  ( 3.013765493321369782, -0.2019216217103091959, 2.501865004467389575 ) ) ;
#8597 = ORIENTED_EDGE ( 'NONE', *, *, #766, .T. ) ;
#8598 =( NAMED_UNIT ( * ) PLANE_ANGLE_UNIT ( ) SI_UNIT ( $, .RADIAN. ) );
#8599 = CARTESIAN_POINT ( 'NONE',  ( 2.768056400825340102, 0.2071771139886276203, 2.491400739230713146 ) ) ;
#8600 = CARTESIAN_POINT ( 'NONE',  ( 0.8999074152567373419, -0.1849067887241459818, 2.493485238112537861 ) ) ;
#8601 = CARTESIAN_POINT ( 'NONE',  ( 3.302079996438208376, -0.1632154101174175254, 2.494666456643092722 ) ) ;
#8602 = B_SPLINE_CURVE_WITH_KNOTS ( 'NONE', 3,
 ( #7474, #9596, #5795, #1561 ),
 .UNSPECIFIED., .F., .F.,
 ( 4, 4 ),
 ( 0.000000000000000000, 0.9999051591060901245 ),
 .UNSPECIFIED. ) ;
#8603 = VECTOR ( 'NONE', #295, 1000.000000000000000 ) ;
#8604 = ORIENTED_EDGE ( 'NONE', *, *, #4851, .F. ) ;
#8605 = CARTESIAN_POINT ( 'NONE',  ( 4.500000000000000000, 0.000000000000000000, 2.510000000000000231 ) ) ;
#8606 = SURFACE_STYLE_USAGE ( .BOTH. , #344 ) ;
#8607 = CARTESIAN_POINT ( 'NONE',  ( 4.500000000000000000, 0.000000000000000000, 0.000000000000000000 ) ) ;
#8608 = CARTESIAN_POINT ( 'NONE',  ( 2.501849444990141613, -0.2041397686216078478, 2.501685142447085841 ) ) ;
#8609 = EDGE_CURVE ( 'NONE', #1059, #2450, #4117, .T. ) ;
#8610 = CARTESIAN_POINT ( 'NONE',  ( 4.500000000000000000, 0.01262211689126004413, 2.509968263178876224 ) ) ;
#8611 = ORIENTED_EDGE ( 'NONE', *, *, #1224, .F. ) ;
#8612 = CARTESIAN_POINT ( 'NONE',  ( 2.564486210053318338, -0.2809548147692068065, 2.484162714489129620 ) ) ;
#8613 = ORIENTED_EDGE ( 'NONE', *, *, #5253, .F. ) ;
#8614 = CARTESIAN_POINT ( 'NONE',  ( 2.493184033169769886, -0.05266076266337145484, 2.499445307278339357 ) ) ;
#8615 = LINE ( 'NONE', #9530, #188 ) ;
#8616 = CARTESIAN_POINT ( 'NONE',  ( 2.637335743205095007, -0.1871763142755285547, 2.503011192019370501 ) ) ;
#8617 = CARTESIAN_POINT ( 'NONE',  ( 2.405232302830831337, 0.1946038285753637909, 2.495757826328826479 ) ) ;
#8618 = ORIENTED_EDGE ( 'NONE', *, *, #2232, .F. ) ;
#8619 = EDGE_CURVE ( 'NONE', #4168, #4050, #8964, .T. ) ;
#8620 = FACE_OUTER_BOUND ( 'NONE', #9579, .T. ) ;
#8621 = CARTESIAN_POINT ( 'NONE',  ( 2.425657405583639736, -0.2240880030852763494, 2.499976913268051160 ) ) ;
#8622 = ORIENTED_EDGE ( 'NONE', *, *, #3245, .F. ) ;
#8623 = CARTESIAN_POINT ( 'NONE',  ( 0.7897222432414691129, 0.04349486025607844641, 2.509623118544157983 ) ) ;
#8624 = EDGE_CURVE ( 'NONE', #9235, #3846, #2027, .T. ) ;
#8625 = ORIENTED_EDGE ( 'NONE', *, *, #243, .F. ) ;
#8626 = CARTESIAN_POINT ( 'NONE',  ( 2.354231440198708558, -0.1195885823806021875, 2.497138076071124591 ) ) ;
#8627 = CARTESIAN_POINT ( 'NONE',  ( 2.898034327433925306, 0.2204972603360979277, 2.490257207234681580 ) ) ;
#8628 = CARTESIAN_POINT ( 'NONE',  ( 1.335444645985828904, -0.1724179889160524226, 2.504071092660538511 ) ) ;
#8629 = CARTESIAN_POINT ( 'NONE',  ( 2.677051217645978198, -0.1000184232485575170, 2.498375595009339811 ) ) ;
#8630 = CARTESIAN_POINT ( 'NONE',  ( 3.027351976975970249, 0.2359550177042643582, 2.500198311770556625 ) ) ;
#8631 = ORIENTED_EDGE ( 'NONE', *, *, #4815, .T. ) ;
#8632 = DIRECTION ( 'NONE',  ( 1.000000000000000000, 0.000000000000000000, -2.168404344971008868E-16 ) ) ;
#8633 = CARTESIAN_POINT ( 'NONE',  ( 2.434446389192383986, -0.1305919500364444430, 2.496586818555621701 ) ) ;
#8634 = ADVANCED_FACE ( 'NONE', ( #5752 ), #6458, .T. ) ;
#8635 = CARTESIAN_POINT ( 'NONE',  ( 2.965870426274356930, 0.3950250790129263279, 2.468593767097136293 ) ) ;
#8636 = VERTEX_POINT ( 'NONE', #5166 ) ;
#8637 = ORIENTED_EDGE ( 'NONE', *, *, #6151, .F. ) ;
#8638 = CARTESIAN_POINT ( 'NONE',  ( 2.255020980432139499, 0.1840863203842553752, 2.503240345361864350 ) ) ;
#8639 = CARTESIAN_POINT ( 'NONE',  ( 3.093496371354855778, -0.1954407537227389746, 2.492348874412305904 ) ) ;
#8640 = FACE_OUTER_BOUND ( 'NONE', #1860, .T. ) ;
#8641 = CARTESIAN_POINT ( 'NONE',  ( 2.425657405583639736, 0.000000000000000000, 0.000000000000000000 ) ) ;
#8642 = EDGE_CURVE ( 'NONE', #483, #1173, #120, .T. ) ;
#8643 = CARTESIAN_POINT ( 'NONE',  ( 2.469204461427152442, -0.1208865109556303830, 2.497079231009736500 ) ) ;
#8644 = EDGE_CURVE ( 'NONE', #6440, #6132, #5118, .T. ) ;
#8645 = VERTEX_POINT ( 'NONE', #1360 ) ;
#8646 = ORIENTED_EDGE ( 'NONE', *, *, #8088, .T. ) ;
#8647 = CARTESIAN_POINT ( 'NONE',  ( 2.255014956219874911, 0.1833590139133849661, 2.493266827280367526 ) ) ;
#8648 = CARTESIAN_POINT ( 'NONE',  ( 1.717622484019977191, 0.2357832018418725140, 2.488856420472903785 ) ) ;
#8649 = ORIENTED_EDGE ( 'NONE', *, *, #7102, .F. ) ;
#8650 = FILL_AREA_STYLE ('',( #7195 ) ) ;
#8651 = CARTESIAN_POINT ( 'NONE',  ( 2.300273772609036538, -0.1508252770966004019, 2.505465250199371052 ) ) ;
#8652 = CARTESIAN_POINT ( 'NONE',  ( 2.521407629281470886, -0.05564484407025897805, 2.509387967641137251 ) ) ;
#8653 = CARTESIAN_POINT ( 'NONE',  ( 2.300445336282767261, -0.2342366914577876380, 2.499046452624462678 ) ) ;
#8654 =( GEOMETRIC_REPRESENTATION_CONTEXT ( 3 ) GLOBAL_UNCERTAINTY_ASSIGNED_CONTEXT ( ( #1542 ) ) GLOBAL_UNIT_ASSIGNED_CONTEXT ( ( #4149, #1082, #3345 ) ) REPRESENTATION_CONTEXT ( 'NONE', 'WORKASPACE' ) );
#8655 = VERTEX_POINT ( 'NONE', #3564 ) ;
#8656 = B_SPLINE_SURFACE_WITH_KNOTS ( 'NONE', 1, 3, ( 
 ( #502, #5013, #6397, #1345, #9351, #8628 ),
 ( #7222, #6443, #7965, #1297, #9444, #4316 ) ),
 .UNSPECIFIED., .F., .F., .F.,
 ( 2, 2 ),
 ( 4, 2, 4 ),
 ( 0.000000000000000000, 1.000000000000000000 ),
 ( 0.000000000000000000, 0.5000000000000000000, 1.000000000000000000 ),
 .UNSPECIFIED. ) ;
#8657 = CARTESIAN_POINT ( 'NONE',  ( 1.579900679646538686, -0.1258341457442372358, 2.506843786071405233 ) ) ;
#8658 = VERTEX_POINT ( 'NONE', #5800 ) ;
#8659 = CARTESIAN_POINT ( 'NONE',  ( 1.717622484019977191, 0.2367263346492400333, 2.498811846154795013 ) ) ;
#8661 = VERTEX_POINT ( 'NONE', #4335 ) ;
#8660 = VECTOR ( 'NONE', #4296, 1000.000000000000000 ) ;
#8662 = CARTESIAN_POINT ( 'NONE',  ( 2.342719109556029355, 0.1781735066997538752, 2.493642757395355680 ) ) ;
#8663 = CARTESIAN_POINT ( 'NONE',  ( 1.887787383200180802, 1.078035736011966761E-05, 2.509999510168126946 ) ) ;
#8664 = CARTESIAN_POINT ( 'NONE',  ( 1.717622484019977191, 0.2367263346492400333, 2.498811846154795013 ) ) ;
#8665 = CARTESIAN_POINT ( 'NONE',  ( 2.405232302830831337, 0.1948629548451046301, 2.499081072435788808 ) ) ;
#8666 = AXIS2_PLACEMENT_3D ( 'NONE', #4081, #370, #6398 ) ;
#8667 = CARTESIAN_POINT ( 'NONE',  ( 2.874762089145887156, 0.000000000000000000, 0.000000000000000000 ) ) ;
#8668 = ORIENTED_EDGE ( 'NONE', *, *, #8902, .T. ) ;
#8669 = CARTESIAN_POINT ( 'NONE',  ( 1.196488061962257099, -0.1140634980081921684, 2.507438336078754659 ) ) ;
#8670 = ORIENTED_EDGE ( 'NONE', *, *, #5101, .T. ) ;
#8671 = ADVANCED_FACE ( 'NONE', ( #7283, #609 ), #517, .T. ) ;
#8672 = DIRECTION ( 'NONE',  ( 0.000000000000000000, 0.1580100316051670228, 0.9874375068388550059 ) ) ;
#8673 = CARTESIAN_POINT ( 'NONE',  ( 2.453595538335577864, -0.1459763581029551727, 2.495745791516021050 ) ) ;
#8674 = CARTESIAN_POINT ( 'NONE',  ( 2.484952097818111660, 0.3674986156302331164, 2.472841435982069402 ) ) ;
#8675 = CARTESIAN_POINT ( 'NONE',  ( 2.492827744780481858, -0.2338840954587322885, 2.499079501598063580 ) ) ;
#8676 = CARTESIAN_POINT ( 'NONE',  ( 2.299611984530719244, -0.05321044247172469766, 2.509435945348856833 ) ) ;
#8677 = ORIENTED_EDGE ( 'NONE', *, *, #6470, .F. ) ;
#8678 = EDGE_CURVE ( 'NONE', #8905, #3005, #7335, .T. ) ;
#8679 = AXIS2_PLACEMENT_3D ( 'NONE', #2626, #1850, #1235 ) ;
#8680 = CARTESIAN_POINT ( 'NONE',  ( 1.517461421217585205, -0.1465525290171816875, 2.495886000799355742 ) ) ;
#8681 = PLANE ( 'NONE',  #3650 ) ;
#8682 = EDGE_LOOP ( 'NONE', ( #6694, #872, #1452, #5851 ) ) ;
#8683 = CARTESIAN_POINT ( 'NONE',  ( 2.353902794715430513, -0.1065478582968651805, 2.507774060505024938 ) ) ;
#8684 = VERTEX_POINT ( 'NONE', #8062 ) ;
#8685 = VERTEX_POINT ( 'NONE', #5890 ) ;
#8686 = CARTESIAN_POINT ( 'NONE',  ( 3.129461408389900168, -0.06979710073371084289, 2.509287961349133234 ) ) ;
#8687 = CARTESIAN_POINT ( 'NONE',  ( 1.768033194780005868, -0.05460577622214359689, 2.509479520002329433 ) ) ;
#8688 = DIRECTION ( 'NONE',  ( 1.000000000000000000, 0.000000000000000000, 0.000000000000000000 ) ) ;
#8689 = DIRECTION ( 'NONE',  ( -1.000000000000000000, -0.000000000000000000, -0.000000000000000000 ) ) ;
#8690 = DIRECTION ( 'NONE',  ( 0.000000000000000000, -0.9944457213720703237, 0.1052506876214247961 ) ) ;
#8691 = B_SPLINE_CURVE_WITH_KNOTS ( 'NONE', 3,
 ( #7104, #427, #3429, #6370 ),
 .UNSPECIFIED., .F., .F.,
 ( 4, 4 ),
 ( 0.000000000000000000, 1.000000000000000000 ),
 .UNSPECIFIED. ) ;
#8692 = EDGE_CURVE ( 'NONE', #8396, #7039, #3659, .T. ) ;
#8693 = ORIENTED_EDGE ( 'NONE', *, *, #3892, .T. ) ;
#8694 = B_SPLINE_CURVE_WITH_KNOTS ( 'NONE', 1,
 ( #3331, #1020 ),
 .UNSPECIFIED., .F., .F.,
 ( 2, 2 ),
 ( 0.000000000000000000, 1.000000000000000000 ),
 .UNSPECIFIED. ) ;
#8695 = ORIENTED_EDGE ( 'NONE', *, *, #1445, .T. ) ;
#8696 = AXIS2_PLACEMENT_3D ( 'NONE', #1050, #9058, #4861 ) ;
#8697 = CARTESIAN_POINT ( 'NONE',  ( 2.231999575598991647, 0.2087963338019463155, 2.491396124217088115 ) ) ;
#8698 = EDGE_CURVE ( 'NONE', #5674, #7773, #3424, .T. ) ;
#8699 = EDGE_CURVE ( 'NONE', #1538, #6250, #5156, .T. ) ;
#8700 = CARTESIAN_POINT ( 'NONE',  ( 3.193496849176102881, -0.1859849054403967250, 2.503198125245930328 ) ) ;
#8701 = SURFACE_SIDE_STYLE ('',( #7339 ) ) ;
#8702 = CARTESIAN_POINT ( 'NONE',  ( 3.070595498570912518, -0.03820836924382178812, 2.509709170505564302 ) ) ;
#8703 = CARTESIAN_POINT ( 'NONE',  ( 1.338899840093721538, 0.3580965849001315204, 2.484324266200440334 ) ) ;
#8704 = CARTESIAN_POINT ( 'NONE',  ( 3.070595498570912518, -0.03820836924382178812, 2.509709170505564302 ) ) ;
#8705 = EDGE_CURVE ( 'NONE', #160, #2246, #6882, .T. ) ;
#8706 = EDGE_LOOP ( 'NONE', ( #6888, #6294, #9092, #4194, #5100, #5771, #9045, #3465, #5921, #3635, #7847, #355 ) ) ;
#8707 = CARTESIAN_POINT ( 'NONE',  ( 1.781259249753641472, 0.005009413973049136812, 2.509998061361714328 ) ) ;
#8708 = AXIS2_PLACEMENT_3D ( 'NONE', #2719, #4116, #2767 ) ;
#8709 = ORIENTED_EDGE ( 'NONE', *, *, #541, .T. ) ;
#8710 = CARTESIAN_POINT ( 'NONE',  ( 1.717622484019977191, 0.2357832018418725140, 2.488856420472903785 ) ) ;
#8711 = ORIENTED_EDGE ( 'NONE', *, *, #5427, .F. ) ;
#8712 = CARTESIAN_POINT ( 'NONE',  ( 2.319199294265130273, -0.07759539877612810221, 2.508800301755557349 ) ) ;
#8713 = B_SPLINE_CURVE_WITH_KNOTS ( 'NONE', 3,
 ( #6503, #4976, #7926, #2058 ),
 .UNSPECIFIED., .F., .F.,
 ( 4, 4 ),
 ( 0.000000000000000000, 1.000000000000000000 ),
 .UNSPECIFIED. ) ;
#8714 = CARTESIAN_POINT ( 'NONE',  ( 1.161570944305657660, -0.1068421650939858775, 2.507725015179700367 ) ) ;
#8715 = LINE ( 'NONE', #8570, #3117 ) ;
#8716 = ORIENTED_EDGE ( 'NONE', *, *, #3483, .F. ) ;
#8717 = COLOUR_RGB ( '',0.6666666666666666297, 0.6666666666666666297, 0.6666666666666666297 ) ;
#8718 = ADVANCED_FACE ( 'NONE', ( #6848 ), #856, .T. ) ;
#8719 = CARTESIAN_POINT ( 'NONE',  ( 4.500000000000000000, 0.000000000000000000, 0.000000000000000000 ) ) ;
#8720 = CARTESIAN_POINT ( 'NONE',  ( 2.267118703210397435, -0.1390077734190858227, 2.506151977589037294 ) ) ;
#8721 = ORIENTED_EDGE ( 'NONE', *, *, #1049, .F. ) ;
#8722 = CARTESIAN_POINT ( 'NONE',  ( 3.303023470130181494, -0.07651960020717298028, 2.499999725739658007 ) ) ;
#8723 = ORIENTED_EDGE ( 'NONE', *, *, #8678, .F. ) ;
#8724 = CARTESIAN_POINT ( 'NONE',  ( 1.335444645985828904, -0.1724179889160524226, 2.504071092660538511 ) ) ;
#8725 = LINE ( 'NONE', #4413, #4073 ) ;
#8726 = CARTESIAN_POINT ( 'NONE',  ( -5.500000000000000000, 0.000000000000000000, 0.4499999999999999001 ) ) ;
#8727 = FACE_OUTER_BOUND ( 'NONE', #387, .T. ) ;
#8728 = CARTESIAN_POINT ( 'NONE',  ( 3.093489597830168858, -0.01956131693522765794, 2.509923774715033140 ) ) ;
#8729 = ORIENTED_EDGE ( 'NONE', *, *, #8356, .F. ) ;
#8730 = CARTESIAN_POINT ( 'NONE',  ( 2.952625056610553411, 0.3490417246938361528, 2.485612575286574089 ) ) ;
#8731 = DIRECTION ( 'NONE',  ( -1.000000000000000000, -0.000000000000000000, -0.000000000000000000 ) ) ;
#8732 = VERTEX_POINT ( 'NONE', #5413 ) ;
#8733 = SURFACE_STYLE_USAGE ( .BOTH. , #2891 ) ;
#8734 = CIRCLE ( 'NONE', #493, 2.500000000000000000 ) ;
#8735 = ORIENTED_EDGE ( 'NONE', *, *, #7059, .F. ) ;
#8736 = MECHANICAL_DESIGN_GEOMETRIC_PRESENTATION_REPRESENTATION (  '', ( #8434 ), #2874 ) ;
#8737 = CARTESIAN_POINT ( 'NONE',  ( 1.538967989473260856, -0.1254529393026197481, 2.506863253861979501 ) ) ;
#8738 = CARTESIAN_POINT ( 'NONE',  ( 3.230879094835615639, 4.838056489167904609E-11, 2.509999988992202002 ) ) ;
#8739 = DIRECTION ( 'NONE',  ( -1.000000000000000000, 0.000000000000000000, 0.000000000000000000 ) ) ;
#8740 = CARTESIAN_POINT ( 'NONE',  ( 3.014365422117931903, -0.2014990887895962424, 2.491866403475427649 ) ) ;
#8741 = DIRECTION ( 'NONE',  ( -1.000000000000000000, -0.000000000000000000, -0.000000000000000000 ) ) ;
#8742 = B_SPLINE_SURFACE_WITH_KNOTS ( 'NONE', 1, 3, ( 
 ( #7760, #7154, #438, #8519 ),
 ( #5582, #1894, #4854, #392 ) ),
 .UNSPECIFIED., .F., .F., .F.,
 ( 2, 2 ),
 ( 4, 4 ),
 ( 0.000000000000000000, 1.000000000000000000 ),
 ( 0.000000000000000000, 1.000000000000000000 ),
 .UNSPECIFIED. ) ;
#8743 = EDGE_LOOP ( 'NONE', ( #1922, #1362, #1624, #1793 ) ) ;
#8744 = ORIENTED_EDGE ( 'NONE', *, *, #10, .T. ) ;
#8745 = VECTOR ( 'NONE', #7998, 1000.000000000000000 ) ;
#8746 = ORIENTED_EDGE ( 'NONE', *, *, #5927, .F. ) ;
#8747 = CIRCLE ( 'NONE', #4102, 2.500000000000000000 ) ;
#8748 = CARTESIAN_POINT ( 'NONE',  ( 0.8706338106990590964, 0.2392106702169153332, 2.488529335823544741 ) ) ;
#8749 = CARTESIAN_POINT ( 'NONE',  ( 1.258867410453820446, -0.01842458779096805763, 2.500222491788382850 ) ) ;
#8750 = EDGE_CURVE ( 'NONE', #2284, #1250, #9430, .T. ) ;
#8751 = ORIENTED_EDGE ( 'NONE', *, *, #4652, .F. ) ;
#8752 = CARTESIAN_POINT ( 'NONE',  ( 2.291453304994398810, -0.2064579282866345622, 2.501499424110505743 ) ) ;
#8753 = CARTESIAN_POINT ( 'NONE',  ( 2.788172032324740535, 0.000000000000000000, 0.000000000000000000 ) ) ;
#8754 = DIRECTION ( 'NONE',  ( -1.000000000000000000, -0.000000000000000000, -0.000000000000000000 ) ) ;
#8755 = AXIS2_PLACEMENT_3D ( 'NONE', #9084, #3148, #8421 ) ;
#8756 = CARTESIAN_POINT ( 'NONE',  ( 2.505731345338997773, -0.2011801708194855820, 2.501926655732577665 ) ) ;
#8757 = EDGE_CURVE ( 'NONE', #844, #1576, #1671, .T. ) ;
#8758 = CARTESIAN_POINT ( 'NONE',  ( 2.645567678557562363, -0.1866774786462467861, 2.493020561280287595 ) ) ;
#8759 = ORIENTED_EDGE ( 'NONE', *, *, #4634, .F. ) ;
#8760 = CARTESIAN_POINT ( 'NONE',  ( 2.790276436849969066, 0.1882968552717126653, 2.492898773375041177 ) ) ;
#8761 = EDGE_CURVE ( 'NONE', #834, #1531, #3077, .T. ) ;
#8762 = CARTESIAN_POINT ( 'NONE',  ( 2.319199294265130273, -0.07728625376108376466, 2.498805081429837927 ) ) ;
#8763 = CARTESIAN_POINT ( 'NONE',  ( 1.263263997724709764, -0.02856376689870170765, 2.509855441576168023 ) ) ;
#8764 = CARTESIAN_POINT ( 'NONE',  ( 3.000716889455846914, -0.01528043514025040697, 2.499953301224229651 ) ) ;
#8765 = VERTEX_POINT ( 'NONE', #1717 ) ;
#8766 = ADVANCED_FACE ( 'NONE', ( #2985 ), #9574, .T. ) ;
#8767 = EDGE_CURVE ( 'NONE', #1075, #4050, #8512, .T. ) ;
#8768 = DIRECTION ( 'NONE',  ( 1.000000000000000000, 0.000000000000000000, 0.000000000000000000 ) ) ;
#8769 = VERTEX_POINT ( 'NONE', #1619 ) ;
#8770 = CARTESIAN_POINT ( 'NONE',  ( 2.256747995241840776, 0.2723574543420088090, 2.485120000536058971 ) ) ;
#8771 = VERTEX_POINT ( 'NONE', #6078 ) ;
#8772 = CARTESIAN_POINT ( 'NONE',  ( 2.313752600197278575, -0.1481425458377509108, 2.495606897352367515 ) ) ;
#8773 = CARTESIAN_POINT ( 'NONE',  ( 3.130013979308440941, -0.1057888086685636747, 2.507769672031402219 ) ) ;
#8774 = DIRECTION ( 'NONE',  ( 0.000000000000000000, 0.000000000000000000, 1.000000000000000000 ) ) ;
#8775 = CARTESIAN_POINT ( 'NONE',  ( -4.500000000000000000, 0.000000000000000000, 0.000000000000000000 ) ) ;
#8776 = SURFACE_STYLE_FILL_AREA ( #550 ) ;
#8777 = ORIENTED_EDGE ( 'NONE', *, *, #2276, .F. ) ;
#8779 = B_SPLINE_CURVE_WITH_KNOTS ( 'NONE', 3,
 ( #8965, #2455, #8921, #3793, #700, #6751 ),
 .UNSPECIFIED., .F., .F.,
 ( 4, 2, 4 ),
 ( 0.000000000000000000, 0.5000000000000000000, 1.000000000000000000 ),
 .UNSPECIFIED. ) ;
#8778 = B_SPLINE_CURVE_WITH_KNOTS ( 'NONE', 1,
 ( #4006, #8426 ),
 .UNSPECIFIED., .F., .F.,
 ( 2, 2 ),
 ( 0.000000000000000000, 1.000000000000000000 ),
 .UNSPECIFIED. ) ;
#8780 = CARTESIAN_POINT ( 'NONE',  ( 2.484952097818029948, 0.1820009806186936308, 2.493366327488569123 ) ) ;
#8781 = CARTESIAN_POINT ( 'NONE',  ( 2.426135602188658424, -0.1136616964811515973, 2.497436545666184671 ) ) ;
#8782 = VERTEX_POINT ( 'NONE', #9017 ) ;
#8783 = PRESENTATION_STYLE_ASSIGNMENT (( #8733 ) ) ;
#8784 = ORIENTED_EDGE ( 'NONE', *, *, #6613, .F. ) ;
#8785 = CARTESIAN_POINT ( 'NONE',  ( 2.243871566297872988, 0.1964577378029954968, 2.502330530634062189 ) ) ;
#8786 = FACE_OUTER_BOUND ( 'NONE', #128, .T. ) ;
#8787 = EDGE_CURVE ( 'NONE', #5775, #3352, #9305, .T. ) ;
#8788 = DIRECTION ( 'NONE',  ( 1.334402673828313339E-16, 0.000000000000000000, -1.000000000000000000 ) ) ;
#8789 = CARTESIAN_POINT ( 'NONE',  ( 3.061265267254527078, -0.1857833214126005106, 2.493104524749947259 ) ) ;
#8790 = CARTESIAN_POINT ( 'NONE',  ( 4.500000000000000000, 0.000000000000000000, 2.500000000000000000 ) ) ;
#8791 = EDGE_LOOP ( 'NONE', ( #3851, #861, #7012, #909 ) ) ;
#8792 = VERTEX_POINT ( 'NONE', #3700 ) ;
#8793 = ORIENTED_EDGE ( 'NONE', *, *, #2402, .F. ) ;
#8794 = CARTESIAN_POINT ( 'NONE',  ( -6.499999999999999112, 0.000000000000000000, -7.500000000000000000 ) ) ;
#8795 = CARTESIAN_POINT ( 'NONE',  ( 1.292406635476338606, -0.05651962361396299650, 2.499361024771438622 ) ) ;
#8796 = CARTESIAN_POINT ( 'NONE',  ( 1.698586461991372865, 0.2863827932164164647, 2.484062839948112167 ) ) ;
#8797 = ADVANCED_FACE ( 'NONE', ( #2404 ), #2871, .T. ) ;
#8798 = CARTESIAN_POINT ( 'NONE',  ( -3.781872720455399683, 0.000000000000000000, 0.000000000000000000 ) ) ;
#8799 = PLANE ( 'NONE',  #5887 ) ;
#8800 = CARTESIAN_POINT ( 'NONE',  ( 1.698588164403611822, 0.2875237811118593889, 2.493999521717826795 ) ) ;
#8801 = EDGE_CURVE ( 'NONE', #4452, #9160, #1442, .T. ) ;
#8802 = CARTESIAN_POINT ( 'NONE',  ( 1.523090541236123086, 0.06423099795494764674, 2.509178028538770366 ) ) ;
#8803 = EDGE_LOOP ( 'NONE', ( #320, #5004, #6949, #3294 ) ) ;
#8804 = CARTESIAN_POINT ( 'NONE',  ( 2.724235271281369997, -0.05662104804356698357, 2.499358729138025925 ) ) ;
#8805 = CARTESIAN_POINT ( 'NONE',  ( 3.096936385024664062, -0.1211956201082672879, 2.497105505215865939 ) ) ;
#8806 = CARTESIAN_POINT ( 'NONE',  ( 2.522955167788405895, -0.2196194620501336348, 2.490334775063145933 ) ) ;
#8807 = CARTESIAN_POINT ( 'NONE',  ( -3.219397575303088566, 0.000000000000000000, 0.000000000000000000 ) ) ;
#8808 = PRODUCT_DEFINITION_SHAPE ( 'NONE', 'NONE',  #875 ) ;
#8809 = EDGE_CURVE ( 'NONE', #3477, #1912, #4819, .T. ) ;
#8810 = DIRECTION ( 'NONE',  ( -1.334402673828313339E-16, 0.000000000000000000, -1.000000000000000000 ) ) ;
#8811 = AXIS2_PLACEMENT_3D ( 'NONE', #8437, #4769, #6979 ) ;
#8812 = ORIENTED_EDGE ( 'NONE', *, *, #7712, .T. ) ;
#8813 = DIRECTION ( 'NONE',  ( 0.000000000000000000, 0.1469994462520932410, 0.9891365743928277610 ) ) ;
#8814 = EDGE_CURVE ( 'NONE', #4062, #3916, #4344, .T. ) ;
#8815 = EDGE_LOOP ( 'NONE', ( #6954, #6608, #7350, #9515 ) ) ;
#8816 = B_SPLINE_SURFACE_WITH_KNOTS ( 'NONE', 1, 3, ( 
 ( #7595, #919, #9612, #7438 ),
 ( #7648, #335, #6318, #1070 ) ),
 .UNSPECIFIED., .F., .F., .F.,
 ( 2, 2 ),
 ( 4, 4 ),
 ( 0.000000000000000000, 1.000000000000000000 ),
 ( 0.000000000000000000, 1.000000000000000000 ),
 .UNSPECIFIED. ) ;
#8817 = EDGE_CURVE ( 'NONE', #7238, #2282, #327, .T. ) ;
#8818 = CARTESIAN_POINT ( 'NONE',  ( 1.887545867947317380, -0.05074455307015342254, 2.510238085402848984 ) ) ;
#8819 = DIRECTION ( 'NONE',  ( -1.334402673828313339E-16, 0.000000000000000000, -1.000000000000000000 ) ) ;
#8820 = CARTESIAN_POINT ( 'NONE',  ( 1.729205207566871128, -0.2251203775754576086, 2.499891115924253615 ) ) ;
#8821 = CYLINDRICAL_SURFACE ( 'NONE', #290, 2.510000000000000231 ) ;
#8822 = FACE_OUTER_BOUND ( 'NONE', #8065, .T. ) ;
#8823 = AXIS2_PLACEMENT_3D ( 'NONE', #9364, #4380, #2897 ) ;
#8824 = CARTESIAN_POINT ( 'NONE',  ( 2.276368472734770609, -0.1813507453732569330, 2.503440014690299087 ) ) ;
#8825 = CARTESIAN_POINT ( 'NONE',  ( 2.211070038175347641, 0.000000000000000000, 2.500000000000000000 ) ) ;
#8826 = ORIENTED_EDGE ( 'NONE', *, *, #3301, .F. ) ;
#8827 = ORIENTED_EDGE ( 'NONE', *, *, #2003, .F. ) ;
#8828 = CARTESIAN_POINT ( 'NONE',  ( 3.251512393562173919, -0.01844857768386853197, 2.509932200275824865 ) ) ;
#8829 = CYLINDRICAL_SURFACE ( 'NONE', #7903, 2.510000000000000231 ) ;
#8830 = CARTESIAN_POINT ( 'NONE',  ( 3.129512260176939176, -0.1423973527186500887, 2.496216468168512836 ) ) ;
#8831 = LINE ( 'NONE', #516, #9618 ) ;
#8832 = DIRECTION ( 'NONE',  ( 0.000000000000000000, 0.000000000000000000, -1.000000000000000000 ) ) ;
#8833 = VECTOR ( 'NONE', #2941, 1000.000000000000114 ) ;
#8834 = CARTESIAN_POINT ( 'NONE',  ( 2.493184033169769886, -0.1319831077653132734, 2.506527570018852291 ) ) ;
#8835 = ORIENTED_EDGE ( 'NONE', *, *, #859, .F. ) ;
#8836 = VERTEX_POINT ( 'NONE', #6311 ) ;
#8837 = ORIENTED_EDGE ( 'NONE', *, *, #785, .T. ) ;
#8838 = DIRECTION ( 'NONE',  ( -1.000000000000000000, -0.000000000000000000, -0.000000000000000000 ) ) ;
#8839 = EDGE_CURVE ( 'NONE', #6702, #4082, #5267, .T. ) ;
#8840 = CARTESIAN_POINT ( 'NONE',  ( 2.338200829250268509, 0.1509829626993598461, 2.505454877856418960 ) ) ;
#8841 = CARTESIAN_POINT ( 'NONE',  ( 2.434446389192383986, -0.1311143178365902495, 2.506573165829844019 ) ) ;
#8842 = CARTESIAN_POINT ( 'NONE',  ( 1.163292472606964667, -0.3429338980487653399, 2.476367569963934034 ) ) ;
#8843 = CARTESIAN_POINT ( 'NONE',  ( 1.662533775404607672, -0.2309924597405297875, 2.499348411795166314 ) ) ;
#8844 = CARTESIAN_POINT ( 'NONE',  ( 1.392254850066266370, 0.3571362102707448805, 2.474359255911204869 ) ) ;
#8845 = CARTESIAN_POINT ( 'NONE',  ( 2.999479004441937491, -0.2292359742274489298, 2.489467988972742685 ) ) ;
#8846 = LINE ( 'NONE', #4955, #5169 ) ;
#8847 = AXIS2_PLACEMENT_3D ( 'NONE', #8061, #1215, #3563 ) ;
#8848 = EDGE_CURVE ( 'NONE', #2076, #954, #3522, .T. ) ;
#8849 = CARTESIAN_POINT ( 'NONE',  ( 1.507959314714496291, 0.3362269639534399834, 2.477622283909045819 ) ) ;
#8850 = VERTEX_POINT ( 'NONE', #411 ) ;
#8851 = CARTESIAN_POINT ( 'NONE',  ( 2.964137387253224620, -0.01534155688081141090, 2.509953114429126941 ) ) ;
#8852 = CARTESIAN_POINT ( 'NONE',  ( 2.354231440198708114, -0.1200669367101245971, 2.507126628375409005 ) ) ;
#8853 = PLANE ( 'NONE',  #6711 ) ;
#8854 = CARTESIAN_POINT ( 'NONE',  ( -4.299999999999998934, 0.000000000000000000, 0.000000000000000000 ) ) ;
#8855 =( GEOMETRIC_REPRESENTATION_CONTEXT ( 3 ) GLOBAL_UNCERTAINTY_ASSIGNED_CONTEXT ( ( #7358 ) ) GLOBAL_UNIT_ASSIGNED_CONTEXT ( ( #4210, #6432, #5908 ) ) REPRESENTATION_CONTEXT ( 'NONE', 'WORKASPACE' ) );
#8856 = B_SPLINE_CURVE_WITH_KNOTS ( 'NONE', 3,
 ( #7675, #999, #3974, #8103 ),
 .UNSPECIFIED., .F., .F.,
 ( 4, 4 ),
 ( 0.000000000000000000, 0.2098058375342665982 ),
 .UNSPECIFIED. ) ;
#8857 = ORIENTED_EDGE ( 'NONE', *, *, #6998, .F. ) ;
#8858 = CARTESIAN_POINT ( 'NONE',  ( 2.944145544255289071, 0.3490417246938384843, 2.485612575286573644 ) ) ;
#8859 = VERTEX_POINT ( 'NONE', #6352 ) ;
#8860 = EDGE_CURVE ( 'NONE', #5542, #6341, #4326, .T. ) ;
#8861 = AXIS2_PLACEMENT_3D ( 'NONE', #8753, #4392, #1422 ) ;
#8862 = CARTESIAN_POINT ( 'NONE',  ( 1.888053096262113595, 0.01065729627687968945, 2.509977374805611117 ) ) ;
#8863 = CARTESIAN_POINT ( 'NONE',  ( 2.226844547829980314, 0.3077126764677519666, 2.491108882026281002 ) ) ;
#8864 =( NAMED_UNIT ( * ) SI_UNIT ( $, .STERADIAN. ) SOLID_ANGLE_UNIT ( ) );
#8865 = PRESENTATION_STYLE_ASSIGNMENT (( #2289 ) ) ;
#8866 = CARTESIAN_POINT ( 'NONE',  ( 2.558234890725588517, -0.05662104804356698357, 2.499358729138025925 ) ) ;
#8867 = ORIENTED_EDGE ( 'NONE', *, *, #7931, .T. ) ;
#8868 = EDGE_CURVE ( 'NONE', #3415, #3330, #1675, .T. ) ;
#8869 = VECTOR ( 'NONE', #8819, 1000.000000000000000 ) ;
#8870 = CARTESIAN_POINT ( 'NONE',  ( 0.9451029750229504867, -0.07598099823992722490, 2.509008982109338426 ) ) ;
#8871 = DIRECTION ( 'NONE',  ( 0.000000000000000000, 0.000000000000000000, 1.000000000000000000 ) ) ;
#8872 = ORIENTED_EDGE ( 'NONE', *, *, #3322, .F. ) ;
#8873 = ORIENTED_EDGE ( 'NONE', *, *, #5993, .T. ) ;
#8874 = SURFACE_STYLE_USAGE ( .BOTH. , #4423 ) ;
#8875 = CARTESIAN_POINT ( 'NONE',  ( 2.881632350981399693, 0.000000000000000000, 0.000000000000000000 ) ) ;
#8876 = CARTESIAN_POINT ( 'NONE',  ( 1.887922426147695898, 0.003522322106210957170, 2.499999631004342415 ) ) ;
#8877 = CARTESIAN_POINT ( 'NONE',  ( 2.348165803623886383, 0.3711715208483898909, 2.472292802665390976 ) ) ;
#8878 = CARTESIAN_POINT ( 'NONE',  ( 2.626070989566030800, -0.2297816353684445922, 2.499460021694166478 ) ) ;
#8879 = CARTESIAN_POINT ( 'NONE',  ( 2.532298550476452803, -0.1544390364353402378, 2.505244216443762717 ) ) ;
#8880 = ORIENTED_EDGE ( 'NONE', *, *, #1824, .T. ) ;
#8881 = ORIENTED_EDGE ( 'NONE', *, *, #2319, .F. ) ;
#8882 = CARTESIAN_POINT ( 'NONE',  ( -6.499999999999999112, 0.000000000000000000, -7.500000000000000000 ) ) ;
#8883 = PRESENTATION_LAYER_ASSIGNMENT (  '', '', ( #5657 ) ) ;
#8884 = CARTESIAN_POINT ( 'NONE',  ( 2.160904747929259351, -0.09275084147147026614, 2.498278863819316520 ) ) ;
#8885 = FACE_OUTER_BOUND ( 'NONE', #783, .T. ) ;
#8886 = ORIENTED_EDGE ( 'NONE', *, *, #276, .T. ) ;
#8887 = CARTESIAN_POINT ( 'NONE',  ( -6.500000000000000000, 0.000000000000000000, -1.000000000000000000 ) ) ;
#8888 = B_SPLINE_CURVE_WITH_KNOTS ( 'NONE', 3,
 ( #8169, #6618, #3399, #6665, #1990, #8664 ),
 .UNSPECIFIED., .F., .F.,
 ( 4, 2, 4 ),
 ( 0.000000000000000000, 0.5000000000000000000, 1.000000000000000000 ),
 .UNSPECIFIED. ) ;
#8889 = ORIENTED_EDGE ( 'NONE', *, *, #4862, .T. ) ;
#8890 = CARTESIAN_POINT ( 'NONE',  ( 3.292424493319719758, -0.1364509175148550524, 2.506288320826108418 ) ) ;
#8891 = CARTESIAN_POINT ( 'NONE',  ( 0.9997478914790399740, -0.2275500825415505968, 2.499664169430632299 ) ) ;
#8892 = EDGE_CURVE ( 'NONE', #1888, #1441, #4033, .T. ) ;
#8893 = CIRCLE ( 'NONE', #7191, 2.499999999999999556 ) ;
#8894 = CIRCLE ( 'NONE', #655, 2.500000000000000000 ) ;
#8895 = B_SPLINE_SURFACE_WITH_KNOTS ( 'NONE', 1, 3, ( 
 ( #4673, #6989, #7680, #2544 ),
 ( #4620, #3312, #1004, #6261 ) ),
 .UNSPECIFIED., .F., .F., .F.,
 ( 2, 2 ),
 ( 4, 4 ),
 ( 0.000000000000000000, 1.000000000000000000 ),
 ( 0.000000000000000000, 1.000000000000000000 ),
 .UNSPECIFIED. ) ;
#8896 = PRESENTATION_STYLE_ASSIGNMENT (( #6527 ) ) ;
#8897 = ORIENTED_EDGE ( 'NONE', *, *, #6354, .T. ) ;
#8898 = PLANE ( 'NONE',  #9046 ) ;
#8899 = AXIS2_PLACEMENT_3D ( 'NONE', #8667, #1153, #1290 ) ;
#8900 = CARTESIAN_POINT ( 'NONE',  ( 2.497239537306442880, -0.1642510984395112728, 2.494602826304553655 ) ) ;
#8901 =( NAMED_UNIT ( * ) PLANE_ANGLE_UNIT ( ) SI_UNIT ( $, .RADIAN. ) );
#8902 = EDGE_CURVE ( 'NONE', #262, #2167, #3408, .T. ) ;
#8903 = FACE_OUTER_BOUND ( 'NONE', #1555, .T. ) ;
#8904 = UNCERTAINTY_MEASURE_WITH_UNIT (LENGTH_MEASURE( 1.000000000000000082E-05 ), #1754, 'distance_accuracy_value', 'NONE');
#8905 = VERTEX_POINT ( 'NONE', #4879 ) ;
#8906 = VERTEX_POINT ( 'NONE', #6999 ) ;
#8907 = B_SPLINE_CURVE_WITH_KNOTS ( 'NONE', 3,
 ( #7665, #3206, #6876, #2433 ),
 .UNSPECIFIED., .F., .F.,
 ( 4, 4 ),
 ( 0.000000000000000000, 1.000000000000000000 ),
 .UNSPECIFIED. ) ;
#8908 = DIRECTION ( 'NONE',  ( 0.000000000000000000, -0.9973465309954276936, 0.07280039224747592019 ) ) ;
#8909 = CARTESIAN_POINT ( 'NONE',  ( 2.246469091205925750, 0.3522057037976157878, 2.485201356703106601 ) ) ;
#8910 = CARTESIAN_POINT ( 'NONE',  ( 2.341233647537682927, -0.1952312750352842574, 2.502395801876293291 ) ) ;
#8911 = CARTESIAN_POINT ( 'NONE',  ( 2.767375564066024474, 0.3449540277677828337, 2.476086977213600271 ) ) ;
#8912 = CARTESIAN_POINT ( 'NONE',  ( 6.499999999999997335, 0.000000000000000000, -1.000000000000002665 ) ) ;
#8913 = ORIENTED_EDGE ( 'NONE', *, *, #2609, .F. ) ;
#8914 = EDGE_CURVE ( 'NONE', #1598, #5420, #4438, .T. ) ;
#8915 = CARTESIAN_POINT ( 'NONE',  ( 0.8620261527772710153, -0.1442419388336759201, 2.495835383810699248 ) ) ;
#8916 = FACE_OUTER_BOUND ( 'NONE', #3192, .T. ) ;
#8917 = ORIENTED_EDGE ( 'NONE', *, *, #4429, .F. ) ;
#8918 = DIRECTION ( 'NONE',  ( 1.000000000000000000, 0.000000000000000000, 0.000000000000000000 ) ) ;
#8919 = CARTESIAN_POINT ( 'NONE',  ( 3.326775802495638423, -0.2292359742274489298, 2.489467988972742685 ) ) ;
#8920 = CARTESIAN_POINT ( 'NONE',  ( 1.127226583591082854, -0.1134993546375826085, 2.507466826093901258 ) ) ;
#8921 = CARTESIAN_POINT ( 'NONE',  ( 0.9156635719430895604, 0.1352077994071783917, 2.496560387582295260 ) ) ;
#8922 = CARTESIAN_POINT ( 'NONE',  ( 2.558234890725588517, -0.05684753223574125214, 2.509356164054577842 ) ) ;
#8923 = CARTESIAN_POINT ( 'NONE',  ( 6.049999999999998934, 0.000000000000000000, -7.500000000000000000 ) ) ;
#8924 = ORIENTED_EDGE ( 'NONE', *, *, #6623, .T. ) ;
#8925 = EDGE_CURVE ( 'NONE', #8138, #2122, #7449, .T. ) ;
#8926 = ORIENTED_EDGE ( 'NONE', *, *, #5669, .F. ) ;
#8927 = CARTESIAN_POINT ( 'NONE',  ( 4.500000000000000000, 0.000000000000000000, 2.500000000000000000 ) ) ;
#8928 = DIRECTION ( 'NONE',  ( -1.000000000000000000, 0.000000000000000000, 0.000000000000000000 ) ) ;
#8929 = CARTESIAN_POINT ( 'NONE',  ( 5.500000000000000000, 5.510910596163088939E-17, 0.4499999999999999001 ) ) ;
#8930 = ORIENTED_EDGE ( 'NONE', *, *, #3168, .F. ) ;
#8931 = CARTESIAN_POINT ( 'NONE',  ( 2.578412416475610147, 0.3966051793289692151, 2.478468142165526356 ) ) ;
#8932 = EDGE_CURVE ( 'NONE', #2715, #3400, #279, .T. ) ;
#8933 = ORIENTED_EDGE ( 'NONE', *, *, #9074, .T. ) ;
#8934 = DIRECTION ( 'NONE',  ( 0.000000000000000000, 0.000000000000000000, -1.000000000000000000 ) ) ;
#8935 = CARTESIAN_POINT ( 'NONE',  ( 2.509331744907708828, -0.1750438486621798129, 2.503894906443144830 ) ) ;
#8936 = CARTESIAN_POINT ( 'NONE',  ( 2.534158027177594530, -0.08978189798707385261, 2.498387322012709522 ) ) ;
#8937 =( NAMED_UNIT ( * ) SI_UNIT ( $, .STERADIAN. ) SOLID_ANGLE_UNIT ( ) );
#8938 = DIRECTION ( 'NONE',  ( 0.000000000000000000, -0.9988385902946663730, -0.04818164109039706905 ) ) ;
#8939 = ORIENTED_EDGE ( 'NONE', *, *, #8698, .T. ) ;
#8940 = CARTESIAN_POINT ( 'NONE',  ( 4.500000000000000000, 0.000000000000000000, 0.000000000000000000 ) ) ;
#8941 = CARTESIAN_POINT ( 'NONE',  ( 2.453695501181130112, 0.3950250790129175571, 2.468593767097137626 ) ) ;
#8942 = CARTESIAN_POINT ( 'NONE',  ( 2.952625056610553855, 0.3476511202129865530, 2.475709736341208611 ) ) ;
#8943 = CARTESIAN_POINT ( 'NONE',  ( 2.405232302830831337, 0.1951220811148454415, 2.502404318542751582 ) ) ;
#8944 = ORIENTED_EDGE ( 'NONE', *, *, #7519, .T. ) ;
#8945 = ADVANCED_FACE ( 'NONE', ( #9115 ), #2587, .T. ) ;
#8946 = ORIENTED_EDGE ( 'NONE', *, *, #7995, .T. ) ;
#8947 = LINE ( 'NONE', #3058, #6406 ) ;
#8948 = EDGE_LOOP ( 'NONE', ( #9203, #6747, #8236, #7678 ) ) ;
#8949 = CARTESIAN_POINT ( 'NONE',  ( 2.881632350981399693, -0.01528043514025040697, 2.499953301224229651 ) ) ;
#8950 = DIRECTION ( 'NONE',  ( 0.000000000000000000, 0.000000000000000000, -1.000000000000000000 ) ) ;
#8951 = FACE_OUTER_BOUND ( 'NONE', #4960, .T. ) ;
#8952 = B_SPLINE_CURVE_WITH_KNOTS ( 'NONE', 3,
 ( #5167, #5078, #660, #9510 ),
 .UNSPECIFIED., .F., .F.,
 ( 4, 4 ),
 ( 0.000000000000000000, 1.000000000000000000 ),
 .UNSPECIFIED. ) ;
#8953 = CARTESIAN_POINT ( 'NONE',  ( 0.8433394125087124715, -0.1236584774848542706, 2.507041651080682332 ) ) ;
#8954 = CARTESIAN_POINT ( 'NONE',  ( 2.870965908433144698, 0.2359548289930274712, 2.500198323452123006 ) ) ;
#8955 = AXIS2_PLACEMENT_3D ( 'NONE', #6017, #8908, #3642 ) ;
#8956 = VERTEX_POINT ( 'NONE', #6223 ) ;
#8957 = CARTESIAN_POINT ( 'NONE',  ( 0.8986462325250732519, 0.01223022505653380970, 2.500208677312598660 ) ) ;
#8958 = EDGE_LOOP ( 'NONE', ( #695, #965, #556, #1631 ) ) ;
#8959 = CARTESIAN_POINT ( 'NONE',  ( 2.457580412305345963, -0.09400276639040047733, 2.508248744550980458 ) ) ;
#8960 = ORIENTED_EDGE ( 'NONE', *, *, #3337, .T. ) ;
#8961 = ORIENTED_EDGE ( 'NONE', *, *, #7415, .T. ) ;
#8962 = CARTESIAN_POINT ( 'NONE',  ( 4.500000000000000000, 0.000000000000000000, -0.4499999999999999001 ) ) ;
#8963 = CARTESIAN_POINT ( 'NONE',  ( 2.280515387535539507, 0.2044137806928217338, 2.501662448505566960 ) ) ;
#8964 = CIRCLE ( 'NONE', #9435, 2.510000000000000231 ) ;
#8965 = CARTESIAN_POINT ( 'NONE',  ( 0.8981781650063318523, 0.04676413706562126266, 2.499562584830495648 ) ) ;
#8966 = EDGE_CURVE ( 'NONE', #4168, #2824, #4920, .T. ) ;
#8967 = CARTESIAN_POINT ( 'NONE',  ( 3.255844991115442344, -0.03547442350415754703, 2.509749303272549525 ) ) ;
#8968 = CARTESIAN_POINT ( 'NONE',  ( 2.603458943047844532, -0.1715872852383358294, 2.494767805393003357 ) ) ;
#8969 = B_SPLINE_SURFACE_WITH_KNOTS ( 'NONE', 1, 3, ( 
 ( #7822, #498, #6439, #2774, #7261, #5732, #1908, #8669, #3545, #2045 ),
 ( #589, #5009, #7216, #1292, #4267, #5780, #7084, #6487, #2825, #1155 ) ),
 .UNSPECIFIED., .F., .F., .F.,
 ( 2, 2 ),
 ( 4, 2, 2, 2, 4 ),
 ( 0.000000000000000000, 1.000000000000000000 ),
 ( 0.000000000000000000, 0.2500000000000000000, 0.5000000000000000000, 0.7500000000000000000, 1.000000000000000000 ),
 .UNSPECIFIED. ) ;
#8970 = ORIENTED_EDGE ( 'NONE', *, *, #6371, .T. ) ;
#8971 = ORIENTED_EDGE ( 'NONE', *, *, #1591, .T. ) ;
#8972 = EDGE_LOOP ( 'NONE', ( #2764, #9061, #5053, #2977 ) ) ;
#8973 = DIRECTION ( 'NONE',  ( -1.000000000000000000, -0.000000000000000000, -0.000000000000000000 ) ) ;
#8974 =( GEOMETRIC_REPRESENTATION_CONTEXT ( 3 ) GLOBAL_UNCERTAINTY_ASSIGNED_CONTEXT ( ( #939 ) ) GLOBAL_UNIT_ASSIGNED_CONTEXT ( ( #4761, #9044, #301 ) ) REPRESENTATION_CONTEXT ( 'NONE', 'WORKASPACE' ) );
#8975 = CARTESIAN_POINT ( 'NONE',  ( 2.405232302830831337, 0.1644653016167798021, 2.494584367096872146 ) ) ;
#8976 = LINE ( 'NONE', #6181, #7508 ) ;
#8977 = ORIENTED_EDGE ( 'NONE', *, *, #3555, .F. ) ;
#8978 = ORIENTED_EDGE ( 'NONE', *, *, #2133, .F. ) ;
#8979 = ADVANCED_FACE ( 'NONE', ( #9164 ), #1869, .T. ) ;
#8980 = CARTESIAN_POINT ( 'NONE',  ( 2.270926879865667214, -0.2284262298783070466, 2.489557681002210199 ) ) ;
#8981 = LINE ( 'NONE', #623, #1929 ) ;
#8982 =( NAMED_UNIT ( * ) SI_UNIT ( $, .STERADIAN. ) SOLID_ANGLE_UNIT ( ) );
#8983 = VECTOR ( 'NONE', #54, 1000.000000000000000 ) ;
#8984 =( NAMED_UNIT ( * ) SI_UNIT ( $, .STERADIAN. ) SOLID_ANGLE_UNIT ( ) );
#8985 = EDGE_CURVE ( 'NONE', #1255, #6937, #903, .T. ) ;
#8986 = FACE_OUTER_BOUND ( 'NONE', #5855, .T. ) ;
#8987 = ORIENTED_EDGE ( 'NONE', *, *, #8692, .T. ) ;
#8988 = CARTESIAN_POINT ( 'NONE',  ( 1.523090541236123086, 0.06423099795494985331, 2.509178028538770366 ) ) ;
#8989 = CARTESIAN_POINT ( 'NONE',  ( 2.276368668441867804, -0.1813450223369683645, 2.503440429264017109 ) ) ;
#8990 = EDGE_CURVE ( 'NONE', #3051, #309, #827, .T. ) ;
#8991 = SURFACE_STYLE_FILL_AREA ( #3002 ) ;
#8992 = DIRECTION ( 'NONE',  ( -1.000000000000000000, 0.000000000000000000, 1.509973174694306569E-16 ) ) ;
#8993 = ORIENTED_EDGE ( 'NONE', *, *, #1251, .F. ) ;
#8994 = B_SPLINE_CURVE_WITH_KNOTS ( 'NONE', 3,
 ( #4466, #5881, #1558, #6025 ),
 .UNSPECIFIED., .F., .F.,
 ( 4, 4 ),
 ( 0.000000000000000000, 1.000000000000000000 ),
 .UNSPECIFIED. ) ;
#8995 = CARTESIAN_POINT ( 'NONE',  ( 6.499999999999999112, 0.000000000000000000, -7.500000000000000000 ) ) ;
#8996 = AXIS2_PLACEMENT_3D ( 'NONE', #1397, #455, #6595 ) ;
#8997 = UNCERTAINTY_MEASURE_WITH_UNIT (LENGTH_MEASURE( 1.000000000000000082E-05 ), #5106, 'distance_accuracy_value', 'NONE');
#8998 = ORIENTED_EDGE ( 'NONE', *, *, #8108, .F. ) ;
#8999 = CARTESIAN_POINT ( 'NONE',  ( 4.500000000000000000, 0.000000000000000000, 0.000000000000000000 ) ) ;
#9000 = ORIENTED_EDGE ( 'NONE', *, *, #4540, .T. ) ;
#9001 = DIRECTION ( 'NONE',  ( 0.000000000000000000, 0.000000000000000000, 1.000000000000000000 ) ) ;
#9002 = DIRECTION ( 'NONE',  ( 1.000000000000000000, 0.000000000000000000, 0.000000000000000000 ) ) ;
#9003 = CARTESIAN_POINT ( 'NONE',  ( 2.237005956626968217, 0.3364936398292763808, 2.487384687522946614 ) ) ;
#9004 = CARTESIAN_POINT ( 'NONE',  ( 2.353884924823524294, -0.1737700460267964930, 2.504016203582569045 ) ) ;
#9005 = CARTESIAN_POINT ( 'NONE',  ( 1.070330338384372082, 0.2195139210043760836, 2.500382698405442916 ) ) ;
#9006 = EDGE_CURVE ( 'NONE', #86, #6877, #6981, .T. ) ;
#9007 = ORIENTED_EDGE ( 'NONE', *, *, #4323, .T. ) ;
#9008 = FACE_OUTER_BOUND ( 'NONE', #2067, .T. ) ;
#9009 = LINE ( 'NONE', #6118, #5365 ) ;
#9010 = EDGE_LOOP ( 'NONE', ( #5043, #8867, #1151, #1986, #584, #792, #4167, #2259 ) ) ;
#9011 = CARTESIAN_POINT ( 'NONE',  ( 2.460654495514402740, -0.08837204942608235803, 2.508447535924786642 ) ) ;
#9012 = AXIS2_PLACEMENT_3D ( 'NONE', #4395, #446, #5679 ) ;
#9013 = EDGE_LOOP ( 'NONE', ( #8835, #7433, #6908, #7094 ) ) ;
#9014 = CARTESIAN_POINT ( 'NONE',  ( 3.252069441819679607, -0.01844857768386853544, 2.509932200275824865 ) ) ;
#9015 = CARTESIAN_POINT ( 'NONE',  ( 1.335444645985828904, -0.1551707860941410888, 2.505198999509405500 ) ) ;
#9016 = DIRECTION ( 'NONE',  ( 1.000000000000000000, 0.000000000000000000, 0.000000000000000000 ) ) ;
#9017 = CARTESIAN_POINT ( 'NONE',  ( 1.161570944305657660, -0.2403555797318659148, 2.488419015216641217 ) ) ;
#9018 = CARTESIAN_POINT ( 'NONE',  ( 2.790276436849969066, 0.3633350098368424708, 2.473456623963084855 ) ) ;
#9019 = EDGE_CURVE ( 'NONE', #4790, #1230, #1305, .T. ) ;
#9020 = ORIENTED_EDGE ( 'NONE', *, *, #7810, .F. ) ;
#9021 = CIRCLE ( 'NONE', #2, 2.510000000000000231 ) ;
#9022 = ORIENTED_EDGE ( 'NONE', *, *, #2356, .T. ) ;
#9023 = CARTESIAN_POINT ( 'NONE',  ( 4.500000000000000000, 0.000000000000000000, 0.000000000000000000 ) ) ;
#9024 = CARTESIAN_POINT ( 'NONE',  ( 2.364749128086628627, 0.1506747198037813040, 2.495455312190391517 ) ) ;
#9025 = CARTESIAN_POINT ( 'NONE',  ( 2.425657405583639736, -0.2234928158260841013, 2.493336868345692903 ) ) ;
#9026 = ORIENTED_EDGE ( 'NONE', *, *, #9227, .F. ) ;
#9027 = DIRECTION ( 'NONE',  ( -1.000000000000000000, -0.000000000000000000, -0.000000000000000000 ) ) ;
#9028 = EDGE_LOOP ( 'NONE', ( #3845, #8583, #7262, #5361 ) ) ;
#9029 = PLANE ( 'NONE',  #1382 ) ;
#9030 = CARTESIAN_POINT ( 'NONE',  ( 2.503520373047568803, -0.1688971046413364485, 2.494288228742575164 ) ) ;
#9031 = FILL_AREA_STYLE ('',( #141 ) ) ;
#9032 = B_SPLINE_SURFACE_WITH_KNOTS ( 'NONE', 1, 3, ( 
 ( #5865, #1988, #8000, #5051 ),
 ( #9482, #2819, #2038, #1332 ) ),
 .UNSPECIFIED., .F., .F., .F.,
 ( 2, 2 ),
 ( 4, 4 ),
 ( 0.000000000000000000, 1.000000000000000000 ),
 ( 0.000000000000000000, 1.000000000000000000 ),
 .UNSPECIFIED. ) ;
#9033 = B_SPLINE_CURVE_WITH_KNOTS ( 'NONE', 3,
 ( #3560, #5702, #5748, #7321, #8785, #8638 ),
 .UNSPECIFIED., .F., .F.,
 ( 4, 2, 4 ),
 ( 0.000000000000000000, 0.5000000000000000000, 1.000000000000000000 ),
 .UNSPECIFIED. ) ;
#9034 = VECTOR ( 'NONE', #3924, 1000.000000000000000 ) ;
#9035 = CARTESIAN_POINT ( 'NONE',  ( 1.161570944305657660, -0.2413170020507933444, 2.498372691277507940 ) ) ;
#9036 = ADVANCED_FACE ( 'NONE', ( #8727 ), #4831, .T. ) ;
#9037 = CARTESIAN_POINT ( 'NONE',  ( 2.874762089145795230, 0.1544588577518069827, 2.495223930083632080 ) ) ;
#9038 = EDGE_LOOP ( 'NONE', ( #1355, #383, #511, #1539 ) ) ;
#9039 = FACE_OUTER_BOUND ( 'NONE', #7615, .T. ) ;
#9040 = CARTESIAN_POINT ( 'NONE',  ( 2.471768622405012383, -0.1540695810036642466, 2.505266964658528384 ) ) ;
#9041 = AXIS2_PLACEMENT_3D ( 'NONE', #740, #7370, #8302 ) ;
#9042 = VECTOR ( 'NONE', #4531, 1000.000000000000000 ) ;
#9043 = CARTESIAN_POINT ( 'NONE',  ( 1.161570944305657660, -0.1064164990975954989, 2.497734078864243479 ) ) ;
#9044 =( NAMED_UNIT ( * ) PLANE_ANGLE_UNIT ( ) SI_UNIT ( $, .RADIAN. ) );
#9045 = ORIENTED_EDGE ( 'NONE', *, *, #2318, .T. ) ;
#9046 = AXIS2_PLACEMENT_3D ( 'NONE', #2275, #5237, #4493 ) ;
#9047 = EDGE_CURVE ( 'NONE', #5016, #4777, #8012, .T. ) ;
#9048 = CIRCLE ( 'NONE', #1301, 2.510000000000000231 ) ;
#9049 = EDGE_LOOP ( 'NONE', ( #66, #9330, #7355, #3617, #8373, #5850, #6873 ) ) ;
#9050 = B_SPLINE_CURVE_WITH_KNOTS ( 'NONE', 3,
 ( #5856, #8796, #5128, #5176 ),
 .UNSPECIFIED., .F., .F.,
 ( 4, 4 ),
 ( 0.000000000000000000, 1.000000000000000000 ),
 .UNSPECIFIED. ) ;
#9051 = ORIENTED_EDGE ( 'NONE', *, *, #4522, .F. ) ;
#9052 = CARTESIAN_POINT ( 'NONE',  ( 1.161570977141077154, 0.1929042742342178263, 2.492546477195995980 ) ) ;
#9053 = B_SPLINE_SURFACE_WITH_KNOTS ( 'NONE', 1, 3, ( 
 ( #9285, #5587, #4208, #1944 ),
 ( #7159, #3397, #4908, #4158 ) ),
 .UNSPECIFIED., .F., .F., .F.,
 ( 2, 2 ),
 ( 4, 4 ),
 ( 0.000000000000000000, 1.000000000000000000 ),
 ( 0.000000000000000000, 1.000000000000000000 ),
 .UNSPECIFIED. ) ;
#9054 = CARTESIAN_POINT ( 'NONE',  ( 3.039385582110485817, 0.01211859689702525500, 2.499970668834796683 ) ) ;
#9055 = CARTESIAN_POINT ( 'NONE',  ( 3.251419552185923045, -0.01837507737437104813, 2.499932470394247819 ) ) ;
#9056 = ADVANCED_FACE ( 'NONE', ( #3457 ), #8821, .T. ) ;
#9057 = EDGE_CURVE ( 'NONE', #3898, #6992, #815, .T. ) ;
#9058 = DIRECTION ( 'NONE',  ( -1.000000000000000000, -0.000000000000000000, -0.000000000000000000 ) ) ;
#9059 = CARTESIAN_POINT ( 'NONE',  ( 2.117609719517861588, 0.000000000000000000, 0.000000000000000000 ) ) ;
#9060 = AXIS2_PLACEMENT_3D ( 'NONE', #3556, #8731, #4225 ) ;
#9061 = ORIENTED_EDGE ( 'NONE', *, *, #1628, .T. ) ;
#9062 = CARTESIAN_POINT ( 'NONE',  ( 3.001954774471419451, 0.01262211689126004413, 2.509968263178876224 ) ) ;
#9063 = DIRECTION ( 'NONE',  ( 1.000000000000000000, 0.000000000000000000, -2.168404344971008868E-16 ) ) ;
#9064 = VERTEX_POINT ( 'NONE', #1346 ) ;
#9065 = CARTESIAN_POINT ( 'NONE',  ( 2.612763725650701474, -0.2611981217262142607, 2.496372476455927192 ) ) ;
#9066 = ORIENTED_EDGE ( 'NONE', *, *, #2043, .F. ) ;
#9067 = DIRECTION ( 'NONE',  ( -1.000000000000000000, -0.000000000000000000, -0.000000000000000000 ) ) ;
#9068 = CARTESIAN_POINT ( 'NONE',  ( 1.161570561536247492, 0.1936761333262160267, 2.502516644376178157 ) ) ;
#9069 = CARTESIAN_POINT ( 'NONE',  ( 2.617777052269365967, -0.2991516881915664006, 2.492110115590494335 ) ) ;
#9070 = CARTESIAN_POINT ( 'NONE',  ( 3.280231325050393387, -0.1028198502808098935, 2.508119311276391983 ) ) ;
#9071 = CARTESIAN_POINT ( 'NONE',  ( 2.580846937258145957, -0.1145832253869737416, 2.508048206370220079 ) ) ;
#9072 = VERTEX_POINT ( 'NONE', #9353 ) ;
#9073 = CARTESIAN_POINT ( 'NONE',  ( 2.299611974166430706, -0.05299844883302116949, 2.499438192575255790 ) ) ;
#9074 = EDGE_CURVE ( 'NONE', #3317, #7511, #9180, .T. ) ;
#9075 = CARTESIAN_POINT ( 'NONE',  ( 2.245607030103355051, -0.1830974429735007791, 2.493286049849989805 ) ) ;
#9076 = CARTESIAN_POINT ( 'NONE',  ( 2.898034327433925306, 0.2213792493774423276, 2.500218236063620481 ) ) ;
#9077 = ORIENTED_EDGE ( 'NONE', *, *, #3538, .F. ) ;
#9078 =( NAMED_UNIT ( * ) PLANE_ANGLE_UNIT ( ) SI_UNIT ( $, .RADIAN. ) );
#9079 = ORIENTED_EDGE ( 'NONE', *, *, #718, .T. ) ;
#9080 = CARTESIAN_POINT ( 'NONE',  ( 2.284254760445457944, -0.2329444180389033392, 2.489123747056560809 ) ) ;
#9081 = CARTESIAN_POINT ( 'NONE',  ( 1.888053096262113595, 0.01061483692916303720, 2.499977464945827954 ) ) ;
#9082 = CARTESIAN_POINT ( 'NONE',  ( 2.348165803623886383, 0.3726562069317834736, 2.482181973876052883 ) ) ;
#9083 = CARTESIAN_POINT ( 'NONE',  ( 2.826794044801901329, 0.2781401420645645550, 2.484479434684920829 ) ) ;
#9084 = CARTESIAN_POINT ( 'NONE',  ( 4.500000000000000000, 0.000000000000000000, 0.000000000000000000 ) ) ;
#9085 = EDGE_CURVE ( 'NONE', #7983, #4606, #3066, .T. ) ;
#9086 = EDGE_LOOP ( 'NONE', ( #4126, #8709, #6641, #6801 ) ) ;
#9087 = PLANE ( 'NONE',  #5821 ) ;
#9088 = DIRECTION ( 'NONE',  ( 1.000000000000000000, 0.000000000000000000, 0.000000000000000000 ) ) ;
#9089 = CARTESIAN_POINT ( 'NONE',  ( 0.8981781650063318523, 0.04676413706562126266, 2.499562584830495648 ) ) ;
#9090 = ADVANCED_FACE ( 'NONE', ( #6546 ), #1370, .F. ) ;
#9091 = LINE ( 'NONE', #2478, #7916 ) ;
#9092 = ORIENTED_EDGE ( 'NONE', *, *, #243, .T. ) ;
#9093 = UNCERTAINTY_MEASURE_WITH_UNIT (LENGTH_MEASURE( 1.000000000000000082E-05 ), #8321, 'distance_accuracy_value', 'NONE');
#9094 = ORIENTED_EDGE ( 'NONE', *, *, #293, .T. ) ;
#9095 = DIRECTION ( 'NONE',  ( -1.000000000000000000, 0.000000000000000000, 0.000000000000000000 ) ) ;
#9096 = ORIENTED_EDGE ( 'NONE', *, *, #1489, .F. ) ;
#9097 = DIRECTION ( 'NONE',  ( 1.000000000000000000, 0.000000000000000000, 0.000000000000000000 ) ) ;
#9098 =( NAMED_UNIT ( * ) SI_UNIT ( $, .STERADIAN. ) SOLID_ANGLE_UNIT ( ) );
#9099 = CARTESIAN_POINT ( 'NONE',  ( 2.387092936091211648, 0.1553709289577459018, 2.495183949440973770 ) ) ;
#9100 = ADVANCED_FACE ( 'NONE', ( #7467 ), #2655, .F. ) ;
#9101 = FACE_OUTER_BOUND ( 'NONE', #3158, .T. ) ;
#9102 = CARTESIAN_POINT ( 'NONE',  ( 2.944145544255289071, 0.3476511202129864975, 2.475709736341208611 ) ) ;
#9103 = ORIENTED_EDGE ( 'NONE', *, *, #3021, .F. ) ;
#9104 = CARTESIAN_POINT ( 'NONE',  ( 1.146350475479363862, 0.001225053024819865600, 2.500003277748191977 ) ) ;
#9105 = CARTESIAN_POINT ( 'NONE',  ( 2.425657405583639736, -0.1927530370964304907, 2.502587913878372206 ) ) ;
#9106 = EDGE_CURVE ( 'NONE', #5071, #3139, #6524, .T. ) ;
#9107 = ORIENTED_EDGE ( 'NONE', *, *, #3483, .T. ) ;
#9108 = CARTESIAN_POINT ( 'NONE',  ( 0.9997478914790399740, -0.2266435085075205191, 2.489705348038478316 ) ) ;
#9109 = VERTEX_POINT ( 'NONE', #4567 ) ;
#9110 = B_SPLINE_SURFACE_WITH_KNOTS ( 'NONE', 1, 3, ( 
 ( #6255, #3165, #7673, #7030 ),
 ( #1703, #4065, #6834, #4717 ) ),
 .UNSPECIFIED., .F., .F., .F.,
 ( 2, 2 ),
 ( 4, 4 ),
 ( 0.000000000000000000, 1.000000000000000000 ),
 ( 0.000000000000000000, 1.000000000000000000 ),
 .UNSPECIFIED. ) ;
#9111 = CARTESIAN_POINT ( 'NONE',  ( 2.484952097818029948, 0.000000000000000000, 0.000000000000000000 ) ) ;
#9112 =( LENGTH_UNIT ( ) NAMED_UNIT ( * ) SI_UNIT ( .MILLI., .METRE. ) );
#9113 = PLANE ( 'NONE',  #6844 ) ;
#9114 = EDGE_CURVE ( 'NONE', #4973, #1822, #5718, .T. ) ;
#9115 = FACE_OUTER_BOUND ( 'NONE', #8815, .T. ) ;
#9116 = CARTESIAN_POINT ( 'NONE',  ( 1.537538458699467592, -0.2280156185162238724, 2.499623534652553491 ) ) ;
#9117 = AXIS2_PLACEMENT_3D ( 'NONE', #8875, #5212, #5934 ) ;
#9118 = B_SPLINE_CURVE_WITH_KNOTS ( 'NONE', 3,
 ( #5923, #8239, #8340, #4565 ),
 .UNSPECIFIED., .F., .F.,
 ( 4, 4 ),
 ( 0.000000000000000000, 1.000000000000000000 ),
 .UNSPECIFIED. ) ;
#9119 = ORIENTED_EDGE ( 'NONE', *, *, #9621, .F. ) ;
#9120 = ORIENTED_EDGE ( 'NONE', *, *, #8619, .F. ) ;
#9121 = CARTESIAN_POINT ( 'NONE',  ( 2.790276436849969066, 0.3633350098368424708, 2.473456623963084855 ) ) ;
#9122 = B_SPLINE_CURVE_WITH_KNOTS ( 'NONE', 3,
 ( #3738, #8146, #116, #6073 ),
 .UNSPECIFIED., .F., .F.,
 ( 4, 4 ),
 ( 0.000000000000000000, 0.1240230010688059409 ),
 .UNSPECIFIED. ) ;
#9123 = STYLED_ITEM ( 'NONE', ( #3061 ), #8161 ) ;
#9124 = CARTESIAN_POINT ( 'NONE',  ( 2.612763725650701918, -0.2601574917591775726, 2.486426769378413226 ) ) ;
#9125 = CARTESIAN_POINT ( 'NONE',  ( 2.387092945729688331, 0.1559924175252634382, 2.505164684918871121 ) ) ;
#9126 = VERTEX_POINT ( 'NONE', #2390 ) ;
#9127 = CARTESIAN_POINT ( 'NONE',  ( 2.280515387535539507, 0.2035993831601810300, 2.491695665842198260 ) ) ;
#9128 =( NAMED_UNIT ( * ) PLANE_ANGLE_UNIT ( ) SI_UNIT ( $, .RADIAN. ) );
#9129 = CARTESIAN_POINT ( 'NONE',  ( 2.570346292878389338, -0.3092938803677885429, 2.480794168574298464 ) ) ;
#9130 = CARTESIAN_POINT ( 'NONE',  ( 2.445275079141491670, -0.06666515774505003822, 2.509114536393830530 ) ) ;
#9131 = SURFACE_STYLE_FILL_AREA ( #9031 ) ;
#9132 = AXIS2_PLACEMENT_3D ( 'NONE', #6958, #4142, #381 ) ;
#9133 = ADVANCED_FACE ( 'NONE', ( #5151 ), #1496, .T. ) ;
#9134 = PLANE ( 'NONE',  #9355 ) ;
#9135 = PLANE ( 'NONE',  #1476 ) ;
#9136 = ORIENTED_EDGE ( 'NONE', *, *, #7124, .T. ) ;
#9137 = B_SPLINE_CURVE_WITH_KNOTS ( 'NONE', 1,
 ( #6208, #887 ),
 .UNSPECIFIED., .F., .F.,
 ( 2, 2 ),
 ( 0.000000000000000000, 1.000000000000000000 ),
 .UNSPECIFIED. ) ;
#9138 = FACE_OUTER_BOUND ( 'NONE', #3086, .T. ) ;
#9139 = CARTESIAN_POINT ( 'NONE',  ( 2.574313826589968990, -0.3095891269499531084, 2.480756854767183217 ) ) ;
#9140 = CARTESIAN_POINT ( 'NONE',  ( 0.9156635719430895604, 0.1352077994071783917, 2.496560387582295260 ) ) ;
#9141 = FILL_AREA_STYLE_COLOUR ( '', #1074 ) ;
#9142 = EDGE_LOOP ( 'NONE', ( #7026, #1578, #3482, #743 ) ) ;
#9143 = CIRCLE ( 'NONE', #4840, 2.510000000000000231 ) ;
#9144 = CARTESIAN_POINT ( 'NONE',  ( -6.500000000000000000, 0.000000000000000000, -1.000000000000000000 ) ) ;
#9145 = VERTEX_POINT ( 'NONE', #7570 ) ;
#9146 = CARTESIAN_POINT ( 'NONE',  ( 1.780943019868786337, 3.346011192800385961E-08, 2.499999891265936025 ) ) ;
#9147 = COLOUR_RGB ( '',0.6666666666666666297, 0.6666666666666666297, 0.6666666666666666297 ) ;
#9148 = VERTEX_POINT ( 'NONE', #1659 ) ;
#9149 = CARTESIAN_POINT ( 'NONE',  ( 2.578412416475610147, 0.3674986156302331164, 2.472841435982069402 ) ) ;
#9150 = CARTESIAN_POINT ( 'NONE',  ( 1.292406977990229411, -0.05674552251345768572, 2.509358472931812134 ) ) ;
#9151 = CARTESIAN_POINT ( 'NONE',  ( 2.490213109133065039, -0.07759539877612810221, 2.508800301755556905 ) ) ;
#9152 = SURFACE_STYLE_FILL_AREA ( #6299 ) ;
#9153 = STYLED_ITEM ( 'NONE', ( #5355 ), #647 ) ;
#9154 = ORIENTED_EDGE ( 'NONE', *, *, #5253, .T. ) ;
#9155 = DIRECTION ( 'NONE',  ( 1.000000000000000000, 0.000000000000000000, 0.000000000000000000 ) ) ;
#9156 = CARTESIAN_POINT ( 'NONE',  ( 3.026632723977835671, -0.2000924213366699345, 2.502011963363956148 ) ) ;
#9157 = ORIENTED_EDGE ( 'NONE', *, *, #4030, .F. ) ;
#9158 = CARTESIAN_POINT ( 'NONE',  ( 0.8620261527772710153, -0.1442419388336765584, 2.495835383810699248 ) ) ;
#9159 = ADVANCED_FACE ( 'NONE', ( #5203, #8093, #689, #3687 ), #5303, .T. ) ;
#9160 = VERTEX_POINT ( 'NONE', #4462 ) ;
#9161 = CARTESIAN_POINT ( 'NONE',  ( 2.516053958828369908, 0.3950250790129175571, 2.468593767097137626 ) ) ;
#9162 = DIRECTION ( 'NONE',  ( 0.000000000000000000, 0.000000000000000000, -1.000000000000000000 ) ) ;
#9163 = CARTESIAN_POINT ( 'NONE',  ( 1.171916010152439735, 0.001903408499421295431, 2.499999277565502442 ) ) ;
#9164 = FACE_OUTER_BOUND ( 'NONE', #4774, .T. ) ;
#9165 = EDGE_CURVE ( 'NONE', #4536, #7001, #1791, .T. ) ;
#9166 = EDGE_CURVE ( 'NONE', #4015, #3797, #737, .T. ) ;
#9167 = ORIENTED_EDGE ( 'NONE', *, *, #3994, .T. ) ;
#9168 = ORIENTED_EDGE ( 'NONE', *, *, #2356, .F. ) ;
#9169 = CIRCLE ( 'NONE', #778, 2.510000000000000231 ) ;
#9170 = CARTESIAN_POINT ( 'NONE',  ( 2.793928197645979772, 0.2772789854120240594, 2.484575690988076957 ) ) ;
#9171 = EDGE_CURVE ( 'NONE', #9232, #8058, #7439, .T. ) ;
#9172 = CARTESIAN_POINT ( 'NONE',  ( 1.285544808310954856, 0.3576284144970586221, 2.484391839493653720 ) ) ;
#9173 = B_SPLINE_CURVE_WITH_KNOTS ( 'NONE', 3,
 ( #1599, #4562, #3919, #5349 ),
 .UNSPECIFIED., .F., .F.,
 ( 4, 4 ),
 ( 0.000000000000000000, 1.000000000000000000 ),
 .UNSPECIFIED. ) ;
#9174 = CARTESIAN_POINT ( 'NONE',  ( 3.006796897667030066, -0.2024329120377259816, 2.501823520529198763 ) ) ;
#9175 = EDGE_LOOP ( 'NONE', ( #2943, #5378, #2773, #5146 ) ) ;
#9176 = CARTESIAN_POINT ( 'NONE',  ( 2.490213109133065039, -0.07728625376108376466, 2.498805081429837927 ) ) ;
#9177 = VECTOR ( 'NONE', #4770, 1000.000000000000000 ) ;
#9178 = CARTESIAN_POINT ( 'NONE',  ( 3.302079996438208376, -0.1638682717578872072, 2.504645122469665086 ) ) ;
#9179 = EDGE_CURVE ( 'NONE', #273, #3073, #5754, .T. ) ;
#9180 = B_SPLINE_CURVE_WITH_KNOTS ( 'NONE', 1,
 ( #7268, #504 ),
 .UNSPECIFIED., .F., .F.,
 ( 2, 2 ),
 ( 0.000000000000000000, 1.000000000000000000 ),
 .UNSPECIFIED. ) ;
#9181 = ORIENTED_EDGE ( 'NONE', *, *, #1718, .F. ) ;
#9182 = CARTESIAN_POINT ( 'NONE',  ( 0.7909764670800292219, 0.01369822432002894275, 2.509999999666821413 ) ) ;
#9183 = ORIENTED_EDGE ( 'NONE', *, *, #9227, .T. ) ;
#9184 = CARTESIAN_POINT ( 'NONE',  ( 2.768056400825340102, 0.2080058224445821558, 2.501366342187635983 ) ) ;
#9185 = ORIENTED_EDGE ( 'NONE', *, *, #5981, .F. ) ;
#9186 = FILL_AREA_STYLE_COLOUR ( '', #3252 ) ;
#9187 = CARTESIAN_POINT ( 'NONE',  ( 0.9818325902696590779, 0.2020418404185647110, 2.502075696186564890 ) ) ;
#9188 = DIRECTION ( 'NONE',  ( 1.000000000000000000, 0.000000000000000000, 0.000000000000000000 ) ) ;
#9189 = ORIENTED_EDGE ( 'NONE', *, *, #9608, .F. ) ;
#9190 = AXIS2_PLACEMENT_3D ( 'NONE', #948, #5304, #220 ) ;
#9191 = B_SPLINE_SURFACE_WITH_KNOTS ( 'NONE', 1, 3, ( 
 ( #177, #8353, #5989, #1719 ),
 ( #2256, #5216, #8154, #1510 ) ),
 .UNSPECIFIED., .F., .F., .F.,
 ( 2, 2 ),
 ( 4, 4 ),
 ( 0.000000000000000000, 1.000000000000000000 ),
 ( 0.000000000000000000, 1.000000000000000000 ),
 .UNSPECIFIED. ) ;
#9192 = DIRECTION ( 'NONE',  ( 0.000000000000000000, -0.03710033658858809952, 0.9993115455277264969 ) ) ;
#9193 = EDGE_LOOP ( 'NONE', ( #1094, #1118, #1388, #5593 ) ) ;
#9194 = CARTESIAN_POINT ( 'NONE',  ( 1.560513996633713374, -6.070974898707661490E-12, 2.499999995950422882 ) ) ;
#9195 = AXIS2_PLACEMENT_3D ( 'NONE', #5929, #2293, #8871 ) ;
#9196 = VERTEX_POINT ( 'NONE', #3214 ) ;
#9197 = LINE ( 'NONE', #9568, #8218 ) ;
#9198 = CARTESIAN_POINT ( 'NONE',  ( 2.493184033169769886, -0.05266076266337145484, 2.499445307278339357 ) ) ;
#9199 = CARTESIAN_POINT ( 'NONE',  ( 2.501849444990141613, -0.2033264627705257399, 2.491718269369607164 ) ) ;
#9200 = DIRECTION ( 'NONE',  ( 0.000000000000000000, 0.000000000000000000, 1.000000000000000000 ) ) ;
#9201 = CIRCLE ( 'NONE', #8121, 0.5500000000000003775 ) ;
#9202 = AXIS2_PLACEMENT_3D ( 'NONE', #6134, #4086, #2514 ) ;
#9203 = ORIENTED_EDGE ( 'NONE', *, *, #7047, .F. ) ;
#9204 = CARTESIAN_POINT ( 'NONE',  ( 3.255844991115442344, -0.03533309113959914871, 2.499750302064292384 ) ) ;
#9205 = CARTESIAN_POINT ( 'NONE',  ( 2.342719109556029355, 0.1788862007265528964, 2.503617328424937227 ) ) ;
#9206 = VERTEX_POINT ( 'NONE', #4718 ) ;
#9207 = CARTESIAN_POINT ( 'NONE',  ( 2.692792991893113275, -0.05677203750501649132, 2.506023685749060981 ) ) ;
#9208 = ORIENTED_EDGE ( 'NONE', *, *, #2181, .F. ) ;
#9209 = EDGE_CURVE ( 'NONE', #7641, #3400, #4818, .T. ) ;
#9210 = AXIS2_PLACEMENT_3D ( 'NONE', #6143, #8938, #2525 ) ;
#9211 = CARTESIAN_POINT ( 'NONE',  ( 2.346066372196721428, -0.07848316887702679046, 2.498768061701460930 ) ) ;
#9212 = CARTESIAN_POINT ( 'NONE',  ( 1.729204534591432418, -0.2251204418246451344, 2.499891109986274618 ) ) ;
#9213 = CARTESIAN_POINT ( 'NONE',  ( 2.457100008118129342, -0.1009411975190391136, 2.507969472430520597 ) ) ;
#9214 = CARTESIAN_POINT ( 'NONE',  ( 1.315508803839624541, 0.4603938858155601777, 2.467415186970195240 ) ) ;
#9215 = ORIENTED_EDGE ( 'NONE', *, *, #3648, .F. ) ;
#9216 = EDGE_CURVE ( 'NONE', #2207, #5195, #9521, .T. ) ;
#9217 = FACE_OUTER_BOUND ( 'NONE', #2750, .T. ) ;
#9218 = B_SPLINE_CURVE_WITH_KNOTS ( 'NONE', 1,
 ( #2707, #8704 ),
 .UNSPECIFIED., .F., .F.,
 ( 2, 2 ),
 ( 0.000000000000000000, 1.000000000000000000 ),
 .UNSPECIFIED. ) ;
#9219 = DIRECTION ( 'NONE',  ( 0.000000000000000000, 0.000000000000000000, 1.000000000000000000 ) ) ;
#9220 = CARTESIAN_POINT ( 'NONE',  ( 3.006796897667031843, -0.2016264064120776300, 2.491856096144620558 ) ) ;
#9221 = ORIENTED_EDGE ( 'NONE', *, *, #7147, .T. ) ;
#9222 = CARTESIAN_POINT ( 'NONE',  ( 2.086353122880867605, 0.000000000000000000, 0.000000000000000000 ) ) ;
#9223 = CARTESIAN_POINT ( 'NONE',  ( 1.781318735633162564, 0.008893288930708077508, 2.499984181832356267 ) ) ;
#9224 = CARTESIAN_POINT ( 'NONE',  ( 2.511318830867071750, -0.1860637838310448267, 2.503094138930151313 ) ) ;
#9225 = EDGE_CURVE ( 'NONE', #6992, #7103, #5616, .T. ) ;
#9226 = CARTESIAN_POINT ( 'NONE',  ( 2.661309452807587128, -0.1439637162244699342, 2.506246965420114936 ) ) ;
#9227 = EDGE_CURVE ( 'NONE', #53, #418, #2611, .T. ) ;
#9228 = EDGE_CURVE ( 'NONE', #8685, #4068, #315, .T. ) ;
#9229 = EDGE_LOOP ( 'NONE', ( #1242, #275, #2274, #2452, #208, #1953 ) ) ;
#9230 = B_SPLINE_CURVE_WITH_KNOTS ( 'NONE', 3,
 ( #4700, #4755, #1585, #250 ),
 .UNSPECIFIED., .F., .F.,
 ( 4, 4 ),
 ( 0.000000000000000000, 1.000000000000000000 ),
 .UNSPECIFIED. ) ;
#9231 = CARTESIAN_POINT ( 'NONE',  ( 2.696259069935394770, 0.1550766931828142237, 2.505204825803966528 ) ) ;
#9232 = VERTEX_POINT ( 'NONE', #5497 ) ;
#9233 = CARTESIAN_POINT ( 'NONE',  ( 4.299999999999999822, 0.000000000000000000, 0.000000000000000000 ) ) ;
#9234 = FACE_OUTER_BOUND ( 'NONE', #2112, .T. ) ;
#9235 = VERTEX_POINT ( 'NONE', #8341 ) ;
#9236 = B_SPLINE_CURVE_WITH_KNOTS ( 'NONE', 3,
 ( #8663, #4909, #7210, #6533 ),
 .UNSPECIFIED., .F., .F.,
 ( 4, 4 ),
 ( 0.9409850216088165853, 1.000000000000000000 ),
 .UNSPECIFIED. ) ;
#9237 = ORIENTED_EDGE ( 'NONE', *, *, #8692, .F. ) ;
#9238 = CARTESIAN_POINT ( 'NONE',  ( 0.8981781650063318523, 0.04695119361388375850, 2.509560835169817317 ) ) ;
#9239 = ORIENTED_EDGE ( 'NONE', *, *, #1266, .F. ) ;
#9240 = CARTESIAN_POINT ( 'NONE',  ( 1.573014610223508081, -0.1246833304106776258, 2.506901354070437904 ) ) ;
#9241 = VERTEX_POINT ( 'NONE', #1755 ) ;
#9242 = CARTESIAN_POINT ( 'NONE',  ( 2.493184033169769886, -0.1314572786507104130, 2.496541404401246833 ) ) ;
#9243 = CARTESIAN_POINT ( 'NONE',  ( 2.950108023745687813, 0.3602799983757544733, 2.484015003061740501 ) ) ;
#9244 = CARTESIAN_POINT ( 'NONE',  ( 2.756915435686840166, -0.2301529181243587296, 2.499425860928633725 ) ) ;
#9245 = EDGE_LOOP ( 'NONE', ( #2782, #4887, #3045, #2760 ) ) ;
#9246 = EDGE_CURVE ( 'NONE', #28, #1441, #4501, .T. ) ;
#9247 = FACE_OUTER_BOUND ( 'NONE', #5625, .T. ) ;
#9248 = CARTESIAN_POINT ( 'NONE',  ( 2.629660856110518363, 0.1544588577518064276, 2.495223930083632080 ) ) ;
#9249 = VERTEX_POINT ( 'NONE', #5590 ) ;
#9250 = LINE ( 'NONE', #4166, #7668 ) ;
#9251 = VERTEX_POINT ( 'NONE', #1854 ) ;
#9252 = ORIENTED_EDGE ( 'NONE', *, *, #80, .F. ) ;
#9253 = DIRECTION ( 'NONE',  ( 1.000000000000000000, 0.000000000000000000, 0.000000000000000000 ) ) ;
#9254 = SURFACE_STYLE_FILL_AREA ( #7781 ) ;
#9255 = CARTESIAN_POINT ( 'NONE',  ( 2.457349038409337716, -0.1075084378217204539, 2.507705140763563101 ) ) ;
#9256 = CARTESIAN_POINT ( 'NONE',  ( 2.322046429800451062, -0.05266076266337145484, 2.499445307278339357 ) ) ;
#9257 = VERTEX_POINT ( 'NONE', #3973 ) ;
#9258 = ORIENTED_EDGE ( 'NONE', *, *, #7010, .T. ) ;
#9259 = EDGE_CURVE ( 'NONE', #6407, #566, #6057, .T. ) ;
#9260 = CARTESIAN_POINT ( 'NONE',  ( 1.161570944305657660, -0.1064164990975954989, 2.497734078864243479 ) ) ;
#9261 = CARTESIAN_POINT ( 'NONE',  ( 1.196597217632919818, 0.2940710424289836311, 2.494746836569409432 ) ) ;
#9262 = CARTESIAN_POINT ( 'NONE',  ( 3.061263251529999785, -0.1865283205226533625, 2.503076810751882597 ) ) ;
#9263 = ADVANCED_FACE ( 'NONE', ( #9101 ), #1164, .T. ) ;
#9264 = EDGE_LOOP ( 'NONE', ( #8977, #7118, #8155, #8872 ) ) ;
#9265 = ORIENTED_EDGE ( 'NONE', *, *, #4797, .F. ) ;
#9266 = CARTESIAN_POINT ( 'NONE',  ( 2.999479004441937491, -0.2298472701587221390, 2.496106570276670045 ) ) ;
#9267 = VECTOR ( 'NONE', #4744, 1000.000000000000000 ) ;
#9268 = CARTESIAN_POINT ( 'NONE',  ( 1.132778574845875186, 0.2104408576036040368, 2.501219179689332606 ) ) ;
#9269 = CARTESIAN_POINT ( 'NONE',  ( 2.484952097818029948, 0.2631267190535619416, 2.486114303430175809 ) ) ;
#9270 = EDGE_LOOP ( 'NONE', ( #7816, #8110, #4457, #5838 ) ) ;
#9271 = CARTESIAN_POINT ( 'NONE',  ( 2.790269663202919581, 0.3647940702602755492, 2.483349610164251597 ) ) ;
#9272 = CIRCLE ( 'NONE', #3864, 2.510000000000000231 ) ;
#9273 = EDGE_CURVE ( 'NONE', #6262, #7756, #6211, .T. ) ;
#9274 = FACE_OUTER_BOUND ( 'NONE', #1512, .T. ) ;
#9275 = FACE_OUTER_BOUND ( 'NONE', #3516, .T. ) ;
#9276 = AXIS2_PLACEMENT_3D ( 'NONE', #7831, #958, #8454 ) ;
#9277 = ORIENTED_EDGE ( 'NONE', *, *, #766, .F. ) ;
#9278 = ADVANCED_FACE ( 'NONE', ( #1099 ), #6501, .T. ) ;
#9279 = EDGE_CURVE ( 'NONE', #5792, #5348, #3981, .T. ) ;
#9280 = FACE_OUTER_BOUND ( 'NONE', #900, .T. ) ;
#9281 = ORIENTED_EDGE ( 'NONE', *, *, #4794, .T. ) ;
#9282 = CARTESIAN_POINT ( 'NONE',  ( 2.340738493531567155, -0.1445176800322979516, 2.495820092962075076 ) ) ;
#9283 = EDGE_CURVE ( 'NONE', #529, #1435, #7606, .T. ) ;
#9284 = VERTEX_POINT ( 'NONE', #5825 ) ;
#9285 = CARTESIAN_POINT ( 'NONE',  ( 2.475544171701593577, -0.2094773529008085999, 2.501243538446760617 ) ) ;
#9286 = B_SPLINE_CURVE_WITH_KNOTS ( 'NONE', 1,
 ( #9075, #1920 ),
 .UNSPECIFIED., .F., .F.,
 ( 2, 2 ),
 ( 0.000000000000000000, 1.000000000000000000 ),
 .UNSPECIFIED. ) ;
#9287 = CARTESIAN_POINT ( 'NONE',  ( 2.302983000563780802, -0.1272666316754017257, 2.506771470330313001 ) ) ;
#9288 = DIRECTION ( 'NONE',  ( -1.000000000000000000, -0.000000000000000000, -0.000000000000000000 ) ) ;
#9289 = CARTESIAN_POINT ( 'NONE',  ( 2.583921004793332532, 0.000000000000000000, 0.000000000000000000 ) ) ;
#9290 = ORIENTED_EDGE ( 'NONE', *, *, #4139, .F. ) ;
#9291 = DIRECTION ( 'NONE',  ( -1.000000000000000000, 0.000000000000000000, 0.000000000000000000 ) ) ;
#9292 = CARTESIAN_POINT ( 'NONE',  ( 2.272147779663091782, -0.1356910834094524898, 2.496316341581300779 ) ) ;
#9293 = EDGE_LOOP ( 'NONE', ( #8543, #7062, #8637, #1415 ) ) ;
#9294 = DIRECTION ( 'NONE',  ( -1.000000000000000000, 0.000000000000000000, 0.000000000000000000 ) ) ;
#9295 = ORIENTED_EDGE ( 'NONE', *, *, #1614, .T. ) ;
#9296 = B_SPLINE_CURVE_WITH_KNOTS ( 'NONE', 3,
 ( #1324, #5085, #4346, #7580 ),
 .UNSPECIFIED., .F., .F.,
 ( 4, 4 ),
 ( 0.000000000000000000, 1.000000000000000000 ),
 .UNSPECIFIED. ) ;
#9297 = ORIENTED_EDGE ( 'NONE', *, *, #3848, .T. ) ;
#9298 = CARTESIAN_POINT ( 'NONE',  ( 1.111713088292501483, -0.003957510537840032948, 2.500015009389495280 ) ) ;
#9299 = CARTESIAN_POINT ( 'NONE',  ( 2.612763725650701474, -0.2611981217262142607, 2.496372476455927192 ) ) ;
#9300 = EDGE_CURVE ( 'NONE', #9232, #8685, #8715, .T. ) ;
#9301 = CARTESIAN_POINT ( 'NONE',  ( 3.063831605771293543, 2.617244474663163567E-06, 2.500008323848869729 ) ) ;
#9302 = CARTESIAN_POINT ( 'NONE',  ( 2.258914294017850821, 0.3638248994891007948, 2.473384612734490506 ) ) ;
#9303 = CARTESIAN_POINT ( 'NONE',  ( 2.777147637078427600, 0.3374340181987957599, 2.487231197042552466 ) ) ;
#9304 = ORIENTED_EDGE ( 'NONE', *, *, #3037, .T. ) ;
#9305 = B_SPLINE_CURVE_WITH_KNOTS ( 'NONE', 3,
 ( #9600, #5937, #2254, #5215 ),
 .UNSPECIFIED., .F., .F.,
 ( 4, 4 ),
 ( 0.000000000000000000, 1.000000000000000000 ),
 .UNSPECIFIED. ) ;
#9306 = FACE_OUTER_BOUND ( 'NONE', #2892, .T. ) ;
#9307 = LINE ( 'NONE', #4975, #221 ) ;
#9308 = AXIS2_PLACEMENT_3D ( 'NONE', #4680, #1162, #6945 ) ;
#9309 = DIRECTION ( 'NONE',  ( 0.000000000000000000, -0.000000000000000000, 1.000000000000000000 ) ) ;
#9310 = DIRECTION ( 'NONE',  ( -1.000000000000000000, 0.000000000000000000, 0.000000000000000000 ) ) ;
#9311 = EDGE_LOOP ( 'NONE', ( #7098, #6213, #8234, #6009 ) ) ;
#9312 = LINE ( 'NONE', #1119, #9267 ) ;
#9313 = EDGE_CURVE ( 'NONE', #9553, #9440, #3184, .T. ) ;
#9314 = FACE_OUTER_BOUND ( 'NONE', #2574, .T. ) ;
#9315 = CARTESIAN_POINT ( 'NONE',  ( 2.576865820566176080, -0.3113531717699660750, 2.490614223850878162 ) ) ;
#9316 = DIRECTION ( 'NONE',  ( -1.000000000000000000, 0.000000000000000000, 0.000000000000000000 ) ) ;
#9317 = LINE ( 'NONE', #8927, #9042 ) ;
#9318 = CARTESIAN_POINT ( 'NONE',  ( 2.765665257268587585, 0.1661934681780723733, 2.494568315004664250 ) ) ;
#9319 = EDGE_LOOP ( 'NONE', ( #9606, #8243, #2206, #2865 ) ) ;
#9320 = TOROIDAL_SURFACE ( 'NONE', #9628, 1.000000000000000222, 0.4499999999999999001 ) ;
#9321 = CARTESIAN_POINT ( 'NONE',  ( 3.201254261938807133, -0.1632154101174175254, 2.494666456643092722 ) ) ;
#9322 = ADVANCED_FACE ( 'NONE', ( #1333 ), #4305, .T. ) ;
#9323 = CARTESIAN_POINT ( 'NONE',  ( 2.211070038175347641, 0.01257182957296817082, 2.499968389620394582 ) ) ;
#9324 = EDGE_CURVE ( 'NONE', #1278, #4571, #7860, .T. ) ;
#9325 = AXIS2_PLACEMENT_3D ( 'NONE', #1217, #3335, #9316 ) ;
#9326 = ORIENTED_EDGE ( 'NONE', *, *, #5461, .T. ) ;
#9327 = LINE ( 'NONE', #7899, #1958 ) ;
#9328 = ORIENTED_EDGE ( 'NONE', *, *, #5927, .T. ) ;
#9329 = CARTESIAN_POINT ( 'NONE',  ( 3.250213633741387387, -0.02490692040135538202, 2.499884459848987550 ) ) ;
#9330 = ORIENTED_EDGE ( 'NONE', *, *, #2735, .F. ) ;
#9331 = CARTESIAN_POINT ( 'NONE',  ( 2.506343859209865688, -0.07761554250421524859, 2.498794896764554796 ) ) ;
#9332 = FACE_OUTER_BOUND ( 'NONE', #7796, .T. ) ;
#9333 = CARTESIAN_POINT ( 'NONE',  ( 3.201254261938807133, -0.1638682717578872072, 2.504645122469665086 ) ) ;
#9334 = CARTESIAN_POINT ( 'NONE',  ( 1.565828560667919644, -0.009122541325631101580, 2.510000000000000231 ) ) ;
#9335 = ORIENTED_EDGE ( 'NONE', *, *, #2263, .F. ) ;
#9336 = EDGE_CURVE ( 'NONE', #6306, #1888, #4160, .T. ) ;
#9337 = ORIENTED_EDGE ( 'NONE', *, *, #6272, .F. ) ;
#9338 = CARTESIAN_POINT ( 'NONE',  ( 2.457099684972713582, -0.1005436841115365521, 2.497977375314932580 ) ) ;
#9339 = PRESENTATION_LAYER_ASSIGNMENT (  '', '', ( #3186 ) ) ;
#9340 =( GEOMETRIC_REPRESENTATION_CONTEXT ( 3 ) GLOBAL_UNCERTAINTY_ASSIGNED_CONTEXT ( ( #157 ) ) GLOBAL_UNIT_ASSIGNED_CONTEXT ( ( #2632, #7081, #8531 ) ) REPRESENTATION_CONTEXT ( 'NONE', 'WORKASPACE' ) );
#9341 = DIRECTION ( 'NONE',  ( -1.000000000000000000, 0.000000000000000000, 0.000000000000000000 ) ) ;
#9342 = ORIENTED_EDGE ( 'NONE', *, *, #1880, .T. ) ;
#9343 = CARTESIAN_POINT ( 'NONE',  ( 2.484952097818117878, 0.2906845807296062900, 2.483042986846191180 ) ) ;
#9344 = EDGE_CURVE ( 'NONE', #2021, #4041, #1799, .T. ) ;
#9345 = VERTEX_POINT ( 'NONE', #1991 ) ;
#9346 = B_SPLINE_CURVE_WITH_KNOTS ( 'NONE', 3,
 ( #2924, #4615, #4566, #7569 ),
 .UNSPECIFIED., .F., .F.,
 ( 4, 4 ),
 ( 0.000000000000000000, 1.000000000000000000 ),
 .UNSPECIFIED. ) ;
#9347 = B_SPLINE_SURFACE_WITH_KNOTS ( 'NONE', 1, 3, ( 
 ( #4891, #6366, #3426, #469 ),
 ( #6413, #8466, #9365, #7009 ) ),
 .UNSPECIFIED., .F., .F., .F.,
 ( 2, 2 ),
 ( 4, 4 ),
 ( 0.000000000000000000, 1.000000000000000000 ),
 ( 0.000000000000000000, 1.000000000000000000 ),
 .UNSPECIFIED. ) ;
#9348 = EDGE_CURVE ( 'NONE', #529, #7064, #2342, .T. ) ;
#9349 = CARTESIAN_POINT ( 'NONE',  ( 2.347856332369579579, 0.3990582523711118101, 2.467944997607222746 ) ) ;
#9350 = CARTESIAN_POINT ( 'NONE',  ( 4.500000000000000000, 0.1550766931827964323, 2.505204825803967861 ) ) ;
#9351 = CARTESIAN_POINT ( 'NONE',  ( 1.334821158737824032, -0.2204694799693593388, 2.500762503908361190 ) ) ;
#9352 = AXIS2_PLACEMENT_3D ( 'NONE', #8999, #2383, #4060 ) ;
#9353 = CARTESIAN_POINT ( 'NONE',  ( 2.117609719517861588, -0.09275084147147026614, 2.498278863819316520 ) ) ;
#9354 = CARTESIAN_POINT ( 'NONE',  ( 2.874762089145795230, 0.1550766931828142237, 2.505204825803966973 ) ) ;
#9355 = AXIS2_PLACEMENT_3D ( 'NONE', #4751, #3290, #6235 ) ;
#9356 = VERTEX_POINT ( 'NONE', #1387 ) ;
#9357 = DIRECTION ( 'NONE',  ( 0.000000000000000000, 0.07280039224747567039, 0.9973465309954276936 ) ) ;
#9358 = AXIS2_PLACEMENT_3D ( 'NONE', #3324, #1825, #5465 ) ;
#9359 = CARTESIAN_POINT ( 'NONE',  ( 2.466321928337154912, -0.08371991586703655952, 2.498597801905543925 ) ) ;
#9360 = ORIENTED_EDGE ( 'NONE', *, *, #2749, .F. ) ;
#9361 = ORIENTED_EDGE ( 'NONE', *, *, #1694, .F. ) ;
#9362 = CARTESIAN_POINT ( 'NONE',  ( 3.119692252453434289, -0.04370992027320690088, 2.509735514777951870 ) ) ;
#9363 = CARTESIAN_POINT ( 'NONE',  ( 2.457099684972713582, -0.1009458588479826974, 2.507969284816192523 ) ) ;
#9364 = CARTESIAN_POINT ( 'NONE',  ( 4.500000000000000000, 0.000000000000000000, 0.000000000000000000 ) ) ;
#9365 = CARTESIAN_POINT ( 'NONE',  ( 2.638573628220702183, -0.1911626052613611959, 2.492685173767128504 ) ) ;
#9366 = VECTOR ( 'NONE', #7114, 1000.000000000000000 ) ;
#9367 = ORIENTED_EDGE ( 'NONE', *, *, #380, .T. ) ;
#9368 =( LENGTH_UNIT ( ) NAMED_UNIT ( * ) SI_UNIT ( .MILLI., .METRE. ) );
#9369 = EDGE_CURVE ( 'NONE', #1391, #9284, #4686, .T. ) ;
#9370 = CARTESIAN_POINT ( 'NONE',  ( 1.807848212850675651, 0.1912304124166110397, 2.493010066198349417 ) ) ;
#9371 = VERTEX_POINT ( 'NONE', #7211 ) ;
#9372 = LINE ( 'NONE', #5037, #5879 ) ;
#9373 = CARTESIAN_POINT ( 'NONE',  ( 3.080367571584727404, -0.04719310459055173212, 2.509572384901191722 ) ) ;
#9374 = B_SPLINE_CURVE_WITH_KNOTS ( 'NONE', 3,
 ( #7728, #9211, #5689, #8626 ),
 .UNSPECIFIED., .F., .F.,
 ( 4, 4 ),
 ( 0.000000000000000000, 1.000000000000000000 ),
 .UNSPECIFIED. ) ;
#9375 = CARTESIAN_POINT ( 'NONE',  ( 3.093496371354856223, -0.01948914193164277830, 2.499924033515172450 ) ) ;
#9376 = CARTESIAN_POINT ( 'NONE',  ( 3.097148132149224242, -0.1062330825052728439, 2.497741886621079210 ) ) ;
#9377 = ORIENTED_EDGE ( 'NONE', *, *, #2258, .F. ) ;
#9378 = EDGE_CURVE ( 'NONE', #9495, #3911, #2673, .T. ) ;
#9379 = CARTESIAN_POINT ( 'NONE',  ( 1.070330338384372082, 0.2186393635501753530, 2.490421014348050743 ) ) ;
#9380 = ORIENTED_EDGE ( 'NONE', *, *, #3301, .T. ) ;
#9381 = CARTESIAN_POINT ( 'NONE',  ( 2.434446389192383986, -0.1311143178365902495, 2.506573165829844019 ) ) ;
#9382 = ORIENTED_EDGE ( 'NONE', *, *, #3089, .T. ) ;
#9383 = CARTESIAN_POINT ( 'NONE',  ( 2.445277883076570458, -0.06639737306823097207, 2.499118122228246808 ) ) ;
#9384 = ADVANCED_FACE ( 'NONE', ( #1238 ), #2961, .T. ) ;
#9385 = DIRECTION ( 'NONE',  ( 0.000000000000000000, 0.000000000000000000, -1.000000000000000000 ) ) ;
#9386 = CARTESIAN_POINT ( 'NONE',  ( -5.500000000000000000, 0.000000000000000000, 0.000000000000000000 ) ) ;
#9387 = PLANE ( 'NONE',  #3935 ) ;
#9388 = CARTESIAN_POINT ( 'NONE',  ( 2.325295683531771740, -0.2326194228591497715, 2.489154208993579420 ) ) ;
#9389 = ORIENTED_EDGE ( 'NONE', *, *, #4433, .F. ) ;
#9390 = ORIENTED_EDGE ( 'NONE', *, *, #860, .T. ) ;
#9391 = ADVANCED_FACE ( 'NONE', ( #583 ), #7690, .T. ) ;
#9392 = CARTESIAN_POINT ( 'NONE',  ( 2.327245547172891005, -0.1463301673694786531, 2.495714482545258850 ) ) ;
#9393 = CARTESIAN_POINT ( 'NONE',  ( 2.405232302830831337, 0.3569651543193791965, 2.474383939206230121 ) ) ;
#9394 = FACE_OUTER_BOUND ( 'NONE', #3833, .T. ) ;
#9395 = CARTESIAN_POINT ( 'NONE',  ( 2.767375564066024474, 0.3463338438788539642, 2.485991325122454576 ) ) ;
#9396 = PLANE ( 'NONE',  #4559 ) ;
#9397 = EDGE_LOOP ( 'NONE', ( #588, #9022, #452, #6970, #8258, #6355, #6918, #9342, #712, #4109, #2838, #813, #7558, #6763, #9326, #3208, #506, #6927, #7513, #9120, #22 ) ) ;
#9398 = EDGE_CURVE ( 'NONE', #8636, #6347, #6169, .T. ) ;
#9399 = EDGE_CURVE ( 'NONE', #1, #5160, #6664, .T. ) ;
#9400 = CARTESIAN_POINT ( 'NONE',  ( 1.569571575511992778, -0.1241079079637038285, 2.506929840897202943 ) ) ;
#9401 = CARTESIAN_POINT ( 'NONE',  ( 2.338200829250268509, 0.1503814369515536209, 2.495472985912767783 ) ) ;
#9402 = VERTEX_POINT ( 'NONE', #4497 ) ;
#9403 = CARTESIAN_POINT ( 'NONE',  ( 2.490213109133065039, -0.07728625376108376466, 2.498805081429837927 ) ) ;
#9404 = EDGE_CURVE ( 'NONE', #5956, #2021, #1784, .T. ) ;
#9405 = VERTEX_POINT ( 'NONE', #2182 ) ;
#9406 = VERTEX_POINT ( 'NONE', #7403 ) ;
#9407 = CARTESIAN_POINT ( 'NONE',  ( 1.011729168082800445, -0.2617716013787048657, 2.486507558299313025 ) ) ;
#9408 = CARTESIAN_POINT ( 'NONE',  ( 2.439344766152482968, -0.2305736175111938180, 2.499395568545317303 ) ) ;
#9409 = CARTESIAN_POINT ( 'NONE',  ( 2.319199294265130273, -0.07728625376108376466, 2.498805081429837927 ) ) ;
#9410 = CARTESIAN_POINT ( 'NONE',  ( 2.777575912048376505, 0.2169122203181725328, 2.490591198155298169 ) ) ;
#9411 = FACE_OUTER_BOUND ( 'NONE', #334, .T. ) ;
#9412 = ORIENTED_EDGE ( 'NONE', *, *, #5778, .F. ) ;
#9413 = ORIENTED_EDGE ( 'NONE', *, *, #6983, .F. ) ;
#9414 = CARTESIAN_POINT ( 'NONE',  ( 2.223944042334981663, 0.2705116037016522812, 2.485321603387127265 ) ) ;
#9415 = VECTOR ( 'NONE', #3389, 1000.000000000000000 ) ;
#9416 = CARTESIAN_POINT ( 'NONE',  ( 1.824356778977260340, -0.1528343366088679989, 2.495323960040725542 ) ) ;
#9417 = ORIENTED_EDGE ( 'NONE', *, *, #2621, .F. ) ;
#9418 = CARTESIAN_POINT ( 'NONE',  ( 2.299169452205245712, -0.2090585380437855467, 2.501278596095321660 ) ) ;
#9419 = B_SPLINE_CURVE_WITH_KNOTS ( 'NONE', 3,
 ( #9518, #3709, #8117, #4439, #2756, #3528, #9373, #8702 ),
 .UNSPECIFIED., .F., .F.,
 ( 4, 2, 2, 4 ),
 ( 0.000000000000000000, 0.2499827043680855898, 0.4999654087361711796, 0.9999308174723423592 ),
 .UNSPECIFIED. ) ;
#9420 = CARTESIAN_POINT ( 'NONE',  ( 1.068608810083886640, 0.3226042148941807297, 2.489181897839631397 ) ) ;
#9421 = CARTESIAN_POINT ( 'NONE',  ( 1.179038802324677393, 0.2427725481770261484, 2.488687049385818195 ) ) ;
#9422 = CARTESIAN_POINT ( 'NONE',  ( 2.485933810278320166, -0.2092775143954242745, 2.501260274778298154 ) ) ;
#9423 = ADVANCED_FACE ( 'NONE', ( #8082 ), #1884, .T. ) ;
#9424 = CIRCLE ( 'NONE', #5269, 2.500000000000000000 ) ;
#9425 = ORIENTED_EDGE ( 'NONE', *, *, #5054, .T. ) ;
#9426 = B_SPLINE_SURFACE_WITH_KNOTS ( 'NONE', 1, 3, ( 
 ( #4915, #7125, #8006, #449 ),
 ( #7909, #5729, #3448, #6390 ) ),
 .UNSPECIFIED., .F., .F., .F.,
 ( 2, 2 ),
 ( 4, 4 ),
 ( 0.000000000000000000, 1.000000000000000000 ),
 ( 0.000000000000000000, 1.000000000000000000 ),
 .UNSPECIFIED. ) ;
#9427 = CARTESIAN_POINT ( 'NONE',  ( 1.573014610223509413, -0.1246833304106778478, 2.506901354070437904 ) ) ;
#9428 = VERTEX_POINT ( 'NONE', #6776 ) ;
#9429 = CARTESIAN_POINT ( 'NONE',  ( 1.001469545846966236, -0.1120221775831970329, 2.507498959467285626 ) ) ;
#9431 = ORIENTED_EDGE ( 'NONE', *, *, #9006, .T. ) ;
#9430 = CIRCLE ( 'NONE', #2329, 2.510000000000000231 ) ;
#9432 = CARTESIAN_POINT ( 'NONE',  ( 1.132794026774520901, 0.3495392129517338464, 2.475649321756416388 ) ) ;
#9433 = CARTESIAN_POINT ( 'NONE',  ( 0.8981781650063318523, 0.04676413706562126266, 2.499562584830495648 ) ) ;
#9434 = SURFACE_SIDE_STYLE ('',( #5727 ) ) ;
#9435 = AXIS2_PLACEMENT_3D ( 'NONE', #8641, #7378, #2015 ) ;
#9436 = CARTESIAN_POINT ( 'NONE',  ( 2.907937407556844267, 0.2483947834704813562, 2.494329130111427872 ) ) ;
#9437 = B_SPLINE_CURVE_WITH_KNOTS ( 'NONE', 3,
 ( #8639, #9458, #8830, #5749 ),
 .UNSPECIFIED., .F., .F.,
 ( 4, 4 ),
 ( 0.000000000000000000, 1.000000000000000000 ),
 .UNSPECIFIED. ) ;
#9438 = CARTESIAN_POINT ( 'NONE',  ( 2.285831536571915290, -0.1302775548810567730, 2.496604715620174719 ) ) ;
#9439 = ORIENTED_EDGE ( 'NONE', *, *, #7527, .F. ) ;
#9440 = VERTEX_POINT ( 'NONE', #8943 ) ;
#9441 = DIRECTION ( 'NONE',  ( 0.000000000000000000, 0.000000000000000000, -1.000000000000000000 ) ) ;
#9442 = CARTESIAN_POINT ( 'NONE',  ( 1.569571575511992778, -0.1236134541471153453, 2.496942072606775476 ) ) ;
#9443 = AXIS2_PLACEMENT_3D ( 'NONE', #8807, #8992, #2376 ) ;
#9444 = CARTESIAN_POINT ( 'NONE',  ( 1.334821158737876656, -0.2195911155032735929, 2.490799306681914516 ) ) ;
#9445 = CARTESIAN_POINT ( 'NONE',  ( 1.887593979885572759, -0.005241558563137797139, 2.510000018760150553 ) ) ;
#9446 = CARTESIAN_POINT ( 'NONE',  ( 2.453695501181130112, 0.3966051793289692151, 2.478468142165526356 ) ) ;
#9447 = ORIENTED_EDGE ( 'NONE', *, *, #4952, .T. ) ;
#9448 = CIRCLE ( 'NONE', #7289, 2.510000000000000231 ) ;
#9449 = EDGE_CURVE ( 'NONE', #7039, #9566, #2235, .T. ) ;
#9450 = FILL_AREA_STYLE_COLOUR ( '', #2261 ) ;
#9451 = VECTOR ( 'NONE', #8427, 1000.000000000000000 ) ;
#9452 = DIRECTION ( 'NONE',  ( 0.000000000000000000, 0.000000000000000000, 1.000000000000000000 ) ) ;
#9453 = ORIENTED_EDGE ( 'NONE', *, *, #1966, .F. ) ;
#9454 = CARTESIAN_POINT ( 'NONE',  ( 2.584044793295543929, -0.3114504929935155153, 2.490602053804279681 ) ) ;
#9455 = EDGE_LOOP ( 'NONE', ( #8383, #4743, #9079, #3638 ) ) ;
#9456 = CARTESIAN_POINT ( 'NONE',  ( 2.354231440198708114, -0.2292359742274495127, 2.489467988972742685 ) ) ;
#9457 = PLANE ( 'NONE',  #420 ) ;
#9458 = CARTESIAN_POINT ( 'NONE',  ( 3.119814373255367368, -0.1700642794679713410, 2.494338803392993853 ) ) ;
#9459 = EDGE_CURVE ( 'NONE', #2890, #6721, #1081, .T. ) ;
#9460 = CARTESIAN_POINT ( 'NONE',  ( 2.578412416475610147, 0.3950250790129175571, 2.468593767097137626 ) ) ;
#9461 = CARTESIAN_POINT ( 'NONE',  ( 2.901706647991340482, 0.3153287103620190379, 2.481346802749651914 ) ) ;
#9462 = CARTESIAN_POINT ( 'NONE',  ( 2.322915902730700921, -0.2079811828421549436, 2.491333803270370684 ) ) ;
#9463 = ORIENTED_EDGE ( 'NONE', *, *, #8106, .T. ) ;
#9464 = ORIENTED_EDGE ( 'NONE', *, *, #7106, .T. ) ;
#9465 = ADVANCED_FACE ( 'NONE', ( #8903 ), #9627, .T. ) ;
#9466 = VERTEX_POINT ( 'NONE', #6584 ) ;
#9467 = VECTOR ( 'NONE', #3995, 1000.000000000000114 ) ;
#9468 = LINE ( 'NONE', #2801, #6270 ) ;
#9469 = CARTESIAN_POINT ( 'NONE',  ( 6.949999999999998401, 5.510910596163086474E-17, -7.500000000000000000 ) ) ;
#9470 = EDGE_CURVE ( 'NONE', #7318, #1779, #7204, .T. ) ;
#9471 = CARTESIAN_POINT ( 'NONE',  ( 2.564486210053318338, -0.3077528660414656225, 2.480985323101139173 ) ) ;
#9472 = B_SPLINE_CURVE_WITH_KNOTS ( 'NONE', 1,
 ( #6126, #5259 ),
 .UNSPECIFIED., .F., .F.,
 ( 2, 2 ),
 ( 0.000000000000000000, 1.000000000000000000 ),
 .UNSPECIFIED. ) ;
#9473 = EDGE_CURVE ( 'NONE', #3043, #8058, #2948, .T. ) ;
#9474 = DIRECTION ( 'NONE',  ( -1.734723475976807094E-16, 0.000000000000000000, -1.000000000000000000 ) ) ;
#9475 = CARTESIAN_POINT ( 'NONE',  ( 3.095577442978053817, -0.08079120037410801591, 2.498721744802689937 ) ) ;
#9476 = CARTESIAN_POINT ( 'NONE',  ( 1.014456538346305337, -0.07811630756822374178, 2.509013702351103881 ) ) ;
#9477 = B_SPLINE_CURVE_WITH_KNOTS ( 'NONE', 1,
 ( #5403, #318 ),
 .UNSPECIFIED., .F., .F.,
 ( 2, 2 ),
 ( 0.000000000000000000, 1.000000000000000000 ),
 .UNSPECIFIED. ) ;
#9478 = ADVANCED_FACE ( 'NONE', ( #1434 ), #1743, .T. ) ;
#9479 = ORIENTED_EDGE ( 'NONE', *, *, #9279, .F. ) ;
#9480 = FACE_BOUND ( 'NONE', #7080, .T. ) ;
#9481 = FACE_OUTER_BOUND ( 'NONE', #7852, .T. ) ;
#9482 = CARTESIAN_POINT ( 'NONE',  ( 3.251326710809672171, -0.01837507737437104813, 2.499932470394247819 ) ) ;
#9483 = ORIENTED_EDGE ( 'NONE', *, *, #1335, .F. ) ;
#9484 = PRESENTATION_LAYER_ASSIGNMENT (  '', '', ( #7162 ) ) ;
#9485 = ADVANCED_FACE ( 'NONE', ( #4007 ), #7755, .T. ) ;
#9486 = EDGE_LOOP ( 'NONE', ( #9501, #7962, #1088, #2619 ) ) ;
#9487 = CARTESIAN_POINT ( 'NONE',  ( -4.299999999999998934, 2.816687638038912056E-16, 2.299999999999999822 ) ) ;
#9488 = VECTOR ( 'NONE', #1635, 1000.000000000000114 ) ;
#9489 = EDGE_LOOP ( 'NONE', ( #5548, #44, #591, #5159 ) ) ;
#9490 = CARTESIAN_POINT ( 'NONE',  ( 2.629660856110518363, 0.1544588577518064276, 2.495223930083632080 ) ) ;
#9491 = CARTESIAN_POINT ( 'NONE',  ( 2.898034327433925306, 0.2213792493774423276, 2.500218236063620481 ) ) ;
#9492 = CARTESIAN_POINT ( 'NONE',  ( 3.247365478760182000, -0.03533309113959914871, 2.499750302064292384 ) ) ;
#9493 = CARTESIAN_POINT ( 'NONE',  ( 2.313752600197278575, -0.1481425458377509108, 2.495606897352367515 ) ) ;
#9494 = CARTESIAN_POINT ( 'NONE',  ( 1.477812300002960377, 0.4602614324543908286, 2.467439927855274995 ) ) ;
#9495 = VERTEX_POINT ( 'NONE', #255 ) ;
#9496 = CIRCLE ( 'NONE', #5347, 2.510000000000000231 ) ;
#9497 = CARTESIAN_POINT ( 'NONE',  ( 4.500000000000000000, -0.05684753223574125214, 2.509356164054577842 ) ) ;
#9498 = B_SPLINE_SURFACE_WITH_KNOTS ( 'NONE', 1, 3, ( 
 ( #2520, #337, #9315, #7885 ),
 ( #1216, #9129, #7008, #7143 ),
 ( #5473, #1783, #3380, #4092 ) ),
 .UNSPECIFIED., .F., .F., .F.,
 ( 2, 1, 2 ),
 ( 4, 4 ),
 ( 0.000000000000000000, 1.000000000000000000, 1.020000000000000240 ),
 ( 0.000000000000000000, 1.000000000000000000 ),
 .UNSPECIFIED. ) ;
#9499 = EDGE_CURVE ( 'NONE', #1318, #566, #3964, .T. ) ;
#9500 = DIRECTION ( 'NONE',  ( 0.000000000000000000, 0.005028731829187268153, 0.9999873558481577884 ) ) ;
#9501 = ORIENTED_EDGE ( 'NONE', *, *, #3525, .T. ) ;
#9502 = CARTESIAN_POINT ( 'NONE',  ( 2.583921004793332532, 0.1544588577517892469, 2.495223930083633412 ) ) ;
#9503 = ORIENTED_EDGE ( 'NONE', *, *, #6803, .T. ) ;
#9504 = FACE_OUTER_BOUND ( 'NONE', #7523, .T. ) ;
#9505 = CARTESIAN_POINT ( 'NONE',  ( 2.471773635239680189, -0.1540714906128568540, 2.505266847220138704 ) ) ;
#9506 = CARTESIAN_POINT ( 'NONE',  ( 2.425657405583639736, -0.2231952221964881855, 2.490016845884513330 ) ) ;
#9507 = CARTESIAN_POINT ( 'NONE',  ( 2.245607297358069410, -0.1838379368383022960, 2.503258598902445620 ) ) ;
#9508 = ADVANCED_FACE ( 'NONE', ( #7662 ), #8476, .T. ) ;
#9509 = CARTESIAN_POINT ( 'NONE',  ( 2.793928197645979772, 0.2772789854120240594, 2.484575690988076957 ) ) ;
#9510 = CARTESIAN_POINT ( 'NONE',  ( 2.445275079141491670, -0.06666515774505003822, 2.509114536393830530 ) ) ;
#9511 = B_SPLINE_SURFACE_WITH_KNOTS ( 'NONE', 1, 3, ( 
 ( #8712, #8080, #5823, #8852 ),
 ( #8762, #1430, #2913, #2137 ) ),
 .UNSPECIFIED., .F., .F., .F.,
 ( 2, 2 ),
 ( 4, 4 ),
 ( 0.000000000000000000, 1.000000000000000000 ),
 ( 0.000000000000000000, 1.000000000000000000 ),
 .UNSPECIFIED. ) ;
#9512 = ORIENTED_EDGE ( 'NONE', *, *, #1266, .T. ) ;
#9513 = VERTEX_POINT ( 'NONE', #2430 ) ;
#9514 = VECTOR ( 'NONE', #6464, 1000.000000000000114 ) ;
#9515 = ORIENTED_EDGE ( 'NONE', *, *, #8210, .F. ) ;
#9516 = PLANE ( 'NONE',  #2714 ) ;
#9517 = CARTESIAN_POINT ( 'NONE',  ( 2.347856332369579579, 0.4006544853805962259, 2.477816777597651399 ) ) ;
#9518 = CARTESIAN_POINT ( 'NONE',  ( 3.097148132149224242, -0.1066580148352939406, 2.507732854167563641 ) ) ;
#9519 = EDGE_CURVE ( 'NONE', #2814, #4973, #9091, .T. ) ;
#9520 = DIRECTION ( 'NONE',  ( 1.000000000000000000, 0.000000000000000000, 0.000000000000000000 ) ) ;
#9521 = B_SPLINE_CURVE_WITH_KNOTS ( 'NONE', 1,
 ( #1704, #7720 ),
 .UNSPECIFIED., .F., .F.,
 ( 2, 2 ),
 ( 0.000000000000000000, 1.000000000000000000 ),
 .UNSPECIFIED. ) ;
#9522 = CARTESIAN_POINT ( 'NONE',  ( 2.564486210053318338, 0.000000000000000000, 0.000000000000000000 ) ) ;
#9523 = EDGE_CURVE ( 'NONE', #6461, #115, #5391, .T. ) ;
#9524 = ADVANCED_FACE ( 'NONE', ( #1842 ), #6244, .F. ) ;
#9525 = B_SPLINE_CURVE_WITH_KNOTS ( 'NONE', 3,
 ( #3223, #9212, #3983, #6944 ),
 .UNSPECIFIED., .F., .F.,
 ( 4, 4 ),
 ( 0.000000000000000000, 1.000000000000000000 ),
 .UNSPECIFIED. ) ;
#9526 = CARTESIAN_POINT ( 'NONE',  ( 2.313752600197278575, -0.1487351160211018986, 2.505589324941777107 ) ) ;
#9527 = VERTEX_POINT ( 'NONE', #7737 ) ;
#9528 = FACE_OUTER_BOUND ( 'NONE', #5298, .T. ) ;
#9529 = CARTESIAN_POINT ( 'NONE',  ( 2.948199617680830276, 0.3644372414834211593, 2.473294462254738590 ) ) ;
#9530 = CARTESIAN_POINT ( 'NONE',  ( 2.086353122880871602, 0.1544588577517892469, 2.495223930083633412 ) ) ;
#9531 = SURFACE_SIDE_STYLE ('',( #8227 ) ) ;
#9532 =( LENGTH_UNIT ( ) NAMED_UNIT ( * ) SI_UNIT ( .MILLI., .METRE. ) );
#9533 = ORIENTED_EDGE ( 'NONE', *, *, #489, .T. ) ;
#9534 = DIRECTION ( 'NONE',  ( 0.000000000000000000, 1.224646799147353207E-16, 1.000000000000000000 ) ) ;
#9535 = ORIENTED_EDGE ( 'NONE', *, *, #7711, .F. ) ;
#9536 = CARTESIAN_POINT ( 'NONE',  ( 1.824356778977260340, -0.1528343366088679989, 2.495323960040725542 ) ) ;
#9537 = CARTESIAN_POINT ( 'NONE',  ( 0.8172559145298678995, 0.1859506319943299291, 2.503695068007495195 ) ) ;
#9538 = FACE_OUTER_BOUND ( 'NONE', #2467, .T. ) ;
#9539 = B_SPLINE_CURVE_WITH_KNOTS ( 'NONE', 3,
 ( #8601, #8505, #339, #9178 ),
 .UNSPECIFIED., .F., .F.,
 ( 4, 4 ),
 ( 0.000000000000000000, 1.000000000000000000 ),
 .UNSPECIFIED. ) ;
#9540 = CARTESIAN_POINT ( 'NONE',  ( 1.517451801887941709, -0.2055135667485903928, 2.491703834902506465 ) ) ;
#9541 = ADVANCED_FACE ( 'NONE', ( #5983 ), #4469, .T. ) ;
#9542 = CARTESIAN_POINT ( 'NONE',  ( 0.8147295190458205827, -0.09126130100578679072, 2.508913982716970636 ) ) ;
#9543 = CARTESIAN_POINT ( 'NONE',  ( 2.466321928337154912, -0.08405479553050471120, 2.508592193113166058 ) ) ;
#9544 = ORIENTED_EDGE ( 'NONE', *, *, #8990, .T. ) ;
#9545 = EDGE_LOOP ( 'NONE', ( #5707, #343, #6087, #7070 ) ) ;
#9546 = ORIENTED_EDGE ( 'NONE', *, *, #6125, .T. ) ;
#9547 = CARTESIAN_POINT ( 'NONE',  ( 2.284414725334340979, -0.1587682744402006407, 2.494953433439446311 ) ) ;
#9548 = CARTESIAN_POINT ( 'NONE',  ( 1.657369223336927710, -0.2300721710563045641, 2.489390848401560330 ) ) ;
#9549 = CARTESIAN_POINT ( 'NONE',  ( 1.667698327472291409, -0.2309924597405297875, 2.499348411795166314 ) ) ;
#9550 = CARTESIAN_POINT ( 'NONE',  ( 2.768056400825340102, 0.2071771139886276203, 2.491400739230713146 ) ) ;
#9551 = CARTESIAN_POINT ( 'NONE',  ( 2.276368472734770609, -0.1806282324434829722, 2.493466150089939326 ) ) ;
#9552 = ORIENTED_EDGE ( 'NONE', *, *, #6510, .T. ) ;
#9553 = VERTEX_POINT ( 'NONE', #1410 ) ;
#9554 = ORIENTED_EDGE ( 'NONE', *, *, #3182, .T. ) ;
#9555 = DIRECTION ( 'NONE',  ( -1.000000000000000000, -0.000000000000000000, -0.000000000000000000 ) ) ;
#9556 =( NAMED_UNIT ( * ) PLANE_ANGLE_UNIT ( ) SI_UNIT ( $, .RADIAN. ) );
#9557 = ORIENTED_EDGE ( 'NONE', *, *, #2620, .T. ) ;
#9558 = CARTESIAN_POINT ( 'NONE',  ( 4.500000000000000000, -0.01534155688081141090, 2.509953114429126941 ) ) ;
#9559 = CARTESIAN_POINT ( 'NONE',  ( 3.235667465365422490, 0.01262211689126004413, 2.509968263178876224 ) ) ;
#9560 = CARTESIAN_POINT ( 'NONE',  ( 1.208804030546209329, 0.2827889973276516145, 2.484132287211860302 ) ) ;
#9561 = CARTESIAN_POINT ( 'NONE',  ( 2.322046429800451062, -0.05266076266337145484, 2.499445307278339357 ) ) ;
#9562 = DIRECTION ( 'NONE',  ( 0.000000000000000000, -1.000000000000000000, 0.000000000000000000 ) ) ;
#9563 = B_SPLINE_CURVE_WITH_KNOTS ( 'NONE', 3,
 ( #8910, #6019, #9004, #8092 ),
 .UNSPECIFIED., .F., .F.,
 ( 4, 4 ),
 ( 0.000000000000000000, 1.000000000000000000 ),
 .UNSPECIFIED. ) ;
#9564 = EDGE_CURVE ( 'NONE', #3915, #8246, #4554, .T. ) ;
#9565 = CARTESIAN_POINT ( 'NONE',  ( 2.696073387183302028, 0.1827289845411645963, 2.503339792798523700 ) ) ;
#9566 = VERTEX_POINT ( 'NONE', #8828 ) ;
#9567 = CARTESIAN_POINT ( 'NONE',  ( 2.511413975059388459, -0.1389844669847851710, 2.506158908145980302 ) ) ;
#9568 = CARTESIAN_POINT ( 'NONE',  ( 4.500000000000000000, 0.1827289845411645963, 2.503339792798523700 ) ) ;
#9569 = CARTESIAN_POINT ( 'NONE',  ( 2.749207198067861846, 0.3610650279268262097, 2.483939062290857258 ) ) ;
#9570 = ADVANCED_FACE ( 'NONE', ( #8149 ), #3358, .T. ) ;
#9571 = MECHANICAL_DESIGN_GEOMETRIC_PRESENTATION_REPRESENTATION (  '', ( #4805 ), #8354 ) ;
#9572 = ADVANCED_FACE ( 'NONE', ( #9504 ), #2295, .T. ) ;
#9573 =( NAMED_UNIT ( * ) PLANE_ANGLE_UNIT ( ) SI_UNIT ( $, .RADIAN. ) );
#9574 = B_SPLINE_SURFACE_WITH_KNOTS ( 'NONE', 1, 3, ( 
 ( #4681, #905, #3130, #2299 ),
 ( #6030, #5369, #5316, #7637 ) ),
 .UNSPECIFIED., .F., .F., .F.,
 ( 2, 2 ),
 ( 4, 4 ),
 ( 0.000000000000000000, 1.000000000000000000 ),
 ( 0.000000000000000000, 1.000000000000000000 ),
 .UNSPECIFIED. ) ;
#9575 = EDGE_CURVE ( 'NONE', #3797, #8028, #5072, .T. ) ;
#9576 = CARTESIAN_POINT ( 'NONE',  ( 2.511319048644352847, -0.1853195789928631931, 2.493121868991146961 ) ) ;
#9577 = CIRCLE ( 'NONE', #1062, 2.500000000000000000 ) ;
#9578 = UNCERTAINTY_MEASURE_WITH_UNIT (LENGTH_MEASURE( 1.000000000000000082E-05 ), #8364, 'distance_accuracy_value', 'NONE');
#9579 = EDGE_LOOP ( 'NONE', ( #6563, #1086, #2963, #9051 ) ) ;
#9580 = CARTESIAN_POINT ( 'NONE',  ( 3.073767936166447612, -0.004694197006792270518, 2.509999999847206009 ) ) ;
#9581 = ORIENTED_EDGE ( 'NONE', *, *, #1402, .F. ) ;
#9582 = CARTESIAN_POINT ( 'NONE',  ( 2.629660856110525913, 0.1544588577518069827, 2.495223930083632080 ) ) ;
#9583 = CARTESIAN_POINT ( 'NONE',  ( 2.276368472734770609, -0.1806282324434829722, 2.493466150089939326 ) ) ;
#9584 =( LENGTH_UNIT ( ) NAMED_UNIT ( * ) SI_UNIT ( .MILLI., .METRE. ) );
#9585 = CARTESIAN_POINT ( 'NONE',  ( 2.790283204488101187, 0.1890565961973414977, 2.502869873452128857 ) ) ;
#9586 = CARTESIAN_POINT ( 'NONE',  ( 2.354231440198708558, -0.1195885823806021875, 2.497138076071124591 ) ) ;
#9587 = MECHANICAL_DESIGN_GEOMETRIC_PRESENTATION_REPRESENTATION (  '', ( #8369 ), #2504 ) ;
#9588 = ORIENTED_EDGE ( 'NONE', *, *, #8190, .T. ) ;
#9589 = B_SPLINE_CURVE_WITH_KNOTS ( 'NONE', 3,
 ( #2603, #2460, #8458, #7643 ),
 .UNSPECIFIED., .F., .F.,
 ( 4, 4 ),
 ( 0.000000000000000000, 1.000000000000000000 ),
 .UNSPECIFIED. ) ;
#9590 = DIRECTION ( 'NONE',  ( 1.000000000000000000, 0.000000000000000000, 0.000000000000000000 ) ) ;
#9591 = B_SPLINE_CURVE_WITH_KNOTS ( 'NONE', 1,
 ( #686, #106 ),
 .UNSPECIFIED., .F., .F.,
 ( 2, 2 ),
 ( 0.000000000000000000, 1.000000000000000000 ),
 .UNSPECIFIED. ) ;
#9592 = CARTESIAN_POINT ( 'NONE',  ( 3.143445031722684302, -0.2292359742274483192, 2.489467988972742685 ) ) ;
#9593 = VECTOR ( 'NONE', #1193, 1000.000000000000000 ) ;
#9594 = ORIENTED_EDGE ( 'NONE', *, *, #1104, .F. ) ;
#9595 = EDGE_LOOP ( 'NONE', ( #2146, #2135, #8392, #4789 ) ) ;
#9596 = CARTESIAN_POINT ( 'NONE',  ( 2.492825817366541852, -0.2338841290116978333, 2.499079498453129933 ) ) ;
#9597 = CARTESIAN_POINT ( 'NONE',  ( 2.405232302830831337, 0.3892790442385808403, 2.469506393131367439 ) ) ;
#9598 = CARTESIAN_POINT ( 'NONE',  ( 3.174185914663812724, -0.1494611623783496102, 2.506856144556499189 ) ) ;
#9599 = DIRECTION ( 'NONE',  ( 0.000000000000000000, 0.07280039224747592019, 0.9973465309954276936 ) ) ;
#9600 = CARTESIAN_POINT ( 'NONE',  ( 2.790276436849969066, 0.1882968552717126653, 2.492898773375041177 ) ) ;
#9601 = AXIS2_PLACEMENT_3D ( 'NONE', #4039, #6276, #9219 ) ;
#9602 = CARTESIAN_POINT ( 'NONE',  ( 2.463722369804626222, -0.1166209756229792255, 2.497278428218356439 ) ) ;
#9603 = ORIENTED_EDGE ( 'NONE', *, *, #8331, .F. ) ;
#9604 = AXIS2_PLACEMENT_3D ( 'NONE', #4113, #5544, #7077 ) ;
#9605 = ORIENTED_EDGE ( 'NONE', *, *, #7038, .F. ) ;
#9606 = ORIENTED_EDGE ( 'NONE', *, *, #7835, .T. ) ;
#9607 = CARTESIAN_POINT ( 'NONE',  ( 2.826794044801901329, 0.2792527026328228135, 2.494417352423660805 ) ) ;
#9608 = EDGE_CURVE ( 'NONE', #2824, #2096, #8602, .T. ) ;
#9609 = CARTESIAN_POINT ( 'NONE',  ( 2.405232302830831337, 0.3892790442385808403, 2.469506393131367439 ) ) ;
#9610 = CARTESIAN_POINT ( 'NONE',  ( 4.500000000000000000, -0.2309924597405297875, 2.499348411795166314 ) ) ;
#9611 = ORIENTED_EDGE ( 'NONE', *, *, #6015, .F. ) ;
#9612 = CARTESIAN_POINT ( 'NONE',  ( 2.816472317949678672, 0.3409011350488987957, 2.486859330036676585 ) ) ;
#9613 = B_SPLINE_CURVE_WITH_KNOTS ( 'NONE', 3,
 ( #4387, #4588, #3136, #6759 ),
 .UNSPECIFIED., .F., .F.,
 ( 4, 4 ),
 ( 0.7646473887403751890, 1.000000000000000000 ),
 .UNSPECIFIED. ) ;
#9614 = VERTEX_POINT ( 'NONE', #3027 ) ;
#9615 = DIRECTION ( 'NONE',  ( 0.000000000000000000, 0.000000000000000000, -1.000000000000000000 ) ) ;
#9616 = CARTESIAN_POINT ( 'NONE',  ( 3.037546300121629184, -0.2287920474835208051, 2.489508866774779339 ) ) ;
#9617 = DIRECTION ( 'NONE',  ( 0.000000000000000000, -0.09169438969097956638, 0.9957871955890971183 ) ) ;
#9618 = VECTOR ( 'NONE', #9016, 1000.000000000000000 ) ;
#9619 = FILL_AREA_STYLE ('',( #8274 ) ) ;
#9620 =( NAMED_UNIT ( * ) SI_UNIT ( $, .STERADIAN. ) SOLID_ANGLE_UNIT ( ) );
#9621 = EDGE_CURVE ( 'NONE', #7048, #2696, #8020, .T. ) ;
#9622 = EDGE_LOOP ( 'NONE', ( #4654, #9183, #3171, #3343 ) ) ;
#9623 = CARTESIAN_POINT ( 'NONE',  ( 2.697496954949315739, 0.3674986156302331164, 2.472841435982069402 ) ) ;
#9624 = CARTESIAN_POINT ( 'NONE',  ( 1.566128584581046645, -0.2300721710563045641, 2.489390848401560330 ) ) ;
#9625 = CARTESIAN_POINT ( 'NONE',  ( 4.299999999999999822, 0.000000000000000000, 0.000000000000000000 ) ) ;
#9626 = ADVANCED_FACE ( 'NONE', ( #6505 ), #4519, .T. ) ;
#9627 = PLANE ( 'NONE',  #4669 ) ;
#9628 = AXIS2_PLACEMENT_3D ( 'NONE', #5133, #9562, #2672 ) ;
#9629 = PLANE ( 'NONE',  #3196 ) ;
#9630 = VERTEX_POINT ( 'NONE', #3559 ) ;
#9631 = FILL_AREA_STYLE_COLOUR ( '', #8587 ) ;
#9632 = VERTEX_POINT ( 'NONE', #9456 ) ;
ENDSEC;
END-ISO-10303-21;
