#VRML V2.0 utf8
# 3D model generated by easyeda2kicad.py (https://github.com/uPesy/easyeda2kicad.py)

Shape{
    appearance Appearance {
        material  Material 	{
            diffuseColor 0.25098039215686274 0.25098039215686274 0.25098039215686274
            specularColor 0.07450980392156863 0.07450980392156863 0.07450980392156863
            ambientIntensity 0.251
            transparency 0.0
            shininess 0.5
        }
    }
    geometry IndexedFaceSet {
        ccw TRUE
        solid FALSE
        coord DEF co Coordinate {
            point [
                2.2841 -1.0319 1.7774, 2.2841 -0.9335 1.7774, 1.2317 -0.9335 1.7774, -0.7827 -0.5398 1.7774, -0.7826 -0.5396 1.7774, -0.7826 -0.1343 1.7774, 0.8104 0.1792 1.7774, 0.7839 0.1762 1.7774, 0.9149 0.1762 1.7774, 0.482 0.5199 1.7774, 0.4645 0.5215 1.7774, 0.4645 0.4247 1.7774, -0.1623 0.1792 1.7774, -0.1891 0.1762 1.7774, -0.0083 0.1762 1.7774, -0.4378 0.5732 1.7774, -0.4378 0.5624 1.7774, -0.4136 0.5624 1.7774, -0.4378 0.528 1.7774, -0.4136 0.1762 1.7774, -0.5711 0.528 1.7774, -0.5711 0.1795 1.7774, -0.6228 0.528 1.7774, -0.7562 0.528 1.7774, -0.6228 0.1795 1.7774, -0.7826 0.1762 1.7774, -0.7826 0.5624 1.7774, -0.7562 0.5624 1.7774, -0.7826 0.5785 1.7774, -0.7562 0.5732 1.7774, -0.4136 0.5785 1.7774, -0.0783 0.528 1.7774, -0.0083 0.5624 1.7774, -0.1108 0.5554 1.7774, -0.1253 0.5624 1.7774, -0.0604 0.5012 1.7774, -0.0368 0.4449 1.7774, -0.0267 0.3752 1.7774, -0.0762 0.2289 1.7774, -0.0923 0.2136 1.7774, -0.1231 0.1934 1.7774, -0.0314 0.3282 1.7774, -0.048 0.2746 1.7774, -0.1465 0.5727 1.7774, -0.0083 0.5785 1.7774, -0.1743 0.5785 1.7774, -0.3151 0.5624 1.7774, -0.3134 0.5635 1.7774, -0.2749 0.5776 1.7774, -0.2662 0.5785 1.7774, -0.4136 2.1075 1.7774, -0.2182 0.5839 1.7774, -0.0083 2.1075 1.7774, -0.1953 0.5829 1.7774, -0.4005 0.451 1.7774, -0.3801 0.4983 1.7774, -0.3472 0.5409 1.7774, -0.3082 0.19 1.7774, -0.3377 0.2067 1.7774, -0.3666 0.2332 1.7774, -0.3751 0.2461 1.7774, -0.4 0.3007 1.7774, -0.4118 0.3752 1.7774, -0.4112 0.3874 1.7774, -0.2182 0.173 1.7774, -0.0083 -0.1343 1.7774, -0.4136 -0.1343 1.7774, -0.2309 0.1733 1.7774, -0.2597 0.1762 1.7774, -0.2623 0.1765 1.7774, 0.0229 0.4687 1.7774, 0.0344 0.5021 1.7774, 0.2722 0.4212 1.7774, 0.2747 0.2246 1.7774, 0.2987 0.5624 1.7774, 0.0187 0.4269 1.7774, 0.2987 0.1762 1.7774, 0.2747 0.1795 1.7774, 0.2642 0.3993 1.7774, 0.2498 0.3776 1.7774, 0.2183 0.349 1.7774, 0.0772 0.478 1.7774, 0.0711 0.4566 1.7774, 0.1416 0.5214 1.7774, 0.0682 0.4269 1.7774, 0.1457 0.5215 1.7774, 0.0532 0.5301 1.7774, 0.0633 0.5396 1.7774, 0.0835 0.5526 1.7774, 0.2109 0.5541 1.7774, 0.2316 0.5421 1.7774, 0.2485 0.5263 1.7774, 0.2609 0.5072 1.7774, 0.0101 0.1795 1.7774, 0.013 0.2115 1.7774, 0.0229 0.2482 1.7774, 0.0404 0.2806 1.7774, 0.0654 0.3082 1.7774, 0.1005 0.3322 1.7774, 0.1521 0.3623 1.7774, 0.1814 0.381 1.7774, 0.27 0.4823 1.7774, 0.2747 0.4505 1.7774, 0.2081 0.4032 1.7774, 0.2118 0.4092 1.7774, 0.2195 0.4267 1.7774, 0.1693 0.3214 1.7774, 0.1285 0.2978 1.7774, 0.0993 0.2785 1.7774, 0.2231 0.4527 1.7774, 0.2231 0.453 1.7774, 0.2193 0.4745 1.7774, 0.1987 0.5056 1.7774, 0.1858 0.5133 1.7774, 0.1684 0.5189 1.7774, 0.1206 0.5183 1.7774, 0.1068 0.5129 1.7774, 0.0853 0.4933 1.7774, 0.0952 0.5048 1.7774, 0.2135 0.4884 1.7774, 0.2044 0.5005 1.7774, 0.0791 0.2584 1.7774, 0.0692 0.2421 1.7774, 0.0639 0.2246 1.7774, 0.1104 0.5621 1.7774, 0.1129 0.5624 1.7774, 0.1521 0.5667 1.7774, 0.2987 0.5785 1.7774, 0.177 0.564 1.7774, 0.1824 0.5624 1.7774, 0.5323 0.5472 1.7774, 0.5494 0.5332 1.7774, 0.6068 0.5624 1.7774, 0.5872 0.3021 1.7774, 0.5821 0.2633 1.7774, 0.6068 0.1762 1.7774, 0.3807 0.4387 1.7774, 0.372 0.3795 1.7774, 0.3742 0.3774 1.7774, 0.5627 0.5153 1.7774, 0.5727 0.4925 1.7774, 0.5786 0.4634 1.7774, 0.5312 0.4634 1.7774, 0.4911 0.4211 1.7774, 0.5237 0.4108 1.7774, 0.57 0.2342 1.7774, 0.5484 0.2053 1.7774, 0.5351 0.1926 1.7774, 0.4959 0.5154 1.7774, 0.5613 0.382 1.7774, 0.574 0.3618 1.7774, 0.583 0.3349 1.7774, 0.545 0.398 1.7774, 0.382 0.3894 1.7774, 0.3962 0.4041 1.7774, 0.3936 0.4738 1.7774, 0.4127 0.4144 1.7774, 0.4056 0.4922 1.7774, 0.4341 0.4216 1.7774, 0.4438 0.5181 1.7774, 0.4266 0.5106 1.7774, 0.4189 0.5054 1.7774, 0.5307 0.4658 1.7774, 0.5243 0.4863 1.7774, 0.516 0.4999 1.7774, 0.5069 0.5089 1.7774, 0.4309 0.5624 1.7774, 0.4323 0.5629 1.7774, 0.4645 0.5667 1.7774, 0.6068 0.5785 1.7774, 0.4772 0.5655 1.7774, 0.4903 0.5624 1.7774, 0.5116 0.5574 1.7774, 0.3444 0.4847 1.7774, 0.3656 0.5194 1.7774, 0.419 0.1774 1.7774, 0.3927 0.1872 1.7774, 0.3816 0.5361 1.7774, 0.4061 0.5531 1.7774, 0.3704 0.2023 1.7774, 0.3505 0.2246 1.7774, 0.3424 0.2404 1.7774, 0.328 0.2894 1.7774, 0.3226 0.358 1.7774, 0.3289 0.4335 1.7774, 0.5193 0.1835 1.7774, 0.4958 0.1762 1.7774, 0.6068 -0.1343 1.7774, 0.4951 0.176 1.7774, 0.2987 -0.1343 1.7774, 0.4516 0.173 1.7774, 0.4277 0.1762 1.7774, 0.6547 0.2079 1.7774, 0.672 0.1929 1.7774, 0.6845 0.1859 1.7774, 0.7803 0.356 1.7774, 0.7533 0.358 1.7774, 0.7576 0.2117 1.7774, 0.6512 0.513 1.7774, 0.6672 0.5344 1.7774, 0.693 0.5524 1.7774, 0.6424 0.2259 1.7774, 0.6313 0.2565 1.7774, 0.6264 0.2978 1.7774, 0.8002 0.351 1.7774, 0.6823 0.4398 1.7774, 0.6759 0.2978 1.7774, 0.69 0.4815 1.7774, 0.6848 0.4638 1.7774, 0.7555 0.3989 1.7774, 0.635 0.4398 1.7774, 0.6352 0.4484 1.7774, 0.6409 0.4877 1.7774, 0.7061 0.2256 1.7774, 0.7193 0.2184 1.7774, 0.7364 0.2135 1.7774, 0.8121 0.2277 1.7774, 0.8241 0.2386 1.7774, 0.8326 0.2514 1.7774, 0.8385 0.2669 1.7774, 0.8415 0.287 1.7774, 0.7738 0.2134 1.7774, 0.8414 0.291 1.7774, 0.8387 0.31 1.7774, 0.8338 0.3229 1.7774, 0.7296 0.3989 1.7774, 0.7296 0.358 1.7774, 0.6759 0.2962 1.7774, 0.68 0.2661 1.7774, 0.7785 0.5191 1.7774, 0.7576 0.5215 1.7774, 0.7357 0.5194 1.7774, 0.7192 0.5138 1.7774, 0.7741 0.4007 1.7774, 0.7936 0.4061 1.7774, 0.8068 0.4136 1.7774, 0.8151 0.4215 1.7774, 0.8219 0.4319 1.7774, 0.8265 0.4448 1.7774, 0.8286 0.4613 1.7774, 0.8271 0.4724 1.7774, 0.8221 0.4879 1.7774, 0.8156 0.4983 1.7774, 0.8068 0.5069 1.7774, 0.7942 0.5143 1.7774, 0.798 0.22 1.7774, 0.8256 0.3345 1.7774, 0.8154 0.3432 1.7774, 0.6874 0.247 1.7774, 0.6961 0.2346 1.7774, 0.7075 0.5062 1.7774, 0.6977 0.4955 1.7774, 0.7555 0.173 1.7774, 0.9149 -0.1343 1.7774, 0.7499 0.1731 1.7774, 0.7168 0.1762 1.7774, 0.7138 0.1765 1.7774, 0.8631 0.366 1.7774, 0.8766 0.3533 1.7774, 0.8482 0.3942 1.7774, 0.836 0.1889 1.7774, 0.8604 0.4064 1.7774, 0.8885 0.2508 1.7774, 0.8772 0.2274 1.7774, 0.8374 0.5453 1.7774, 0.9149 0.5624 1.7774, 0.8185 0.5553 1.7774, 0.7924 0.5624 1.7774, 0.8535 0.5312 1.7774, 0.8653 0.5144 1.7774, 0.8737 0.4928 1.7774, 0.8781 0.4656 1.7774, 0.8762 0.4428 1.7774, 0.8695 0.4213 1.7774, 0.8308 0.3838 1.7774, 0.8308 0.3817 1.7774, 0.8461 0.376 1.7774, 0.8944 0.2773 1.7774, 0.8587 0.2053 1.7774, 0.8564 0.2032 1.7774, 0.8869 0.3368 1.7774, 0.8931 0.3175 1.7774, 0.8953 0.2935 1.7774, 0.7197 0.5622 1.7774, 0.7214 0.5624 1.7774, 0.7598 0.5667 1.7774, 0.9149 0.5785 1.7774, 0.7858 0.5642 1.7774, 1.3223 0.1813 1.7774, 1.2978 0.1928 1.7774, 1.2317 0.1762 1.7774, 1.28 0.2073 1.7774, 1.2674 0.2242 1.7774, 1.2665 0.3494 1.7774, 1.2515 0.2763 1.7774, 1.3074 0.3473 1.7774, 1.3009 0.2763 1.7774, 1.2317 0.5624 1.7774, 1.2945 0.5581 1.7774, 1.4946 0.5581 1.7774, 1.4946 0.5108 1.7774, 2.2841 0.1762 1.7774, 2.2841 0.5624 1.7774, 1.2573 0.2471 1.7774, 1.3608 0.3819 1.7774, 1.3407 0.3752 1.7774, 1.3238 0.3644 1.7774, 1.3611 0.2115 1.7774, 1.3849 0.2096 1.7774, 1.3805 0.3838 1.7774, 1.3941 0.2108 1.7774, 1.4038 0.3805 1.7774, 1.4525 0.251 1.7774, 1.4601 0.2713 1.7774, 1.4645 0.2978 1.7774, 1.3091 0.2476 1.7774, 1.3175 0.2348 1.7774, 1.4989 0.231 1.7774, 1.4795 0.2074 1.7774, 1.4771 0.2052 1.7774, 1.4547 0.1893 1.7774, 1.3026 0.2666 1.7774, 1.328 0.2248 1.7774, 1.3432 0.2166 1.7774, 1.416 0.217 1.7774, 1.431 0.2255 1.7774, 1.4429 0.2367 1.7774, 1.4623 0.3167 1.7774, 1.4555 0.3389 1.7774, 1.4471 0.3535 1.7774, 1.3311 0.5108 1.7774, 1.316 0.4053 1.7774, 1.3318 0.4153 1.7774, 1.4357 0.3653 1.7774, 1.4217 0.3742 1.7774, 1.5125 0.3386 1.7774, 1.5182 0.3042 1.7774, 1.4427 0.4171 1.7774, 1.4671 0.4043 1.7774, 1.4875 0.3864 1.7774, 1.5019 0.3655 1.7774, 1.5173 0.2859 1.7774, 1.5111 0.2568 1.7774, 1.3573 0.4251 1.7774, 1.3892 0.429 1.7774, 1.4027 0.4274 1.7774, 1.426 0.1786 1.7774, 1.4051 0.1762 1.7774, 2.2841 -0.1343 1.7774, 1.2317 -0.1343 1.7774, 1.3762 0.173 1.7774, 1.361 0.1737 1.7774, 1.3483 0.1762 1.7774, -0.7515 -0.499 1.7774, -0.7107 -0.4677 1.7774, -0.6632 -0.4481 1.7774, -0.4154 -0.6382 1.7774, -0.4221 -0.6892 1.7774, -0.4136 -0.9335 1.7774, -0.6123 -0.8351 1.7774, -0.6632 -0.8283 1.7774, -0.7826 -0.9335 1.7774, -0.7107 -0.8087 1.7774, -0.5613 -0.8283 1.7774, -0.5138 -0.8087 1.7774, -0.6123 -0.4414 1.7774, -0.5613 -0.4481 1.7774, -0.5138 -0.4677 1.7774, -0.4731 -0.499 1.7774, -0.4418 -0.7366 1.7774, -0.4731 -0.7774 1.7774, -0.4418 -0.5398 1.7774, -0.4221 -0.5873 1.7774, -0.7515 -0.7774 1.7774, -0.7826 -0.7368 1.7774, -1.5086 -0.9335 1.7774, -0.7827 -0.7366 1.7774, -0.8024 -0.6892 1.7774, -0.8091 -0.6382 1.7774, -1.5086 -0.1343 1.7774, -0.8024 -0.5873 1.7774, 0.2987 2.1075 1.7774, 0.6068 2.1075 1.7774, 0.9149 2.1075 1.7774, 1.2317 0.5785 1.7774, 1.2317 2.1075 1.7774, 2.2841 0.5785 1.7774, 2.2841 2.1075 1.7774, -0.7826 2.1075 1.7774, 0.9345 0.2978 1.7774, 0.9345 0.3387 1.7774, 1.212 0.2978 1.7774, 1.212 0.3387 1.7774, -1.5086 2.1075 1.7774, -1.5086 0.5785 1.7774, -1.5086 0.5624 1.7774, -1.5086 0.1762 1.7774, -0.0083 -0.9335 1.7774, 0.2987 -0.9335 1.7774, 0.6068 -0.9335 1.7774, 0.9149 -0.9335 1.7774, 1.2317 -1.0319 1.7774, 0.9149 -1.0319 1.7774, 0.6068 -1.0319 1.7774, 0.2987 -1.0319 1.7774, -0.0083 -1.0319 1.7774, -0.4136 -1.0319 1.7774, -0.7826 -1.0319 1.7774, -1.5086 -1.0319 1.7774, 2.3242 -1.0516 0.99, 2.3243 -1.0516 0.99, 2.3224 -1.0516 1.0265, -0.4587 -1.0516 1.1928, -0.1044 -1.0516 1.1928, 0.0531 -1.0516 1.7578, -1.5086 -1.0516 1.7578, -0.7737 -1.0516 1.1869, -0.4587 -1.0516 1.0265, -0.7737 -1.0516 1.0294, -1.128 -1.0516 1.0294, 0.0531 -1.0516 0.99, 0.0531 -1.0516 1.0265, -0.1044 -1.0516 1.0265, -1.5469 -1.0516 1.0265, -1.5488 -1.0516 0.99, -1.5487 -1.0516 0.99, -0.1044 -1.0516 1.0235, -0.4587 -1.0516 1.0235, -1.128 -1.0516 1.1869, 0.2106 -1.0516 1.0294, 0.2106 -1.0516 1.1869, 0.5649 -1.0516 1.0294, 0.8799 -1.0516 1.1869, 1.2342 -1.0516 1.1869, 2.2841 -1.0516 1.7578, 0.8799 -1.0516 1.0294, 0.5649 -1.0516 1.1869, 1.2342 -1.0516 1.0294, 1.5491 -1.0516 1.0294, 1.5491 -1.0516 1.1869, 1.9035 -1.0516 1.1869, 1.9035 -1.0516 1.0294, -1.5086 2.127 1.7605, 2.2841 2.127 1.7605, -1.5738 2.3017 0.5176, 2.3492 2.3017 0.5176, -1.5927 2.2871 0.5176, -1.5276 2.1125 1.7595, -1.5256 2.1172 1.76, -1.5277 2.1119 1.7594, -1.5933 2.2819 0.5176, -1.5283 2.1075 1.7588, -1.5137 2.1263 1.7607, -1.5813 2.3002 0.5176, -1.5184 2.1243 1.7606, -1.5835 2.299 0.5176, -1.5207 2.1226 1.7605, -1.5857 2.2976 0.5176, -1.5225 2.1212 1.7604, -1.5876 2.2959 0.5176, -1.5238 2.1196 1.7602, -1.5893 2.294 0.5176, -1.5907 2.2918 0.5176, -1.5129 2.1264 1.7606, -1.5763 2.3015 0.5176, -1.5788 2.301 0.5176, 2.3518 2.3015 0.5176, 2.2884 2.1264 1.7606, 2.3543 2.301 0.5176, 2.2891 2.1263 1.7607, 2.3567 2.3002 0.5176, 2.2939 2.1243 1.7606, 2.359 2.299 0.5176, 2.3611 2.2976 0.5176, 2.2961 2.1226 1.7605, 2.3631 2.2959 0.5176, 2.2979 2.1212 1.7604, 2.3647 2.294 0.5176, 2.2992 2.1196 1.7602, 2.3662 2.2918 0.5176, 2.3011 2.1172 1.76, 2.303 2.1125 1.7595, 2.3681 2.2871 0.5176, 2.3688 2.2819 0.5176, 2.3031 2.1119 1.7594, 2.3037 2.1075 1.7588, 2.3688 2.1768 0.5176, 2.3956 -0.8932 0.0058, 2.3956 2.1768 0.0058, 2.3439 -1.0319 0.9924, 2.3037 -1.0319 1.7588, -1.5283 -1.0319 1.7588, -1.5933 2.1768 0.5176, -1.5684 -1.0319 0.9924, -1.6201 2.1768 0.0058, -1.6201 -0.8932 0.0058, 2.3951 -0.8977 0.0058, 2.3936 -0.9019 0.0058, 2.0019 -0.3227 0.0058, 1.6082 1.7831 0.0058, 1.6082 2.1768 0.0058, 2.0019 1.7831 0.0058, -1.6158 -0.9057 0.0058, -1.6182 -0.9019 0.0058, -1.2264 -0.3227 0.0058, -0.8327 2.1768 0.0058, -0.8327 1.7831 0.0058, -1.2264 1.7831 0.0058, -1.6196 -0.8977 0.0058, 2.3913 -0.9057 0.0058, 2.3881 -0.9089 0.0058, 2.3844 -0.9113 0.0058, -1.6047 -0.9128 0.0058, -1.6089 -0.9113 0.0058, -1.6127 -0.9089 0.0058, 2.3802 -0.9128 0.0058, 2.3757 -0.9133 0.0058, -1.6003 -0.9133 0.0058, 2.2841 2.1263 1.7635, -1.5086 2.1263 1.7635, 2.2841 2.1257 1.765, -1.5086 2.1257 1.765, 2.2841 2.1243 1.7681, -1.5086 2.1243 1.7681, 2.2841 2.1235 1.7691, -1.5086 2.1235 1.7691, 2.2841 2.1211 1.772, -1.5086 2.1211 1.772, 2.2841 2.1204 1.7725, -1.5086 2.1204 1.7725, 2.2841 2.1171 1.7749, -1.5086 2.1171 1.7749, 2.2841 2.1165 1.7752, -1.5086 2.1165 1.7752, 2.2841 2.1125 1.7768, -1.5086 2.1125 1.7768, 2.2841 2.1122 1.7768, -1.5086 2.1122 1.7768, -1.5488 -1.0516 0.99, -1.5531 -1.0511 0.9903, -1.5539 -1.0508 0.9904, -1.5573 -1.0497 0.9906, -1.5586 -1.0489 0.9907, -1.561 -1.0473 0.991, -1.5627 -1.0458 0.9912, -1.564 -1.0441 0.9914, -1.5658 -1.0417 0.9916, -1.5664 -1.0404 0.9917, -1.5678 -1.037 0.9921, -1.5679 -1.0363 0.9921, -1.5274 2.1075 1.7637, -1.5254 2.1075 1.7681, -1.525 2.1112 1.7681, -1.5253 2.1075 1.7682, -1.5222 2.1075 1.772, -1.5219 2.1105 1.772, -1.518 2.1096 1.7749, -1.5134 2.1086 1.7768, -1.5131 2.1097 1.7768, -1.5108 2.112 1.7768, -1.5117 2.1114 1.7768, -1.5097 2.1123 1.7768, -1.5135 2.1075 1.7768, -1.527 2.1117 1.7635, -1.5256 2.1157 1.7635, -1.5233 2.1192 1.7635, -1.5203 2.1222 1.7635, -1.5168 2.1245 1.7635, -1.5128 2.1259 1.7635, -1.5222 2.1075 1.772, -1.5182 2.1075 1.7749, -1.5182 2.1075 1.775, -1.5136 2.1075 1.7768, -1.5161 2.1135 1.7749, -1.5146 2.115 1.7749, -1.5128 2.1161 1.7749, -1.5108 2.1169 1.7749, -1.5173 2.1117 1.7749, -1.5125 2.1106 1.7768, -1.5209 2.1134 1.772, -1.5193 2.116 1.772, -1.5171 2.1181 1.772, -1.5145 2.1198 1.772, -1.5116 2.1208 1.772, -1.5237 2.1148 1.7681, -1.5217 2.118 1.7681, -1.5191 2.1206 1.7681, -1.5159 2.1226 1.7681, -1.5123 2.1238 1.7681, -1.5274 2.1075 1.7635, 2.2878 2.1238 1.7681, 2.2871 2.1208 1.772, 2.2862 2.1169 1.7749, 2.2852 2.1123 1.7768, 2.2862 2.112 1.7768, 2.2885 2.1097 1.7768, 2.288 2.1106 1.7768, 2.2889 2.1086 1.7768, 2.2883 2.1259 1.7635, 2.2922 2.1245 1.7635, 2.2958 2.1222 1.7635, 2.2988 2.1192 1.7635, 2.301 2.1157 1.7635, 2.3024 2.1117 1.7635, 2.3029 2.1075 1.7635, 2.289 2.1075 1.7768, 2.2901 2.115 1.7749, 2.2916 2.1135 1.7749, 2.2927 2.1117 1.7749, 2.2934 2.1096 1.7749, 2.2882 2.1161 1.7749, 2.2872 2.1114 1.7768, 2.289 2.1075 1.7768, 2.2936 2.1075 1.775, 2.2937 2.1075 1.7749, 2.2976 2.1075 1.772, 2.29 2.1198 1.772, 2.2926 2.1181 1.772, 2.2947 2.116 1.772, 2.2963 2.1134 1.772, 2.2973 2.1105 1.772, 2.2913 2.1226 1.7681, 2.2945 2.1206 1.7681, 2.2972 2.118 1.7681, 2.2992 2.1148 1.7681, 2.3004 2.1112 1.7681, 2.2977 2.1075 1.772, 2.3008 2.1075 1.7682, 2.3008 2.1075 1.7681, 2.3028 2.1075 1.7637, 2.3243 -1.0516 0.99, 2.3286 -1.0511 0.9903, 2.3294 -1.0508 0.9904, 2.3327 -1.0497 0.9906, 2.3341 -1.0489 0.9907, 2.3365 -1.0473 0.991, 2.3381 -1.0457 0.9912, 2.3396 -1.0442 0.9914, 2.3412 -1.0417 0.9916, 2.342 -1.0405 0.9917, 2.3432 -1.037 0.9921, 2.3434 -1.0363 0.9921, -1.513 -1.051 1.758, -1.5137 -1.0509 1.758, -1.5184 -1.049 1.7583, -1.5225 -1.0458 1.7585, -1.5208 -1.0472 1.7584, -1.5239 -1.0441 1.7586, -1.5256 -1.0417 1.7587, -1.5276 -1.037 1.7588, -1.5277 -1.0363 1.7588, -1.5278 -1.0319 1.762, -1.5273 -1.0319 1.7636, -1.5264 -1.0319 1.7662, -1.5252 -1.0319 1.7681, -1.5241 -1.0319 1.7699, -1.5221 -1.0319 1.772, -1.521 -1.0319 1.7731, -1.5181 -1.0319 1.7749, -1.5172 -1.0319 1.7755, -1.5135 -1.0319 1.7768, -1.513 -1.0319 1.7769, 2.3033 -1.0319 1.762, 2.3027 -1.0319 1.7636, 2.3019 -1.0319 1.7662, 2.3007 -1.0319 1.7681, 2.2995 -1.0319 1.7699, 2.2975 -1.0319 1.772, 2.2964 -1.0319 1.7731, 2.2936 -1.0319 1.7749, 2.2927 -1.0319 1.7755, 2.289 -1.0319 1.7768, 2.2885 -1.0319 1.7769, 2.3031 -1.037 1.7588, 2.3031 -1.037 1.7588, 2.3011 -1.0417 1.7587, 2.298 -1.0458 1.7585, 2.298 -1.0458 1.7585, 2.2939 -1.049 1.7583, 2.2892 -1.0509 1.758, 2.2892 -1.0509 1.758, -1.5086 -1.0489 1.7675, -1.5086 -1.0474 1.7699, -1.5121 -1.047 1.7699, -1.5105 -1.0403 1.7755, -1.5096 -1.0362 1.7769, -1.5105 -1.0359 1.7769, -1.5126 -1.0338 1.7769, -1.5121 -1.0347 1.7769, -1.5086 -1.0363 1.7769, -1.5129 -1.0507 1.762, -1.517 -1.0492 1.762, -1.5206 -1.0469 1.762, -1.5236 -1.0439 1.762, -1.5259 -1.0402 1.762, -1.5274 -1.0362 1.762, -1.5129 -1.0329 1.7769, -1.514 -1.0386 1.7755, -1.5153 -1.0373 1.7755, -1.5164 -1.0356 1.7755, -1.517 -1.0338 1.7755, -1.5086 -1.0457 1.7716, -1.5086 -1.0442 1.7731, -1.5114 -1.0439 1.7731, -1.5123 -1.0396 1.7755, -1.5114 -1.0354 1.7769, -1.5086 -1.0417 1.7747, -1.5086 -1.0405 1.7755, -1.5086 -1.037 1.7767, -1.514 -1.043 1.7731, -1.5163 -1.0416 1.7731, -1.5183 -1.0396 1.7731, -1.5197 -1.0373 1.7731, -1.5206 -1.0347 1.7731, -1.5153 -1.0458 1.7699, -1.5183 -1.044 1.7699, -1.5207 -1.0415 1.7699, -1.5225 -1.0386 1.7699, -1.5237 -1.0353 1.7699, -1.5086 -1.0508 1.7628, -1.5086 -1.0497 1.7662, -1.5126 -1.0493 1.7662, -1.5163 -1.0479 1.7662, -1.5197 -1.0458 1.7662, -1.5225 -1.043 1.7662, -1.5246 -1.0396 1.7662, -1.526 -1.0359 1.7662, -1.5086 -1.0511 1.762, 2.299 -1.0359 1.7699, 2.2924 -1.0341 1.7755, 2.2883 -1.033 1.7769, 2.2879 -1.0341 1.7769, 2.3026 -1.0369 1.762, 2.3007 -1.0415 1.762, 2.2977 -1.0455 1.762, 2.2937 -1.0486 1.762, 2.2891 -1.0505 1.762, 2.2841 -1.0511 1.762, 2.2841 -1.0363 1.7769, 2.2852 -1.0362 1.7769, 2.2841 -1.037 1.7767, 2.2863 -1.0357 1.7769, 2.2915 -1.0362 1.7755, 2.2872 -1.035 1.7769, 2.2901 -1.038 1.7755, 2.2884 -1.0393 1.7755, 2.2863 -1.0402 1.7755, 2.296 -1.0351 1.7731, 2.2948 -1.0381 1.7731, 2.2928 -1.0406 1.7731, 2.2902 -1.0426 1.7731, 2.2873 -1.0438 1.7731, 2.2841 -1.0405 1.7755, 2.2841 -1.0417 1.7747, 2.2841 -1.0442 1.7731, 2.2841 -1.0457 1.7716, 2.2881 -1.0468 1.7699, 2.2918 -1.0453 1.7699, 2.295 -1.0428 1.7699, 2.2975 -1.0396 1.7699, 2.3013 -1.0365 1.7662, 2.2995 -1.0408 1.7662, 2.2967 -1.0445 1.7662, 2.293 -1.0473 1.7662, 2.2887 -1.0491 1.7662, 2.2841 -1.0474 1.7699, 2.2841 -1.0489 1.7675, 2.2841 -1.0497 1.7662, 2.2841 -1.0508 1.7628
            ]
        }
        coordIndex [
            0,1,2,-1,3,4,5,-1,6,7,8,-1,9,10,11,-1,12,13,14,-1,15,16,17,-1,17,16,18,-1,17,18,19,-1,19,18,20,-1,19,20,21,-1,22,23,24,-1,24,23,25,-1,25,23,26,-1,26,23,27,-1,26,27,28,-1,29,15,30,-1,31,32,33,-1,33,32,34,-1,31,35,32,-1,32,35,36,-1,32,36,37,-1,38,39,14,-1,14,39,40,-1,14,40,12,-1,37,41,14,-1,14,41,42,-1,14,42,38,-1,34,32,43,-1,43,32,44,-1,43,44,45,-1,15,17,30,-1,30,17,46,-1,30,46,47,-1,47,48,30,-1,30,48,49,-1,30,49,50,-1,50,49,51,-1,50,51,52,-1,52,51,53,-1,52,53,45,-1,54,55,17,-1,17,55,56,-1,17,56,46,-1,57,58,19,-1,19,58,59,-1,19,59,60,-1,60,61,19,-1,19,61,62,-1,19,62,17,-1,17,62,63,-1,17,63,54,-1,13,64,65,-1,65,64,66,-1,64,67,66,-1,66,67,68,-1,66,68,19,-1,19,68,69,-1,19,69,57,-1,70,71,32,-1,72,73,74,-1,37,14,32,-1,32,14,75,-1,32,75,70,-1,74,73,76,-1,76,73,77,-1,76,77,14,-1,72,78,73,-1,73,78,79,-1,73,79,80,-1,81,82,83,-1,83,82,84,-1,83,84,85,-1,71,86,32,-1,32,86,87,-1,32,87,88,-1,89,90,74,-1,74,90,91,-1,74,91,92,-1,77,93,14,-1,14,93,94,-1,14,94,75,-1,75,94,95,-1,75,95,96,-1,96,97,75,-1,75,97,98,-1,75,98,84,-1,84,98,99,-1,84,99,100,-1,92,101,74,-1,74,101,102,-1,74,102,72,-1,100,103,84,-1,84,103,104,-1,84,104,105,-1,80,106,73,-1,73,106,107,-1,73,107,108,-1,105,109,84,-1,84,109,110,-1,84,110,111,-1,112,113,84,-1,84,113,114,-1,84,114,85,-1,83,115,81,-1,81,115,116,-1,81,116,117,-1,117,116,118,-1,111,119,84,-1,84,119,120,-1,84,120,112,-1,108,121,73,-1,73,121,122,-1,73,122,123,-1,88,124,32,-1,32,124,125,-1,32,125,44,-1,44,125,126,-1,44,126,127,-1,127,126,128,-1,127,128,129,-1,130,131,132,-1,133,134,135,-1,136,137,138,-1,131,139,132,-1,132,139,140,-1,132,140,141,-1,142,143,144,-1,134,145,135,-1,135,145,146,-1,135,146,147,-1,9,11,148,-1,149,150,141,-1,141,150,151,-1,142,144,141,-1,141,144,152,-1,141,152,149,-1,138,153,136,-1,136,153,154,-1,136,154,155,-1,155,154,156,-1,155,156,157,-1,157,156,158,-1,10,159,11,-1,11,159,160,-1,11,160,158,-1,158,160,161,-1,158,161,157,-1,143,142,11,-1,11,142,162,-1,11,162,163,-1,163,164,11,-1,11,164,165,-1,11,165,148,-1,166,127,74,-1,74,127,129,-1,74,129,89,-1,166,167,127,-1,127,167,168,-1,127,168,169,-1,168,170,169,-1,169,170,171,-1,169,171,132,-1,132,171,172,-1,132,172,130,-1,74,173,174,-1,175,176,76,-1,174,177,74,-1,74,177,178,-1,74,178,166,-1,176,179,76,-1,76,179,180,-1,76,180,181,-1,181,182,76,-1,76,182,183,-1,76,183,74,-1,74,183,184,-1,74,184,173,-1,147,185,135,-1,135,185,186,-1,135,186,187,-1,187,186,188,-1,187,188,189,-1,189,188,190,-1,189,190,191,-1,192,135,193,-1,193,135,194,-1,195,196,197,-1,198,199,132,-1,132,199,200,-1,192,201,135,-1,135,201,202,-1,135,202,203,-1,195,197,204,-1,205,203,206,-1,207,208,209,-1,210,211,132,-1,132,211,212,-1,132,212,198,-1,213,214,196,-1,196,214,215,-1,196,215,197,-1,205,210,203,-1,203,210,132,-1,203,132,135,-1,135,132,141,-1,135,141,133,-1,133,141,151,-1,216,217,218,-1,219,220,221,-1,221,220,222,-1,221,222,197,-1,197,222,223,-1,197,223,224,-1,209,208,225,-1,225,208,205,-1,225,205,226,-1,226,205,206,-1,226,206,196,-1,196,206,227,-1,196,227,228,-1,229,230,209,-1,209,230,231,-1,209,231,232,-1,233,234,235,-1,235,236,233,-1,233,236,237,-1,233,237,238,-1,238,239,233,-1,233,239,240,-1,233,240,209,-1,209,240,241,-1,209,241,242,-1,242,243,209,-1,209,243,244,-1,209,244,229,-1,219,221,218,-1,218,221,245,-1,218,245,216,-1,224,246,197,-1,197,246,247,-1,197,247,204,-1,228,248,196,-1,196,248,249,-1,196,249,213,-1,232,250,209,-1,209,250,251,-1,209,251,207,-1,7,252,253,-1,253,252,187,-1,252,254,187,-1,187,254,255,-1,187,255,135,-1,135,255,256,-1,135,256,194,-1,257,258,259,-1,6,8,260,-1,259,258,261,-1,262,263,8,-1,264,265,266,-1,266,265,267,-1,264,268,265,-1,265,268,269,-1,265,269,270,-1,270,271,265,-1,265,271,272,-1,265,272,258,-1,258,272,273,-1,258,273,261,-1,274,275,259,-1,259,275,276,-1,259,276,257,-1,262,8,277,-1,263,278,8,-1,8,278,279,-1,8,279,260,-1,258,280,265,-1,265,280,281,-1,265,281,282,-1,200,283,132,-1,132,283,284,-1,132,284,169,-1,169,284,285,-1,169,285,286,-1,286,285,287,-1,286,287,267,-1,288,289,290,-1,290,289,291,-1,290,291,292,-1,293,294,295,-1,295,294,296,-1,297,298,299,-1,300,301,299,-1,299,301,302,-1,299,302,297,-1,292,303,290,-1,290,303,294,-1,290,294,297,-1,297,294,293,-1,297,293,298,-1,304,305,296,-1,296,305,306,-1,296,306,295,-1,307,308,309,-1,309,308,310,-1,309,310,311,-1,312,313,310,-1,310,313,314,-1,315,316,309,-1,317,318,301,-1,301,318,319,-1,301,319,320,-1,304,296,309,-1,309,296,321,-1,309,321,315,-1,316,322,309,-1,309,322,323,-1,309,323,307,-1,324,325,310,-1,310,325,326,-1,310,326,312,-1,314,327,310,-1,310,327,328,-1,310,328,329,-1,330,331,332,-1,329,333,310,-1,310,333,334,-1,310,334,311,-1,335,336,301,-1,337,338,300,-1,300,338,339,-1,300,339,301,-1,301,339,340,-1,301,340,335,-1,336,341,301,-1,301,341,342,-1,301,342,317,-1,332,343,330,-1,330,343,344,-1,330,344,300,-1,300,344,345,-1,300,345,337,-1,320,346,301,-1,301,346,347,-1,301,347,348,-1,348,347,349,-1,347,350,349,-1,349,350,351,-1,349,351,352,-1,4,353,5,-1,5,353,354,-1,5,354,355,-1,356,357,358,-1,359,360,361,-1,361,360,362,-1,359,361,363,-1,363,361,358,-1,363,358,364,-1,365,366,66,-1,66,366,367,-1,66,367,368,-1,357,369,358,-1,358,369,370,-1,358,370,364,-1,368,371,66,-1,66,371,372,-1,66,372,356,-1,362,373,361,-1,361,373,374,-1,361,374,375,-1,375,374,376,-1,376,377,375,-1,375,377,378,-1,375,378,379,-1,379,378,380,-1,45,44,52,-1,52,44,127,-1,52,127,381,-1,381,127,169,-1,381,169,382,-1,382,169,286,-1,382,286,383,-1,383,286,384,-1,383,384,385,-1,385,384,386,-1,385,386,387,-1,50,388,30,-1,30,388,28,-1,30,28,29,-1,29,28,27,-1,267,265,286,-1,286,265,297,-1,286,297,384,-1,384,297,302,-1,384,302,386,-1,8,389,390,-1,389,8,391,-1,391,8,290,-1,391,290,392,-1,392,290,297,-1,392,297,390,-1,390,297,265,-1,390,265,8,-1,8,265,282,-1,8,282,277,-1,7,253,8,-1,8,253,349,-1,8,349,290,-1,290,349,352,-1,290,352,288,-1,13,65,14,-1,14,65,189,-1,14,189,76,-1,76,189,191,-1,76,191,175,-1,21,24,19,-1,19,24,25,-1,19,25,66,-1,66,25,5,-1,66,5,365,-1,365,5,355,-1,388,393,28,-1,28,393,394,-1,28,394,26,-1,26,394,395,-1,26,395,25,-1,25,395,396,-1,25,396,5,-1,5,396,379,-1,5,379,3,-1,3,379,380,-1,356,358,66,-1,66,358,397,-1,66,397,65,-1,65,397,398,-1,65,398,189,-1,189,398,399,-1,189,399,187,-1,187,399,400,-1,187,400,253,-1,253,400,2,-1,253,2,349,-1,349,2,1,-1,349,1,348,-1,0,2,401,-1,401,2,400,-1,401,400,402,-1,402,400,399,-1,402,399,403,-1,403,399,398,-1,403,398,404,-1,404,398,397,-1,404,397,405,-1,405,397,358,-1,405,358,406,-1,406,358,361,-1,406,361,407,-1,407,361,375,-1,407,375,408,-1,409,410,411,-1,412,413,414,-1,414,415,412,-1,412,415,416,-1,412,416,417,-1,417,416,418,-1,417,418,419,-1,420,421,422,-1,423,424,425,-1,422,426,420,-1,420,426,427,-1,420,427,425,-1,425,427,417,-1,425,417,423,-1,423,417,419,-1,423,419,415,-1,415,419,428,-1,415,428,416,-1,421,429,430,-1,429,421,431,-1,432,433,434,-1,435,432,436,-1,436,432,434,-1,436,434,430,-1,430,434,414,-1,430,414,421,-1,421,414,413,-1,421,413,422,-1,436,431,435,-1,435,431,421,-1,435,421,437,-1,420,409,421,-1,421,409,411,-1,421,411,437,-1,437,411,438,-1,437,438,433,-1,433,438,439,-1,433,439,434,-1,434,439,440,-1,434,440,411,-1,411,440,441,-1,411,441,438,-1,442,443,444,-1,444,443,445,-1,446,447,448,-1,447,446,449,-1,449,446,450,-1,449,450,451,-1,452,453,454,-1,454,453,455,-1,454,455,456,-1,456,455,457,-1,456,457,458,-1,458,457,459,-1,458,459,460,-1,460,459,461,-1,460,461,448,-1,448,461,462,-1,448,462,446,-1,442,444,463,-1,463,444,464,-1,463,464,452,-1,452,464,465,-1,452,465,453,-1,445,443,466,-1,466,443,467,-1,466,467,468,-1,468,467,469,-1,468,469,470,-1,470,469,471,-1,470,471,472,-1,472,471,473,-1,473,471,474,-1,473,474,475,-1,475,474,476,-1,475,476,477,-1,477,476,478,-1,477,478,479,-1,478,480,479,-1,479,480,481,-1,479,481,482,-1,482,481,483,-1,483,481,484,-1,483,484,485,-1,486,483,485,-1,487,488,489,-1,489,488,486,-1,489,486,490,-1,490,486,485,-1,451,450,491,-1,491,450,492,-1,491,492,493,-1,493,492,494,-1,493,494,495,-1,496,497,498,-1,499,500,501,-1,501,500,488,-1,501,488,498,-1,498,488,487,-1,498,487,496,-1,502,503,504,-1,505,506,494,-1,494,506,507,-1,494,507,495,-1,495,507,504,-1,495,504,508,-1,508,504,503,-1,497,509,498,-1,498,509,510,-1,498,510,511,-1,512,513,504,-1,504,513,514,-1,504,514,502,-1,511,515,498,-1,498,515,516,-1,498,516,504,-1,504,516,517,-1,504,517,512,-1,516,409,517,-1,517,409,420,-1,517,420,425,-1,443,442,518,-1,518,442,519,-1,518,519,520,-1,520,519,521,-1,520,521,522,-1,522,521,523,-1,522,523,524,-1,524,523,525,-1,524,525,526,-1,526,525,527,-1,526,527,528,-1,528,527,529,-1,528,529,530,-1,530,529,531,-1,530,531,532,-1,532,531,533,-1,532,533,534,-1,534,533,535,-1,534,535,536,-1,535,537,536,-1,536,537,393,-1,536,393,387,-1,512,517,425,-1,425,538,512,-1,512,538,539,-1,512,539,513,-1,539,540,513,-1,513,540,541,-1,513,541,514,-1,514,541,542,-1,542,543,514,-1,514,543,544,-1,514,544,502,-1,544,545,502,-1,502,545,546,-1,502,546,503,-1,546,547,503,-1,503,547,548,-1,503,548,508,-1,548,549,508,-1,508,549,493,-1,508,493,495,-1,550,551,552,-1,553,554,555,-1,556,557,558,-1,393,559,560,-1,561,559,393,-1,558,557,393,-1,562,393,557,-1,449,563,447,-1,447,563,564,-1,447,564,448,-1,448,564,565,-1,448,565,460,-1,460,565,458,-1,458,565,566,-1,458,566,456,-1,456,566,567,-1,456,567,454,-1,454,567,452,-1,452,567,568,-1,452,568,463,-1,463,568,519,-1,463,519,442,-1,537,561,393,-1,569,570,556,-1,556,570,571,-1,556,571,557,-1,557,571,572,-1,557,572,562,-1,573,560,574,-1,574,560,559,-1,574,559,575,-1,575,559,561,-1,575,561,576,-1,554,569,555,-1,555,569,556,-1,555,556,577,-1,577,556,558,-1,577,558,578,-1,578,558,393,-1,537,535,561,-1,561,535,533,-1,561,533,576,-1,576,533,531,-1,576,531,529,-1,579,573,580,-1,580,573,574,-1,580,574,581,-1,581,574,575,-1,581,575,582,-1,582,575,576,-1,582,576,583,-1,583,576,529,-1,552,579,584,-1,584,579,580,-1,584,580,585,-1,585,580,581,-1,585,581,586,-1,586,581,582,-1,586,582,587,-1,587,582,583,-1,587,583,588,-1,551,553,552,-1,552,553,555,-1,552,555,579,-1,579,555,577,-1,579,577,573,-1,573,577,578,-1,573,578,560,-1,560,578,393,-1,449,451,563,-1,563,451,589,-1,563,589,550,-1,529,527,583,-1,583,527,525,-1,583,525,588,-1,588,525,523,-1,588,523,521,-1,550,552,563,-1,563,552,584,-1,563,584,564,-1,564,584,585,-1,564,585,565,-1,565,585,586,-1,565,586,566,-1,566,586,587,-1,566,587,567,-1,567,587,588,-1,567,588,568,-1,568,588,521,-1,568,521,519,-1,520,522,590,-1,524,526,591,-1,592,593,594,-1,387,595,596,-1,597,595,387,-1,594,593,387,-1,536,387,593,-1,467,598,469,-1,469,598,599,-1,469,599,471,-1,471,599,600,-1,471,600,474,-1,474,600,476,-1,476,600,601,-1,476,601,478,-1,478,601,602,-1,478,602,480,-1,480,602,481,-1,481,602,603,-1,481,603,484,-1,484,603,604,-1,484,604,485,-1,605,597,387,-1,528,530,592,-1,592,530,532,-1,592,532,593,-1,593,532,534,-1,593,534,536,-1,606,596,607,-1,607,596,595,-1,607,595,608,-1,608,595,597,-1,608,597,609,-1,526,528,591,-1,591,528,592,-1,591,592,610,-1,610,592,594,-1,610,594,611,-1,611,594,387,-1,605,612,597,-1,597,612,613,-1,597,613,609,-1,609,613,614,-1,609,614,615,-1,616,606,617,-1,617,606,607,-1,617,607,618,-1,618,607,608,-1,618,608,619,-1,619,608,609,-1,619,609,620,-1,620,609,615,-1,590,616,621,-1,621,616,617,-1,621,617,622,-1,622,617,618,-1,622,618,623,-1,623,618,619,-1,623,619,624,-1,624,619,620,-1,624,620,625,-1,522,524,590,-1,590,524,591,-1,590,591,616,-1,616,591,610,-1,616,610,606,-1,606,610,611,-1,606,611,596,-1,596,611,387,-1,467,443,598,-1,598,443,518,-1,598,518,520,-1,615,626,620,-1,620,626,627,-1,620,627,625,-1,625,627,628,-1,625,628,629,-1,520,590,598,-1,598,590,621,-1,598,621,599,-1,599,621,622,-1,599,622,600,-1,600,622,623,-1,600,623,601,-1,601,623,624,-1,601,624,602,-1,602,624,625,-1,602,625,603,-1,603,625,629,-1,603,629,604,-1,630,409,516,-1,630,516,631,-1,631,516,515,-1,631,515,632,-1,632,515,511,-1,632,511,633,-1,633,511,634,-1,634,511,510,-1,634,510,635,-1,635,510,636,-1,636,510,509,-1,636,509,637,-1,637,509,638,-1,638,509,497,-1,638,497,639,-1,639,497,640,-1,640,497,496,-1,640,496,641,-1,641,496,487,-1,641,487,489,-1,423,415,642,-1,424,423,539,-1,539,423,642,-1,539,642,540,-1,540,642,643,-1,540,643,541,-1,541,643,644,-1,546,545,645,-1,645,545,544,-1,645,544,646,-1,646,544,543,-1,646,543,644,-1,644,543,542,-1,644,542,541,-1,645,647,546,-1,546,647,648,-1,546,648,547,-1,547,648,649,-1,491,493,650,-1,650,493,549,-1,650,549,649,-1,649,549,548,-1,649,548,547,-1,589,451,491,-1,589,491,550,-1,491,651,550,-1,550,651,652,-1,550,652,551,-1,551,652,553,-1,652,653,553,-1,553,653,654,-1,553,654,554,-1,554,654,569,-1,654,655,569,-1,569,655,656,-1,569,656,570,-1,570,656,571,-1,656,657,571,-1,571,657,658,-1,571,658,572,-1,572,658,562,-1,658,659,562,-1,562,659,660,-1,562,660,393,-1,393,660,661,-1,393,661,408,-1,662,490,485,-1,662,485,663,-1,485,604,663,-1,663,604,629,-1,663,629,664,-1,664,629,665,-1,629,628,665,-1,665,628,627,-1,665,627,666,-1,666,627,626,-1,666,626,667,-1,667,626,615,-1,667,615,668,-1,668,615,614,-1,668,614,669,-1,669,614,613,-1,669,613,670,-1,670,613,612,-1,670,612,671,-1,671,612,605,-1,671,605,672,-1,672,605,387,-1,672,387,0,-1,489,490,641,-1,641,490,673,-1,641,673,640,-1,640,673,674,-1,640,674,639,-1,639,674,675,-1,639,675,638,-1,638,675,637,-1,637,675,676,-1,637,676,636,-1,636,676,677,-1,636,677,635,-1,635,677,678,-1,635,678,634,-1,634,678,633,-1,633,678,679,-1,633,679,632,-1,680,434,411,-1,679,680,632,-1,632,680,411,-1,632,411,631,-1,631,411,410,-1,681,682,683,-1,684,685,686,-1,408,687,688,-1,686,685,408,-1,689,408,685,-1,642,690,643,-1,643,690,691,-1,643,691,644,-1,644,691,692,-1,644,692,646,-1,646,692,645,-1,645,692,693,-1,645,693,647,-1,647,693,694,-1,647,694,648,-1,648,694,649,-1,649,694,695,-1,649,695,650,-1,650,695,651,-1,650,651,491,-1,408,661,696,-1,696,661,660,-1,687,408,696,-1,697,688,698,-1,698,688,687,-1,698,687,699,-1,699,687,696,-1,699,696,700,-1,700,696,660,-1,701,702,703,-1,703,702,684,-1,703,684,704,-1,704,684,686,-1,704,686,705,-1,705,686,408,-1,702,706,684,-1,684,706,707,-1,684,707,685,-1,685,707,708,-1,685,708,689,-1,709,697,710,-1,710,697,698,-1,710,698,711,-1,711,698,699,-1,711,699,712,-1,712,699,700,-1,712,700,713,-1,660,659,700,-1,700,659,658,-1,700,658,713,-1,713,658,657,-1,713,657,656,-1,683,709,714,-1,714,709,710,-1,714,710,715,-1,715,710,711,-1,715,711,716,-1,716,711,712,-1,716,712,717,-1,717,712,713,-1,717,713,718,-1,718,713,656,-1,719,720,721,-1,721,720,681,-1,681,683,721,-1,721,683,714,-1,721,714,722,-1,722,714,715,-1,722,715,723,-1,723,715,716,-1,723,716,724,-1,724,716,717,-1,724,717,725,-1,725,717,718,-1,725,718,726,-1,682,701,683,-1,683,701,703,-1,683,703,709,-1,709,703,704,-1,709,704,697,-1,697,704,705,-1,697,705,688,-1,688,705,408,-1,642,415,690,-1,690,415,727,-1,690,727,719,-1,656,655,718,-1,718,655,654,-1,718,654,726,-1,726,654,653,-1,726,653,652,-1,719,721,690,-1,690,721,722,-1,690,722,691,-1,691,722,723,-1,691,723,692,-1,692,723,724,-1,692,724,693,-1,693,724,725,-1,693,725,694,-1,694,725,726,-1,694,726,695,-1,695,726,652,-1,695,652,651,-1,665,666,728,-1,729,730,731,-1,731,730,0,-1,672,0,730,-1,673,732,674,-1,674,732,733,-1,674,733,675,-1,675,733,734,-1,675,734,676,-1,676,734,677,-1,677,734,735,-1,677,735,678,-1,678,735,736,-1,678,736,679,-1,679,736,680,-1,680,736,737,-1,680,737,434,-1,0,738,739,-1,739,738,740,-1,741,0,739,-1,742,743,744,-1,744,743,741,-1,744,741,745,-1,745,741,739,-1,745,739,746,-1,746,739,740,-1,668,669,729,-1,729,669,670,-1,729,670,730,-1,730,670,671,-1,730,671,672,-1,747,742,748,-1,748,742,744,-1,748,744,749,-1,749,744,745,-1,749,745,750,-1,750,745,746,-1,750,746,751,-1,740,752,746,-1,746,752,753,-1,746,753,751,-1,751,753,754,-1,751,754,755,-1,755,756,751,-1,751,756,757,-1,751,757,750,-1,750,757,758,-1,750,758,749,-1,749,758,759,-1,749,759,748,-1,748,759,728,-1,748,728,747,-1,747,728,666,-1,747,666,667,-1,663,664,760,-1,760,664,665,-1,665,728,760,-1,760,728,759,-1,760,759,761,-1,761,759,758,-1,761,758,762,-1,762,758,757,-1,762,757,763,-1,763,757,756,-1,763,756,764,-1,743,0,741,-1,667,668,747,-1,747,668,729,-1,747,729,742,-1,742,729,731,-1,742,731,743,-1,743,731,0,-1,673,490,732,-1,732,490,662,-1,732,662,663,-1,755,765,756,-1,756,765,766,-1,756,766,764,-1,764,766,767,-1,764,767,768,-1,663,760,732,-1,732,760,761,-1,732,761,733,-1,733,761,762,-1,733,762,734,-1,734,762,763,-1,734,763,735,-1,735,763,764,-1,735,764,736,-1,736,764,768,-1,736,768,737,-1,415,414,727,-1,727,414,719,-1,0,408,738,-1,738,408,689,-1,738,689,740,-1,740,689,708,-1,740,708,752,-1,752,708,707,-1,752,707,753,-1,753,707,706,-1,753,706,754,-1,754,706,702,-1,754,702,755,-1,755,702,701,-1,755,701,765,-1,765,701,682,-1,765,682,766,-1,766,682,681,-1,766,681,767,-1,767,681,720,-1,767,720,768,-1,768,720,719,-1,768,719,737,-1,737,719,414,-1,737,414,434,-1,
        ]
    }
}
Shape{
    appearance Appearance {
        material  Material 	{
            diffuseColor 0.7686274509803922 0.7686274509803922 0.7686274509803922
            specularColor 0.615686274509804 0.615686274509804 0.615686274509804
            ambientIntensity 0.7686
            transparency 0.0
            shininess 0.5
        }
    }
    geometry IndexedFaceSet {
        ccw TRUE
        solid FALSE
        coord DEF co Coordinate {
            point [
                1.6082 2.1768 0.5176, 2.3688 2.1768 0.5176, 1.6082 2.1768 0.0058, 2.3956 2.1768 0.0058, -0.8327 2.1768 0.0058, -1.6201 2.1768 0.0058, -0.8327 2.1768 0.5176, -1.5933 2.1768 0.5176, 1.6082 1.7831 0.5176, 2.0019 1.7831 0.5176, 2.0019 -0.3227 0.5176, -1.2264 -0.3227 0.5176, -1.2264 1.7831 0.5176, -0.8327 1.7831 0.5176, 2.3611 2.2976 0.5176, 2.3631 2.2959 0.5176, 2.3647 2.294 0.5176, 2.3662 2.2918 0.5176, -1.5763 2.3015 0.5176, -1.5738 2.3017 0.5176, 2.3681 2.2871 0.5176, 2.3688 2.2819 0.5176, -1.5933 2.2819 0.5176, 2.3492 2.3017 0.5176, 2.3518 2.3015 0.5176, 2.3543 2.301 0.5176, -1.5927 2.2871 0.5176, -1.5907 2.2918 0.5176, -1.5893 2.294 0.5176, 2.3567 2.3002 0.5176, 2.359 2.299 0.5176, -1.5876 2.2959 0.5176, -1.5857 2.2976 0.5176, -1.5835 2.299 0.5176, -1.5813 2.3002 0.5176, -1.5788 2.301 0.5176, -1.2264 1.7831 0.0058, -1.2264 -0.3227 0.0058, 2.0019 -0.3227 0.0058, 2.0019 1.7831 0.0058, 1.6082 1.7831 0.0058, -0.8327 1.7831 0.0058, 0.5649 -2.7916 0.0059, 0.2106 -2.7916 0.0059, 0.5649 -2.3262 0.0303, 0.2106 -2.3262 0.0303, 0.5649 -2.7998 0.1632, 0.5649 -2.3344 0.1876, 0.2106 -2.7998 0.1632, 0.2106 -2.3344 0.1876, 0.2106 -2.2628 0.0411, 0.5649 -2.2628 0.0411, 0.2106 -2.2037 0.0664, 0.5649 -2.2037 0.0664, 0.2106 -2.152 0.1046, 0.5649 -2.152 0.1046, 0.2106 -2.1105 0.1538, 0.5649 -2.1105 0.1538, 0.2106 -2.0816 0.2112, 0.5649 -2.0816 0.2112, 0.5649 -2.3073 0.1922, 0.5649 -2.2819 0.203, 0.5649 -2.2598 0.2194, 0.5649 -2.242 0.2405, 0.5649 -2.2296 0.2651, 0.2106 -2.2296 0.2651, 0.2106 -2.242 0.2405, 0.2106 -2.2598 0.2194, 0.2106 -2.2819 0.203, 0.2106 -2.3073 0.1922, 0.5649 -1.8121 0.9517, 0.2106 -1.8121 0.9517, 0.5649 -1.9601 1.0056, 0.2106 -1.9601 1.0056, 0.2106 -1.7012 1.0294, 0.5649 -1.7012 1.0294, 0.2106 -1.7297 1.0259, 0.5649 -1.7297 1.0259, 0.2106 -1.7566 1.0156, 0.5649 -1.7566 1.0156, 0.2106 -1.7802 0.9991, 0.5649 -1.7802 0.9991, 0.2106 -1.7991 0.9773, 0.5649 -1.7991 0.9773, 0.5649 -1.7012 1.1869, 0.5649 -1.7678 1.1787, 0.5649 -1.8305 1.1546, 0.5649 -1.8856 1.1161, 0.5649 -1.9296 1.0654, 0.2106 -1.9296 1.0654, 0.2106 -1.8856 1.1161, 0.2106 -1.8305 1.1546, 0.2106 -1.7678 1.1787, 0.2106 -1.7012 1.1869, 0.2106 -1.0516 1.0294, 0.2106 -1.0516 1.1869, 0.5649 -1.0516 1.0294, 0.5649 -1.0516 1.1869, -1.128 -2.7998 0.1632, -0.7737 -2.7998 0.1632, -1.128 -2.3344 0.1876, -0.7737 -2.3344 0.1876, -1.128 -2.7916 0.0059, -1.128 -2.3262 0.0303, -0.7737 -2.7916 0.0059, -0.7737 -2.3262 0.0303, -0.7737 -2.2296 0.2651, -1.128 -2.2296 0.2651, -0.7737 -2.242 0.2405, -1.128 -2.242 0.2405, -0.7737 -2.2598 0.2194, -1.128 -2.2598 0.2194, -0.7737 -2.2819 0.203, -1.128 -2.2819 0.203, -0.7737 -2.3073 0.1922, -1.128 -2.3073 0.1922, -1.128 -2.0816 0.2112, -1.128 -2.1105 0.1538, -1.128 -2.152 0.1046, -1.128 -2.2037 0.0664, -1.128 -2.2628 0.0411, -0.7737 -2.2628 0.0411, -0.7737 -2.2037 0.0664, -0.7737 -2.152 0.1046, -0.7737 -2.1105 0.1538, -0.7737 -2.0816 0.2112, -1.128 -1.9601 1.0056, -0.7737 -1.9601 1.0056, -1.128 -1.8121 0.9517, -0.7737 -1.8121 0.9517, -0.7737 -1.9296 1.0654, -1.128 -1.9296 1.0654, -0.7737 -1.8856 1.1161, -1.128 -1.8856 1.1161, -0.7737 -1.8305 1.1546, -1.128 -1.8305 1.1546, -0.7737 -1.7678 1.1787, -1.128 -1.7678 1.1787, -0.7737 -1.7012 1.1869, -1.128 -1.7012 1.1869, -1.128 -1.7991 0.9773, -1.128 -1.7802 0.9991, -1.128 -1.7566 1.0156, -1.128 -1.7297 1.0259, -1.128 -1.7012 1.0294, -0.7737 -1.7012 1.0294, -0.7737 -1.7297 1.0259, -0.7737 -1.7566 1.0156, -0.7737 -1.7802 0.9991, -0.7737 -1.7991 0.9773, -0.7737 -1.0516 1.1869, -0.7737 -1.0516 1.0294, -1.128 -1.0516 1.1869, -1.128 -1.0516 1.0294, -0.4587 -2.8001 0.1691, -0.1044 -2.8001 0.1691, -0.4587 -2.3347 0.1934, -0.1044 -2.3347 0.1934, -0.4587 -2.7913 0.0, -0.4587 -2.3259 0.0244, -0.1044 -2.7913 0.0, -0.1044 -2.3259 0.0244, -0.1044 -2.2352 0.2671, -0.4587 -2.2352 0.2671, -0.1044 -2.2469 0.2437, -0.4587 -2.2469 0.2437, -0.1044 -2.2638 0.2237, -0.4587 -2.2638 0.2237, -0.1044 -2.2849 0.2081, -0.4587 -2.2849 0.2081, -0.1044 -2.3089 0.1979, -0.4587 -2.3089 0.1979, -0.4587 -2.0761 0.2092, -0.4587 -2.1056 0.1505, -0.4587 -2.1479 0.1003, -0.4587 -2.2007 0.0612, -0.4587 -2.2611 0.0355, -0.1044 -2.2611 0.0355, -0.1044 -2.2007 0.0612, -0.1044 -2.1479 0.1003, -0.1044 -2.1056 0.1505, -0.1044 -2.0761 0.2092, -0.4587 -1.9657 1.0076, -0.1044 -1.9657 1.0076, -0.4587 -1.8066 0.9497, -0.1044 -1.8066 0.9497, -0.1044 -1.9345 1.0687, -0.4587 -1.9345 1.0687, -0.1044 -1.8895 1.1205, -0.4587 -1.8895 1.1205, -0.1044 -1.8333 1.1598, -0.4587 -1.8333 1.1598, -0.1044 -1.7693 1.1844, -0.4587 -1.7693 1.1844, -0.1044 -1.7012 1.1928, -0.4587 -1.7012 1.1928, -0.4587 -1.7942 0.974, -0.4587 -1.7762 0.9947, -0.4587 -1.7538 1.0104, -0.4587 -1.7283 1.0202, -0.4587 -1.7012 1.0235, -0.1044 -1.7012 1.0235, -0.1044 -1.7283 1.0202, -0.1044 -1.7538 1.0104, -0.1044 -1.7762 0.9947, -0.1044 -1.7942 0.974, -0.1044 -1.0516 1.0235, -0.1044 -1.0516 1.0265, -0.1044 -1.0516 1.1928, -0.4587 -1.0516 1.1928, -0.4587 -1.0516 1.0235, -0.4587 -1.0516 1.0265, 0.8799 -2.7998 0.1632, 1.2342 -2.7998 0.1632, 0.8799 -2.3344 0.1876, 1.2342 -2.3344 0.1876, 0.8799 -2.7916 0.0059, 0.8799 -2.3262 0.0303, 1.2342 -2.7916 0.0059, 1.2342 -2.3262 0.0303, 1.2342 -2.2296 0.2651, 0.8799 -2.2296 0.2651, 1.2342 -2.242 0.2405, 0.8799 -2.242 0.2405, 1.2342 -2.2598 0.2194, 0.8799 -2.2598 0.2194, 1.2342 -2.2819 0.203, 0.8799 -2.2819 0.203, 1.2342 -2.3073 0.1922, 0.8799 -2.3073 0.1922, 0.8799 -2.0816 0.2112, 0.8799 -2.1105 0.1538, 0.8799 -2.152 0.1046, 0.8799 -2.2037 0.0664, 0.8799 -2.2628 0.0411, 1.2342 -2.2628 0.0411, 1.2342 -2.2037 0.0664, 1.2342 -2.152 0.1046, 1.2342 -2.1105 0.1538, 1.2342 -2.0816 0.2112, 0.8799 -1.9601 1.0056, 1.2342 -1.9601 1.0056, 0.8799 -1.8121 0.9517, 1.2342 -1.8121 0.9517, 1.2342 -1.9296 1.0654, 0.8799 -1.9296 1.0654, 1.2342 -1.8856 1.1161, 0.8799 -1.8856 1.1161, 1.2342 -1.8305 1.1546, 0.8799 -1.8305 1.1546, 1.2342 -1.7678 1.1787, 0.8799 -1.7678 1.1787, 1.2342 -1.7012 1.1869, 0.8799 -1.7012 1.1869, 0.8799 -1.7991 0.9773, 0.8799 -1.7802 0.9991, 0.8799 -1.7566 1.0156, 0.8799 -1.7297 1.0259, 0.8799 -1.7012 1.0294, 1.2342 -1.7012 1.0294, 1.2342 -1.7297 1.0259, 1.2342 -1.7566 1.0156, 1.2342 -1.7802 0.9991, 1.2342 -1.7991 0.9773, 1.2342 -1.0516 1.1869, 1.2342 -1.0516 1.0294, 0.8799 -1.0516 1.1869, 0.8799 -1.0516 1.0294, 1.5491 -2.7998 0.1632, 1.9035 -2.7998 0.1632, 1.5491 -2.3344 0.1876, 1.9035 -2.3344 0.1876, 1.5491 -2.7916 0.0059, 1.5491 -2.3262 0.0303, 1.9035 -2.7916 0.0059, 1.9035 -2.3262 0.0303, 1.9035 -2.2296 0.2651, 1.5491 -2.2296 0.2651, 1.9035 -2.242 0.2405, 1.5491 -2.242 0.2405, 1.9035 -2.2598 0.2194, 1.5491 -2.2598 0.2194, 1.9035 -2.2819 0.203, 1.5491 -2.2819 0.203, 1.9035 -2.3073 0.1922, 1.5491 -2.3073 0.1922, 1.5491 -2.0816 0.2112, 1.5491 -2.1105 0.1538, 1.5491 -2.152 0.1046, 1.5491 -2.2037 0.0664, 1.5491 -2.2628 0.0411, 1.9035 -2.2628 0.0411, 1.9035 -2.2037 0.0664, 1.9035 -2.152 0.1046, 1.9035 -2.1105 0.1538, 1.9035 -2.0816 0.2112, 1.5491 -1.9601 1.0056, 1.9035 -1.9601 1.0056, 1.5491 -1.8121 0.9517, 1.9035 -1.8121 0.9517, 1.9035 -1.9296 1.0654, 1.5491 -1.9296 1.0654, 1.9035 -1.8856 1.1161, 1.5491 -1.8856 1.1161, 1.9035 -1.8305 1.1546, 1.5491 -1.8305 1.1546, 1.9035 -1.7678 1.1787, 1.5491 -1.7678 1.1787, 1.9035 -1.7012 1.1869, 1.5491 -1.7012 1.1869, 1.5491 -1.7991 0.9773, 1.5491 -1.7802 0.9991, 1.5491 -1.7566 1.0156, 1.5491 -1.7297 1.0259, 1.5491 -1.7012 1.0294, 1.9035 -1.7012 1.0294, 1.9035 -1.7297 1.0259, 1.9035 -1.7566 1.0156, 1.9035 -1.7802 0.9991, 1.9035 -1.7991 0.9773, 1.9035 -1.0516 1.1869, 1.9035 -1.0516 1.0294, 1.5491 -1.0516 1.1869, 1.5491 -1.0516 1.0294
            ]
        }
        coordIndex [
            0,1,2,-1,2,1,3,-1,4,5,6,-1,6,5,7,-1,8,9,10,-1,11,12,13,-1,14,15,0,-1,0,15,16,-1,0,16,17,-1,18,19,6,-1,6,19,0,-1,6,0,13,-1,13,0,8,-1,13,8,11,-1,11,8,10,-1,17,20,0,-1,0,20,21,-1,0,21,1,-1,6,7,22,-1,19,23,0,-1,0,23,24,-1,0,24,25,-1,22,26,6,-1,6,26,27,-1,6,27,28,-1,25,29,0,-1,0,29,30,-1,0,30,14,-1,28,31,6,-1,6,31,32,-1,6,32,33,-1,33,34,6,-1,6,34,35,-1,6,35,18,-1,12,11,36,-1,36,11,37,-1,11,10,37,-1,37,10,38,-1,10,9,38,-1,38,9,39,-1,9,8,39,-1,39,8,40,-1,8,0,40,-1,40,0,2,-1,6,13,4,-1,4,13,41,-1,13,12,41,-1,41,12,36,-1,42,43,44,-1,44,43,45,-1,46,42,47,-1,47,42,44,-1,48,46,49,-1,49,46,47,-1,43,48,45,-1,45,48,49,-1,44,45,50,-1,44,50,51,-1,51,50,52,-1,51,52,53,-1,53,52,54,-1,53,54,55,-1,55,54,56,-1,55,56,57,-1,57,56,58,-1,57,58,59,-1,47,44,60,-1,60,44,51,-1,60,51,61,-1,61,51,53,-1,61,53,62,-1,62,53,55,-1,62,55,63,-1,63,55,57,-1,63,57,64,-1,64,57,59,-1,64,65,63,-1,63,65,66,-1,63,66,62,-1,62,66,67,-1,62,67,61,-1,61,67,68,-1,61,68,60,-1,60,68,69,-1,60,69,47,-1,47,69,49,-1,65,58,66,-1,66,58,56,-1,66,56,67,-1,67,56,54,-1,67,54,68,-1,68,54,52,-1,68,52,69,-1,69,52,50,-1,69,50,49,-1,49,50,45,-1,59,58,70,-1,70,58,71,-1,64,59,72,-1,72,59,70,-1,65,64,73,-1,73,64,72,-1,58,65,71,-1,71,65,73,-1,74,75,76,-1,76,75,77,-1,76,77,78,-1,78,77,79,-1,78,79,80,-1,80,79,81,-1,80,81,82,-1,82,81,83,-1,82,83,71,-1,71,83,70,-1,75,84,77,-1,77,84,85,-1,77,85,79,-1,79,85,86,-1,79,86,81,-1,81,86,87,-1,81,87,83,-1,83,87,88,-1,83,88,70,-1,70,88,72,-1,73,72,88,-1,73,88,89,-1,89,88,87,-1,89,87,90,-1,90,87,86,-1,90,86,91,-1,91,86,85,-1,91,85,92,-1,92,85,84,-1,92,84,93,-1,71,73,82,-1,82,73,89,-1,82,89,80,-1,80,89,90,-1,80,90,78,-1,78,90,91,-1,78,91,76,-1,76,91,92,-1,76,92,74,-1,74,92,93,-1,74,93,94,-1,94,93,95,-1,75,74,96,-1,96,74,94,-1,84,75,97,-1,97,75,96,-1,93,84,95,-1,95,84,97,-1,42,46,43,-1,43,46,48,-1,98,99,100,-1,100,99,101,-1,102,98,103,-1,103,98,100,-1,104,102,105,-1,105,102,103,-1,99,104,101,-1,101,104,105,-1,106,107,108,-1,108,107,109,-1,108,109,110,-1,110,109,111,-1,110,111,112,-1,112,111,113,-1,112,113,114,-1,114,113,115,-1,114,115,101,-1,101,115,100,-1,107,116,109,-1,109,116,117,-1,109,117,111,-1,111,117,118,-1,111,118,113,-1,113,118,119,-1,113,119,115,-1,115,119,120,-1,115,120,100,-1,100,120,103,-1,105,103,120,-1,105,120,121,-1,121,120,119,-1,121,119,122,-1,122,119,118,-1,122,118,123,-1,123,118,117,-1,123,117,124,-1,124,117,116,-1,124,116,125,-1,101,105,114,-1,114,105,121,-1,114,121,112,-1,112,121,122,-1,112,122,110,-1,110,122,123,-1,110,123,108,-1,108,123,124,-1,108,124,106,-1,106,124,125,-1,107,106,126,-1,126,106,127,-1,116,107,128,-1,128,107,126,-1,125,116,129,-1,129,116,128,-1,106,125,127,-1,127,125,129,-1,126,127,130,-1,126,130,131,-1,131,130,132,-1,131,132,133,-1,133,132,134,-1,133,134,135,-1,135,134,136,-1,135,136,137,-1,137,136,138,-1,137,138,139,-1,128,126,140,-1,140,126,131,-1,140,131,141,-1,141,131,133,-1,141,133,142,-1,142,133,135,-1,142,135,143,-1,143,135,137,-1,143,137,144,-1,144,137,139,-1,144,145,143,-1,143,145,146,-1,143,146,142,-1,142,146,147,-1,142,147,141,-1,141,147,148,-1,141,148,140,-1,140,148,149,-1,140,149,128,-1,128,149,129,-1,145,138,146,-1,146,138,136,-1,146,136,147,-1,147,136,134,-1,147,134,148,-1,148,134,132,-1,148,132,149,-1,149,132,130,-1,149,130,129,-1,129,130,127,-1,138,145,150,-1,150,145,151,-1,139,138,152,-1,152,138,150,-1,144,139,153,-1,153,139,152,-1,145,144,151,-1,151,144,153,-1,98,102,99,-1,99,102,104,-1,154,155,156,-1,156,155,157,-1,158,154,159,-1,159,154,156,-1,160,158,161,-1,161,158,159,-1,155,160,157,-1,157,160,161,-1,162,163,164,-1,164,163,165,-1,164,165,166,-1,166,165,167,-1,166,167,168,-1,168,167,169,-1,168,169,170,-1,170,169,171,-1,170,171,157,-1,157,171,156,-1,163,172,165,-1,165,172,173,-1,165,173,167,-1,167,173,174,-1,167,174,169,-1,169,174,175,-1,169,175,171,-1,171,175,176,-1,171,176,156,-1,156,176,159,-1,161,159,176,-1,161,176,177,-1,177,176,175,-1,177,175,178,-1,178,175,174,-1,178,174,179,-1,179,174,173,-1,179,173,180,-1,180,173,172,-1,180,172,181,-1,157,161,170,-1,170,161,177,-1,170,177,168,-1,168,177,178,-1,168,178,166,-1,166,178,179,-1,166,179,164,-1,164,179,180,-1,164,180,162,-1,162,180,181,-1,163,162,182,-1,182,162,183,-1,172,163,184,-1,184,163,182,-1,181,172,185,-1,185,172,184,-1,162,181,183,-1,183,181,185,-1,182,183,186,-1,182,186,187,-1,187,186,188,-1,187,188,189,-1,189,188,190,-1,189,190,191,-1,191,190,192,-1,191,192,193,-1,193,192,194,-1,193,194,195,-1,184,182,196,-1,196,182,187,-1,196,187,197,-1,197,187,189,-1,197,189,198,-1,198,189,191,-1,198,191,199,-1,199,191,193,-1,199,193,200,-1,200,193,195,-1,200,201,199,-1,199,201,202,-1,199,202,198,-1,198,202,203,-1,198,203,197,-1,197,203,204,-1,197,204,196,-1,196,204,205,-1,196,205,184,-1,184,205,185,-1,201,194,202,-1,202,194,192,-1,202,192,203,-1,203,192,190,-1,203,190,204,-1,204,190,188,-1,204,188,205,-1,205,188,186,-1,205,186,185,-1,185,186,183,-1,201,206,194,-1,194,206,207,-1,194,207,208,-1,195,194,209,-1,209,194,208,-1,210,200,211,-1,211,200,195,-1,211,195,209,-1,201,200,206,-1,206,200,210,-1,154,158,155,-1,155,158,160,-1,212,213,214,-1,214,213,215,-1,216,212,217,-1,217,212,214,-1,218,216,219,-1,219,216,217,-1,213,218,215,-1,215,218,219,-1,220,221,222,-1,222,221,223,-1,222,223,224,-1,224,223,225,-1,224,225,226,-1,226,225,227,-1,226,227,228,-1,228,227,229,-1,228,229,215,-1,215,229,214,-1,221,230,223,-1,223,230,231,-1,223,231,225,-1,225,231,232,-1,225,232,227,-1,227,232,233,-1,227,233,229,-1,229,233,234,-1,229,234,214,-1,214,234,217,-1,219,217,234,-1,219,234,235,-1,235,234,233,-1,235,233,236,-1,236,233,232,-1,236,232,237,-1,237,232,231,-1,237,231,238,-1,238,231,230,-1,238,230,239,-1,215,219,228,-1,228,219,235,-1,228,235,226,-1,226,235,236,-1,226,236,224,-1,224,236,237,-1,224,237,222,-1,222,237,238,-1,222,238,220,-1,220,238,239,-1,221,220,240,-1,240,220,241,-1,230,221,242,-1,242,221,240,-1,239,230,243,-1,243,230,242,-1,220,239,241,-1,241,239,243,-1,240,241,244,-1,240,244,245,-1,245,244,246,-1,245,246,247,-1,247,246,248,-1,247,248,249,-1,249,248,250,-1,249,250,251,-1,251,250,252,-1,251,252,253,-1,242,240,254,-1,254,240,245,-1,254,245,255,-1,255,245,247,-1,255,247,256,-1,256,247,249,-1,256,249,257,-1,257,249,251,-1,257,251,258,-1,258,251,253,-1,258,259,257,-1,257,259,260,-1,257,260,256,-1,256,260,261,-1,256,261,255,-1,255,261,262,-1,255,262,254,-1,254,262,263,-1,254,263,242,-1,242,263,243,-1,259,252,260,-1,260,252,250,-1,260,250,261,-1,261,250,248,-1,261,248,262,-1,262,248,246,-1,262,246,263,-1,263,246,244,-1,263,244,243,-1,243,244,241,-1,252,259,264,-1,264,259,265,-1,253,252,266,-1,266,252,264,-1,258,253,267,-1,267,253,266,-1,259,258,265,-1,265,258,267,-1,212,216,213,-1,213,216,218,-1,268,269,270,-1,270,269,271,-1,272,268,273,-1,273,268,270,-1,274,272,275,-1,275,272,273,-1,269,274,271,-1,271,274,275,-1,276,277,278,-1,278,277,279,-1,278,279,280,-1,280,279,281,-1,280,281,282,-1,282,281,283,-1,282,283,284,-1,284,283,285,-1,284,285,271,-1,271,285,270,-1,277,286,279,-1,279,286,287,-1,279,287,281,-1,281,287,288,-1,281,288,283,-1,283,288,289,-1,283,289,285,-1,285,289,290,-1,285,290,270,-1,270,290,273,-1,275,273,290,-1,275,290,291,-1,291,290,289,-1,291,289,292,-1,292,289,288,-1,292,288,293,-1,293,288,287,-1,293,287,294,-1,294,287,286,-1,294,286,295,-1,271,275,284,-1,284,275,291,-1,284,291,282,-1,282,291,292,-1,282,292,280,-1,280,292,293,-1,280,293,278,-1,278,293,294,-1,278,294,276,-1,276,294,295,-1,277,276,296,-1,296,276,297,-1,286,277,298,-1,298,277,296,-1,295,286,299,-1,299,286,298,-1,276,295,297,-1,297,295,299,-1,296,297,300,-1,296,300,301,-1,301,300,302,-1,301,302,303,-1,303,302,304,-1,303,304,305,-1,305,304,306,-1,305,306,307,-1,307,306,308,-1,307,308,309,-1,298,296,310,-1,310,296,301,-1,310,301,311,-1,311,301,303,-1,311,303,312,-1,312,303,305,-1,312,305,313,-1,313,305,307,-1,313,307,314,-1,314,307,309,-1,314,315,313,-1,313,315,316,-1,313,316,312,-1,312,316,317,-1,312,317,311,-1,311,317,318,-1,311,318,310,-1,310,318,319,-1,310,319,298,-1,298,319,299,-1,315,308,316,-1,316,308,306,-1,316,306,317,-1,317,306,304,-1,317,304,318,-1,318,304,302,-1,318,302,319,-1,319,302,300,-1,319,300,299,-1,299,300,297,-1,308,315,320,-1,320,315,321,-1,309,308,322,-1,322,308,320,-1,314,309,323,-1,323,309,322,-1,315,314,321,-1,321,314,323,-1,268,272,269,-1,269,272,274,-1,
        ]
    }
}
Shape{
    appearance Appearance {
        material  Material 	{
            diffuseColor 0.45098039215686275 0.43137254901960786 0.4196078431372549
            specularColor 0.03137254901960784 0.03137254901960784 0.03137254901960784
            ambientIntensity 0.6221
            transparency 0.0
            shininess 0.5
        }
    }
    geometry IndexedFaceSet {
        ccw TRUE
        solid FALSE
        coord DEF co Coordinate {
            point [
                -0.7562 0.528 1.7774, -0.7562 0.528 1.7735, -0.7562 0.5624 1.7774, -0.7562 0.5732 1.7735, -0.7562 0.5732 1.7774, -0.4378 0.5732 1.7735, -0.4378 0.5732 1.7774, -0.4378 0.528 1.7735, -0.4378 0.528 1.7774, -0.4378 0.5624 1.7774, -0.5711 0.528 1.7735, -0.5711 0.528 1.7774, -0.5711 0.1795 1.7735, -0.5711 0.1795 1.7774, -0.6228 0.1795 1.7735, -0.6228 0.1795 1.7774, -0.6228 0.528 1.7735, -0.6228 0.528 1.7774, -0.1108 0.4824 1.7735, -0.094 0.4487 1.7735, -0.0368 0.4449 1.7735, -0.0267 0.3752 1.7735, -0.0604 0.5012 1.7735, -0.0783 0.528 1.7735, -0.1304 0.5052 1.7735, -0.1108 0.5554 1.7735, -0.1532 0.5213 1.7735, -0.1465 0.5727 1.7735, -0.1814 0.5326 1.7735, -0.2182 0.5387 1.7735, -0.2546 0.2212 1.7735, -0.2309 0.1733 1.7735, -0.2182 0.216 1.7735, -0.2182 0.173 1.7735, -0.1954 0.2188 1.7735, -0.1623 0.1792 1.7735, -0.1603 0.2295 1.7735, -0.1231 0.1934 1.7735, -0.1351 0.245 1.7735, -0.0923 0.2136 1.7735, -0.1153 0.2649 1.7735, -0.0762 0.2289 1.7735, -0.0993 0.2913 1.7735, -0.048 0.2746 1.7735, -0.0872 0.3271 1.7735, -0.0314 0.3282 1.7735, -0.0805 0.3752 1.7735, -0.082 0.3943 1.7735, -0.4 0.3007 1.7735, -0.3751 0.2461 1.7735, -0.3253 0.2682 1.7735, -0.3666 0.2332 1.7735, -0.3062 0.2471 1.7735, -0.3377 0.2067 1.7735, -0.2833 0.2319 1.7735, -0.3082 0.19 1.7735, -0.2623 0.1765 1.7735, -0.1953 0.5829 1.7735, -0.2182 0.5839 1.7735, -0.2528 0.5339 1.7735, -0.2749 0.5776 1.7735, -0.2798 0.5243 1.7735, -0.3134 0.5635 1.7735, -0.304 0.5087 1.7735, -0.3472 0.5409 1.7735, -0.3228 0.4888 1.7735, -0.3801 0.4983 1.7735, -0.338 0.4625 1.7735, -0.3498 0.4255 1.7735, -0.3394 0.2936 1.7735, -0.3518 0.3365 1.7735, -0.4118 0.3752 1.7735, -0.3558 0.3752 1.7735, -0.4112 0.3874 1.7735, -0.4005 0.451 1.7735, -0.0762 0.2289 1.7774, -0.048 0.2746 1.7774, -0.0314 0.3282 1.7774, -0.0267 0.3752 1.7774, -0.1891 0.1762 1.7774, -0.2182 0.173 1.7774, -0.1623 0.1792 1.7774, -0.1231 0.1934 1.7774, -0.0923 0.2136 1.7774, -0.3666 0.2332 1.7774, -0.3377 0.2067 1.7774, -0.3082 0.19 1.7774, -0.2623 0.1765 1.7774, -0.2597 0.1762 1.7774, -0.2309 0.1733 1.7774, -0.4118 0.3752 1.7774, -0.4 0.3007 1.7774, -0.3751 0.2461 1.7774, -0.3472 0.5409 1.7774, -0.3801 0.4983 1.7774, -0.4005 0.451 1.7774, -0.4112 0.3874 1.7774, -0.2182 0.5839 1.7774, -0.2662 0.5785 1.7774, -0.3151 0.5624 1.7774, -0.3134 0.5635 1.7774, -0.2749 0.5776 1.7774, -0.0783 0.528 1.7774, -0.1108 0.5554 1.7774, -0.1253 0.5624 1.7774, -0.1465 0.5727 1.7774, -0.1743 0.5785 1.7774, -0.1953 0.5829 1.7774, -0.0368 0.4449 1.7774, -0.0604 0.5012 1.7774, -0.2182 0.5387 1.7774, -0.1814 0.5326 1.7774, -0.1532 0.5213 1.7774, -0.1304 0.5052 1.7774, -0.1108 0.4824 1.7774, -0.094 0.4487 1.7774, -0.082 0.3943 1.7774, -0.0805 0.3752 1.7774, -0.0872 0.3271 1.7774, -0.0993 0.2913 1.7774, -0.1153 0.2649 1.7774, -0.1351 0.245 1.7774, -0.1603 0.2295 1.7774, -0.1954 0.2188 1.7774, -0.2182 0.216 1.7774, -0.2546 0.2212 1.7774, -0.2833 0.2319 1.7774, -0.3062 0.2471 1.7774, -0.3253 0.2682 1.7774, -0.3394 0.2936 1.7774, -0.3518 0.3365 1.7774, -0.3558 0.3752 1.7774, -0.3498 0.4255 1.7774, -0.338 0.4625 1.7774, -0.3228 0.4888 1.7774, -0.304 0.5087 1.7774, -0.2798 0.5243 1.7774, -0.2528 0.5339 1.7774
            ]
        }
        coordIndex [
            0,1,2,-1,2,1,3,-1,2,3,4,-1,3,5,4,-1,4,5,6,-1,7,8,5,-1,5,8,9,-1,5,9,6,-1,7,10,8,-1,8,10,11,-1,10,12,11,-1,11,12,13,-1,12,14,13,-1,13,14,15,-1,14,16,15,-1,15,16,17,-1,16,1,17,-1,17,1,0,-1,5,3,16,-1,16,3,1,-1,7,5,10,-1,10,5,16,-1,10,16,12,-1,12,16,14,-1,18,19,20,-1,20,19,21,-1,20,22,18,-1,18,22,23,-1,18,23,24,-1,24,23,25,-1,24,25,26,-1,26,25,27,-1,26,27,28,-1,28,27,29,-1,30,31,32,-1,32,31,33,-1,32,33,34,-1,34,33,35,-1,34,35,36,-1,36,35,37,-1,36,37,38,-1,38,37,39,-1,38,39,40,-1,40,39,41,-1,40,41,42,-1,42,41,43,-1,42,43,44,-1,44,43,45,-1,44,45,46,-1,46,45,21,-1,46,21,47,-1,47,21,19,-1,48,49,50,-1,50,49,51,-1,50,51,52,-1,52,51,53,-1,52,53,54,-1,54,53,55,-1,54,55,30,-1,30,55,56,-1,30,56,31,-1,27,57,29,-1,29,57,58,-1,29,58,59,-1,59,58,60,-1,59,60,61,-1,61,60,62,-1,61,62,63,-1,63,62,64,-1,63,64,65,-1,65,64,66,-1,65,66,67,-1,67,66,68,-1,50,69,48,-1,48,69,70,-1,48,70,71,-1,71,70,72,-1,71,72,73,-1,73,72,68,-1,73,68,74,-1,74,68,66,-1,41,75,76,-1,41,76,43,-1,43,76,77,-1,43,77,45,-1,45,77,78,-1,45,78,21,-1,35,33,79,-1,79,33,80,-1,79,81,35,-1,35,81,82,-1,35,82,37,-1,37,82,83,-1,37,83,39,-1,39,83,75,-1,39,75,41,-1,80,33,31,-1,51,84,85,-1,51,85,53,-1,53,85,86,-1,53,86,55,-1,55,86,87,-1,55,87,56,-1,56,87,88,-1,56,88,31,-1,31,88,89,-1,31,89,80,-1,71,90,91,-1,71,91,48,-1,48,91,92,-1,48,92,49,-1,49,92,84,-1,49,84,51,-1,64,93,94,-1,64,94,66,-1,66,94,95,-1,66,95,74,-1,74,95,96,-1,74,96,73,-1,73,96,90,-1,73,90,71,-1,58,97,60,-1,60,97,98,-1,93,64,99,-1,99,64,62,-1,99,62,100,-1,100,62,60,-1,100,60,101,-1,101,60,98,-1,97,58,57,-1,23,102,103,-1,23,103,25,-1,25,103,104,-1,25,104,27,-1,104,105,27,-1,27,105,106,-1,27,106,57,-1,57,106,107,-1,57,107,97,-1,21,78,108,-1,21,108,20,-1,20,108,109,-1,20,109,22,-1,22,109,102,-1,22,102,23,-1,29,110,111,-1,29,111,28,-1,28,111,112,-1,28,112,26,-1,26,112,113,-1,26,113,24,-1,24,113,114,-1,24,114,18,-1,18,114,115,-1,18,115,19,-1,19,115,116,-1,19,116,47,-1,47,116,117,-1,47,117,46,-1,46,117,118,-1,46,118,44,-1,44,118,119,-1,44,119,42,-1,42,119,120,-1,42,120,40,-1,40,120,121,-1,40,121,38,-1,38,121,122,-1,38,122,36,-1,36,122,123,-1,36,123,34,-1,34,123,124,-1,34,124,32,-1,32,124,125,-1,32,125,30,-1,30,125,126,-1,30,126,54,-1,54,126,127,-1,54,127,52,-1,52,127,128,-1,52,128,50,-1,50,128,129,-1,50,129,69,-1,69,129,130,-1,69,130,70,-1,70,130,131,-1,70,131,72,-1,72,131,132,-1,72,132,68,-1,68,132,133,-1,68,133,67,-1,67,133,134,-1,67,134,65,-1,65,134,135,-1,65,135,63,-1,63,135,136,-1,63,136,61,-1,61,136,137,-1,61,137,59,-1,59,137,110,-1,59,110,29,-1,
        ]
    }
}
Shape{
    appearance Appearance {
        material  Material 	{
            diffuseColor 0.25098039215686274 0.25098039215686274 0.25098039215686274
            specularColor 0.07450980392156863 0.07450980392156863 0.07450980392156863
            ambientIntensity 0.251
            transparency 0.0
            shininess 0.5
        }
    }
    geometry IndexedFaceSet {
        ccw TRUE
        solid FALSE
        coord DEF co Coordinate {
            point [
                -0.338 0.4625 1.7774, -0.3498 0.4255 1.7774, -0.082 0.3943 1.7774, -0.0993 0.2913 1.7774, -0.0872 0.3271 1.7774, -0.3518 0.3365 1.7774, -0.1954 0.2188 1.7774, -0.2182 0.216 1.7774, -0.2546 0.2212 1.7774, -0.1153 0.2649 1.7774, -0.3558 0.3752 1.7774, -0.0805 0.3752 1.7774, -0.1532 0.5213 1.7774, -0.1814 0.5326 1.7774, -0.2182 0.5387 1.7774, -0.2528 0.5339 1.7774, -0.2798 0.5243 1.7774, -0.3394 0.2936 1.7774, -0.3253 0.2682 1.7774, -0.2833 0.2319 1.7774, -0.3062 0.2471 1.7774, -0.1603 0.2295 1.7774, -0.1351 0.245 1.7774, -0.1304 0.5052 1.7774, -0.094 0.4487 1.7774, -0.1108 0.4824 1.7774, -0.304 0.5087 1.7774, -0.3228 0.4888 1.7774
            ]
        }
        coordIndex [
            0,1,2,-1,3,4,5,-1,6,5,7,-1,7,5,8,-1,3,5,9,-1,1,10,2,-1,2,10,5,-1,2,5,11,-1,11,5,4,-1,12,13,2,-1,13,14,2,-1,2,14,15,-1,2,15,16,-1,5,17,8,-1,8,17,18,-1,8,18,19,-1,19,18,20,-1,6,21,5,-1,5,21,22,-1,5,22,9,-1,12,2,23,-1,23,2,24,-1,23,24,25,-1,16,26,2,-1,2,26,27,-1,2,27,0,-1,
        ]
    }
}
Shape{
    appearance Appearance {
        material  Material 	{
            diffuseColor 0.45098039215686275 0.43137254901960786 0.4196078431372549
            specularColor 0.03137254901960784 0.03137254901960784 0.03137254901960784
            ambientIntensity 0.6221
            transparency 0.0
            shininess 0.5
        }
    }
    geometry IndexedFaceSet {
        ccw TRUE
        solid FALSE
        coord DEF co Coordinate {
            point [
                0.0682 0.4269 1.7735, 0.0187 0.4269 1.7735, 0.0682 0.4269 1.7774, 0.0187 0.4269 1.7774, 0.0532 0.5301 1.7735, 0.0532 0.5301 1.7774, 0.0344 0.5021 1.7774, 0.0344 0.5021 1.7735, 0.0229 0.4687 1.7774, 0.0229 0.4687 1.7735, 0.1521 0.5667 1.7735, 0.1521 0.5667 1.7774, 0.1104 0.5621 1.7735, 0.1129 0.5624 1.7774, 0.1104 0.5621 1.7774, 0.0835 0.5526 1.7774, 0.0835 0.5526 1.7735, 0.0633 0.5396 1.7774, 0.0633 0.5396 1.7735, 0.2109 0.5541 1.7774, 0.2316 0.5421 1.7735, 0.2316 0.5421 1.7774, 0.2485 0.5263 1.7735, 0.2485 0.5263 1.7774, 0.2609 0.5072 1.7735, 0.2609 0.5072 1.7774, 0.27 0.4823 1.7735, 0.27 0.4823 1.7774, 0.2747 0.4505 1.7735, 0.2747 0.4505 1.7774, 0.1824 0.5624 1.7774, 0.177 0.564 1.7735, 0.2109 0.5541 1.7735, 0.177 0.564 1.7774, 0.1693 0.3214 1.7735, 0.1693 0.3214 1.7774, 0.2183 0.349 1.7774, 0.2183 0.349 1.7735, 0.2498 0.3776 1.7774, 0.2498 0.3776 1.7735, 0.2642 0.3993 1.7774, 0.2642 0.3993 1.7735, 0.2722 0.4212 1.7774, 0.2722 0.4212 1.7735, 0.1285 0.2978 1.7735, 0.1285 0.2978 1.7774, 0.0639 0.2246 1.7735, 0.0639 0.2246 1.7774, 0.0692 0.2421 1.7774, 0.0692 0.2421 1.7735, 0.0791 0.2584 1.7774, 0.0791 0.2584 1.7735, 0.0993 0.2785 1.7774, 0.0993 0.2785 1.7735, 0.2747 0.2246 1.7735, 0.2747 0.2246 1.7774, 0.2747 0.1795 1.7735, 0.2747 0.1795 1.7774, 0.0101 0.1795 1.7735, 0.0101 0.1795 1.7774, 0.1005 0.3322 1.7735, 0.1005 0.3322 1.7774, 0.0654 0.3082 1.7774, 0.0654 0.3082 1.7735, 0.0404 0.2806 1.7774, 0.0404 0.2806 1.7735, 0.0229 0.2482 1.7774, 0.0229 0.2482 1.7735, 0.013 0.2115 1.7774, 0.013 0.2115 1.7735, 0.1521 0.3623 1.7735, 0.1521 0.3623 1.7774, 0.2081 0.4032 1.7735, 0.2081 0.4032 1.7774, 0.1814 0.381 1.7774, 0.1814 0.381 1.7735, 0.2231 0.4527 1.7735, 0.2231 0.4527 1.7774, 0.2195 0.4267 1.7774, 0.2195 0.4267 1.7735, 0.2118 0.4092 1.7774, 0.2118 0.4092 1.7735, 0.1457 0.5215 1.7735, 0.1457 0.5215 1.7774, 0.1684 0.5189 1.7774, 0.1684 0.5189 1.7735, 0.1858 0.5133 1.7774, 0.1858 0.5133 1.7735, 0.1987 0.5056 1.7774, 0.1987 0.5056 1.7735, 0.2044 0.5005 1.7774, 0.2044 0.5005 1.7735, 0.2135 0.4884 1.7774, 0.2135 0.4884 1.7735, 0.2193 0.4745 1.7774, 0.2193 0.4745 1.7735, 0.2231 0.453 1.7774, 0.2231 0.453 1.7735, 0.0711 0.4566 1.7774, 0.0711 0.4566 1.7735, 0.0772 0.478 1.7774, 0.0772 0.478 1.7735, 0.0853 0.4933 1.7774, 0.0853 0.4933 1.7735, 0.0952 0.5048 1.7774, 0.0952 0.5048 1.7735, 0.1068 0.5129 1.7774, 0.1068 0.5129 1.7735, 0.1206 0.5183 1.7774, 0.1206 0.5183 1.7735, 0.1416 0.5214 1.7774, 0.1416 0.5214 1.7735, 0.3742 0.3774 1.7735, 0.3785 0.2978 1.7735, 0.3817 0.3221 1.7735, 0.3881 0.341 1.7735, 0.3965 0.355 1.7735, 0.382 0.3894 1.7735, 0.4081 0.3663 1.7735, 0.3962 0.4041 1.7735, 0.4215 0.3743 1.7735, 0.3927 0.1872 1.7735, 0.419 0.1774 1.7735, 0.4385 0.2142 1.7735, 0.4602 0.2117 1.7735, 0.4516 0.173 1.7735, 0.4769 0.214 1.7735, 0.4951 0.176 1.7735, 0.4923 0.2192 1.7735, 0.5193 0.1835 1.7735, 0.5062 0.2278 1.7735, 0.5351 0.1926 1.7735, 0.5169 0.2388 1.7735, 0.5484 0.2053 1.7735, 0.5255 0.2532 1.7735, 0.57 0.2342 1.7735, 0.532 0.2731 1.7735, 0.5821 0.2633 1.7735, 0.5355 0.2999 1.7735, 0.5872 0.3021 1.7735, 0.533 0.3207 1.7735, 0.583 0.3349 1.7735, 0.526 0.3424 1.7735, 0.574 0.3618 1.7735, 0.5181 0.3554 1.7735, 0.5613 0.382 1.7735, 0.5077 0.3659 1.7735, 0.545 0.398 1.7735, 0.4945 0.374 1.7735, 0.5237 0.4108 1.7735, 0.4785 0.3793 1.7735, 0.4911 0.4211 1.7735, 0.4581 0.3817 1.7735, 0.4645 0.4247 1.7735, 0.4417 0.3802 1.7735, 0.4341 0.4216 1.7735, 0.4127 0.4144 1.7735, 0.4211 0.22 1.7735, 0.4084 0.2277 1.7735, 0.3704 0.2023 1.7735, 0.3971 0.239 1.7735, 0.3505 0.2246 1.7735, 0.3886 0.2526 1.7735, 0.3424 0.2404 1.7735, 0.3817 0.2734 1.7735, 0.328 0.2894 1.7735, 0.5312 0.4634 1.7735, 0.5786 0.4634 1.7735, 0.5307 0.4658 1.7735, 0.5727 0.4925 1.7735, 0.5243 0.4863 1.7735, 0.5627 0.5153 1.7735, 0.516 0.4999 1.7735, 0.5494 0.5332 1.7735, 0.5069 0.5089 1.7735, 0.5323 0.5472 1.7735, 0.4959 0.5154 1.7735, 0.5116 0.5574 1.7735, 0.482 0.5199 1.7735, 0.4772 0.5655 1.7735, 0.4645 0.5215 1.7735, 0.4645 0.5667 1.7735, 0.4438 0.5181 1.7735, 0.4323 0.5629 1.7735, 0.4266 0.5106 1.7735, 0.4061 0.5531 1.7735, 0.4189 0.5054 1.7735, 0.3816 0.5361 1.7735, 0.4056 0.4922 1.7735, 0.3656 0.5194 1.7735, 0.3936 0.4738 1.7735, 0.3444 0.4847 1.7735, 0.3807 0.4387 1.7735, 0.3289 0.4335 1.7735, 0.372 0.3795 1.7735, 0.3226 0.358 1.7735, 0.5786 0.4634 1.7774, 0.5312 0.4634 1.7774, 0.4645 0.5215 1.7774, 0.482 0.5199 1.7774, 0.4959 0.5154 1.7774, 0.5069 0.5089 1.7774, 0.516 0.4999 1.7774, 0.5243 0.4863 1.7774, 0.5307 0.4658 1.7774, 0.372 0.3795 1.7774, 0.3807 0.4387 1.7774, 0.3936 0.4738 1.7774, 0.4056 0.4922 1.7774, 0.4189 0.5054 1.7774, 0.4266 0.5106 1.7774, 0.4438 0.5181 1.7774, 0.3742 0.3774 1.7774, 0.4645 0.4247 1.7774, 0.4341 0.4216 1.7774, 0.4127 0.4144 1.7774, 0.3962 0.4041 1.7774, 0.382 0.3894 1.7774, 0.5872 0.3021 1.7774, 0.583 0.3349 1.7774, 0.574 0.3618 1.7774, 0.5613 0.382 1.7774, 0.545 0.398 1.7774, 0.5237 0.4108 1.7774, 0.4911 0.4211 1.7774, 0.5484 0.2053 1.7774, 0.57 0.2342 1.7774, 0.5821 0.2633 1.7774, 0.4516 0.173 1.7774, 0.4951 0.176 1.7774, 0.4958 0.1762 1.7774, 0.5193 0.1835 1.7774, 0.5351 0.1926 1.7774, 0.4277 0.1762 1.7774, 0.419 0.1774 1.7774, 0.3927 0.1872 1.7774, 0.3704 0.2023 1.7774, 0.3505 0.2246 1.7774, 0.3226 0.358 1.7774, 0.328 0.2894 1.7774, 0.3424 0.2404 1.7774, 0.3656 0.5194 1.7774, 0.3444 0.4847 1.7774, 0.3289 0.4335 1.7774, 0.4645 0.5667 1.7774, 0.4323 0.5629 1.7774, 0.4309 0.5624 1.7774, 0.4061 0.5531 1.7774, 0.3816 0.5361 1.7774, 0.5727 0.4925 1.7774, 0.5627 0.5153 1.7774, 0.5494 0.5332 1.7774, 0.5323 0.5472 1.7774, 0.5116 0.5574 1.7774, 0.4903 0.5624 1.7774, 0.4772 0.5655 1.7774, 0.4602 0.2117 1.7774, 0.4385 0.2142 1.7774, 0.4211 0.22 1.7774, 0.4084 0.2277 1.7774, 0.3971 0.239 1.7774, 0.3886 0.2526 1.7774, 0.3817 0.2734 1.7774, 0.3785 0.2978 1.7774, 0.3817 0.3221 1.7774, 0.3881 0.341 1.7774, 0.3965 0.355 1.7774, 0.4081 0.3663 1.7774, 0.4215 0.3743 1.7774, 0.4417 0.3802 1.7774, 0.4581 0.3817 1.7774, 0.4785 0.3793 1.7774, 0.4945 0.374 1.7774, 0.5077 0.3659 1.7774, 0.5181 0.3554 1.7774, 0.526 0.3424 1.7774, 0.533 0.3207 1.7774, 0.5355 0.2999 1.7774, 0.532 0.2731 1.7774, 0.5255 0.2532 1.7774, 0.5169 0.2388 1.7774, 0.5062 0.2278 1.7774, 0.4923 0.2192 1.7774, 0.4769 0.214 1.7774
            ]
        }
        coordIndex [
            0,1,2,-1,2,1,3,-1,4,5,6,-1,4,6,7,-1,7,6,8,-1,7,8,9,-1,9,8,3,-1,9,3,1,-1,10,11,12,-1,12,11,13,-1,13,14,12,-1,12,14,15,-1,12,15,16,-1,16,15,17,-1,16,17,18,-1,18,17,5,-1,18,5,4,-1,19,20,21,-1,21,20,22,-1,21,22,23,-1,23,22,24,-1,23,24,25,-1,25,24,26,-1,25,26,27,-1,27,26,28,-1,27,28,29,-1,30,31,19,-1,19,31,32,-1,19,32,20,-1,30,33,31,-1,31,33,11,-1,31,11,10,-1,34,35,36,-1,34,36,37,-1,37,36,38,-1,37,38,39,-1,39,38,40,-1,39,40,41,-1,41,40,42,-1,41,42,43,-1,43,42,29,-1,43,29,28,-1,34,44,35,-1,35,44,45,-1,46,47,48,-1,46,48,49,-1,49,48,50,-1,49,50,51,-1,51,50,52,-1,51,52,53,-1,53,52,45,-1,53,45,44,-1,46,54,47,-1,47,54,55,-1,54,56,55,-1,55,56,57,-1,56,58,57,-1,57,58,59,-1,60,61,62,-1,60,62,63,-1,63,62,64,-1,63,64,65,-1,65,64,66,-1,65,66,67,-1,67,66,68,-1,67,68,69,-1,69,68,59,-1,69,59,58,-1,60,70,61,-1,61,70,71,-1,72,73,74,-1,72,74,75,-1,75,74,71,-1,75,71,70,-1,76,77,78,-1,76,78,79,-1,79,78,80,-1,79,80,81,-1,81,80,73,-1,81,73,72,-1,82,83,84,-1,82,84,85,-1,85,84,86,-1,85,86,87,-1,87,86,88,-1,87,88,89,-1,89,88,90,-1,89,90,91,-1,91,90,92,-1,91,92,93,-1,93,92,94,-1,93,94,95,-1,95,94,96,-1,95,96,97,-1,97,96,77,-1,97,77,76,-1,0,2,98,-1,0,98,99,-1,99,98,100,-1,99,100,101,-1,101,100,102,-1,101,102,103,-1,103,102,104,-1,103,104,105,-1,105,104,106,-1,105,106,107,-1,107,106,108,-1,107,108,109,-1,109,108,110,-1,109,110,111,-1,111,110,83,-1,111,83,82,-1,56,54,58,-1,58,54,46,-1,28,76,43,-1,43,76,79,-1,43,79,41,-1,41,79,81,-1,41,81,39,-1,39,81,72,-1,39,72,37,-1,37,72,75,-1,37,75,34,-1,34,75,70,-1,34,70,44,-1,44,70,60,-1,44,60,53,-1,53,60,63,-1,53,63,51,-1,51,63,65,-1,51,65,49,-1,49,65,67,-1,49,67,46,-1,46,67,69,-1,46,69,58,-1,1,0,9,-1,9,0,99,-1,9,99,7,-1,7,99,101,-1,7,101,4,-1,4,101,103,-1,4,103,18,-1,18,103,105,-1,18,105,16,-1,16,105,107,-1,16,107,12,-1,12,107,109,-1,12,109,10,-1,109,111,10,-1,10,111,82,-1,10,82,31,-1,31,82,85,-1,31,85,32,-1,32,85,87,-1,32,87,20,-1,20,87,89,-1,20,89,22,-1,22,89,91,-1,22,91,24,-1,24,91,93,-1,24,93,26,-1,26,93,95,-1,26,95,28,-1,28,95,97,-1,28,97,76,-1,112,113,114,-1,114,115,112,-1,112,115,116,-1,112,116,117,-1,117,116,118,-1,117,118,119,-1,119,118,120,-1,121,122,123,-1,123,122,124,-1,124,122,125,-1,124,125,126,-1,126,125,127,-1,126,127,128,-1,128,127,129,-1,128,129,130,-1,130,129,131,-1,130,131,132,-1,132,131,133,-1,132,133,134,-1,134,133,135,-1,134,135,136,-1,136,135,137,-1,136,137,138,-1,138,137,139,-1,138,139,140,-1,140,139,141,-1,140,141,142,-1,142,141,143,-1,142,143,144,-1,144,143,145,-1,144,145,146,-1,146,145,147,-1,146,147,148,-1,148,147,149,-1,148,149,150,-1,150,149,151,-1,150,151,152,-1,152,151,153,-1,152,153,154,-1,154,153,155,-1,154,155,120,-1,120,155,156,-1,120,156,119,-1,123,157,121,-1,121,157,158,-1,121,158,159,-1,159,158,160,-1,159,160,161,-1,161,160,162,-1,161,162,163,-1,163,162,164,-1,163,164,165,-1,166,167,168,-1,168,167,169,-1,168,169,170,-1,170,169,171,-1,170,171,172,-1,172,171,173,-1,172,173,174,-1,174,173,175,-1,174,175,176,-1,176,175,177,-1,176,177,178,-1,178,177,179,-1,178,179,180,-1,180,179,181,-1,180,181,182,-1,182,181,183,-1,182,183,184,-1,184,183,185,-1,184,185,186,-1,186,185,187,-1,186,187,188,-1,188,187,189,-1,188,189,190,-1,190,189,191,-1,190,191,192,-1,192,191,193,-1,192,193,194,-1,194,193,195,-1,194,195,112,-1,112,195,165,-1,112,165,113,-1,113,165,164,-1,167,166,196,-1,196,166,197,-1,180,198,199,-1,180,199,178,-1,178,199,200,-1,178,200,176,-1,176,200,201,-1,176,201,174,-1,174,201,202,-1,174,202,172,-1,172,202,203,-1,172,203,170,-1,170,203,204,-1,170,204,168,-1,168,204,197,-1,168,197,166,-1,194,205,206,-1,194,206,192,-1,192,206,207,-1,192,207,190,-1,190,207,208,-1,190,208,188,-1,188,208,209,-1,188,209,186,-1,186,209,210,-1,186,210,184,-1,184,210,211,-1,184,211,182,-1,182,211,198,-1,182,198,180,-1,194,112,205,-1,205,112,212,-1,153,213,214,-1,153,214,155,-1,155,214,215,-1,155,215,156,-1,156,215,216,-1,156,216,119,-1,119,216,217,-1,119,217,117,-1,117,217,212,-1,117,212,112,-1,139,218,219,-1,139,219,141,-1,141,219,220,-1,141,220,143,-1,143,220,221,-1,143,221,145,-1,145,221,222,-1,145,222,147,-1,147,222,223,-1,147,223,149,-1,149,223,224,-1,149,224,151,-1,151,224,213,-1,151,213,153,-1,133,225,226,-1,133,226,135,-1,135,226,227,-1,135,227,137,-1,137,227,218,-1,137,218,139,-1,125,228,229,-1,125,229,127,-1,127,229,230,-1,127,230,129,-1,230,231,129,-1,129,231,232,-1,129,232,131,-1,131,232,225,-1,131,225,133,-1,228,125,233,-1,233,125,122,-1,233,122,234,-1,234,122,121,-1,234,121,235,-1,235,121,159,-1,235,159,236,-1,236,159,161,-1,236,161,237,-1,195,238,239,-1,195,239,165,-1,165,239,240,-1,165,240,163,-1,163,240,237,-1,163,237,161,-1,189,241,242,-1,189,242,191,-1,191,242,243,-1,191,243,193,-1,193,243,238,-1,193,238,195,-1,181,244,245,-1,181,245,183,-1,183,245,246,-1,183,246,185,-1,246,247,185,-1,185,247,248,-1,185,248,187,-1,187,248,241,-1,187,241,189,-1,244,181,179,-1,167,196,249,-1,167,249,169,-1,169,249,250,-1,169,250,171,-1,171,250,251,-1,171,251,173,-1,173,251,252,-1,173,252,175,-1,175,252,253,-1,175,253,177,-1,177,253,254,-1,177,254,179,-1,179,254,255,-1,179,255,244,-1,124,256,257,-1,124,257,123,-1,123,257,258,-1,123,258,157,-1,157,258,259,-1,157,259,158,-1,158,259,260,-1,158,260,160,-1,160,260,261,-1,160,261,162,-1,162,261,262,-1,162,262,164,-1,164,262,263,-1,164,263,113,-1,113,263,264,-1,113,264,114,-1,114,264,265,-1,114,265,115,-1,115,265,266,-1,115,266,116,-1,116,266,267,-1,116,267,118,-1,118,267,268,-1,118,268,120,-1,120,268,269,-1,120,269,154,-1,154,269,270,-1,154,270,152,-1,152,270,271,-1,152,271,150,-1,150,271,272,-1,150,272,148,-1,148,272,273,-1,148,273,146,-1,146,273,274,-1,146,274,144,-1,144,274,275,-1,144,275,142,-1,142,275,276,-1,142,276,140,-1,140,276,277,-1,140,277,138,-1,138,277,278,-1,138,278,136,-1,136,278,279,-1,136,279,134,-1,134,279,280,-1,134,280,132,-1,132,280,281,-1,132,281,130,-1,130,281,282,-1,130,282,128,-1,128,282,283,-1,128,283,126,-1,126,283,256,-1,126,256,124,-1,
        ]
    }
}
Shape{
    appearance Appearance {
        material  Material 	{
            diffuseColor 0.25098039215686274 0.25098039215686274 0.25098039215686274
            specularColor 0.07450980392156863 0.07450980392156863 0.07450980392156863
            ambientIntensity 0.251
            transparency 0.0
            shininess 0.5
        }
    }
    geometry IndexedFaceSet {
        ccw TRUE
        solid FALSE
        coord DEF co Coordinate {
            point [
                0.532 0.2731 1.7774, 0.5355 0.2999 1.7774, 0.3785 0.2978 1.7774, 0.533 0.3207 1.7774, 0.3817 0.3221 1.7774, 0.3971 0.239 1.7774, 0.4084 0.2277 1.7774, 0.4211 0.22 1.7774, 0.5062 0.2278 1.7774, 0.5169 0.2388 1.7774, 0.5255 0.2532 1.7774, 0.4785 0.3793 1.7774, 0.4581 0.3817 1.7774, 0.4385 0.2142 1.7774, 0.4602 0.2117 1.7774, 0.3817 0.2734 1.7774, 0.4769 0.214 1.7774, 0.4923 0.2192 1.7774, 0.526 0.3424 1.7774, 0.5181 0.3554 1.7774, 0.3886 0.2526 1.7774, 0.5077 0.3659 1.7774, 0.4945 0.374 1.7774, 0.4417 0.3802 1.7774, 0.4215 0.3743 1.7774, 0.4081 0.3663 1.7774, 0.3965 0.355 1.7774, 0.3881 0.341 1.7774
            ]
        }
        coordIndex [
            0,1,2,-1,2,1,3,-1,2,3,4,-1,5,6,7,-1,8,9,2,-1,2,9,10,-1,2,10,0,-1,3,11,12,-1,13,14,15,-1,15,14,16,-1,15,16,2,-1,2,16,17,-1,2,17,8,-1,3,18,19,-1,13,15,7,-1,7,15,20,-1,7,20,5,-1,19,21,3,-1,3,21,22,-1,3,22,11,-1,12,23,3,-1,3,23,24,-1,3,24,25,-1,25,26,3,-1,3,26,27,-1,3,27,4,-1,
        ]
    }
}
Shape{
    appearance Appearance {
        material  Material 	{
            diffuseColor 0.45098039215686275 0.43137254901960786 0.4196078431372549
            specularColor 0.03137254901960784 0.03137254901960784 0.03137254901960784
            ambientIntensity 0.6221
            transparency 0.0
            shininess 0.5
        }
    }
    geometry IndexedFaceSet {
        ccw TRUE
        solid FALSE
        coord DEF co Coordinate {
            point [
                0.7296 0.358 1.7735, 0.7296 0.3989 1.7735, 0.7296 0.358 1.7774, 0.7296 0.3989 1.7774, 0.7555 0.3989 1.7735, 0.7555 0.3989 1.7774, 0.8286 0.4613 1.7735, 0.8286 0.4613 1.7774, 0.8265 0.4448 1.7774, 0.8265 0.4448 1.7735, 0.8219 0.4319 1.7774, 0.8219 0.4319 1.7735, 0.8151 0.4215 1.7774, 0.8151 0.4215 1.7735, 0.8068 0.4136 1.7774, 0.8068 0.4136 1.7735, 0.7936 0.4061 1.7774, 0.7936 0.4061 1.7735, 0.7741 0.4007 1.7774, 0.7741 0.4007 1.7735, 0.7576 0.5215 1.7735, 0.7576 0.5215 1.7774, 0.7785 0.5191 1.7774, 0.7785 0.5191 1.7735, 0.7942 0.5143 1.7774, 0.7942 0.5143 1.7735, 0.8068 0.5069 1.7774, 0.8068 0.5069 1.7735, 0.8156 0.4983 1.7774, 0.8156 0.4983 1.7735, 0.8221 0.4879 1.7774, 0.8221 0.4879 1.7735, 0.8271 0.4724 1.7774, 0.8271 0.4724 1.7735, 0.6823 0.4398 1.7735, 0.6823 0.4398 1.7774, 0.6848 0.4638 1.7774, 0.6848 0.4638 1.7735, 0.69 0.4815 1.7774, 0.69 0.4815 1.7735, 0.6977 0.4955 1.7774, 0.6977 0.4955 1.7735, 0.7075 0.5062 1.7774, 0.7075 0.5062 1.7735, 0.7192 0.5138 1.7774, 0.7192 0.5138 1.7735, 0.7357 0.5194 1.7774, 0.7357 0.5194 1.7735, 0.635 0.4398 1.7735, 0.635 0.4398 1.7774, 0.6672 0.5344 1.7735, 0.6672 0.5344 1.7774, 0.6512 0.513 1.7774, 0.6512 0.513 1.7735, 0.6409 0.4877 1.7774, 0.6409 0.4877 1.7735, 0.6352 0.4484 1.7774, 0.6352 0.4484 1.7735, 0.7598 0.5667 1.7774, 0.7214 0.5624 1.7774, 0.7598 0.5667 1.7735, 0.7197 0.5622 1.7735, 0.7197 0.5622 1.7774, 0.693 0.5524 1.7774, 0.693 0.5524 1.7735, 0.8185 0.5553 1.7774, 0.8374 0.5453 1.7735, 0.8374 0.5453 1.7774, 0.8535 0.5312 1.7735, 0.8535 0.5312 1.7774, 0.8653 0.5144 1.7735, 0.8653 0.5144 1.7774, 0.8737 0.4928 1.7735, 0.8737 0.4928 1.7774, 0.8781 0.4656 1.7735, 0.8781 0.4656 1.7774, 0.7924 0.5624 1.7774, 0.7858 0.5642 1.7735, 0.8185 0.5553 1.7735, 0.7858 0.5642 1.7774, 0.8308 0.3838 1.7735, 0.8308 0.3838 1.7774, 0.8482 0.3942 1.7774, 0.8482 0.3942 1.7735, 0.8604 0.4064 1.7774, 0.8604 0.4064 1.7735, 0.8695 0.4213 1.7774, 0.8695 0.4213 1.7735, 0.8762 0.4428 1.7774, 0.8762 0.4428 1.7735, 0.8308 0.3817 1.7735, 0.8308 0.3817 1.7774, 0.8953 0.2935 1.7735, 0.8953 0.2935 1.7774, 0.8931 0.3175 1.7774, 0.8931 0.3175 1.7735, 0.8869 0.3368 1.7774, 0.8869 0.3368 1.7735, 0.8766 0.3533 1.7774, 0.8766 0.3533 1.7735, 0.8631 0.366 1.7774, 0.8631 0.366 1.7735, 0.8461 0.376 1.7774, 0.8461 0.376 1.7735, 0.8587 0.2053 1.7735, 0.8587 0.2053 1.7774, 0.8772 0.2274 1.7774, 0.8772 0.2274 1.7735, 0.8885 0.2508 1.7774, 0.8885 0.2508 1.7735, 0.8944 0.2773 1.7774, 0.8944 0.2773 1.7735, 0.8104 0.1792 1.7735, 0.7555 0.173 1.7735, 0.7839 0.1762 1.7774, 0.7555 0.173 1.7774, 0.8104 0.1792 1.7774, 0.836 0.1889 1.7774, 0.836 0.1889 1.7735, 0.8564 0.2032 1.7774, 0.8564 0.2032 1.7735, 0.7499 0.1731 1.7735, 0.6845 0.1859 1.7735, 0.6845 0.1859 1.7774, 0.7138 0.1765 1.7774, 0.7138 0.1765 1.7735, 0.7168 0.1762 1.7774, 0.7499 0.1731 1.7774, 0.6264 0.2978 1.7735, 0.6264 0.2978 1.7774, 0.6313 0.2565 1.7774, 0.6313 0.2565 1.7735, 0.6424 0.2259 1.7774, 0.6424 0.2259 1.7735, 0.6547 0.2079 1.7774, 0.6547 0.2079 1.7735, 0.672 0.1929 1.7774, 0.672 0.1929 1.7735, 0.6759 0.2978 1.7735, 0.6759 0.2978 1.7774, 0.7576 0.2117 1.7735, 0.7576 0.2117 1.7774, 0.7364 0.2135 1.7774, 0.7364 0.2135 1.7735, 0.7193 0.2184 1.7774, 0.7193 0.2184 1.7735, 0.7061 0.2256 1.7774, 0.7061 0.2256 1.7735, 0.6961 0.2346 1.7774, 0.6961 0.2346 1.7735, 0.6874 0.247 1.7774, 0.6874 0.247 1.7735, 0.68 0.2661 1.7774, 0.68 0.2661 1.7735, 0.6759 0.2962 1.7774, 0.6759 0.2962 1.7735, 0.8415 0.287 1.7735, 0.8415 0.287 1.7774, 0.8385 0.2669 1.7774, 0.8385 0.2669 1.7735, 0.8326 0.2514 1.7774, 0.8326 0.2514 1.7735, 0.8241 0.2386 1.7774, 0.8241 0.2386 1.7735, 0.8121 0.2277 1.7774, 0.8121 0.2277 1.7735, 0.798 0.22 1.7774, 0.798 0.22 1.7735, 0.7738 0.2134 1.7774, 0.7738 0.2134 1.7735, 0.7533 0.358 1.7735, 0.7533 0.358 1.7774, 0.7803 0.356 1.7774, 0.7803 0.356 1.7735, 0.8002 0.351 1.7774, 0.8002 0.351 1.7735, 0.8154 0.3432 1.7774, 0.8154 0.3432 1.7735, 0.8256 0.3345 1.7774, 0.8256 0.3345 1.7735, 0.8338 0.3229 1.7774, 0.8338 0.3229 1.7735, 0.8387 0.31 1.7774, 0.8387 0.31 1.7735, 0.8414 0.291 1.7774, 0.8414 0.291 1.7735, 1.212 0.2978 1.7735, 0.9345 0.2978 1.7735, 1.212 0.2978 1.7774, 0.9345 0.2978 1.7774, 0.9345 0.3387 1.7735, 0.9345 0.3387 1.7774, 1.212 0.3387 1.7735, 1.212 0.3387 1.7774, 1.3311 0.5108 1.7735, 1.316 0.4053 1.7735, 1.3311 0.5108 1.7774, 1.316 0.4053 1.7774, 1.3892 0.429 1.7735, 1.3892 0.429 1.7774, 1.3573 0.4251 1.7774, 1.3573 0.4251 1.7735, 1.3318 0.4153 1.7774, 1.3318 0.4153 1.7735, 1.5182 0.3042 1.7735, 1.5182 0.3042 1.7774, 1.5125 0.3386 1.7774, 1.5125 0.3386 1.7735, 1.5019 0.3655 1.7774, 1.5019 0.3655 1.7735, 1.4875 0.3864 1.7774, 1.4875 0.3864 1.7735, 1.4671 0.4043 1.7774, 1.4671 0.4043 1.7735, 1.4427 0.4171 1.7774, 1.4427 0.4171 1.7735, 1.4027 0.4274 1.7774, 1.4027 0.4274 1.7735, 1.4795 0.2074 1.7735, 1.4795 0.2074 1.7774, 1.4989 0.231 1.7774, 1.4989 0.231 1.7735, 1.5111 0.2568 1.7774, 1.5111 0.2568 1.7735, 1.5173 0.2859 1.7774, 1.5173 0.2859 1.7735, 1.426 0.1786 1.7735, 1.3762 0.173 1.7735, 1.4051 0.1762 1.7774, 1.3762 0.173 1.7774, 1.426 0.1786 1.7774, 1.4547 0.1893 1.7774, 1.4547 0.1893 1.7735, 1.4771 0.2052 1.7774, 1.4771 0.2052 1.7735, 1.361 0.1737 1.7735, 1.2515 0.2763 1.7735, 1.2515 0.2763 1.7774, 1.2573 0.2471 1.7774, 1.2573 0.2471 1.7735, 1.2674 0.2242 1.7774, 1.2674 0.2242 1.7735, 1.28 0.2073 1.7774, 1.28 0.2073 1.7735, 1.2978 0.1928 1.7774, 1.2978 0.1928 1.7735, 1.3223 0.1813 1.7774, 1.3223 0.1813 1.7735, 1.3483 0.1762 1.7774, 1.361 0.1737 1.7774, 1.3009 0.2763 1.7735, 1.3009 0.2763 1.7774, 1.3849 0.2096 1.7735, 1.3849 0.2096 1.7774, 1.3611 0.2115 1.7774, 1.3611 0.2115 1.7735, 1.3432 0.2166 1.7774, 1.3432 0.2166 1.7735, 1.328 0.2248 1.7774, 1.328 0.2248 1.7735, 1.3175 0.2348 1.7774, 1.3175 0.2348 1.7735, 1.3091 0.2476 1.7774, 1.3091 0.2476 1.7735, 1.3026 0.2666 1.7774, 1.3026 0.2666 1.7735, 1.4645 0.2978 1.7735, 1.4645 0.2978 1.7774, 1.4601 0.2713 1.7774, 1.4601 0.2713 1.7735, 1.4525 0.251 1.7774, 1.4525 0.251 1.7735, 1.4429 0.2367 1.7774, 1.4429 0.2367 1.7735, 1.431 0.2255 1.7774, 1.431 0.2255 1.7735, 1.416 0.217 1.7774, 1.416 0.217 1.7735, 1.3941 0.2108 1.7774, 1.3941 0.2108 1.7735, 1.3805 0.3838 1.7735, 1.3805 0.3838 1.7774, 1.4038 0.3805 1.7774, 1.4038 0.3805 1.7735, 1.4217 0.3742 1.7774, 1.4217 0.3742 1.7735, 1.4357 0.3653 1.7774, 1.4357 0.3653 1.7735, 1.4471 0.3535 1.7774, 1.4471 0.3535 1.7735, 1.4555 0.3389 1.7774, 1.4555 0.3389 1.7735, 1.4623 0.3167 1.7774, 1.4623 0.3167 1.7735, 1.3074 0.3473 1.7735, 1.3074 0.3473 1.7774, 1.3238 0.3644 1.7774, 1.3238 0.3644 1.7735, 1.3407 0.3752 1.7774, 1.3407 0.3752 1.7735, 1.3608 0.3819 1.7774, 1.3608 0.3819 1.7735, 1.2665 0.3494 1.7735, 1.2665 0.3494 1.7774, 1.2945 0.5581 1.7735, 1.2945 0.5581 1.7774, 1.4946 0.5581 1.7735, 1.4946 0.5581 1.7774, 1.4946 0.5108 1.7735, 1.4946 0.5108 1.7774, -0.7515 -0.499 1.7735, -0.7826 -0.5396 1.7774, -0.7827 -0.5398 1.7735, -0.7827 -0.5398 1.7774, -0.8024 -0.5873 1.7735, -0.8024 -0.5873 1.7774, -0.8091 -0.6382 1.7735, -0.8091 -0.6382 1.7774, -0.8024 -0.6892 1.7735, -0.8024 -0.6892 1.7774, -0.7827 -0.7366 1.7735, -0.7827 -0.7366 1.7774, -0.7826 -0.7368 1.7774, -0.7515 -0.7774 1.7735, -0.7515 -0.7774 1.7774, -0.7107 -0.8087 1.7735, -0.7107 -0.8087 1.7774, -0.6632 -0.8283 1.7735, -0.6632 -0.8283 1.7774, -0.6123 -0.8351 1.7735, -0.6123 -0.8351 1.7774, -0.5613 -0.8283 1.7735, -0.5613 -0.8283 1.7774, -0.5138 -0.8087 1.7735, -0.5138 -0.8087 1.7774, -0.4731 -0.7774 1.7735, -0.4731 -0.7774 1.7774, -0.4418 -0.7366 1.7735, -0.4418 -0.7366 1.7774, -0.4221 -0.6892 1.7735, -0.4221 -0.6892 1.7774, -0.4154 -0.6382 1.7735, -0.4154 -0.6382 1.7774, -0.4221 -0.5873 1.7735, -0.4221 -0.5873 1.7774, -0.4418 -0.5398 1.7735, -0.4418 -0.5398 1.7774, -0.4731 -0.499 1.7735, -0.4731 -0.499 1.7774, -0.5138 -0.4677 1.7735, -0.5138 -0.4677 1.7774, -0.5613 -0.4481 1.7735, -0.5613 -0.4481 1.7774, -0.6123 -0.4414 1.7735, -0.6123 -0.4414 1.7774, -0.6632 -0.4481 1.7735, -0.6632 -0.4481 1.7774, -0.7107 -0.4677 1.7735, -0.7107 -0.4677 1.7774, -0.7515 -0.499 1.7774, -0.6123 -0.6382 1.7735
            ]
        }
        coordIndex [
            0,1,2,-1,2,1,3,-1,1,4,3,-1,3,4,5,-1,6,7,8,-1,6,8,9,-1,9,8,10,-1,9,10,11,-1,11,10,12,-1,11,12,13,-1,13,12,14,-1,13,14,15,-1,15,14,16,-1,15,16,17,-1,17,16,18,-1,17,18,19,-1,19,18,5,-1,19,5,4,-1,20,21,22,-1,20,22,23,-1,23,22,24,-1,23,24,25,-1,25,24,26,-1,25,26,27,-1,27,26,28,-1,27,28,29,-1,29,28,30,-1,29,30,31,-1,31,30,32,-1,31,32,33,-1,33,32,7,-1,33,7,6,-1,34,35,36,-1,34,36,37,-1,37,36,38,-1,37,38,39,-1,39,38,40,-1,39,40,41,-1,41,40,42,-1,41,42,43,-1,43,42,44,-1,43,44,45,-1,45,44,46,-1,45,46,47,-1,47,46,21,-1,47,21,20,-1,34,48,35,-1,35,48,49,-1,50,51,52,-1,50,52,53,-1,53,52,54,-1,53,54,55,-1,55,54,56,-1,55,56,57,-1,57,56,49,-1,57,49,48,-1,58,59,60,-1,60,59,61,-1,59,62,61,-1,61,62,63,-1,61,63,64,-1,64,63,51,-1,64,51,50,-1,65,66,67,-1,67,66,68,-1,67,68,69,-1,69,68,70,-1,69,70,71,-1,71,70,72,-1,71,72,73,-1,73,72,74,-1,73,74,75,-1,76,77,65,-1,65,77,78,-1,65,78,66,-1,76,79,77,-1,77,79,58,-1,77,58,60,-1,80,81,82,-1,80,82,83,-1,83,82,84,-1,83,84,85,-1,85,84,86,-1,85,86,87,-1,87,86,88,-1,87,88,89,-1,89,88,75,-1,89,75,74,-1,80,90,81,-1,81,90,91,-1,92,93,94,-1,92,94,95,-1,95,94,96,-1,95,96,97,-1,97,96,98,-1,97,98,99,-1,99,98,100,-1,99,100,101,-1,101,100,102,-1,101,102,103,-1,103,102,91,-1,103,91,90,-1,104,105,106,-1,104,106,107,-1,107,106,108,-1,107,108,109,-1,109,108,110,-1,109,110,111,-1,111,110,93,-1,111,93,92,-1,112,113,114,-1,114,113,115,-1,114,116,112,-1,112,116,117,-1,112,117,118,-1,118,117,119,-1,118,119,120,-1,120,119,105,-1,120,105,104,-1,115,113,121,-1,122,123,124,-1,122,124,125,-1,125,124,126,-1,125,126,121,-1,121,126,127,-1,121,127,115,-1,128,129,130,-1,128,130,131,-1,131,130,132,-1,131,132,133,-1,133,132,134,-1,133,134,135,-1,135,134,136,-1,135,136,137,-1,137,136,123,-1,137,123,122,-1,128,138,129,-1,129,138,139,-1,140,141,142,-1,140,142,143,-1,143,142,144,-1,143,144,145,-1,145,144,146,-1,145,146,147,-1,147,146,148,-1,147,148,149,-1,149,148,150,-1,149,150,151,-1,151,150,152,-1,151,152,153,-1,153,152,154,-1,153,154,155,-1,155,154,139,-1,155,139,138,-1,156,157,158,-1,156,158,159,-1,159,158,160,-1,159,160,161,-1,161,160,162,-1,161,162,163,-1,163,162,164,-1,163,164,165,-1,165,164,166,-1,165,166,167,-1,167,166,168,-1,167,168,169,-1,169,168,141,-1,169,141,140,-1,170,171,172,-1,170,172,173,-1,173,172,174,-1,173,174,175,-1,175,174,176,-1,175,176,177,-1,177,176,178,-1,177,178,179,-1,179,178,180,-1,179,180,181,-1,181,180,182,-1,181,182,183,-1,183,182,184,-1,183,184,185,-1,185,184,157,-1,185,157,156,-1,170,0,171,-1,171,0,2,-1,149,151,133,-1,165,118,120,-1,133,151,131,-1,131,151,153,-1,131,153,128,-1,128,153,155,-1,128,155,138,-1,9,11,80,-1,80,11,13,-1,80,13,90,-1,1,0,4,-1,4,0,170,-1,4,170,19,-1,19,170,173,-1,19,173,17,-1,17,173,175,-1,17,175,15,-1,13,15,90,-1,90,15,175,-1,90,175,103,-1,103,175,177,-1,103,177,101,-1,101,177,179,-1,101,179,99,-1,99,179,181,-1,99,181,97,-1,97,181,183,-1,165,120,163,-1,163,120,104,-1,163,104,161,-1,161,104,107,-1,161,107,159,-1,159,107,109,-1,159,109,156,-1,156,109,111,-1,156,111,185,-1,185,111,92,-1,185,92,183,-1,183,92,95,-1,183,95,97,-1,6,74,33,-1,33,74,72,-1,33,72,31,-1,31,72,70,-1,31,70,29,-1,29,70,68,-1,29,68,27,-1,27,68,66,-1,27,66,25,-1,25,66,78,-1,25,78,23,-1,23,78,77,-1,23,77,20,-1,20,77,60,-1,20,60,47,-1,47,60,61,-1,47,61,45,-1,45,61,64,-1,45,64,43,-1,43,64,50,-1,43,50,41,-1,41,50,53,-1,41,53,39,-1,39,53,55,-1,39,55,37,-1,37,55,57,-1,37,57,34,-1,34,57,48,-1,9,80,6,-1,6,80,83,-1,6,83,85,-1,85,87,6,-1,6,87,89,-1,6,89,74,-1,118,165,112,-1,112,165,167,-1,112,167,113,-1,133,135,149,-1,149,135,137,-1,149,137,147,-1,147,137,122,-1,147,122,145,-1,145,122,125,-1,145,125,143,-1,143,125,121,-1,143,121,140,-1,140,121,113,-1,140,113,169,-1,169,113,167,-1,186,187,188,-1,188,187,189,-1,187,190,189,-1,189,190,191,-1,190,192,191,-1,191,192,193,-1,192,186,193,-1,193,186,188,-1,192,190,186,-1,186,190,187,-1,194,195,196,-1,196,195,197,-1,198,199,200,-1,198,200,201,-1,201,200,202,-1,201,202,203,-1,203,202,197,-1,203,197,195,-1,204,205,206,-1,204,206,207,-1,207,206,208,-1,207,208,209,-1,209,208,210,-1,209,210,211,-1,211,210,212,-1,211,212,213,-1,213,212,214,-1,213,214,215,-1,215,214,216,-1,215,216,217,-1,217,216,199,-1,217,199,198,-1,218,219,220,-1,218,220,221,-1,221,220,222,-1,221,222,223,-1,223,222,224,-1,223,224,225,-1,225,224,205,-1,225,205,204,-1,226,227,228,-1,228,227,229,-1,228,230,226,-1,226,230,231,-1,226,231,232,-1,232,231,233,-1,232,233,234,-1,234,233,219,-1,234,219,218,-1,229,227,235,-1,236,237,238,-1,236,238,239,-1,239,238,240,-1,239,240,241,-1,241,240,242,-1,241,242,243,-1,243,242,244,-1,243,244,245,-1,245,244,246,-1,245,246,247,-1,247,246,248,-1,247,248,235,-1,235,248,249,-1,235,249,229,-1,236,250,237,-1,237,250,251,-1,252,253,254,-1,252,254,255,-1,255,254,256,-1,255,256,257,-1,257,256,258,-1,257,258,259,-1,259,258,260,-1,259,260,261,-1,261,260,262,-1,261,262,263,-1,263,262,264,-1,263,264,265,-1,265,264,251,-1,265,251,250,-1,266,267,268,-1,266,268,269,-1,269,268,270,-1,269,270,271,-1,271,270,272,-1,271,272,273,-1,273,272,274,-1,273,274,275,-1,275,274,276,-1,275,276,277,-1,277,276,278,-1,277,278,279,-1,279,278,253,-1,279,253,252,-1,280,281,282,-1,280,282,283,-1,283,282,284,-1,283,284,285,-1,285,284,286,-1,285,286,287,-1,287,286,288,-1,287,288,289,-1,289,288,290,-1,289,290,291,-1,291,290,292,-1,291,292,293,-1,293,292,267,-1,293,267,266,-1,294,295,296,-1,294,296,297,-1,297,296,298,-1,297,298,299,-1,299,298,300,-1,299,300,301,-1,301,300,281,-1,301,281,280,-1,294,302,295,-1,295,302,303,-1,302,304,303,-1,303,304,305,-1,304,306,305,-1,305,306,307,-1,306,308,307,-1,307,308,309,-1,308,194,309,-1,309,194,196,-1,308,306,194,-1,194,306,304,-1,194,304,195,-1,195,304,302,-1,226,232,275,-1,275,232,234,-1,275,234,273,-1,273,234,218,-1,273,218,271,-1,271,218,221,-1,271,221,269,-1,250,236,265,-1,265,236,239,-1,265,239,263,-1,263,239,241,-1,263,241,261,-1,261,241,243,-1,261,243,259,-1,259,243,245,-1,259,245,257,-1,257,245,247,-1,257,247,255,-1,255,247,235,-1,255,235,252,-1,252,235,227,-1,252,227,279,-1,279,227,226,-1,279,226,277,-1,277,226,275,-1,302,294,195,-1,195,294,297,-1,195,297,203,-1,203,297,299,-1,203,299,201,-1,201,299,301,-1,201,301,198,-1,198,301,280,-1,198,280,217,-1,217,280,283,-1,217,283,215,-1,215,283,285,-1,215,285,213,-1,213,285,287,-1,213,287,211,-1,211,287,289,-1,211,289,209,-1,209,289,291,-1,209,291,207,-1,207,291,293,-1,207,293,204,-1,204,293,266,-1,204,266,225,-1,225,266,269,-1,225,269,223,-1,223,269,221,-1,310,311,312,-1,312,311,313,-1,312,313,314,-1,314,313,315,-1,314,315,316,-1,316,315,317,-1,316,317,318,-1,318,317,319,-1,318,319,320,-1,319,321,320,-1,320,321,322,-1,320,322,323,-1,323,322,324,-1,323,324,325,-1,325,324,326,-1,325,326,327,-1,327,326,328,-1,327,328,329,-1,329,328,330,-1,329,330,331,-1,331,330,332,-1,331,332,333,-1,333,332,334,-1,333,334,335,-1,335,334,336,-1,335,336,337,-1,337,336,338,-1,337,338,339,-1,339,338,340,-1,339,340,341,-1,341,340,342,-1,341,342,343,-1,343,342,344,-1,343,344,345,-1,345,344,346,-1,345,346,347,-1,347,346,348,-1,347,348,349,-1,349,348,350,-1,349,350,351,-1,351,350,352,-1,351,352,353,-1,353,352,354,-1,353,354,355,-1,355,354,356,-1,355,356,357,-1,357,356,358,-1,357,358,310,-1,310,358,359,-1,310,359,311,-1,337,339,360,-1,360,339,341,-1,360,341,343,-1,331,333,360,-1,360,333,335,-1,360,335,337,-1,325,327,360,-1,360,327,329,-1,360,329,331,-1,318,320,360,-1,360,320,323,-1,360,323,325,-1,312,314,360,-1,360,314,316,-1,360,316,318,-1,355,357,360,-1,360,357,310,-1,360,310,312,-1,349,351,360,-1,360,351,353,-1,360,353,355,-1,343,345,360,-1,360,345,347,-1,360,347,349,-1,
        ]
    }
}
Shape{
    appearance Appearance {
        material  Material 	{
            diffuseColor 0.7686274509803922 0.7686274509803922 0.7686274509803922
            specularColor 0.615686274509804 0.615686274509804 0.615686274509804
            ambientIntensity 0.7686
            transparency 0.0
            shininess 0.5
        }
    }
    geometry IndexedFaceSet {
        ccw TRUE
        solid FALSE
        coord DEF co Coordinate {
            point [
                0.3205 2.8017 0.0058, 0.3512 0.4519 0.0058, 0.3205 0.4154 0.0058, 0.3512 0.4173 0.0058, 0.5202 0.4173 0.0058, 0.3589 0.6977 0.0058, 0.478 0.6977 0.0058, 0.478 0.594 0.0058, 0.5817 0.4336 0.0058, 0.5817 0.4682 0.0058, 0.5202 0.7323 0.0058, 0.478 0.5594 0.0058, 0.478 0.4519 0.0058, 0.3666 0.5594 0.0058, 0.3666 0.594 0.0058, 2.3956 2.6836 0.0058, 2.3956 2.1768 0.0058, 2.12 2.8017 0.0058, 1.6082 2.1768 0.0058, 1.6082 1.7831 0.0058, 0.3589 0.7323 0.0058, 0.6865 0.698 0.0058, 0.71 0.6895 0.0058, 0.5873 0.4651 0.0058, 0.7318 0.675 0.0058, 0.7509 0.654 0.0058, 0.7737 0.5714 0.0058, 0.7706 0.5373 0.0058, 0.762 0.5102 0.0058, 0.6919 0.4513 0.0058, 0.6625 0.448 0.0058, 0.7149 0.4598 0.0058, 0.7342 0.4728 0.0058, 0.749 0.4884 0.0058, 0.6207 0.4527 0.0058, 1.0042 0.4173 0.0058, 0.6869 0.4154 0.0058, 0.8429 0.4173 0.0058, 0.7072 0.4175 0.0058, 0.7377 0.428 0.0058, 0.6558 0.7361 0.0058, 0.6181 0.7335 0.0058, 0.5817 0.7236 0.0058, 0.5817 0.6814 0.0058, 0.6172 0.6966 0.0058, 0.6555 0.7015 0.0058, 0.7994 0.6493 0.0058, 0.7809 0.6787 0.0058, 0.962 0.7323 0.0058, 0.7639 0.6296 0.0058, 0.7722 0.5959 0.0058, 0.763 0.4442 0.0058, 0.7867 0.4691 0.0058, 0.8429 0.4519 0.0058, 0.8035 0.499 0.0058, 0.962 0.4519 0.0058, 0.7525 0.7061 0.0058, 0.7226 0.7233 0.0058, 0.6875 0.7335 0.0058, 0.813 0.5324 0.0058, 0.816 0.5688 0.0058, 0.8115 0.6136 0.0058, -0.8327 1.7831 0.0058, -0.8327 2.1768 0.0058, 0.0132 0.4173 0.0058, 0.052 0.5036 0.0058, 0.0701 0.4754 0.0058, -1.3446 2.8017 0.0058, -1.6201 2.1768 0.0058, -1.6201 2.6836 0.0058, 0.096 0.4506 0.0058, 0.1289 0.4315 0.0058, 0.1652 0.4207 0.0058, -1.2264 0.4154 0.0058, -1.2264 1.7831 0.0058, 0.2041 0.4173 0.0058, 0.2898 0.4173 0.0058, 0.2898 0.7323 0.0058, 0.2009 0.7323 0.0058, 0.1554 0.7274 0.0058, 0.1185 0.7144 0.0058, -0.1058 0.7323 0.0058, 0.0843 0.6915 0.0058, -0.2249 0.4173 0.0058, -0.271 0.4173 0.0058, -0.1481 0.7323 0.0058, -0.0329 0.4173 0.0058, -0.0629 0.5056 0.0058, -0.193 0.5056 0.0058, 0.0839 0.6912 0.0058, 0.0617 0.6665 0.0058, 0.047 0.6394 0.0058, 0.0386 0.6084 0.0058, 0.0363 0.5787 0.0058, 0.0407 0.5366 0.0058, 0.6153 0.4198 0.0058, 0.6471 0.4154 0.0058, 0.3205 -0.3227 0.0058, -1.2264 -0.3227 0.0058, 0.6597 0.4136 0.0058, 0.6684 0.4135 0.0058, 1.0042 0.7323 0.0058, 2.0019 1.7831 0.0058, 2.0019 0.4154 0.0058, 2.0019 -0.3227 0.0058, 2.3688 2.1768 0.5176, 1.6082 2.1768 0.5176, 1.6082 1.7831 0.5176, 2.0019 1.7831 0.5176, 2.0019 -0.3227 0.5176, -1.2264 -0.3227 0.5176, -1.2264 1.7831 0.5176, -0.8327 1.7831 0.5176, -0.8327 2.1768 0.5176, -1.5933 2.1768 0.5176, -1.5933 2.6951 0.5176, -1.3446 2.8017 0.5176, 2.12 2.8017 0.5176, 2.3688 2.6951 0.5176
            ]
        }
        coordIndex [
            0,1,2,-1,2,1,3,-1,2,3,4,-1,5,6,7,-1,8,4,9,-1,9,4,10,-1,11,12,13,-1,13,12,1,-1,13,1,14,-1,15,16,17,-1,17,16,18,-1,17,18,0,-1,0,18,19,-1,7,14,5,-1,5,14,1,-1,5,1,20,-1,20,1,0,-1,20,0,10,-1,10,0,19,-1,21,22,23,-1,23,22,24,-1,23,24,25,-1,26,27,23,-1,23,27,28,-1,29,30,31,-1,31,30,32,-1,28,33,23,-1,23,33,32,-1,23,32,34,-1,34,32,30,-1,35,36,37,-1,37,36,38,-1,37,38,39,-1,40,41,19,-1,19,41,42,-1,19,42,10,-1,10,42,43,-1,10,43,9,-1,9,43,44,-1,9,44,23,-1,23,44,45,-1,23,45,21,-1,46,47,48,-1,25,49,23,-1,23,49,50,-1,23,50,26,-1,39,51,37,-1,37,51,52,-1,37,52,53,-1,53,52,54,-1,53,54,55,-1,47,56,48,-1,48,56,57,-1,48,57,58,-1,54,59,55,-1,55,59,60,-1,55,60,48,-1,48,60,61,-1,48,61,46,-1,62,63,0,-1,64,65,66,-1,0,63,67,-1,67,63,68,-1,67,68,69,-1,66,70,64,-1,64,70,71,-1,64,71,72,-1,73,74,62,-1,75,76,2,-1,2,76,77,-1,2,77,0,-1,0,77,78,-1,0,78,62,-1,79,80,81,-1,81,80,82,-1,83,2,84,-1,84,2,73,-1,84,73,85,-1,85,73,62,-1,85,62,81,-1,81,62,78,-1,81,78,79,-1,72,75,64,-1,64,75,2,-1,64,2,86,-1,86,2,83,-1,86,83,87,-1,87,83,88,-1,82,89,81,-1,81,89,90,-1,81,90,91,-1,91,92,81,-1,81,92,93,-1,81,93,64,-1,64,93,94,-1,64,94,65,-1,8,95,4,-1,4,95,96,-1,4,96,2,-1,2,96,97,-1,2,97,73,-1,73,97,98,-1,96,99,97,-1,97,99,100,-1,97,100,36,-1,58,40,48,-1,48,40,19,-1,48,19,101,-1,101,19,102,-1,101,102,35,-1,35,102,103,-1,35,103,36,-1,36,103,104,-1,36,104,97,-1,16,105,18,-1,18,105,106,-1,18,106,19,-1,19,106,107,-1,19,107,102,-1,102,107,108,-1,102,108,103,-1,103,108,109,-1,103,109,104,-1,104,109,97,-1,97,109,110,-1,97,110,98,-1,111,74,110,-1,110,74,73,-1,110,73,98,-1,74,111,62,-1,62,111,112,-1,62,112,63,-1,63,112,113,-1,63,113,68,-1,68,113,114,-1,68,114,69,-1,69,114,115,-1,115,116,69,-1,69,116,67,-1,67,116,0,-1,0,116,117,-1,0,117,17,-1,117,118,17,-1,17,118,15,-1,118,105,15,-1,15,105,16,-1,112,111,110,-1,117,116,113,-1,113,116,115,-1,113,115,114,-1,106,105,118,-1,109,108,107,-1,110,109,112,-1,112,109,107,-1,112,107,113,-1,113,107,106,-1,113,106,117,-1,117,106,118,-1,
        ]
    }
}
Shape{
    appearance Appearance {
        material  Material 	{
            diffuseColor 0.25098039215686274 0.25098039215686274 0.25098039215686274
            specularColor 0.07450980392156863 0.07450980392156863 0.07450980392156863
            ambientIntensity 0.251
            transparency 0.0
            shininess 0.5
        }
    }
    geometry IndexedFaceSet {
        ccw TRUE
        solid FALSE
        coord DEF co Coordinate {
            point [
                -0.1481 0.7323 0.0097, -0.271 0.4173 0.0097, -0.1481 0.7323 0.0058, -0.271 0.4173 0.0058, -0.2249 0.4173 0.0097, -0.2249 0.4173 0.0058, -0.193 0.5056 0.0097, -0.193 0.5056 0.0058, -0.0629 0.5056 0.0097, -0.0629 0.5056 0.0058, -0.0329 0.4173 0.0097, -0.0329 0.4173 0.0058, 0.0132 0.4173 0.0097, 0.0132 0.4173 0.0058, -0.1058 0.7323 0.0097, -0.1058 0.7323 0.0058, -0.0735 0.5402 0.0097, -0.1789 0.5402 0.0097, -0.1205 0.6718 0.0097, -0.1236 0.6827 0.0097, -0.1256 0.6938 0.0097, -0.1266 0.6938 0.0097, -0.1287 0.6827 0.0097, -0.1315 0.6718 0.0097, -0.0735 0.5402 0.0058, -0.1789 0.5402 0.0058, -0.1205 0.6718 0.0058, -0.1236 0.6827 0.0058, -0.1256 0.6938 0.0058, -0.1266 0.6938 0.0058, -0.1287 0.6827 0.0058, -0.1315 0.6718 0.0058, 0.2041 0.4173 0.0097, 0.2898 0.4173 0.0097, 0.2041 0.4173 0.0058, 0.2898 0.4173 0.0058, 0.2898 0.7323 0.0097, 0.2898 0.7323 0.0058, 0.2009 0.7323 0.0097, 0.2009 0.7323 0.0058, 0.0363 0.5787 0.0097, 0.0363 0.5787 0.0058, 0.0386 0.6084 0.0058, 0.0386 0.6084 0.0097, 0.047 0.6394 0.0058, 0.047 0.6394 0.0097, 0.0617 0.6665 0.0058, 0.0617 0.6665 0.0097, 0.0839 0.6912 0.0058, 0.0839 0.6912 0.0097, 0.0843 0.6915 0.0058, 0.0843 0.6915 0.0097, 0.1185 0.7144 0.0058, 0.1185 0.7144 0.0097, 0.1554 0.7274 0.0058, 0.1554 0.7274 0.0097, 0.1652 0.4207 0.0058, 0.1652 0.4207 0.0097, 0.1289 0.4315 0.0058, 0.1289 0.4315 0.0097, 0.096 0.4506 0.0058, 0.096 0.4506 0.0097, 0.0701 0.4754 0.0058, 0.0701 0.4754 0.0097, 0.052 0.5036 0.0058, 0.052 0.5036 0.0097, 0.0407 0.5366 0.0058, 0.0407 0.5366 0.0097, 0.0995 0.6535 0.0097, 0.1148 0.6698 0.0097, 0.1378 0.6846 0.0097, 0.1638 0.6937 0.0097, 0.2011 0.6977 0.0097, 0.2475 0.6977 0.0097, 0.2475 0.4519 0.0097, 0.2028 0.4519 0.0097, 0.1696 0.455 0.0097, 0.1431 0.4632 0.0097, 0.1216 0.476 0.0097, 0.1039 0.4934 0.0097, 0.0907 0.5151 0.0097, 0.0814 0.5448 0.0097, 0.0785 0.5778 0.0097, 0.0812 0.6092 0.0097, 0.0886 0.6341 0.0097, 0.2011 0.6977 0.0058, 0.2475 0.6977 0.0058, 0.1638 0.6937 0.0058, 0.1378 0.6846 0.0058, 0.1148 0.6698 0.0058, 0.0995 0.6535 0.0058, 0.0886 0.6341 0.0058, 0.0812 0.6092 0.0058, 0.0785 0.5778 0.0058, 0.0814 0.5448 0.0058, 0.0907 0.5151 0.0058, 0.1039 0.4934 0.0058, 0.1216 0.476 0.0058, 0.1431 0.4632 0.0058, 0.1696 0.455 0.0058, 0.2028 0.4519 0.0058, 0.2475 0.4519 0.0058, 0.3512 0.4519 0.0097, 0.3512 0.4173 0.0097, 0.3512 0.4519 0.0058, 0.3512 0.4173 0.0058, 0.5202 0.4173 0.0097, 0.5202 0.4173 0.0058, 0.5202 0.7323 0.0097, 0.5202 0.7323 0.0058, 0.3589 0.7323 0.0097, 0.3589 0.7323 0.0058, 0.3589 0.6977 0.0097, 0.3589 0.6977 0.0058, 0.478 0.6977 0.0097, 0.478 0.6977 0.0058, 0.478 0.594 0.0097, 0.478 0.594 0.0058, 0.3666 0.594 0.0097, 0.3666 0.594 0.0058, 0.3666 0.5594 0.0097, 0.3666 0.5594 0.0058, 0.478 0.5594 0.0097, 0.478 0.5594 0.0058, 0.478 0.4519 0.0097, 0.478 0.4519 0.0058, 0.5817 0.4682 0.0097, 0.5817 0.4336 0.0097, 0.5817 0.4682 0.0058, 0.5817 0.4336 0.0058, 0.6153 0.4198 0.0097, 0.6684 0.4135 0.0097, 0.6684 0.4135 0.0058, 0.6597 0.4136 0.0058, 0.6597 0.4136 0.0097, 0.6471 0.4154 0.0058, 0.6153 0.4198 0.0058, 0.6869 0.4154 0.0058, 0.7072 0.4175 0.0097, 0.7072 0.4175 0.0058, 0.7377 0.428 0.0097, 0.7377 0.428 0.0058, 0.763 0.4442 0.0097, 0.763 0.4442 0.0058, 0.7867 0.4691 0.0097, 0.7867 0.4691 0.0058, 0.8035 0.499 0.0097, 0.8035 0.499 0.0058, 0.813 0.5324 0.0097, 0.813 0.5324 0.0058, 0.816 0.5688 0.0097, 0.816 0.5688 0.0058, 0.6558 0.7361 0.0097, 0.6558 0.7361 0.0058, 0.6875 0.7335 0.0058, 0.6875 0.7335 0.0097, 0.7226 0.7233 0.0058, 0.7226 0.7233 0.0097, 0.7525 0.7061 0.0058, 0.7525 0.7061 0.0097, 0.7809 0.6787 0.0058, 0.7809 0.6787 0.0097, 0.7994 0.6493 0.0058, 0.7994 0.6493 0.0097, 0.8115 0.6136 0.0058, 0.8115 0.6136 0.0097, 0.5817 0.7236 0.0097, 0.5817 0.7236 0.0058, 0.6181 0.7335 0.0058, 0.6181 0.7335 0.0097, 0.5817 0.6814 0.0097, 0.5817 0.6814 0.0058, 0.6555 0.7015 0.0097, 0.6555 0.7015 0.0058, 0.6172 0.6966 0.0058, 0.6172 0.6966 0.0097, 0.7737 0.5714 0.0097, 0.7737 0.5714 0.0058, 0.7722 0.5959 0.0058, 0.7722 0.5959 0.0097, 0.7639 0.6296 0.0058, 0.7639 0.6296 0.0097, 0.7509 0.654 0.0058, 0.7509 0.654 0.0097, 0.7318 0.675 0.0058, 0.7318 0.675 0.0097, 0.71 0.6895 0.0058, 0.71 0.6895 0.0097, 0.6865 0.698 0.0058, 0.6865 0.698 0.0097, 0.6625 0.448 0.0097, 0.6625 0.448 0.0058, 0.6919 0.4513 0.0058, 0.6919 0.4513 0.0097, 0.7149 0.4598 0.0058, 0.7149 0.4598 0.0097, 0.7342 0.4728 0.0058, 0.7342 0.4728 0.0097, 0.749 0.4884 0.0058, 0.749 0.4884 0.0097, 0.762 0.5102 0.0058, 0.762 0.5102 0.0097, 0.7706 0.5373 0.0058, 0.7706 0.5373 0.0097, 0.5873 0.4651 0.0058, 0.5873 0.4651 0.0097, 0.6207 0.4527 0.0058, 0.6207 0.4527 0.0097, 0.8429 0.4519 0.0097, 0.8429 0.4173 0.0097, 0.8429 0.4519 0.0058, 0.8429 0.4173 0.0058, 1.0042 0.4173 0.0097, 1.0042 0.4173 0.0058, 1.0042 0.7323 0.0097, 1.0042 0.7323 0.0058, 0.962 0.7323 0.0097, 0.962 0.7323 0.0058, 0.962 0.4519 0.0097, 0.962 0.4519 0.0058
            ]
        }
        coordIndex [
            0,1,2,-1,2,1,3,-1,1,4,3,-1,3,4,5,-1,4,6,5,-1,5,6,7,-1,6,8,7,-1,7,8,9,-1,8,10,9,-1,9,10,11,-1,10,12,11,-1,11,12,13,-1,12,14,13,-1,13,14,15,-1,14,0,15,-1,15,0,2,-1,16,8,17,-1,17,8,6,-1,18,14,16,-1,16,14,12,-1,16,12,8,-1,8,12,10,-1,18,19,14,-1,14,19,20,-1,14,20,0,-1,0,20,21,-1,0,21,22,-1,22,23,0,-1,0,23,17,-1,0,17,1,-1,1,17,6,-1,1,6,4,-1,16,17,24,-1,24,17,25,-1,18,16,26,-1,26,16,24,-1,18,26,27,-1,18,27,19,-1,19,27,28,-1,19,28,20,-1,21,20,29,-1,29,20,28,-1,21,29,30,-1,21,30,22,-1,22,30,31,-1,22,31,23,-1,17,23,25,-1,25,23,31,-1,32,33,34,-1,34,33,35,-1,33,36,35,-1,35,36,37,-1,36,38,37,-1,37,38,39,-1,40,41,42,-1,40,42,43,-1,43,42,44,-1,43,44,45,-1,45,44,46,-1,45,46,47,-1,47,46,48,-1,47,48,49,-1,49,48,50,-1,49,50,51,-1,51,50,52,-1,51,52,53,-1,53,52,54,-1,53,54,55,-1,55,54,39,-1,55,39,38,-1,32,34,56,-1,32,56,57,-1,57,56,58,-1,57,58,59,-1,59,58,60,-1,59,60,61,-1,61,60,62,-1,61,62,63,-1,63,62,64,-1,63,64,65,-1,65,64,66,-1,65,66,67,-1,67,66,41,-1,67,41,40,-1,45,47,68,-1,68,47,49,-1,68,49,69,-1,69,49,51,-1,69,51,70,-1,70,51,53,-1,70,53,71,-1,71,53,55,-1,71,55,72,-1,72,55,38,-1,72,38,73,-1,73,38,36,-1,73,36,74,-1,74,36,33,-1,74,33,75,-1,75,33,32,-1,75,32,76,-1,76,32,57,-1,76,57,77,-1,77,57,59,-1,77,59,78,-1,78,59,61,-1,78,61,79,-1,79,61,63,-1,79,63,80,-1,80,63,65,-1,80,65,81,-1,81,65,67,-1,81,67,82,-1,82,67,40,-1,82,40,83,-1,83,40,43,-1,83,43,84,-1,84,43,45,-1,84,45,68,-1,72,73,85,-1,85,73,86,-1,72,85,87,-1,72,87,71,-1,71,87,88,-1,71,88,70,-1,70,88,89,-1,70,89,69,-1,69,89,90,-1,69,90,68,-1,68,90,91,-1,68,91,84,-1,84,91,92,-1,84,92,83,-1,83,92,93,-1,83,93,82,-1,82,93,94,-1,82,94,81,-1,81,94,95,-1,81,95,80,-1,80,95,96,-1,80,96,79,-1,79,96,97,-1,79,97,78,-1,78,97,98,-1,78,98,77,-1,77,98,99,-1,77,99,76,-1,76,99,100,-1,76,100,75,-1,74,75,101,-1,101,75,100,-1,73,74,86,-1,86,74,101,-1,102,103,104,-1,104,103,105,-1,103,106,105,-1,105,106,107,-1,106,108,107,-1,107,108,109,-1,108,110,109,-1,109,110,111,-1,110,112,111,-1,111,112,113,-1,112,114,113,-1,113,114,115,-1,114,116,115,-1,115,116,117,-1,116,118,117,-1,117,118,119,-1,118,120,119,-1,119,120,121,-1,120,122,121,-1,121,122,123,-1,122,124,123,-1,123,124,125,-1,124,102,125,-1,125,102,104,-1,106,103,102,-1,102,124,106,-1,106,124,122,-1,106,122,108,-1,112,110,114,-1,114,110,108,-1,114,108,116,-1,116,108,122,-1,116,122,118,-1,118,122,120,-1,126,127,128,-1,128,127,129,-1,129,127,130,-1,131,132,133,-1,131,133,134,-1,134,133,135,-1,134,135,130,-1,130,135,136,-1,130,136,129,-1,132,131,137,-1,137,131,138,-1,137,138,139,-1,139,138,140,-1,139,140,141,-1,141,140,142,-1,141,142,143,-1,143,142,144,-1,143,144,145,-1,145,144,146,-1,145,146,147,-1,147,146,148,-1,147,148,149,-1,149,148,150,-1,149,150,151,-1,152,153,154,-1,152,154,155,-1,155,154,156,-1,155,156,157,-1,157,156,158,-1,157,158,159,-1,159,158,160,-1,159,160,161,-1,161,160,162,-1,161,162,163,-1,163,162,164,-1,163,164,165,-1,165,164,151,-1,165,151,150,-1,166,167,168,-1,166,168,169,-1,169,168,153,-1,169,153,152,-1,166,170,167,-1,167,170,171,-1,172,173,174,-1,172,174,175,-1,175,174,171,-1,175,171,170,-1,176,177,178,-1,176,178,179,-1,179,178,180,-1,179,180,181,-1,181,180,182,-1,181,182,183,-1,183,182,184,-1,183,184,185,-1,185,184,186,-1,185,186,187,-1,187,186,188,-1,187,188,189,-1,189,188,173,-1,189,173,172,-1,190,191,192,-1,190,192,193,-1,193,192,194,-1,193,194,195,-1,195,194,196,-1,195,196,197,-1,197,196,198,-1,197,198,199,-1,199,198,200,-1,199,200,201,-1,201,200,202,-1,201,202,203,-1,203,202,177,-1,203,177,176,-1,126,128,204,-1,126,204,205,-1,205,204,206,-1,205,206,207,-1,207,206,191,-1,207,191,190,-1,193,131,190,-1,190,131,134,-1,190,134,207,-1,207,134,130,-1,207,130,205,-1,205,130,127,-1,205,127,126,-1,170,166,175,-1,175,166,169,-1,175,169,172,-1,172,169,152,-1,172,152,189,-1,189,152,155,-1,189,155,187,-1,187,155,157,-1,187,157,185,-1,185,157,159,-1,185,159,183,-1,183,159,161,-1,183,161,181,-1,181,161,163,-1,181,163,179,-1,179,163,165,-1,179,165,176,-1,176,165,150,-1,176,150,203,-1,203,150,148,-1,203,148,201,-1,201,148,146,-1,201,146,199,-1,199,146,144,-1,199,144,197,-1,197,144,142,-1,197,142,195,-1,195,142,140,-1,195,140,193,-1,193,140,138,-1,193,138,131,-1,208,209,210,-1,210,209,211,-1,209,212,211,-1,211,212,213,-1,212,214,213,-1,213,214,215,-1,214,216,215,-1,215,216,217,-1,216,218,217,-1,217,218,219,-1,218,208,219,-1,219,208,210,-1,216,214,218,-1,218,214,212,-1,218,212,208,-1,208,212,209,-1,
        ]
    }
}
Shape{
    appearance Appearance {
        material  Material 	{
            diffuseColor 0.7686274509803922 0.7686274509803922 0.7686274509803922
            specularColor 0.615686274509804 0.615686274509804 0.615686274509804
            ambientIntensity 0.7686
            transparency 0.0
            shininess 0.5
        }
    }
    geometry IndexedFaceSet {
        ccw TRUE
        solid FALSE
        coord DEF co Coordinate {
            point [
                -0.0735 0.5402 0.0058, -0.1789 0.5402 0.0058, -0.1205 0.6718 0.0058, -0.1315 0.6718 0.0058, -0.1236 0.6827 0.0058, -0.1287 0.6827 0.0058, -0.1256 0.6938 0.0058, -0.1266 0.6938 0.0058, 0.2475 0.6977 0.0058, 0.2475 0.4519 0.0058, 0.2011 0.6977 0.0058, 0.2028 0.4519 0.0058, 0.1696 0.455 0.0058, 0.0785 0.5778 0.0058, 0.0812 0.6092 0.0058, 0.0886 0.6341 0.0058, 0.1638 0.6937 0.0058, 0.1431 0.4632 0.0058, 0.1216 0.476 0.0058, 0.1039 0.4934 0.0058, 0.0907 0.5151 0.0058, 0.0814 0.5448 0.0058, 0.0995 0.6535 0.0058, 0.1148 0.6698 0.0058, 0.1378 0.6846 0.0058
            ]
        }
        coordIndex [
            0,1,2,-1,2,1,3,-1,2,3,4,-1,4,3,5,-1,4,5,6,-1,6,5,7,-1,8,9,10,-1,10,9,11,-1,10,11,12,-1,13,14,10,-1,10,14,15,-1,10,15,16,-1,12,17,10,-1,10,17,18,-1,10,18,19,-1,19,20,10,-1,10,20,21,-1,10,21,13,-1,22,23,15,-1,15,23,24,-1,15,24,16,-1,
        ]
    }
}