#VRML V2.0 utf8
# 3D model generated by easyeda2kicad.py (https://github.com/uPesy/easyeda2kicad.py)

Shape{
    appearance Appearance {
        material  Material 	{
            diffuseColor 0.25098039215686274 0.25098039215686274 0.25098039215686274
            specularColor 0.07450980392156863 0.07450980392156863 0.07450980392156863
            ambientIntensity 0.251
            transparency 0.0
            shininess 0.5
        }
    }
    geometry IndexedFaceSet {
        ccw TRUE
        solid FALSE
        coord DEF co Coordinate {
            point [
                2.29 -1.0327 1.7774, 2.29 -0.9343 1.7774, 1.2377 -0.9343 1.7774, -0.7768 -0.5406 1.7774, -0.7767 -0.5404 1.7774, -0.7767 -0.1351 1.7774, 0.8164 0.1785 1.7774, 0.7899 0.1754 1.7774, 0.9209 0.1754 1.7774, 0.488 0.5191 1.7774, 0.4705 0.5207 1.7774, 0.4705 0.4239 1.7774, -0.1564 0.1784 1.7774, -0.1832 0.1754 1.7774, -0.0023 0.1754 1.7774, -0.4318 0.5724 1.7774, -0.4318 0.5616 1.7774, -0.4076 0.5616 1.7774, -0.4318 0.5272 1.7774, -0.4076 0.1754 1.7774, -0.5652 0.5272 1.7774, -0.5652 0.1787 1.7774, -0.6168 0.5272 1.7774, -0.7502 0.5272 1.7774, -0.6168 0.1787 1.7774, -0.7767 0.1754 1.7774, -0.7767 0.5616 1.7774, -0.7502 0.5616 1.7774, -0.7767 0.5778 1.7774, -0.7502 0.5724 1.7774, -0.4076 0.5778 1.7774, -0.0724 0.5272 1.7774, -0.0023 0.5616 1.7774, -0.1049 0.5546 1.7774, -0.1193 0.5616 1.7774, -0.0545 0.5005 1.7774, -0.0308 0.4442 1.7774, -0.0207 0.3744 1.7774, -0.0702 0.2282 1.7774, -0.0863 0.2128 1.7774, -0.1172 0.1926 1.7774, -0.0255 0.3275 1.7774, -0.042 0.2738 1.7774, -0.1405 0.5719 1.7774, -0.0023 0.5778 1.7774, -0.1683 0.5778 1.7774, -0.3091 0.5616 1.7774, -0.3075 0.5627 1.7774, -0.2689 0.5768 1.7774, -0.2602 0.5778 1.7774, -0.4076 2.1067 1.7774, -0.2122 0.5831 1.7774, -0.0023 2.1067 1.7774, -0.1893 0.5821 1.7774, -0.3945 0.4502 1.7774, -0.3742 0.4975 1.7774, -0.3413 0.5401 1.7774, -0.3023 0.1892 1.7774, -0.3318 0.2059 1.7774, -0.3606 0.2325 1.7774, -0.3692 0.2453 1.7774, -0.394 0.3 1.7774, -0.4058 0.3744 1.7774, -0.4052 0.3866 1.7774, -0.2122 0.1722 1.7774, -0.0023 -0.1351 1.7774, -0.4076 -0.1351 1.7774, -0.2249 0.1725 1.7774, -0.2537 0.1754 1.7774, -0.2563 0.1757 1.7774, 0.0289 0.4679 1.7774, 0.0403 0.5014 1.7774, 0.2782 0.4204 1.7774, 0.2807 0.2239 1.7774, 0.3047 0.5616 1.7774, 0.0247 0.4261 1.7774, 0.3047 0.1754 1.7774, 0.2807 0.1787 1.7774, 0.2701 0.3985 1.7774, 0.2557 0.3768 1.7774, 0.2243 0.3482 1.7774, 0.0832 0.4772 1.7774, 0.0771 0.4558 1.7774, 0.1475 0.5206 1.7774, 0.0742 0.4261 1.7774, 0.1516 0.5207 1.7774, 0.0591 0.5293 1.7774, 0.0692 0.5388 1.7774, 0.0895 0.5518 1.7774, 0.2168 0.5533 1.7774, 0.2376 0.5413 1.7774, 0.2545 0.5255 1.7774, 0.2669 0.5064 1.7774, 0.0161 0.1787 1.7774, 0.019 0.2107 1.7774, 0.0289 0.2474 1.7774, 0.0464 0.2799 1.7774, 0.0714 0.3074 1.7774, 0.1065 0.3314 1.7774, 0.1581 0.3615 1.7774, 0.1874 0.3802 1.7774, 0.276 0.4815 1.7774, 0.2807 0.4497 1.7774, 0.214 0.4024 1.7774, 0.2178 0.4084 1.7774, 0.2255 0.426 1.7774, 0.1753 0.3207 1.7774, 0.1344 0.297 1.7774, 0.1053 0.2778 1.7774, 0.2291 0.4519 1.7774, 0.2291 0.4522 1.7774, 0.2253 0.4737 1.7774, 0.2047 0.5049 1.7774, 0.1918 0.5126 1.7774, 0.1744 0.5182 1.7774, 0.1266 0.5176 1.7774, 0.1128 0.5121 1.7774, 0.0912 0.4926 1.7774, 0.1012 0.504 1.7774, 0.2195 0.4877 1.7774, 0.2104 0.4997 1.7774, 0.0851 0.2576 1.7774, 0.0751 0.2413 1.7774, 0.0699 0.2239 1.7774, 0.1164 0.5614 1.7774, 0.1188 0.5616 1.7774, 0.1581 0.5659 1.7774, 0.3047 0.5778 1.7774, 0.183 0.5632 1.7774, 0.1883 0.5616 1.7774, 0.5382 0.5464 1.7774, 0.5553 0.5324 1.7774, 0.6127 0.5616 1.7774, 0.5931 0.3013 1.7774, 0.588 0.2625 1.7774, 0.6127 0.1754 1.7774, 0.3867 0.4379 1.7774, 0.378 0.3788 1.7774, 0.3802 0.3766 1.7774, 0.5687 0.5145 1.7774, 0.5786 0.4917 1.7774, 0.5845 0.4627 1.7774, 0.5372 0.4627 1.7774, 0.4971 0.4204 1.7774, 0.5297 0.41 1.7774, 0.5759 0.2334 1.7774, 0.5544 0.2045 1.7774, 0.5411 0.1918 1.7774, 0.5019 0.5147 1.7774, 0.5673 0.3812 1.7774, 0.58 0.361 1.7774, 0.589 0.3342 1.7774, 0.5509 0.3972 1.7774, 0.3879 0.3886 1.7774, 0.4022 0.4033 1.7774, 0.3995 0.473 1.7774, 0.4187 0.4136 1.7774, 0.4116 0.4914 1.7774, 0.4401 0.4209 1.7774, 0.4498 0.5173 1.7774, 0.4326 0.5098 1.7774, 0.4249 0.5046 1.7774, 0.5367 0.465 1.7774, 0.5302 0.4855 1.7774, 0.5219 0.4991 1.7774, 0.5128 0.5081 1.7774, 0.4369 0.5616 1.7774, 0.4383 0.5622 1.7774, 0.4705 0.5659 1.7774, 0.6127 0.5778 1.7774, 0.4832 0.5647 1.7774, 0.4963 0.5616 1.7774, 0.5176 0.5566 1.7774, 0.3503 0.4839 1.7774, 0.3715 0.5186 1.7774, 0.4249 0.1766 1.7774, 0.3987 0.1864 1.7774, 0.3876 0.5354 1.7774, 0.4121 0.5523 1.7774, 0.3764 0.2015 1.7774, 0.3565 0.2239 1.7774, 0.3484 0.2396 1.7774, 0.334 0.2886 1.7774, 0.3285 0.3572 1.7774, 0.3348 0.4327 1.7774, 0.5253 0.1827 1.7774, 0.5018 0.1754 1.7774, 0.6127 -0.1351 1.7774, 0.5011 0.1752 1.7774, 0.3047 -0.1351 1.7774, 0.4576 0.1722 1.7774, 0.4336 0.1754 1.7774, 0.6607 0.2071 1.7774, 0.678 0.1921 1.7774, 0.6904 0.1851 1.7774, 0.7863 0.3553 1.7774, 0.7593 0.3572 1.7774, 0.7636 0.2109 1.7774, 0.6571 0.5122 1.7774, 0.6732 0.5337 1.7774, 0.699 0.5517 1.7774, 0.6484 0.2251 1.7774, 0.6372 0.2558 1.7774, 0.6323 0.297 1.7774, 0.8062 0.3502 1.7774, 0.6883 0.439 1.7774, 0.6818 0.297 1.7774, 0.696 0.4807 1.7774, 0.6908 0.463 1.7774, 0.7614 0.3981 1.7774, 0.6409 0.439 1.7774, 0.6411 0.4476 1.7774, 0.6469 0.4869 1.7774, 0.7121 0.2249 1.7774, 0.7253 0.2176 1.7774, 0.7423 0.2127 1.7774, 0.8181 0.2269 1.7774, 0.8301 0.2378 1.7774, 0.8386 0.2506 1.7774, 0.8444 0.2661 1.7774, 0.8475 0.2862 1.7774, 0.7797 0.2126 1.7774, 0.8474 0.2902 1.7774, 0.8447 0.3092 1.7774, 0.8397 0.3221 1.7774, 0.7356 0.3981 1.7774, 0.7356 0.3572 1.7774, 0.6819 0.2954 1.7774, 0.6859 0.2653 1.7774, 0.7845 0.5184 1.7774, 0.7636 0.5207 1.7774, 0.7416 0.5186 1.7774, 0.7252 0.513 1.7774, 0.7801 0.3999 1.7774, 0.7996 0.4053 1.7774, 0.8128 0.4128 1.7774, 0.8211 0.4207 1.7774, 0.8279 0.4312 1.7774, 0.8325 0.4441 1.7774, 0.8346 0.4605 1.7774, 0.8331 0.4716 1.7774, 0.828 0.4871 1.7774, 0.8215 0.4975 1.7774, 0.8128 0.5062 1.7774, 0.8002 0.5136 1.7774, 0.804 0.2192 1.7774, 0.8316 0.3337 1.7774, 0.8214 0.3425 1.7774, 0.6934 0.2462 1.7774, 0.7021 0.2339 1.7774, 0.7135 0.5054 1.7774, 0.7037 0.4947 1.7774, 0.7614 0.1722 1.7774, 0.9209 -0.1351 1.7774, 0.7559 0.1723 1.7774, 0.7228 0.1754 1.7774, 0.7197 0.1757 1.7774, 0.869 0.3652 1.7774, 0.8826 0.3525 1.7774, 0.8541 0.3935 1.7774, 0.842 0.1881 1.7774, 0.8664 0.4056 1.7774, 0.8945 0.2501 1.7774, 0.8832 0.2266 1.7774, 0.8434 0.5445 1.7774, 0.9209 0.5616 1.7774, 0.8245 0.5546 1.7774, 0.7984 0.5616 1.7774, 0.8595 0.5304 1.7774, 0.8712 0.5136 1.7774, 0.8797 0.4921 1.7774, 0.8841 0.4648 1.7774, 0.8822 0.442 1.7774, 0.8755 0.4205 1.7774, 0.8367 0.3831 1.7774, 0.8367 0.3809 1.7774, 0.8521 0.3752 1.7774, 0.9004 0.2765 1.7774, 0.8647 0.2045 1.7774, 0.8624 0.2024 1.7774, 0.8928 0.336 1.7774, 0.899 0.3167 1.7774, 0.9013 0.2927 1.7774, 0.7257 0.5614 1.7774, 0.7274 0.5616 1.7774, 0.7657 0.5659 1.7774, 0.9209 0.5778 1.7774, 0.7918 0.5634 1.7774, 1.3283 0.1805 1.7774, 1.3038 0.192 1.7774, 1.2377 0.1754 1.7774, 1.286 0.2066 1.7774, 1.2734 0.2234 1.7774, 1.2725 0.3486 1.7774, 1.2574 0.2755 1.7774, 1.3134 0.3465 1.7774, 1.3069 0.2755 1.7774, 1.2377 0.5616 1.7774, 1.3005 0.5573 1.7774, 1.5005 0.5573 1.7774, 1.5005 0.51 1.7774, 2.29 0.1754 1.7774, 2.29 0.5616 1.7774, 1.2633 0.2463 1.7774, 1.3667 0.3811 1.7774, 1.3467 0.3744 1.7774, 1.3297 0.3636 1.7774, 1.3671 0.2107 1.7774, 1.3908 0.2088 1.7774, 1.3865 0.3831 1.7774, 1.4001 0.21 1.7774, 1.4098 0.3798 1.7774, 1.4584 0.2502 1.7774, 1.4661 0.2705 1.7774, 1.4704 0.297 1.7774, 1.3151 0.2469 1.7774, 1.3235 0.234 1.7774, 1.5049 0.2302 1.7774, 1.4855 0.2066 1.7774, 1.483 0.2044 1.7774, 1.4607 0.1886 1.7774, 1.3086 0.2658 1.7774, 1.334 0.224 1.7774, 1.3491 0.2158 1.7774, 1.422 0.2162 1.7774, 1.437 0.2247 1.7774, 1.4489 0.2359 1.7774, 1.4682 0.3159 1.7774, 1.4615 0.3381 1.7774, 1.453 0.3527 1.7774, 1.337 0.51 1.7774, 1.322 0.4046 1.7774, 1.3378 0.4145 1.7774, 1.4416 0.3646 1.7774, 1.4276 0.3734 1.7774, 1.5184 0.3378 1.7774, 1.5242 0.3035 1.7774, 1.4487 0.4163 1.7774, 1.473 0.4036 1.7774, 1.4934 0.3856 1.7774, 1.5078 0.3647 1.7774, 1.5232 0.2851 1.7774, 1.5171 0.256 1.7774, 1.3633 0.4243 1.7774, 1.3951 0.4282 1.7774, 1.4087 0.4266 1.7774, 1.4319 0.1778 1.7774, 1.411 0.1754 1.7774, 2.29 -0.1351 1.7774, 1.2377 -0.1351 1.7774, 1.3822 0.1722 1.7774, 1.3669 0.173 1.7774, 1.3543 0.1754 1.7774, -0.7455 -0.4998 1.7774, -0.7047 -0.4685 1.7774, -0.6572 -0.4488 1.7774, -0.4094 -0.639 1.7774, -0.4162 -0.6899 1.7774, -0.4076 -0.9343 1.7774, -0.6063 -0.8358 1.7774, -0.6572 -0.8291 1.7774, -0.7767 -0.9343 1.7774, -0.7047 -0.8095 1.7774, -0.5554 -0.8291 1.7774, -0.5079 -0.8095 1.7774, -0.6063 -0.4421 1.7774, -0.5554 -0.4488 1.7774, -0.5079 -0.4685 1.7774, -0.4671 -0.4998 1.7774, -0.4358 -0.7374 1.7774, -0.4671 -0.7782 1.7774, -0.4358 -0.5406 1.7774, -0.4162 -0.588 1.7774, -0.7455 -0.7782 1.7774, -0.7767 -0.7375 1.7774, -1.5026 -0.9343 1.7774, -0.7768 -0.7374 1.7774, -0.7964 -0.6899 1.7774, -0.8032 -0.639 1.7774, -1.5026 -0.1351 1.7774, -0.7964 -0.588 1.7774, 0.3047 2.1067 1.7774, 0.6127 2.1067 1.7774, 0.9209 2.1067 1.7774, 1.2377 0.5778 1.7774, 1.2377 2.1067 1.7774, 2.29 0.5778 1.7774, 2.29 2.1067 1.7774, -0.7767 2.1067 1.7774, 0.9405 0.297 1.7774, 0.9405 0.3379 1.7774, 1.218 0.297 1.7774, 1.218 0.3379 1.7774, -1.5026 2.1067 1.7774, -1.5026 0.5778 1.7774, -1.5026 0.5616 1.7774, -1.5026 0.1754 1.7774, -0.0023 -0.9343 1.7774, 0.3047 -0.9343 1.7774, 0.6127 -0.9343 1.7774, 0.9209 -0.9343 1.7774, 1.2377 -1.0327 1.7774, 0.9209 -1.0327 1.7774, 0.6127 -1.0327 1.7774, 0.3047 -1.0327 1.7774, -0.0023 -1.0327 1.7774, -0.4076 -1.0327 1.7774, -0.7767 -1.0327 1.7774, -1.5026 -1.0327 1.7774, 2.3301 -1.0524 0.99, 2.3303 -1.0524 0.99, 2.3284 -1.0524 1.0265, -0.4528 -1.0524 1.1928, -0.0984 -1.0524 1.1928, 0.0591 -1.0524 1.7578, -1.5026 -1.0524 1.7578, -0.7677 -1.0524 1.1869, -0.4528 -1.0524 1.0265, -0.7677 -1.0524 1.0294, -1.122 -1.0524 1.0294, 0.0591 -1.0524 0.99, 0.0591 -1.0524 1.0265, -0.0984 -1.0524 1.0265, -1.541 -1.0524 1.0265, -1.5429 -1.0524 0.99, -1.5427 -1.0524 0.99, -0.0984 -1.0524 1.0235, -0.4528 -1.0524 1.0235, -1.122 -1.0524 1.1869, 0.2165 -1.0524 1.0294, 0.2165 -1.0524 1.1869, 0.5709 -1.0524 1.0294, 0.8858 -1.0524 1.1869, 1.2402 -1.0524 1.1869, 2.29 -1.0524 1.7578, 0.8858 -1.0524 1.0294, 0.5709 -1.0524 1.1869, 1.2402 -1.0524 1.0294, 1.5551 -1.0524 1.0294, 1.5551 -1.0524 1.1869, 1.9094 -1.0524 1.1869, 1.9094 -1.0524 1.0294, -1.5026 2.1262 1.7605, 2.29 2.1262 1.7605, -1.5678 2.3009 0.5176, 2.3552 2.3009 0.5176, -1.5867 2.2863 0.5176, -1.5216 2.1117 1.7595, -1.5196 2.1164 1.76, -1.5217 2.1111 1.7594, -1.5874 2.2812 0.5176, -1.5223 2.1067 1.7588, -1.5077 2.1255 1.7607, -1.5753 2.2994 0.5176, -1.5124 2.1236 1.7606, -1.5776 2.2983 0.5176, -1.5147 2.1218 1.7605, -1.5797 2.2968 0.5176, -1.5165 2.1205 1.7604, -1.5816 2.2951 0.5176, -1.5178 2.1188 1.7602, -1.5833 2.2932 0.5176, -1.5847 2.291 0.5176, -1.507 2.1256 1.7606, -1.5703 2.3007 0.5176, -1.5729 2.3002 0.5176, 2.3577 2.3007 0.5176, 2.2944 2.1256 1.7606, 2.3603 2.3002 0.5176, 2.2951 2.1255 1.7607, 2.3627 2.2994 0.5176, 2.2998 2.1236 1.7606, 2.365 2.2983 0.5176, 2.3671 2.2968 0.5176, 2.3021 2.1218 1.7605, 2.369 2.2951 0.5176, 2.3039 2.1205 1.7604, 2.3707 2.2932 0.5176, 2.3052 2.1188 1.7602, 2.3721 2.291 0.5176, 2.307 2.1164 1.76, 2.309 2.1117 1.7595, 2.3741 2.2863 0.5176, 2.3748 2.2812 0.5176, 2.3091 2.1111 1.7594, 2.3097 2.1067 1.7588, 2.3748 2.176 0.5176, 2.4016 -0.894 0.0058, 2.4016 2.176 0.0058, 2.3499 -1.0327 0.9924, 2.3097 -1.0327 1.7588, -1.5223 -1.0327 1.7588, -1.5874 2.176 0.5176, -1.5625 -1.0327 0.9924, -1.6142 2.176 0.0058, -1.6142 -0.894 0.0058, 2.4011 -0.8985 0.0058, 2.3996 -0.9027 0.0058, 2.0079 -0.3235 0.0058, 1.6142 1.7823 0.0058, 1.6142 2.176 0.0058, 2.0079 1.7823 0.0058, -1.6098 -0.9065 0.0058, -1.6122 -0.9027 0.0058, -1.2205 -0.3235 0.0058, -0.8268 2.176 0.0058, -0.8268 1.7823 0.0058, -1.2205 1.7823 0.0058, -1.6137 -0.8985 0.0058, 2.3972 -0.9065 0.0058, 2.3941 -0.9097 0.0058, 2.3903 -0.9121 0.0058, -1.5987 -0.9135 0.0058, -1.6029 -0.9121 0.0058, -1.6067 -0.9097 0.0058, 2.3861 -0.9135 0.0058, 2.3817 -0.914 0.0058, -1.5943 -0.914 0.0058, 2.29 2.1255 1.7635, -1.5026 2.1255 1.7635, 2.29 2.1249 1.765, -1.5026 2.1249 1.765, 2.29 2.1235 1.7681, -1.5026 2.1235 1.7681, 2.29 2.1227 1.7691, -1.5026 2.1227 1.7691, 2.29 2.1203 1.772, -1.5026 2.1203 1.772, 2.29 2.1196 1.7725, -1.5026 2.1196 1.7725, 2.29 2.1163 1.7749, -1.5026 2.1163 1.7749, 2.29 2.1157 1.7752, -1.5026 2.1157 1.7752, 2.29 2.1117 1.7768, -1.5026 2.1117 1.7768, 2.29 2.1114 1.7768, -1.5026 2.1114 1.7768, -1.5429 -1.0524 0.99, -1.5471 -1.0519 0.9903, -1.5479 -1.0516 0.9904, -1.5513 -1.0505 0.9906, -1.5526 -1.0496 0.9907, -1.5551 -1.0481 0.991, -1.5568 -1.0466 0.9912, -1.5581 -1.0449 0.9914, -1.5599 -1.0425 0.9916, -1.5604 -1.0412 0.9917, -1.5618 -1.0378 0.9921, -1.5619 -1.0371 0.9921, -1.5214 2.1067 1.7637, -1.5194 2.1067 1.7681, -1.519 2.1105 1.7681, -1.5193 2.1067 1.7682, -1.5163 2.1067 1.772, -1.5159 2.1098 1.772, -1.512 2.1089 1.7749, -1.5075 2.1078 1.7768, -1.5071 2.1089 1.7768, -1.5048 2.1112 1.7768, -1.5057 2.1106 1.7768, -1.5037 2.1116 1.7768, -1.5076 2.1067 1.7768, -1.521 2.1109 1.7635, -1.5196 2.1149 1.7635, -1.5174 2.1185 1.7635, -1.5144 2.1214 1.7635, -1.5108 2.1237 1.7635, -1.5068 2.1251 1.7635, -1.5162 2.1067 1.772, -1.5122 2.1067 1.7749, -1.5122 2.1067 1.775, -1.5076 2.1067 1.7768, -1.5101 2.1127 1.7749, -1.5086 2.1142 1.7749, -1.5068 2.1154 1.7749, -1.5048 2.1161 1.7749, -1.5113 2.1109 1.7749, -1.5065 2.1098 1.7768, -1.5149 2.1126 1.772, -1.5133 2.1152 1.772, -1.5111 2.1174 1.772, -1.5086 2.119 1.772, -1.5057 2.12 1.772, -1.5177 2.114 1.7681, -1.5157 2.1172 1.7681, -1.5131 2.1198 1.7681, -1.5099 2.1218 1.7681, -1.5064 2.1231 1.7681, -1.5215 2.1067 1.7635, 2.2938 2.1231 1.7681, 2.2931 2.12 1.772, 2.2922 2.1161 1.7749, 2.2911 2.1116 1.7768, 2.2922 2.1112 1.7768, 2.2945 2.1089 1.7768, 2.2939 2.1098 1.7768, 2.2949 2.1078 1.7768, 2.2942 2.1251 1.7635, 2.2982 2.1237 1.7635, 2.3018 2.1214 1.7635, 2.3048 2.1185 1.7635, 2.307 2.1149 1.7635, 2.3084 2.1109 1.7635, 2.3089 2.1067 1.7635, 2.295 2.1067 1.7768, 2.296 2.1142 1.7749, 2.2975 2.1127 1.7749, 2.2987 2.1109 1.7749, 2.2994 2.1089 1.7749, 2.2942 2.1154 1.7749, 2.2931 2.1106 1.7768, 2.295 2.1067 1.7768, 2.2996 2.1067 1.775, 2.2996 2.1067 1.7749, 2.3036 2.1067 1.772, 2.296 2.119 1.772, 2.2985 2.1174 1.772, 2.3007 2.1152 1.772, 2.3023 2.1126 1.772, 2.3033 2.1098 1.772, 2.2973 2.1218 1.7681, 2.3005 2.1198 1.7681, 2.3031 2.1172 1.7681, 2.3051 2.114 1.7681, 2.3064 2.1105 1.7681, 2.3037 2.1067 1.772, 2.3067 2.1067 1.7682, 2.3068 2.1067 1.7681, 2.3088 2.1067 1.7637, 2.3303 -1.0524 0.99, 2.3345 -1.0519 0.9903, 2.3353 -1.0516 0.9904, 2.3387 -1.0505 0.9906, 2.34 -1.0496 0.9907, 2.3425 -1.0481 0.991, 2.3441 -1.0465 0.9912, 2.3456 -1.045 0.9914, 2.3472 -1.0425 0.9916, 2.3479 -1.0413 0.9917, 2.3492 -1.0378 0.9921, 2.3494 -1.0371 0.9921, -1.507 -1.0518 1.758, -1.5077 -1.0517 1.758, -1.5125 -1.0497 1.7583, -1.5165 -1.0466 1.7585, -1.5148 -1.0479 1.7584, -1.5179 -1.0448 1.7586, -1.5197 -1.0425 1.7587, -1.5216 -1.0378 1.7588, -1.5217 -1.037 1.7588, -1.5219 -1.0327 1.762, -1.5213 -1.0327 1.7636, -1.5204 -1.0327 1.7662, -1.5192 -1.0327 1.7681, -1.5181 -1.0327 1.7699, -1.5161 -1.0327 1.772, -1.515 -1.0327 1.7731, -1.5121 -1.0327 1.7749, -1.5112 -1.0327 1.7755, -1.5076 -1.0327 1.7768, -1.5071 -1.0327 1.7769, 2.3093 -1.0327 1.762, 2.3087 -1.0327 1.7636, 2.3078 -1.0327 1.7662, 2.3066 -1.0327 1.7681, 2.3055 -1.0327 1.7699, 2.3035 -1.0327 1.772, 2.3024 -1.0327 1.7731, 2.2995 -1.0327 1.7749, 2.2986 -1.0327 1.7755, 2.295 -1.0327 1.7768, 2.2945 -1.0327 1.7769, 2.309 -1.0378 1.7588, 2.309 -1.0378 1.7588, 2.3071 -1.0425 1.7587, 2.304 -1.0466 1.7585, 2.3039 -1.0466 1.7585, 2.2999 -1.0497 1.7583, 2.2951 -1.0517 1.758, 2.2951 -1.0517 1.758, -1.5026 -1.0496 1.7675, -1.5026 -1.0481 1.7699, -1.5061 -1.0478 1.7699, -1.5046 -1.0411 1.7755, -1.5036 -1.037 1.7769, -1.5046 -1.0367 1.7769, -1.5066 -1.0346 1.7769, -1.5061 -1.0354 1.7769, -1.5026 -1.0371 1.7769, -1.5069 -1.0514 1.762, -1.511 -1.05 1.762, -1.5146 -1.0477 1.762, -1.5177 -1.0447 1.762, -1.52 -1.041 1.762, -1.5214 -1.037 1.762, -1.5069 -1.0337 1.7769, -1.508 -1.0394 1.7755, -1.5094 -1.038 1.7755, -1.5104 -1.0364 1.7755, -1.511 -1.0346 1.7755, -1.5026 -1.0465 1.7716, -1.5026 -1.045 1.7731, -1.5054 -1.0447 1.7731, -1.5064 -1.0404 1.7755, -1.5054 -1.0361 1.7769, -1.5026 -1.0425 1.7747, -1.5026 -1.0413 1.7755, -1.5026 -1.0378 1.7767, -1.508 -1.0438 1.7731, -1.5103 -1.0423 1.7731, -1.5123 -1.0404 1.7731, -1.5138 -1.038 1.7731, -1.5147 -1.0354 1.7731, -1.5094 -1.0466 1.7699, -1.5123 -1.0448 1.7699, -1.5147 -1.0423 1.7699, -1.5166 -1.0394 1.7699, -1.5177 -1.0361 1.7699, -1.5026 -1.0516 1.7628, -1.5026 -1.0505 1.7662, -1.5066 -1.05 1.7662, -1.5104 -1.0487 1.7662, -1.5137 -1.0466 1.7662, -1.5166 -1.0438 1.7662, -1.5187 -1.0404 1.7662, -1.52 -1.0366 1.7662, -1.5026 -1.0519 1.762, 2.305 -1.0367 1.7699, 2.2983 -1.0349 1.7755, 2.2943 -1.0338 1.7769, 2.2939 -1.0349 1.7769, 2.3086 -1.0377 1.762, 2.3067 -1.0423 1.762, 2.3036 -1.0463 1.762, 2.2997 -1.0493 1.762, 2.295 -1.0513 1.762, 2.29 -1.0519 1.762, 2.29 -1.0371 1.7769, 2.2912 -1.0369 1.7769, 2.29 -1.0378 1.7767, 2.2922 -1.0365 1.7769, 2.2975 -1.037 1.7755, 2.2932 -1.0358 1.7769, 2.2961 -1.0388 1.7755, 2.2943 -1.0401 1.7755, 2.2923 -1.041 1.7755, 2.302 -1.0359 1.7731, 2.3007 -1.0389 1.7731, 2.2988 -1.0414 1.7731, 2.2962 -1.0434 1.7731, 2.2932 -1.0446 1.7731, 2.29 -1.0413 1.7755, 2.29 -1.0425 1.7747, 2.29 -1.045 1.7731, 2.29 -1.0465 1.7716, 2.294 -1.0476 1.7699, 2.2978 -1.0461 1.7699, 2.301 -1.0436 1.7699, 2.3034 -1.0404 1.7699, 2.3072 -1.0373 1.7662, 2.3055 -1.0416 1.7662, 2.3026 -1.0453 1.7662, 2.2989 -1.0481 1.7662, 2.2946 -1.0499 1.7662, 2.29 -1.0481 1.7699, 2.29 -1.0496 1.7675, 2.29 -1.0505 1.7662, 2.29 -1.0516 1.7628
            ]
        }
        coordIndex [
            0,1,2,-1,3,4,5,-1,6,7,8,-1,9,10,11,-1,12,13,14,-1,15,16,17,-1,17,16,18,-1,17,18,19,-1,19,18,20,-1,19,20,21,-1,22,23,24,-1,24,23,25,-1,25,23,26,-1,26,23,27,-1,26,27,28,-1,29,15,30,-1,31,32,33,-1,33,32,34,-1,31,35,32,-1,32,35,36,-1,32,36,37,-1,38,39,14,-1,14,39,40,-1,14,40,12,-1,37,41,14,-1,14,41,42,-1,14,42,38,-1,34,32,43,-1,43,32,44,-1,43,44,45,-1,15,17,30,-1,30,17,46,-1,30,46,47,-1,47,48,30,-1,30,48,49,-1,30,49,50,-1,50,49,51,-1,50,51,52,-1,52,51,53,-1,52,53,45,-1,54,55,17,-1,17,55,56,-1,17,56,46,-1,57,58,19,-1,19,58,59,-1,19,59,60,-1,60,61,19,-1,19,61,62,-1,19,62,17,-1,17,62,63,-1,17,63,54,-1,13,64,65,-1,65,64,66,-1,64,67,66,-1,66,67,68,-1,66,68,19,-1,19,68,69,-1,19,69,57,-1,70,71,32,-1,72,73,74,-1,37,14,32,-1,32,14,75,-1,32,75,70,-1,74,73,76,-1,76,73,77,-1,76,77,14,-1,72,78,73,-1,73,78,79,-1,73,79,80,-1,81,82,83,-1,83,82,84,-1,83,84,85,-1,71,86,32,-1,32,86,87,-1,32,87,88,-1,89,90,74,-1,74,90,91,-1,74,91,92,-1,77,93,14,-1,14,93,94,-1,14,94,75,-1,75,94,95,-1,75,95,96,-1,96,97,75,-1,75,97,98,-1,75,98,84,-1,84,98,99,-1,84,99,100,-1,92,101,74,-1,74,101,102,-1,74,102,72,-1,100,103,84,-1,84,103,104,-1,84,104,105,-1,80,106,73,-1,73,106,107,-1,73,107,108,-1,105,109,84,-1,84,109,110,-1,84,110,111,-1,112,113,84,-1,84,113,114,-1,84,114,85,-1,83,115,81,-1,81,115,116,-1,81,116,117,-1,117,116,118,-1,111,119,84,-1,84,119,120,-1,84,120,112,-1,108,121,73,-1,73,121,122,-1,73,122,123,-1,88,124,32,-1,32,124,125,-1,32,125,44,-1,44,125,126,-1,44,126,127,-1,127,126,128,-1,127,128,129,-1,130,131,132,-1,133,134,135,-1,136,137,138,-1,131,139,132,-1,132,139,140,-1,132,140,141,-1,142,143,144,-1,134,145,135,-1,135,145,146,-1,135,146,147,-1,9,11,148,-1,149,150,141,-1,141,150,151,-1,142,144,141,-1,141,144,152,-1,141,152,149,-1,138,153,136,-1,136,153,154,-1,136,154,155,-1,155,154,156,-1,155,156,157,-1,157,156,158,-1,10,159,11,-1,11,159,160,-1,11,160,158,-1,158,160,161,-1,158,161,157,-1,143,142,11,-1,11,142,162,-1,11,162,163,-1,163,164,11,-1,11,164,165,-1,11,165,148,-1,166,127,74,-1,74,127,129,-1,74,129,89,-1,166,167,127,-1,127,167,168,-1,127,168,169,-1,168,170,169,-1,169,170,171,-1,169,171,132,-1,132,171,172,-1,132,172,130,-1,74,173,174,-1,175,176,76,-1,174,177,74,-1,74,177,178,-1,74,178,166,-1,176,179,76,-1,76,179,180,-1,76,180,181,-1,181,182,76,-1,76,182,183,-1,76,183,74,-1,74,183,184,-1,74,184,173,-1,147,185,135,-1,135,185,186,-1,135,186,187,-1,187,186,188,-1,187,188,189,-1,189,188,190,-1,189,190,191,-1,192,135,193,-1,193,135,194,-1,195,196,197,-1,198,199,132,-1,132,199,200,-1,192,201,135,-1,135,201,202,-1,135,202,203,-1,195,197,204,-1,205,203,206,-1,207,208,209,-1,210,211,132,-1,132,211,212,-1,132,212,198,-1,213,214,196,-1,196,214,215,-1,196,215,197,-1,205,210,203,-1,203,210,132,-1,203,132,135,-1,135,132,141,-1,135,141,133,-1,133,141,151,-1,216,217,218,-1,219,220,221,-1,221,220,222,-1,221,222,197,-1,197,222,223,-1,197,223,224,-1,209,208,225,-1,225,208,205,-1,225,205,226,-1,226,205,206,-1,226,206,196,-1,196,206,227,-1,196,227,228,-1,229,230,209,-1,209,230,231,-1,209,231,232,-1,233,234,235,-1,235,236,233,-1,233,236,237,-1,233,237,238,-1,238,239,233,-1,233,239,240,-1,233,240,209,-1,209,240,241,-1,209,241,242,-1,242,243,209,-1,209,243,244,-1,209,244,229,-1,219,221,218,-1,218,221,245,-1,218,245,216,-1,224,246,197,-1,197,246,247,-1,197,247,204,-1,228,248,196,-1,196,248,249,-1,196,249,213,-1,232,250,209,-1,209,250,251,-1,209,251,207,-1,7,252,253,-1,253,252,187,-1,252,254,187,-1,187,254,255,-1,187,255,135,-1,135,255,256,-1,135,256,194,-1,257,258,259,-1,6,8,260,-1,259,258,261,-1,262,263,8,-1,264,265,266,-1,266,265,267,-1,264,268,265,-1,265,268,269,-1,265,269,270,-1,270,271,265,-1,265,271,272,-1,265,272,258,-1,258,272,273,-1,258,273,261,-1,274,275,259,-1,259,275,276,-1,259,276,257,-1,262,8,277,-1,263,278,8,-1,8,278,279,-1,8,279,260,-1,258,280,265,-1,265,280,281,-1,265,281,282,-1,200,283,132,-1,132,283,284,-1,132,284,169,-1,169,284,285,-1,169,285,286,-1,286,285,287,-1,286,287,267,-1,288,289,290,-1,290,289,291,-1,290,291,292,-1,293,294,295,-1,295,294,296,-1,297,298,299,-1,300,301,299,-1,299,301,302,-1,299,302,297,-1,292,303,290,-1,290,303,294,-1,290,294,297,-1,297,294,293,-1,297,293,298,-1,304,305,296,-1,296,305,306,-1,296,306,295,-1,307,308,309,-1,309,308,310,-1,309,310,311,-1,312,313,310,-1,310,313,314,-1,315,316,309,-1,317,318,301,-1,301,318,319,-1,301,319,320,-1,304,296,309,-1,309,296,321,-1,309,321,315,-1,316,322,309,-1,309,322,323,-1,309,323,307,-1,324,325,310,-1,310,325,326,-1,310,326,312,-1,314,327,310,-1,310,327,328,-1,310,328,329,-1,330,331,332,-1,329,333,310,-1,310,333,334,-1,310,334,311,-1,335,336,301,-1,337,338,300,-1,300,338,339,-1,300,339,301,-1,301,339,340,-1,301,340,335,-1,336,341,301,-1,301,341,342,-1,301,342,317,-1,332,343,330,-1,330,343,344,-1,330,344,300,-1,300,344,345,-1,300,345,337,-1,320,346,301,-1,301,346,347,-1,301,347,348,-1,348,347,349,-1,347,350,349,-1,349,350,351,-1,349,351,352,-1,4,353,5,-1,5,353,354,-1,5,354,355,-1,356,357,358,-1,359,360,361,-1,361,360,362,-1,359,361,363,-1,363,361,358,-1,363,358,364,-1,365,366,66,-1,66,366,367,-1,66,367,368,-1,357,369,358,-1,358,369,370,-1,358,370,364,-1,368,371,66,-1,66,371,372,-1,66,372,356,-1,362,373,361,-1,361,373,374,-1,361,374,375,-1,375,374,376,-1,376,377,375,-1,375,377,378,-1,375,378,379,-1,379,378,380,-1,45,44,52,-1,52,44,127,-1,52,127,381,-1,381,127,169,-1,381,169,382,-1,382,169,286,-1,382,286,383,-1,383,286,384,-1,383,384,385,-1,385,384,386,-1,385,386,387,-1,50,388,30,-1,30,388,28,-1,30,28,29,-1,29,28,27,-1,267,265,286,-1,286,265,297,-1,286,297,384,-1,384,297,302,-1,384,302,386,-1,8,389,390,-1,389,8,391,-1,391,8,290,-1,391,290,392,-1,392,290,297,-1,392,297,390,-1,390,297,265,-1,390,265,8,-1,8,265,282,-1,8,282,277,-1,7,253,8,-1,8,253,349,-1,8,349,290,-1,290,349,352,-1,290,352,288,-1,13,65,14,-1,14,65,189,-1,14,189,76,-1,76,189,191,-1,76,191,175,-1,21,24,19,-1,19,24,25,-1,19,25,66,-1,66,25,5,-1,66,5,365,-1,365,5,355,-1,388,393,28,-1,28,393,394,-1,28,394,26,-1,26,394,395,-1,26,395,25,-1,25,395,396,-1,25,396,5,-1,5,396,379,-1,5,379,3,-1,3,379,380,-1,356,358,66,-1,66,358,397,-1,66,397,65,-1,65,397,398,-1,65,398,189,-1,189,398,399,-1,189,399,187,-1,187,399,400,-1,187,400,253,-1,253,400,2,-1,253,2,349,-1,349,2,1,-1,349,1,348,-1,0,2,401,-1,401,2,400,-1,401,400,402,-1,402,400,399,-1,402,399,403,-1,403,399,398,-1,403,398,404,-1,404,398,397,-1,404,397,405,-1,405,397,358,-1,405,358,406,-1,406,358,361,-1,406,361,407,-1,407,361,375,-1,407,375,408,-1,409,410,411,-1,412,413,414,-1,414,415,412,-1,412,415,416,-1,412,416,417,-1,417,416,418,-1,417,418,419,-1,420,421,422,-1,423,424,425,-1,422,426,420,-1,420,426,427,-1,420,427,425,-1,425,427,417,-1,425,417,423,-1,423,417,419,-1,423,419,415,-1,415,419,428,-1,415,428,416,-1,421,429,430,-1,429,421,431,-1,432,433,434,-1,435,432,436,-1,436,432,434,-1,436,434,430,-1,430,434,414,-1,430,414,421,-1,421,414,413,-1,421,413,422,-1,436,431,435,-1,435,431,421,-1,435,421,437,-1,420,409,421,-1,421,409,411,-1,421,411,437,-1,437,411,438,-1,437,438,433,-1,433,438,439,-1,433,439,434,-1,434,439,440,-1,434,440,411,-1,411,440,441,-1,411,441,438,-1,442,443,444,-1,444,443,445,-1,446,447,448,-1,447,446,449,-1,449,446,450,-1,449,450,451,-1,452,453,454,-1,454,453,455,-1,454,455,456,-1,456,455,457,-1,456,457,458,-1,458,457,459,-1,458,459,460,-1,460,459,461,-1,460,461,448,-1,448,461,462,-1,448,462,446,-1,442,444,463,-1,463,444,464,-1,463,464,452,-1,452,464,465,-1,452,465,453,-1,445,443,466,-1,466,443,467,-1,466,467,468,-1,468,467,469,-1,468,469,470,-1,470,469,471,-1,470,471,472,-1,472,471,473,-1,473,471,474,-1,473,474,475,-1,475,474,476,-1,475,476,477,-1,477,476,478,-1,477,478,479,-1,478,480,479,-1,479,480,481,-1,479,481,482,-1,482,481,483,-1,483,481,484,-1,483,484,485,-1,486,483,485,-1,487,488,489,-1,489,488,486,-1,489,486,490,-1,490,486,485,-1,451,450,491,-1,491,450,492,-1,491,492,493,-1,493,492,494,-1,493,494,495,-1,496,497,498,-1,499,500,501,-1,501,500,488,-1,501,488,498,-1,498,488,487,-1,498,487,496,-1,502,503,504,-1,505,506,494,-1,494,506,507,-1,494,507,495,-1,495,507,504,-1,495,504,508,-1,508,504,503,-1,497,509,498,-1,498,509,510,-1,498,510,511,-1,512,513,504,-1,504,513,514,-1,504,514,502,-1,511,515,498,-1,498,515,516,-1,498,516,504,-1,504,516,517,-1,504,517,512,-1,516,409,517,-1,517,409,420,-1,517,420,425,-1,443,442,518,-1,518,442,519,-1,518,519,520,-1,520,519,521,-1,520,521,522,-1,522,521,523,-1,522,523,524,-1,524,523,525,-1,524,525,526,-1,526,525,527,-1,526,527,528,-1,528,527,529,-1,528,529,530,-1,530,529,531,-1,530,531,532,-1,532,531,533,-1,532,533,534,-1,534,533,535,-1,534,535,536,-1,535,537,536,-1,536,537,393,-1,536,393,387,-1,512,517,425,-1,425,538,512,-1,512,538,539,-1,512,539,513,-1,539,540,513,-1,513,540,541,-1,513,541,514,-1,514,541,542,-1,542,543,514,-1,514,543,544,-1,514,544,502,-1,544,545,502,-1,502,545,546,-1,502,546,503,-1,546,547,503,-1,503,547,548,-1,503,548,508,-1,548,549,508,-1,508,549,493,-1,508,493,495,-1,550,551,552,-1,553,554,555,-1,556,557,558,-1,393,559,560,-1,561,559,393,-1,558,557,393,-1,562,393,557,-1,449,563,447,-1,447,563,564,-1,447,564,448,-1,448,564,565,-1,448,565,460,-1,460,565,458,-1,458,565,566,-1,458,566,456,-1,456,566,567,-1,456,567,454,-1,454,567,452,-1,452,567,568,-1,452,568,463,-1,463,568,519,-1,463,519,442,-1,537,561,393,-1,569,570,556,-1,556,570,571,-1,556,571,557,-1,557,571,572,-1,557,572,562,-1,573,560,574,-1,574,560,559,-1,574,559,575,-1,575,559,561,-1,575,561,576,-1,554,569,555,-1,555,569,556,-1,555,556,577,-1,577,556,558,-1,577,558,578,-1,578,558,393,-1,537,535,561,-1,561,535,533,-1,561,533,576,-1,576,533,531,-1,576,531,529,-1,579,573,580,-1,580,573,574,-1,580,574,581,-1,581,574,575,-1,581,575,582,-1,582,575,576,-1,582,576,583,-1,583,576,529,-1,552,579,584,-1,584,579,580,-1,584,580,585,-1,585,580,581,-1,585,581,586,-1,586,581,582,-1,586,582,587,-1,587,582,583,-1,587,583,588,-1,551,553,552,-1,552,553,555,-1,552,555,579,-1,579,555,577,-1,579,577,573,-1,573,577,578,-1,573,578,560,-1,560,578,393,-1,449,451,563,-1,563,451,589,-1,563,589,550,-1,529,527,583,-1,583,527,525,-1,583,525,588,-1,588,525,523,-1,588,523,521,-1,550,552,563,-1,563,552,584,-1,563,584,564,-1,564,584,585,-1,564,585,565,-1,565,585,586,-1,565,586,566,-1,566,586,587,-1,566,587,567,-1,567,587,588,-1,567,588,568,-1,568,588,521,-1,568,521,519,-1,520,522,590,-1,524,526,591,-1,592,593,594,-1,387,595,596,-1,597,595,387,-1,594,593,387,-1,536,387,593,-1,467,598,469,-1,469,598,599,-1,469,599,471,-1,471,599,600,-1,471,600,474,-1,474,600,476,-1,476,600,601,-1,476,601,478,-1,478,601,602,-1,478,602,480,-1,480,602,481,-1,481,602,603,-1,481,603,484,-1,484,603,604,-1,484,604,485,-1,605,597,387,-1,528,530,592,-1,592,530,532,-1,592,532,593,-1,593,532,534,-1,593,534,536,-1,606,596,607,-1,607,596,595,-1,607,595,608,-1,608,595,597,-1,608,597,609,-1,526,528,591,-1,591,528,592,-1,591,592,610,-1,610,592,594,-1,610,594,611,-1,611,594,387,-1,605,612,597,-1,597,612,613,-1,597,613,609,-1,609,613,614,-1,609,614,615,-1,616,606,617,-1,617,606,607,-1,617,607,618,-1,618,607,608,-1,618,608,619,-1,619,608,609,-1,619,609,620,-1,620,609,615,-1,590,616,621,-1,621,616,617,-1,621,617,622,-1,622,617,618,-1,622,618,623,-1,623,618,619,-1,623,619,624,-1,624,619,620,-1,624,620,625,-1,522,524,590,-1,590,524,591,-1,590,591,616,-1,616,591,610,-1,616,610,606,-1,606,610,611,-1,606,611,596,-1,596,611,387,-1,467,443,598,-1,598,443,518,-1,598,518,520,-1,615,626,620,-1,620,626,627,-1,620,627,625,-1,625,627,628,-1,625,628,629,-1,520,590,598,-1,598,590,621,-1,598,621,599,-1,599,621,622,-1,599,622,600,-1,600,622,623,-1,600,623,601,-1,601,623,624,-1,601,624,602,-1,602,624,625,-1,602,625,603,-1,603,625,629,-1,603,629,604,-1,630,409,516,-1,630,516,631,-1,631,516,515,-1,631,515,632,-1,632,515,511,-1,632,511,633,-1,633,511,634,-1,634,511,510,-1,634,510,635,-1,635,510,636,-1,636,510,509,-1,636,509,637,-1,637,509,638,-1,638,509,497,-1,638,497,639,-1,639,497,640,-1,640,497,496,-1,640,496,641,-1,641,496,487,-1,641,487,489,-1,423,415,642,-1,424,423,539,-1,539,423,642,-1,539,642,540,-1,540,642,643,-1,540,643,541,-1,541,643,644,-1,546,545,645,-1,645,545,544,-1,645,544,646,-1,646,544,543,-1,646,543,644,-1,644,543,542,-1,644,542,541,-1,645,647,546,-1,546,647,648,-1,546,648,547,-1,547,648,649,-1,491,493,650,-1,650,493,549,-1,650,549,649,-1,649,549,548,-1,649,548,547,-1,589,451,491,-1,589,491,550,-1,491,651,550,-1,550,651,652,-1,550,652,551,-1,551,652,553,-1,652,653,553,-1,553,653,654,-1,553,654,554,-1,554,654,569,-1,654,655,569,-1,569,655,656,-1,569,656,570,-1,570,656,571,-1,656,657,571,-1,571,657,658,-1,571,658,572,-1,572,658,562,-1,658,659,562,-1,562,659,660,-1,562,660,393,-1,393,660,661,-1,393,661,408,-1,662,490,485,-1,662,485,663,-1,485,604,663,-1,663,604,629,-1,663,629,664,-1,664,629,665,-1,629,628,665,-1,665,628,627,-1,665,627,666,-1,666,627,626,-1,666,626,667,-1,667,626,615,-1,667,615,668,-1,668,615,614,-1,668,614,669,-1,669,614,613,-1,669,613,670,-1,670,613,612,-1,670,612,671,-1,671,612,605,-1,671,605,672,-1,672,605,387,-1,672,387,0,-1,489,490,641,-1,641,490,673,-1,641,673,640,-1,640,673,674,-1,640,674,639,-1,639,674,675,-1,639,675,638,-1,638,675,637,-1,637,675,676,-1,637,676,636,-1,636,676,677,-1,636,677,635,-1,635,677,678,-1,635,678,634,-1,634,678,633,-1,633,678,679,-1,633,679,632,-1,680,434,411,-1,679,680,632,-1,632,680,411,-1,632,411,631,-1,631,411,410,-1,681,682,683,-1,684,685,686,-1,408,687,688,-1,686,685,408,-1,689,408,685,-1,642,690,643,-1,643,690,691,-1,643,691,644,-1,644,691,692,-1,644,692,646,-1,646,692,645,-1,645,692,693,-1,645,693,647,-1,647,693,694,-1,647,694,648,-1,648,694,649,-1,649,694,695,-1,649,695,650,-1,650,695,651,-1,650,651,491,-1,408,661,696,-1,696,661,660,-1,687,408,696,-1,697,688,698,-1,698,688,687,-1,698,687,699,-1,699,687,696,-1,699,696,700,-1,700,696,660,-1,701,702,703,-1,703,702,684,-1,703,684,704,-1,704,684,686,-1,704,686,705,-1,705,686,408,-1,702,706,684,-1,684,706,707,-1,684,707,685,-1,685,707,708,-1,685,708,689,-1,709,697,710,-1,710,697,698,-1,710,698,711,-1,711,698,699,-1,711,699,712,-1,712,699,700,-1,712,700,713,-1,660,659,700,-1,700,659,658,-1,700,658,713,-1,713,658,657,-1,713,657,656,-1,683,709,714,-1,714,709,710,-1,714,710,715,-1,715,710,711,-1,715,711,716,-1,716,711,712,-1,716,712,717,-1,717,712,713,-1,717,713,718,-1,718,713,656,-1,719,720,721,-1,721,720,681,-1,681,683,721,-1,721,683,714,-1,721,714,722,-1,722,714,715,-1,722,715,723,-1,723,715,716,-1,723,716,724,-1,724,716,717,-1,724,717,725,-1,725,717,718,-1,725,718,726,-1,682,701,683,-1,683,701,703,-1,683,703,709,-1,709,703,704,-1,709,704,697,-1,697,704,705,-1,697,705,688,-1,688,705,408,-1,642,415,690,-1,690,415,727,-1,690,727,719,-1,656,655,718,-1,718,655,654,-1,718,654,726,-1,726,654,653,-1,726,653,652,-1,719,721,690,-1,690,721,722,-1,690,722,691,-1,691,722,723,-1,691,723,692,-1,692,723,724,-1,692,724,693,-1,693,724,725,-1,693,725,694,-1,694,725,726,-1,694,726,695,-1,695,726,652,-1,695,652,651,-1,665,666,728,-1,729,730,731,-1,731,730,0,-1,672,0,730,-1,673,732,674,-1,674,732,733,-1,674,733,675,-1,675,733,734,-1,675,734,676,-1,676,734,677,-1,677,734,735,-1,677,735,678,-1,678,735,736,-1,678,736,679,-1,679,736,680,-1,680,736,737,-1,680,737,434,-1,0,738,739,-1,739,738,740,-1,741,0,739,-1,742,743,744,-1,744,743,741,-1,744,741,745,-1,745,741,739,-1,745,739,746,-1,746,739,740,-1,668,669,729,-1,729,669,670,-1,729,670,730,-1,730,670,671,-1,730,671,672,-1,747,742,748,-1,748,742,744,-1,748,744,749,-1,749,744,745,-1,749,745,750,-1,750,745,746,-1,750,746,751,-1,740,752,746,-1,746,752,753,-1,746,753,751,-1,751,753,754,-1,751,754,755,-1,755,756,751,-1,751,756,757,-1,751,757,750,-1,750,757,758,-1,750,758,749,-1,749,758,759,-1,749,759,748,-1,748,759,728,-1,748,728,747,-1,747,728,666,-1,747,666,667,-1,663,664,760,-1,760,664,665,-1,665,728,760,-1,760,728,759,-1,760,759,761,-1,761,759,758,-1,761,758,762,-1,762,758,757,-1,762,757,763,-1,763,757,756,-1,763,756,764,-1,743,0,741,-1,667,668,747,-1,747,668,729,-1,747,729,742,-1,742,729,731,-1,742,731,743,-1,743,731,0,-1,673,490,732,-1,732,490,662,-1,732,662,663,-1,755,765,756,-1,756,765,766,-1,756,766,764,-1,764,766,767,-1,764,767,768,-1,663,760,732,-1,732,760,761,-1,732,761,733,-1,733,761,762,-1,733,762,734,-1,734,762,763,-1,734,763,735,-1,735,763,764,-1,735,764,736,-1,736,764,768,-1,736,768,737,-1,415,414,727,-1,727,414,719,-1,0,408,738,-1,738,408,689,-1,738,689,740,-1,740,689,708,-1,740,708,752,-1,752,708,707,-1,752,707,753,-1,753,707,706,-1,753,706,754,-1,754,706,702,-1,754,702,755,-1,755,702,701,-1,755,701,765,-1,765,701,682,-1,765,682,766,-1,766,682,681,-1,766,681,767,-1,767,681,720,-1,767,720,768,-1,768,720,719,-1,768,719,737,-1,737,719,414,-1,737,414,434,-1,
        ]
    }
}
Shape{
    appearance Appearance {
        material  Material 	{
            diffuseColor 0.7686274509803922 0.7686274509803922 0.7686274509803922
            specularColor 0.615686274509804 0.615686274509804 0.615686274509804
            ambientIntensity 0.7686
            transparency 0.0
            shininess 0.5
        }
    }
    geometry IndexedFaceSet {
        ccw TRUE
        solid FALSE
        coord DEF co Coordinate {
            point [
                1.6142 2.176 0.5176, 2.3748 2.176 0.5176, 1.6142 2.176 0.0058, 2.4016 2.176 0.0058, -0.8268 2.176 0.0058, -1.6142 2.176 0.0058, -0.8268 2.176 0.5176, -1.5874 2.176 0.5176, 1.6142 1.7823 0.5176, 2.0079 1.7823 0.5176, 2.0079 -0.3235 0.5176, -1.2205 -0.3235 0.5176, -1.2205 1.7823 0.5176, -0.8268 1.7823 0.5176, 2.3671 2.2968 0.5176, 2.369 2.2951 0.5176, 2.3707 2.2932 0.5176, 2.3721 2.291 0.5176, -1.5703 2.3007 0.5176, -1.5678 2.3009 0.5176, 2.3741 2.2863 0.5176, 2.3748 2.2812 0.5176, -1.5874 2.2812 0.5176, 2.3552 2.3009 0.5176, 2.3577 2.3007 0.5176, 2.3603 2.3002 0.5176, -1.5867 2.2863 0.5176, -1.5847 2.291 0.5176, -1.5833 2.2932 0.5176, 2.3627 2.2994 0.5176, 2.365 2.2983 0.5176, -1.5816 2.2951 0.5176, -1.5797 2.2968 0.5176, -1.5776 2.2983 0.5176, -1.5753 2.2994 0.5176, -1.5729 2.3002 0.5176, -1.2205 1.7823 0.0058, -1.2205 -0.3235 0.0058, 2.0079 -0.3235 0.0058, 2.0079 1.7823 0.0058, 1.6142 1.7823 0.0058, -0.8268 1.7823 0.0058, 0.5709 -2.7923 0.0059, 0.2165 -2.7923 0.0059, 0.5709 -2.327 0.0303, 0.2165 -2.327 0.0303, 0.5709 -2.8006 0.1632, 0.5709 -2.3352 0.1876, 0.2165 -2.8006 0.1632, 0.2165 -2.3352 0.1876, 0.2165 -2.2636 0.0411, 0.5709 -2.2636 0.0411, 0.2165 -2.2044 0.0664, 0.5709 -2.2044 0.0664, 0.2165 -2.1527 0.1046, 0.5709 -2.1527 0.1046, 0.2165 -2.1113 0.1538, 0.5709 -2.1113 0.1538, 0.2165 -2.0824 0.2112, 0.5709 -2.0824 0.2112, 0.5709 -2.3081 0.1922, 0.5709 -2.2827 0.203, 0.5709 -2.2605 0.2194, 0.5709 -2.2428 0.2405, 0.5709 -2.2304 0.2651, 0.2165 -2.2304 0.2651, 0.2165 -2.2428 0.2405, 0.2165 -2.2605 0.2194, 0.2165 -2.2827 0.203, 0.2165 -2.3081 0.1922, 0.5709 -1.8129 0.9517, 0.2165 -1.8129 0.9517, 0.5709 -1.9609 1.0056, 0.2165 -1.9609 1.0056, 0.2165 -1.7019 1.0294, 0.5709 -1.7019 1.0294, 0.2165 -1.7305 1.0259, 0.5709 -1.7305 1.0259, 0.2165 -1.7574 1.0156, 0.5709 -1.7574 1.0156, 0.2165 -1.781 0.9991, 0.5709 -1.781 0.9991, 0.2165 -1.7999 0.9773, 0.5709 -1.7999 0.9773, 0.5709 -1.7019 1.1869, 0.5709 -1.7686 1.1787, 0.5709 -1.8313 1.1546, 0.5709 -1.8863 1.1161, 0.5709 -1.9304 1.0654, 0.2165 -1.9304 1.0654, 0.2165 -1.8863 1.1161, 0.2165 -1.8313 1.1546, 0.2165 -1.7686 1.1787, 0.2165 -1.7019 1.1869, 0.2165 -1.0524 1.0294, 0.2165 -1.0524 1.1869, 0.5709 -1.0524 1.0294, 0.5709 -1.0524 1.1869, -1.122 -2.8006 0.1632, -0.7677 -2.8006 0.1632, -1.122 -2.3352 0.1876, -0.7677 -2.3352 0.1876, -1.122 -2.7923 0.0059, -1.122 -2.327 0.0303, -0.7677 -2.7923 0.0059, -0.7677 -2.327 0.0303, -0.7677 -2.2304 0.2651, -1.122 -2.2304 0.2651, -0.7677 -2.2428 0.2405, -1.122 -2.2428 0.2405, -0.7677 -2.2605 0.2194, -1.122 -2.2605 0.2194, -0.7677 -2.2827 0.203, -1.122 -2.2827 0.203, -0.7677 -2.3081 0.1922, -1.122 -2.3081 0.1922, -1.122 -2.0824 0.2112, -1.122 -2.1113 0.1538, -1.122 -2.1527 0.1046, -1.122 -2.2044 0.0664, -1.122 -2.2636 0.0411, -0.7677 -2.2636 0.0411, -0.7677 -2.2044 0.0664, -0.7677 -2.1527 0.1046, -0.7677 -2.1113 0.1538, -0.7677 -2.0824 0.2112, -1.122 -1.9609 1.0056, -0.7677 -1.9609 1.0056, -1.122 -1.8129 0.9517, -0.7677 -1.8129 0.9517, -0.7677 -1.9304 1.0654, -1.122 -1.9304 1.0654, -0.7677 -1.8863 1.1161, -1.122 -1.8863 1.1161, -0.7677 -1.8313 1.1546, -1.122 -1.8313 1.1546, -0.7677 -1.7686 1.1787, -1.122 -1.7686 1.1787, -0.7677 -1.7019 1.1869, -1.122 -1.7019 1.1869, -1.122 -1.7999 0.9773, -1.122 -1.781 0.9991, -1.122 -1.7574 1.0156, -1.122 -1.7305 1.0259, -1.122 -1.7019 1.0294, -0.7677 -1.7019 1.0294, -0.7677 -1.7305 1.0259, -0.7677 -1.7574 1.0156, -0.7677 -1.781 0.9991, -0.7677 -1.7999 0.9773, -0.7677 -1.0524 1.1869, -0.7677 -1.0524 1.0294, -1.122 -1.0524 1.1869, -1.122 -1.0524 1.0294, -0.4528 -2.8009 0.1691, -0.0984 -2.8009 0.1691, -0.4528 -2.3355 0.1934, -0.0984 -2.3355 0.1934, -0.4528 -2.792 0.0, -0.4528 -2.3267 0.0244, -0.0984 -2.792 0.0, -0.0984 -2.3267 0.0244, -0.0984 -2.236 0.2671, -0.4528 -2.236 0.2671, -0.0984 -2.2477 0.2437, -0.4528 -2.2477 0.2437, -0.0984 -2.2646 0.2237, -0.4528 -2.2646 0.2237, -0.0984 -2.2856 0.2081, -0.4528 -2.2856 0.2081, -0.0984 -2.3097 0.1979, -0.4528 -2.3097 0.1979, -0.4528 -2.0769 0.2092, -0.4528 -2.1064 0.1505, -0.4528 -2.1487 0.1003, -0.4528 -2.2015 0.0612, -0.4528 -2.2619 0.0355, -0.0984 -2.2619 0.0355, -0.0984 -2.2015 0.0612, -0.0984 -2.1487 0.1003, -0.0984 -2.1064 0.1505, -0.0984 -2.0769 0.2092, -0.4528 -1.9665 1.0076, -0.0984 -1.9665 1.0076, -0.4528 -1.8074 0.9497, -0.0984 -1.8074 0.9497, -0.0984 -1.9353 1.0687, -0.4528 -1.9353 1.0687, -0.0984 -1.8903 1.1205, -0.4528 -1.8903 1.1205, -0.0984 -1.8341 1.1598, -0.4528 -1.8341 1.1598, -0.0984 -1.77 1.1844, -0.4528 -1.77 1.1844, -0.0984 -1.7019 1.1928, -0.4528 -1.7019 1.1928, -0.4528 -1.795 0.974, -0.4528 -1.777 0.9947, -0.4528 -1.7546 1.0104, -0.4528 -1.7291 1.0202, -0.4528 -1.7019 1.0235, -0.0984 -1.7019 1.0235, -0.0984 -1.7291 1.0202, -0.0984 -1.7546 1.0104, -0.0984 -1.777 0.9947, -0.0984 -1.795 0.974, -0.0984 -1.0524 1.0235, -0.0984 -1.0524 1.0265, -0.0984 -1.0524 1.1928, -0.4528 -1.0524 1.1928, -0.4528 -1.0524 1.0235, -0.4528 -1.0524 1.0265, 0.8858 -2.8006 0.1632, 1.2402 -2.8006 0.1632, 0.8858 -2.3352 0.1876, 1.2402 -2.3352 0.1876, 0.8858 -2.7923 0.0059, 0.8858 -2.327 0.0303, 1.2402 -2.7923 0.0059, 1.2402 -2.327 0.0303, 1.2402 -2.2304 0.2651, 0.8858 -2.2304 0.2651, 1.2402 -2.2428 0.2405, 0.8858 -2.2428 0.2405, 1.2402 -2.2605 0.2194, 0.8858 -2.2605 0.2194, 1.2402 -2.2827 0.203, 0.8858 -2.2827 0.203, 1.2402 -2.3081 0.1922, 0.8858 -2.3081 0.1922, 0.8858 -2.0824 0.2112, 0.8858 -2.1113 0.1538, 0.8858 -2.1527 0.1046, 0.8858 -2.2044 0.0664, 0.8858 -2.2636 0.0411, 1.2402 -2.2636 0.0411, 1.2402 -2.2044 0.0664, 1.2402 -2.1527 0.1046, 1.2402 -2.1113 0.1538, 1.2402 -2.0824 0.2112, 0.8858 -1.9609 1.0056, 1.2402 -1.9609 1.0056, 0.8858 -1.8129 0.9517, 1.2402 -1.8129 0.9517, 1.2402 -1.9304 1.0654, 0.8858 -1.9304 1.0654, 1.2402 -1.8863 1.1161, 0.8858 -1.8863 1.1161, 1.2402 -1.8313 1.1546, 0.8858 -1.8313 1.1546, 1.2402 -1.7686 1.1787, 0.8858 -1.7686 1.1787, 1.2402 -1.7019 1.1869, 0.8858 -1.7019 1.1869, 0.8858 -1.7999 0.9773, 0.8858 -1.781 0.9991, 0.8858 -1.7574 1.0156, 0.8858 -1.7305 1.0259, 0.8858 -1.7019 1.0294, 1.2402 -1.7019 1.0294, 1.2402 -1.7305 1.0259, 1.2402 -1.7574 1.0156, 1.2402 -1.781 0.9991, 1.2402 -1.7999 0.9773, 1.2402 -1.0524 1.1869, 1.2402 -1.0524 1.0294, 0.8858 -1.0524 1.1869, 0.8858 -1.0524 1.0294, 1.5551 -2.8006 0.1632, 1.9094 -2.8006 0.1632, 1.5551 -2.3352 0.1876, 1.9094 -2.3352 0.1876, 1.5551 -2.7923 0.0059, 1.5551 -2.327 0.0303, 1.9094 -2.7923 0.0059, 1.9094 -2.327 0.0303, 1.9094 -2.2304 0.2651, 1.5551 -2.2304 0.2651, 1.9094 -2.2428 0.2405, 1.5551 -2.2428 0.2405, 1.9094 -2.2605 0.2194, 1.5551 -2.2605 0.2194, 1.9094 -2.2827 0.203, 1.5551 -2.2827 0.203, 1.9094 -2.3081 0.1922, 1.5551 -2.3081 0.1922, 1.5551 -2.0824 0.2112, 1.5551 -2.1113 0.1538, 1.5551 -2.1527 0.1046, 1.5551 -2.2044 0.0664, 1.5551 -2.2636 0.0411, 1.9094 -2.2636 0.0411, 1.9094 -2.2044 0.0664, 1.9094 -2.1527 0.1046, 1.9094 -2.1113 0.1538, 1.9094 -2.0824 0.2112, 1.5551 -1.9609 1.0056, 1.9094 -1.9609 1.0056, 1.5551 -1.8129 0.9517, 1.9094 -1.8129 0.9517, 1.9094 -1.9304 1.0654, 1.5551 -1.9304 1.0654, 1.9094 -1.8863 1.1161, 1.5551 -1.8863 1.1161, 1.9094 -1.8313 1.1546, 1.5551 -1.8313 1.1546, 1.9094 -1.7686 1.1787, 1.5551 -1.7686 1.1787, 1.9094 -1.7019 1.1869, 1.5551 -1.7019 1.1869, 1.5551 -1.7999 0.9773, 1.5551 -1.781 0.9991, 1.5551 -1.7574 1.0156, 1.5551 -1.7305 1.0259, 1.5551 -1.7019 1.0294, 1.9094 -1.7019 1.0294, 1.9094 -1.7305 1.0259, 1.9094 -1.7574 1.0156, 1.9094 -1.781 0.9991, 1.9094 -1.7999 0.9773, 1.9094 -1.0524 1.1869, 1.9094 -1.0524 1.0294, 1.5551 -1.0524 1.1869, 1.5551 -1.0524 1.0294
            ]
        }
        coordIndex [
            0,1,2,-1,2,1,3,-1,4,5,6,-1,6,5,7,-1,8,9,10,-1,11,12,13,-1,14,15,0,-1,0,15,16,-1,0,16,17,-1,18,19,6,-1,6,19,0,-1,6,0,13,-1,13,0,8,-1,13,8,11,-1,11,8,10,-1,17,20,0,-1,0,20,21,-1,0,21,1,-1,6,7,22,-1,19,23,0,-1,0,23,24,-1,0,24,25,-1,22,26,6,-1,6,26,27,-1,6,27,28,-1,25,29,0,-1,0,29,30,-1,0,30,14,-1,28,31,6,-1,6,31,32,-1,6,32,33,-1,33,34,6,-1,6,34,35,-1,6,35,18,-1,12,11,36,-1,36,11,37,-1,11,10,37,-1,37,10,38,-1,10,9,38,-1,38,9,39,-1,9,8,39,-1,39,8,40,-1,8,0,40,-1,40,0,2,-1,6,13,4,-1,4,13,41,-1,13,12,41,-1,41,12,36,-1,42,43,44,-1,44,43,45,-1,46,42,47,-1,47,42,44,-1,48,46,49,-1,49,46,47,-1,43,48,45,-1,45,48,49,-1,44,45,50,-1,44,50,51,-1,51,50,52,-1,51,52,53,-1,53,52,54,-1,53,54,55,-1,55,54,56,-1,55,56,57,-1,57,56,58,-1,57,58,59,-1,47,44,60,-1,60,44,51,-1,60,51,61,-1,61,51,53,-1,61,53,62,-1,62,53,55,-1,62,55,63,-1,63,55,57,-1,63,57,64,-1,64,57,59,-1,64,65,63,-1,63,65,66,-1,63,66,62,-1,62,66,67,-1,62,67,61,-1,61,67,68,-1,61,68,60,-1,60,68,69,-1,60,69,47,-1,47,69,49,-1,65,58,66,-1,66,58,56,-1,66,56,67,-1,67,56,54,-1,67,54,68,-1,68,54,52,-1,68,52,69,-1,69,52,50,-1,69,50,49,-1,49,50,45,-1,59,58,70,-1,70,58,71,-1,64,59,72,-1,72,59,70,-1,65,64,73,-1,73,64,72,-1,58,65,71,-1,71,65,73,-1,74,75,76,-1,76,75,77,-1,76,77,78,-1,78,77,79,-1,78,79,80,-1,80,79,81,-1,80,81,82,-1,82,81,83,-1,82,83,71,-1,71,83,70,-1,75,84,77,-1,77,84,85,-1,77,85,79,-1,79,85,86,-1,79,86,81,-1,81,86,87,-1,81,87,83,-1,83,87,88,-1,83,88,70,-1,70,88,72,-1,73,72,88,-1,73,88,89,-1,89,88,87,-1,89,87,90,-1,90,87,86,-1,90,86,91,-1,91,86,85,-1,91,85,92,-1,92,85,84,-1,92,84,93,-1,71,73,82,-1,82,73,89,-1,82,89,80,-1,80,89,90,-1,80,90,78,-1,78,90,91,-1,78,91,76,-1,76,91,92,-1,76,92,74,-1,74,92,93,-1,74,93,94,-1,94,93,95,-1,75,74,96,-1,96,74,94,-1,84,75,97,-1,97,75,96,-1,93,84,95,-1,95,84,97,-1,42,46,43,-1,43,46,48,-1,98,99,100,-1,100,99,101,-1,102,98,103,-1,103,98,100,-1,104,102,105,-1,105,102,103,-1,99,104,101,-1,101,104,105,-1,106,107,108,-1,108,107,109,-1,108,109,110,-1,110,109,111,-1,110,111,112,-1,112,111,113,-1,112,113,114,-1,114,113,115,-1,114,115,101,-1,101,115,100,-1,107,116,109,-1,109,116,117,-1,109,117,111,-1,111,117,118,-1,111,118,113,-1,113,118,119,-1,113,119,115,-1,115,119,120,-1,115,120,100,-1,100,120,103,-1,105,103,120,-1,105,120,121,-1,121,120,119,-1,121,119,122,-1,122,119,118,-1,122,118,123,-1,123,118,117,-1,123,117,124,-1,124,117,116,-1,124,116,125,-1,101,105,114,-1,114,105,121,-1,114,121,112,-1,112,121,122,-1,112,122,110,-1,110,122,123,-1,110,123,108,-1,108,123,124,-1,108,124,106,-1,106,124,125,-1,107,106,126,-1,126,106,127,-1,116,107,128,-1,128,107,126,-1,125,116,129,-1,129,116,128,-1,106,125,127,-1,127,125,129,-1,126,127,130,-1,126,130,131,-1,131,130,132,-1,131,132,133,-1,133,132,134,-1,133,134,135,-1,135,134,136,-1,135,136,137,-1,137,136,138,-1,137,138,139,-1,128,126,140,-1,140,126,131,-1,140,131,141,-1,141,131,133,-1,141,133,142,-1,142,133,135,-1,142,135,143,-1,143,135,137,-1,143,137,144,-1,144,137,139,-1,144,145,143,-1,143,145,146,-1,143,146,142,-1,142,146,147,-1,142,147,141,-1,141,147,148,-1,141,148,140,-1,140,148,149,-1,140,149,128,-1,128,149,129,-1,145,138,146,-1,146,138,136,-1,146,136,147,-1,147,136,134,-1,147,134,148,-1,148,134,132,-1,148,132,149,-1,149,132,130,-1,149,130,129,-1,129,130,127,-1,138,145,150,-1,150,145,151,-1,139,138,152,-1,152,138,150,-1,144,139,153,-1,153,139,152,-1,145,144,151,-1,151,144,153,-1,98,102,99,-1,99,102,104,-1,154,155,156,-1,156,155,157,-1,158,154,159,-1,159,154,156,-1,160,158,161,-1,161,158,159,-1,155,160,157,-1,157,160,161,-1,162,163,164,-1,164,163,165,-1,164,165,166,-1,166,165,167,-1,166,167,168,-1,168,167,169,-1,168,169,170,-1,170,169,171,-1,170,171,157,-1,157,171,156,-1,163,172,165,-1,165,172,173,-1,165,173,167,-1,167,173,174,-1,167,174,169,-1,169,174,175,-1,169,175,171,-1,171,175,176,-1,171,176,156,-1,156,176,159,-1,161,159,176,-1,161,176,177,-1,177,176,175,-1,177,175,178,-1,178,175,174,-1,178,174,179,-1,179,174,173,-1,179,173,180,-1,180,173,172,-1,180,172,181,-1,157,161,170,-1,170,161,177,-1,170,177,168,-1,168,177,178,-1,168,178,166,-1,166,178,179,-1,166,179,164,-1,164,179,180,-1,164,180,162,-1,162,180,181,-1,163,162,182,-1,182,162,183,-1,172,163,184,-1,184,163,182,-1,181,172,185,-1,185,172,184,-1,162,181,183,-1,183,181,185,-1,182,183,186,-1,182,186,187,-1,187,186,188,-1,187,188,189,-1,189,188,190,-1,189,190,191,-1,191,190,192,-1,191,192,193,-1,193,192,194,-1,193,194,195,-1,184,182,196,-1,196,182,187,-1,196,187,197,-1,197,187,189,-1,197,189,198,-1,198,189,191,-1,198,191,199,-1,199,191,193,-1,199,193,200,-1,200,193,195,-1,200,201,199,-1,199,201,202,-1,199,202,198,-1,198,202,203,-1,198,203,197,-1,197,203,204,-1,197,204,196,-1,196,204,205,-1,196,205,184,-1,184,205,185,-1,201,194,202,-1,202,194,192,-1,202,192,203,-1,203,192,190,-1,203,190,204,-1,204,190,188,-1,204,188,205,-1,205,188,186,-1,205,186,185,-1,185,186,183,-1,201,206,194,-1,194,206,207,-1,194,207,208,-1,195,194,209,-1,209,194,208,-1,210,200,211,-1,211,200,195,-1,211,195,209,-1,201,200,206,-1,206,200,210,-1,154,158,155,-1,155,158,160,-1,212,213,214,-1,214,213,215,-1,216,212,217,-1,217,212,214,-1,218,216,219,-1,219,216,217,-1,213,218,215,-1,215,218,219,-1,220,221,222,-1,222,221,223,-1,222,223,224,-1,224,223,225,-1,224,225,226,-1,226,225,227,-1,226,227,228,-1,228,227,229,-1,228,229,215,-1,215,229,214,-1,221,230,223,-1,223,230,231,-1,223,231,225,-1,225,231,232,-1,225,232,227,-1,227,232,233,-1,227,233,229,-1,229,233,234,-1,229,234,214,-1,214,234,217,-1,219,217,234,-1,219,234,235,-1,235,234,233,-1,235,233,236,-1,236,233,232,-1,236,232,237,-1,237,232,231,-1,237,231,238,-1,238,231,230,-1,238,230,239,-1,215,219,228,-1,228,219,235,-1,228,235,226,-1,226,235,236,-1,226,236,224,-1,224,236,237,-1,224,237,222,-1,222,237,238,-1,222,238,220,-1,220,238,239,-1,221,220,240,-1,240,220,241,-1,230,221,242,-1,242,221,240,-1,239,230,243,-1,243,230,242,-1,220,239,241,-1,241,239,243,-1,240,241,244,-1,240,244,245,-1,245,244,246,-1,245,246,247,-1,247,246,248,-1,247,248,249,-1,249,248,250,-1,249,250,251,-1,251,250,252,-1,251,252,253,-1,242,240,254,-1,254,240,245,-1,254,245,255,-1,255,245,247,-1,255,247,256,-1,256,247,249,-1,256,249,257,-1,257,249,251,-1,257,251,258,-1,258,251,253,-1,258,259,257,-1,257,259,260,-1,257,260,256,-1,256,260,261,-1,256,261,255,-1,255,261,262,-1,255,262,254,-1,254,262,263,-1,254,263,242,-1,242,263,243,-1,259,252,260,-1,260,252,250,-1,260,250,261,-1,261,250,248,-1,261,248,262,-1,262,248,246,-1,262,246,263,-1,263,246,244,-1,263,244,243,-1,243,244,241,-1,252,259,264,-1,264,259,265,-1,253,252,266,-1,266,252,264,-1,258,253,267,-1,267,253,266,-1,259,258,265,-1,265,258,267,-1,212,216,213,-1,213,216,218,-1,268,269,270,-1,270,269,271,-1,272,268,273,-1,273,268,270,-1,274,272,275,-1,275,272,273,-1,269,274,271,-1,271,274,275,-1,276,277,278,-1,278,277,279,-1,278,279,280,-1,280,279,281,-1,280,281,282,-1,282,281,283,-1,282,283,284,-1,284,283,285,-1,284,285,271,-1,271,285,270,-1,277,286,279,-1,279,286,287,-1,279,287,281,-1,281,287,288,-1,281,288,283,-1,283,288,289,-1,283,289,285,-1,285,289,290,-1,285,290,270,-1,270,290,273,-1,275,273,290,-1,275,290,291,-1,291,290,289,-1,291,289,292,-1,292,289,288,-1,292,288,293,-1,293,288,287,-1,293,287,294,-1,294,287,286,-1,294,286,295,-1,271,275,284,-1,284,275,291,-1,284,291,282,-1,282,291,292,-1,282,292,280,-1,280,292,293,-1,280,293,278,-1,278,293,294,-1,278,294,276,-1,276,294,295,-1,277,276,296,-1,296,276,297,-1,286,277,298,-1,298,277,296,-1,295,286,299,-1,299,286,298,-1,276,295,297,-1,297,295,299,-1,296,297,300,-1,296,300,301,-1,301,300,302,-1,301,302,303,-1,303,302,304,-1,303,304,305,-1,305,304,306,-1,305,306,307,-1,307,306,308,-1,307,308,309,-1,298,296,310,-1,310,296,301,-1,310,301,311,-1,311,301,303,-1,311,303,312,-1,312,303,305,-1,312,305,313,-1,313,305,307,-1,313,307,314,-1,314,307,309,-1,314,315,313,-1,313,315,316,-1,313,316,312,-1,312,316,317,-1,312,317,311,-1,311,317,318,-1,311,318,310,-1,310,318,319,-1,310,319,298,-1,298,319,299,-1,315,308,316,-1,316,308,306,-1,316,306,317,-1,317,306,304,-1,317,304,318,-1,318,304,302,-1,318,302,319,-1,319,302,300,-1,319,300,299,-1,299,300,297,-1,308,315,320,-1,320,315,321,-1,309,308,322,-1,322,308,320,-1,314,309,323,-1,323,309,322,-1,315,314,321,-1,321,314,323,-1,268,272,269,-1,269,272,274,-1,
        ]
    }
}
Shape{
    appearance Appearance {
        material  Material 	{
            diffuseColor 0.45098039215686275 0.43137254901960786 0.4196078431372549
            specularColor 0.03137254901960784 0.03137254901960784 0.03137254901960784
            ambientIntensity 0.6221
            transparency 0.0
            shininess 0.5
        }
    }
    geometry IndexedFaceSet {
        ccw TRUE
        solid FALSE
        coord DEF co Coordinate {
            point [
                -0.7502 0.5272 1.7774, -0.7502 0.5272 1.7735, -0.7502 0.5616 1.7774, -0.7502 0.5724 1.7735, -0.7502 0.5724 1.7774, -0.4318 0.5724 1.7735, -0.4318 0.5724 1.7774, -0.4318 0.5272 1.7735, -0.4318 0.5272 1.7774, -0.4318 0.5616 1.7774, -0.5652 0.5272 1.7735, -0.5652 0.5272 1.7774, -0.5652 0.1787 1.7735, -0.5652 0.1787 1.7774, -0.6168 0.1787 1.7735, -0.6168 0.1787 1.7774, -0.6168 0.5272 1.7735, -0.6168 0.5272 1.7774, -0.1048 0.4816 1.7735, -0.0881 0.4479 1.7735, -0.0308 0.4442 1.7735, -0.0207 0.3744 1.7735, -0.0545 0.5005 1.7735, -0.0724 0.5272 1.7735, -0.1245 0.5044 1.7735, -0.1049 0.5546 1.7735, -0.1472 0.5205 1.7735, -0.1405 0.5719 1.7735, -0.1754 0.5319 1.7735, -0.2122 0.538 1.7735, -0.2486 0.2205 1.7735, -0.2249 0.1725 1.7735, -0.2122 0.2152 1.7735, -0.2122 0.1722 1.7735, -0.1894 0.218 1.7735, -0.1564 0.1784 1.7735, -0.1543 0.2288 1.7735, -0.1172 0.1926 1.7735, -0.1291 0.2442 1.7735, -0.0863 0.2128 1.7735, -0.1093 0.2641 1.7735, -0.0702 0.2282 1.7735, -0.0933 0.2905 1.7735, -0.042 0.2738 1.7735, -0.0812 0.3263 1.7735, -0.0255 0.3275 1.7735, -0.0745 0.3744 1.7735, -0.076 0.3935 1.7735, -0.394 0.3 1.7735, -0.3692 0.2453 1.7735, -0.3193 0.2674 1.7735, -0.3606 0.2325 1.7735, -0.3002 0.2463 1.7735, -0.3318 0.2059 1.7735, -0.2774 0.2311 1.7735, -0.3023 0.1892 1.7735, -0.2563 0.1757 1.7735, -0.1893 0.5821 1.7735, -0.2122 0.5831 1.7735, -0.2469 0.5331 1.7735, -0.2689 0.5768 1.7735, -0.2739 0.5235 1.7735, -0.3075 0.5627 1.7735, -0.298 0.508 1.7735, -0.3413 0.5401 1.7735, -0.3168 0.488 1.7735, -0.3742 0.4975 1.7735, -0.332 0.4617 1.7735, -0.3438 0.4248 1.7735, -0.3335 0.2929 1.7735, -0.3458 0.3357 1.7735, -0.4058 0.3744 1.7735, -0.3499 0.3744 1.7735, -0.4052 0.3866 1.7735, -0.3945 0.4502 1.7735, -0.0702 0.2282 1.7774, -0.042 0.2738 1.7774, -0.0255 0.3275 1.7774, -0.0207 0.3744 1.7774, -0.1832 0.1754 1.7774, -0.2122 0.1722 1.7774, -0.1564 0.1784 1.7774, -0.1172 0.1926 1.7774, -0.0863 0.2128 1.7774, -0.3606 0.2325 1.7774, -0.3318 0.2059 1.7774, -0.3023 0.1892 1.7774, -0.2563 0.1757 1.7774, -0.2537 0.1754 1.7774, -0.2249 0.1725 1.7774, -0.4058 0.3744 1.7774, -0.394 0.3 1.7774, -0.3692 0.2453 1.7774, -0.3413 0.5401 1.7774, -0.3742 0.4975 1.7774, -0.3945 0.4502 1.7774, -0.4052 0.3866 1.7774, -0.2122 0.5831 1.7774, -0.2602 0.5778 1.7774, -0.3091 0.5616 1.7774, -0.3075 0.5627 1.7774, -0.2689 0.5768 1.7774, -0.0724 0.5272 1.7774, -0.1049 0.5546 1.7774, -0.1193 0.5616 1.7774, -0.1405 0.5719 1.7774, -0.1683 0.5778 1.7774, -0.1893 0.5821 1.7774, -0.0308 0.4442 1.7774, -0.0545 0.5005 1.7774, -0.2122 0.538 1.7774, -0.1754 0.5319 1.7774, -0.1472 0.5205 1.7774, -0.1245 0.5044 1.7774, -0.1048 0.4816 1.7774, -0.0881 0.4479 1.7774, -0.076 0.3935 1.7774, -0.0745 0.3744 1.7774, -0.0812 0.3263 1.7774, -0.0933 0.2905 1.7774, -0.1093 0.2641 1.7774, -0.1291 0.2442 1.7774, -0.1543 0.2288 1.7774, -0.1894 0.218 1.7774, -0.2122 0.2152 1.7774, -0.2486 0.2205 1.7774, -0.2774 0.2311 1.7774, -0.3002 0.2463 1.7774, -0.3193 0.2674 1.7774, -0.3335 0.2929 1.7774, -0.3458 0.3357 1.7774, -0.3499 0.3744 1.7774, -0.3438 0.4248 1.7774, -0.332 0.4617 1.7774, -0.3168 0.488 1.7774, -0.298 0.508 1.7774, -0.2739 0.5235 1.7774, -0.2469 0.5331 1.7774
            ]
        }
        coordIndex [
            0,1,2,-1,2,1,3,-1,2,3,4,-1,3,5,4,-1,4,5,6,-1,7,8,5,-1,5,8,9,-1,5,9,6,-1,7,10,8,-1,8,10,11,-1,10,12,11,-1,11,12,13,-1,12,14,13,-1,13,14,15,-1,14,16,15,-1,15,16,17,-1,16,1,17,-1,17,1,0,-1,5,3,16,-1,16,3,1,-1,7,5,10,-1,10,5,16,-1,10,16,12,-1,12,16,14,-1,18,19,20,-1,20,19,21,-1,20,22,18,-1,18,22,23,-1,18,23,24,-1,24,23,25,-1,24,25,26,-1,26,25,27,-1,26,27,28,-1,28,27,29,-1,30,31,32,-1,32,31,33,-1,32,33,34,-1,34,33,35,-1,34,35,36,-1,36,35,37,-1,36,37,38,-1,38,37,39,-1,38,39,40,-1,40,39,41,-1,40,41,42,-1,42,41,43,-1,42,43,44,-1,44,43,45,-1,44,45,46,-1,46,45,21,-1,46,21,47,-1,47,21,19,-1,48,49,50,-1,50,49,51,-1,50,51,52,-1,52,51,53,-1,52,53,54,-1,54,53,55,-1,54,55,30,-1,30,55,56,-1,30,56,31,-1,27,57,29,-1,29,57,58,-1,29,58,59,-1,59,58,60,-1,59,60,61,-1,61,60,62,-1,61,62,63,-1,63,62,64,-1,63,64,65,-1,65,64,66,-1,65,66,67,-1,67,66,68,-1,50,69,48,-1,48,69,70,-1,48,70,71,-1,71,70,72,-1,71,72,73,-1,73,72,68,-1,73,68,74,-1,74,68,66,-1,41,75,76,-1,41,76,43,-1,43,76,77,-1,43,77,45,-1,45,77,78,-1,45,78,21,-1,35,33,79,-1,79,33,80,-1,79,81,35,-1,35,81,82,-1,35,82,37,-1,37,82,83,-1,37,83,39,-1,39,83,75,-1,39,75,41,-1,80,33,31,-1,51,84,85,-1,51,85,53,-1,53,85,86,-1,53,86,55,-1,55,86,87,-1,55,87,56,-1,56,87,88,-1,56,88,31,-1,31,88,89,-1,31,89,80,-1,71,90,91,-1,71,91,48,-1,48,91,92,-1,48,92,49,-1,49,92,84,-1,49,84,51,-1,64,93,94,-1,64,94,66,-1,66,94,95,-1,66,95,74,-1,74,95,96,-1,74,96,73,-1,73,96,90,-1,73,90,71,-1,58,97,60,-1,60,97,98,-1,93,64,99,-1,99,64,62,-1,99,62,100,-1,100,62,60,-1,100,60,101,-1,101,60,98,-1,97,58,57,-1,23,102,103,-1,23,103,25,-1,25,103,104,-1,25,104,27,-1,104,105,27,-1,27,105,106,-1,27,106,57,-1,57,106,107,-1,57,107,97,-1,21,78,108,-1,21,108,20,-1,20,108,109,-1,20,109,22,-1,22,109,102,-1,22,102,23,-1,29,110,111,-1,29,111,28,-1,28,111,112,-1,28,112,26,-1,26,112,113,-1,26,113,24,-1,24,113,114,-1,24,114,18,-1,18,114,115,-1,18,115,19,-1,19,115,116,-1,19,116,47,-1,47,116,117,-1,47,117,46,-1,46,117,118,-1,46,118,44,-1,44,118,119,-1,44,119,42,-1,42,119,120,-1,42,120,40,-1,40,120,121,-1,40,121,38,-1,38,121,122,-1,38,122,36,-1,36,122,123,-1,36,123,34,-1,34,123,124,-1,34,124,32,-1,32,124,125,-1,32,125,30,-1,30,125,126,-1,30,126,54,-1,54,126,127,-1,54,127,52,-1,52,127,128,-1,52,128,50,-1,50,128,129,-1,50,129,69,-1,69,129,130,-1,69,130,70,-1,70,130,131,-1,70,131,72,-1,72,131,132,-1,72,132,68,-1,68,132,133,-1,68,133,67,-1,67,133,134,-1,67,134,65,-1,65,134,135,-1,65,135,63,-1,63,135,136,-1,63,136,61,-1,61,136,137,-1,61,137,59,-1,59,137,110,-1,59,110,29,-1,
        ]
    }
}
Shape{
    appearance Appearance {
        material  Material 	{
            diffuseColor 0.25098039215686274 0.25098039215686274 0.25098039215686274
            specularColor 0.07450980392156863 0.07450980392156863 0.07450980392156863
            ambientIntensity 0.251
            transparency 0.0
            shininess 0.5
        }
    }
    geometry IndexedFaceSet {
        ccw TRUE
        solid FALSE
        coord DEF co Coordinate {
            point [
                -0.332 0.4617 1.7774, -0.3438 0.4248 1.7774, -0.076 0.3935 1.7774, -0.0933 0.2905 1.7774, -0.0812 0.3263 1.7774, -0.3458 0.3357 1.7774, -0.1894 0.218 1.7774, -0.2122 0.2152 1.7774, -0.2486 0.2205 1.7774, -0.1093 0.2641 1.7774, -0.3499 0.3744 1.7774, -0.0745 0.3744 1.7774, -0.1472 0.5205 1.7774, -0.1754 0.5319 1.7774, -0.2122 0.538 1.7774, -0.2469 0.5331 1.7774, -0.2739 0.5235 1.7774, -0.3335 0.2929 1.7774, -0.3193 0.2674 1.7774, -0.2774 0.2311 1.7774, -0.3002 0.2463 1.7774, -0.1543 0.2288 1.7774, -0.1291 0.2442 1.7774, -0.1245 0.5044 1.7774, -0.0881 0.4479 1.7774, -0.1048 0.4816 1.7774, -0.298 0.508 1.7774, -0.3168 0.488 1.7774
            ]
        }
        coordIndex [
            0,1,2,-1,3,4,5,-1,6,5,7,-1,7,5,8,-1,3,5,9,-1,1,10,2,-1,2,10,5,-1,2,5,11,-1,11,5,4,-1,12,13,2,-1,13,14,2,-1,2,14,15,-1,2,15,16,-1,5,17,8,-1,8,17,18,-1,8,18,19,-1,19,18,20,-1,6,21,5,-1,5,21,22,-1,5,22,9,-1,12,2,23,-1,23,2,24,-1,23,24,25,-1,16,26,2,-1,2,26,27,-1,2,27,0,-1,
        ]
    }
}
Shape{
    appearance Appearance {
        material  Material 	{
            diffuseColor 0.45098039215686275 0.43137254901960786 0.4196078431372549
            specularColor 0.03137254901960784 0.03137254901960784 0.03137254901960784
            ambientIntensity 0.6221
            transparency 0.0
            shininess 0.5
        }
    }
    geometry IndexedFaceSet {
        ccw TRUE
        solid FALSE
        coord DEF co Coordinate {
            point [
                0.0742 0.4261 1.7735, 0.0247 0.4261 1.7735, 0.0742 0.4261 1.7774, 0.0247 0.4261 1.7774, 0.0591 0.5293 1.7735, 0.0591 0.5293 1.7774, 0.0403 0.5014 1.7774, 0.0403 0.5014 1.7735, 0.0289 0.4679 1.7774, 0.0289 0.4679 1.7735, 0.1581 0.5659 1.7735, 0.1581 0.5659 1.7774, 0.1164 0.5614 1.7735, 0.1188 0.5616 1.7774, 0.1164 0.5614 1.7774, 0.0895 0.5518 1.7774, 0.0895 0.5518 1.7735, 0.0692 0.5388 1.7774, 0.0692 0.5388 1.7735, 0.2168 0.5533 1.7774, 0.2376 0.5413 1.7735, 0.2376 0.5413 1.7774, 0.2545 0.5255 1.7735, 0.2545 0.5255 1.7774, 0.2669 0.5064 1.7735, 0.2669 0.5064 1.7774, 0.276 0.4815 1.7735, 0.276 0.4815 1.7774, 0.2807 0.4497 1.7735, 0.2807 0.4497 1.7774, 0.1883 0.5616 1.7774, 0.183 0.5632 1.7735, 0.2168 0.5533 1.7735, 0.183 0.5632 1.7774, 0.1753 0.3207 1.7735, 0.1753 0.3207 1.7774, 0.2243 0.3482 1.7774, 0.2243 0.3482 1.7735, 0.2557 0.3768 1.7774, 0.2557 0.3768 1.7735, 0.2701 0.3985 1.7774, 0.2701 0.3985 1.7735, 0.2782 0.4204 1.7774, 0.2782 0.4204 1.7735, 0.1344 0.297 1.7735, 0.1344 0.297 1.7774, 0.0699 0.2239 1.7735, 0.0699 0.2239 1.7774, 0.0751 0.2413 1.7774, 0.0751 0.2413 1.7735, 0.0851 0.2576 1.7774, 0.0851 0.2576 1.7735, 0.1053 0.2778 1.7774, 0.1053 0.2778 1.7735, 0.2807 0.2239 1.7735, 0.2807 0.2239 1.7774, 0.2807 0.1787 1.7735, 0.2807 0.1787 1.7774, 0.0161 0.1787 1.7735, 0.0161 0.1787 1.7774, 0.1065 0.3314 1.7735, 0.1065 0.3314 1.7774, 0.0714 0.3074 1.7774, 0.0714 0.3074 1.7735, 0.0464 0.2799 1.7774, 0.0464 0.2799 1.7735, 0.0289 0.2474 1.7774, 0.0289 0.2474 1.7735, 0.019 0.2107 1.7774, 0.019 0.2107 1.7735, 0.1581 0.3615 1.7735, 0.1581 0.3615 1.7774, 0.214 0.4024 1.7735, 0.214 0.4024 1.7774, 0.1874 0.3802 1.7774, 0.1874 0.3802 1.7735, 0.2291 0.4519 1.7735, 0.2291 0.4519 1.7774, 0.2255 0.426 1.7774, 0.2255 0.426 1.7735, 0.2178 0.4084 1.7774, 0.2178 0.4084 1.7735, 0.1516 0.5207 1.7735, 0.1516 0.5207 1.7774, 0.1744 0.5182 1.7774, 0.1744 0.5182 1.7735, 0.1918 0.5126 1.7774, 0.1918 0.5126 1.7735, 0.2047 0.5049 1.7774, 0.2047 0.5049 1.7735, 0.2104 0.4997 1.7774, 0.2104 0.4997 1.7735, 0.2195 0.4877 1.7774, 0.2195 0.4877 1.7735, 0.2253 0.4737 1.7774, 0.2253 0.4737 1.7735, 0.2291 0.4522 1.7774, 0.2291 0.4522 1.7735, 0.0771 0.4558 1.7774, 0.0771 0.4558 1.7735, 0.0832 0.4772 1.7774, 0.0832 0.4772 1.7735, 0.0912 0.4926 1.7774, 0.0912 0.4926 1.7735, 0.1012 0.504 1.7774, 0.1012 0.504 1.7735, 0.1128 0.5121 1.7774, 0.1128 0.5121 1.7735, 0.1266 0.5176 1.7774, 0.1266 0.5176 1.7735, 0.1475 0.5206 1.7774, 0.1475 0.5206 1.7735, 0.3802 0.3766 1.7735, 0.3845 0.297 1.7735, 0.3877 0.3213 1.7735, 0.3941 0.3403 1.7735, 0.4025 0.3542 1.7735, 0.3879 0.3886 1.7735, 0.414 0.3655 1.7735, 0.4022 0.4033 1.7735, 0.4275 0.3735 1.7735, 0.3987 0.1864 1.7735, 0.4249 0.1766 1.7735, 0.4445 0.2135 1.7735, 0.4662 0.2109 1.7735, 0.4576 0.1722 1.7735, 0.4829 0.2132 1.7735, 0.5011 0.1752 1.7735, 0.4983 0.2184 1.7735, 0.5253 0.1827 1.7735, 0.5122 0.227 1.7735, 0.5411 0.1918 1.7735, 0.5229 0.238 1.7735, 0.5544 0.2045 1.7735, 0.5315 0.2525 1.7735, 0.5759 0.2334 1.7735, 0.5379 0.2723 1.7735, 0.588 0.2625 1.7735, 0.5415 0.2992 1.7735, 0.5931 0.3013 1.7735, 0.5389 0.3199 1.7735, 0.589 0.3342 1.7735, 0.532 0.3416 1.7735, 0.58 0.361 1.7735, 0.524 0.3546 1.7735, 0.5673 0.3812 1.7735, 0.5137 0.3651 1.7735, 0.5509 0.3972 1.7735, 0.5005 0.3732 1.7735, 0.5297 0.41 1.7735, 0.4844 0.3785 1.7735, 0.4971 0.4204 1.7735, 0.4641 0.3809 1.7735, 0.4705 0.4239 1.7735, 0.4477 0.3794 1.7735, 0.4401 0.4209 1.7735, 0.4187 0.4136 1.7735, 0.4271 0.2192 1.7735, 0.4143 0.227 1.7735, 0.3764 0.2015 1.7735, 0.403 0.2382 1.7735, 0.3565 0.2239 1.7735, 0.3946 0.2518 1.7735, 0.3484 0.2396 1.7735, 0.3877 0.2726 1.7735, 0.334 0.2886 1.7735, 0.5372 0.4627 1.7735, 0.5845 0.4627 1.7735, 0.5367 0.465 1.7735, 0.5786 0.4917 1.7735, 0.5302 0.4855 1.7735, 0.5687 0.5145 1.7735, 0.5219 0.4991 1.7735, 0.5553 0.5324 1.7735, 0.5128 0.5081 1.7735, 0.5382 0.5464 1.7735, 0.5019 0.5147 1.7735, 0.5176 0.5566 1.7735, 0.488 0.5191 1.7735, 0.4832 0.5647 1.7735, 0.4705 0.5207 1.7735, 0.4705 0.5659 1.7735, 0.4498 0.5173 1.7735, 0.4383 0.5622 1.7735, 0.4326 0.5098 1.7735, 0.4121 0.5523 1.7735, 0.4249 0.5046 1.7735, 0.3876 0.5354 1.7735, 0.4116 0.4914 1.7735, 0.3715 0.5186 1.7735, 0.3995 0.473 1.7735, 0.3503 0.4839 1.7735, 0.3867 0.4379 1.7735, 0.3348 0.4327 1.7735, 0.378 0.3788 1.7735, 0.3285 0.3572 1.7735, 0.5845 0.4627 1.7774, 0.5372 0.4627 1.7774, 0.4705 0.5207 1.7774, 0.488 0.5191 1.7774, 0.5019 0.5147 1.7774, 0.5128 0.5081 1.7774, 0.5219 0.4991 1.7774, 0.5302 0.4855 1.7774, 0.5367 0.465 1.7774, 0.378 0.3788 1.7774, 0.3867 0.4379 1.7774, 0.3995 0.473 1.7774, 0.4116 0.4914 1.7774, 0.4249 0.5046 1.7774, 0.4326 0.5098 1.7774, 0.4498 0.5173 1.7774, 0.3802 0.3766 1.7774, 0.4705 0.4239 1.7774, 0.4401 0.4209 1.7774, 0.4187 0.4136 1.7774, 0.4022 0.4033 1.7774, 0.3879 0.3886 1.7774, 0.5931 0.3013 1.7774, 0.589 0.3342 1.7774, 0.58 0.361 1.7774, 0.5673 0.3812 1.7774, 0.5509 0.3972 1.7774, 0.5297 0.41 1.7774, 0.4971 0.4204 1.7774, 0.5544 0.2045 1.7774, 0.5759 0.2334 1.7774, 0.588 0.2625 1.7774, 0.4576 0.1722 1.7774, 0.5011 0.1752 1.7774, 0.5018 0.1754 1.7774, 0.5253 0.1827 1.7774, 0.5411 0.1918 1.7774, 0.4336 0.1754 1.7774, 0.4249 0.1766 1.7774, 0.3987 0.1864 1.7774, 0.3764 0.2015 1.7774, 0.3565 0.2239 1.7774, 0.3285 0.3572 1.7774, 0.334 0.2886 1.7774, 0.3484 0.2396 1.7774, 0.3715 0.5186 1.7774, 0.3503 0.4839 1.7774, 0.3348 0.4327 1.7774, 0.4705 0.5659 1.7774, 0.4383 0.5622 1.7774, 0.4369 0.5616 1.7774, 0.4121 0.5523 1.7774, 0.3876 0.5354 1.7774, 0.5786 0.4917 1.7774, 0.5687 0.5145 1.7774, 0.5553 0.5324 1.7774, 0.5382 0.5464 1.7774, 0.5176 0.5566 1.7774, 0.4963 0.5616 1.7774, 0.4832 0.5647 1.7774, 0.4662 0.2109 1.7774, 0.4445 0.2135 1.7774, 0.4271 0.2192 1.7774, 0.4143 0.227 1.7774, 0.403 0.2382 1.7774, 0.3946 0.2518 1.7774, 0.3877 0.2726 1.7774, 0.3845 0.297 1.7774, 0.3877 0.3213 1.7774, 0.3941 0.3403 1.7774, 0.4025 0.3542 1.7774, 0.414 0.3655 1.7774, 0.4275 0.3735 1.7774, 0.4477 0.3794 1.7774, 0.4641 0.3809 1.7774, 0.4844 0.3785 1.7774, 0.5005 0.3732 1.7774, 0.5137 0.3651 1.7774, 0.524 0.3546 1.7774, 0.532 0.3416 1.7774, 0.5389 0.3199 1.7774, 0.5415 0.2992 1.7774, 0.5379 0.2723 1.7774, 0.5315 0.2525 1.7774, 0.5229 0.238 1.7774, 0.5122 0.227 1.7774, 0.4983 0.2184 1.7774, 0.4829 0.2132 1.7774
            ]
        }
        coordIndex [
            0,1,2,-1,2,1,3,-1,4,5,6,-1,4,6,7,-1,7,6,8,-1,7,8,9,-1,9,8,3,-1,9,3,1,-1,10,11,12,-1,12,11,13,-1,13,14,12,-1,12,14,15,-1,12,15,16,-1,16,15,17,-1,16,17,18,-1,18,17,5,-1,18,5,4,-1,19,20,21,-1,21,20,22,-1,21,22,23,-1,23,22,24,-1,23,24,25,-1,25,24,26,-1,25,26,27,-1,27,26,28,-1,27,28,29,-1,30,31,19,-1,19,31,32,-1,19,32,20,-1,30,33,31,-1,31,33,11,-1,31,11,10,-1,34,35,36,-1,34,36,37,-1,37,36,38,-1,37,38,39,-1,39,38,40,-1,39,40,41,-1,41,40,42,-1,41,42,43,-1,43,42,29,-1,43,29,28,-1,34,44,35,-1,35,44,45,-1,46,47,48,-1,46,48,49,-1,49,48,50,-1,49,50,51,-1,51,50,52,-1,51,52,53,-1,53,52,45,-1,53,45,44,-1,46,54,47,-1,47,54,55,-1,54,56,55,-1,55,56,57,-1,56,58,57,-1,57,58,59,-1,60,61,62,-1,60,62,63,-1,63,62,64,-1,63,64,65,-1,65,64,66,-1,65,66,67,-1,67,66,68,-1,67,68,69,-1,69,68,59,-1,69,59,58,-1,60,70,61,-1,61,70,71,-1,72,73,74,-1,72,74,75,-1,75,74,71,-1,75,71,70,-1,76,77,78,-1,76,78,79,-1,79,78,80,-1,79,80,81,-1,81,80,73,-1,81,73,72,-1,82,83,84,-1,82,84,85,-1,85,84,86,-1,85,86,87,-1,87,86,88,-1,87,88,89,-1,89,88,90,-1,89,90,91,-1,91,90,92,-1,91,92,93,-1,93,92,94,-1,93,94,95,-1,95,94,96,-1,95,96,97,-1,97,96,77,-1,97,77,76,-1,0,2,98,-1,0,98,99,-1,99,98,100,-1,99,100,101,-1,101,100,102,-1,101,102,103,-1,103,102,104,-1,103,104,105,-1,105,104,106,-1,105,106,107,-1,107,106,108,-1,107,108,109,-1,109,108,110,-1,109,110,111,-1,111,110,83,-1,111,83,82,-1,56,54,58,-1,58,54,46,-1,28,76,43,-1,43,76,79,-1,43,79,41,-1,41,79,81,-1,41,81,39,-1,39,81,72,-1,39,72,37,-1,37,72,75,-1,37,75,34,-1,34,75,70,-1,34,70,44,-1,44,70,60,-1,44,60,53,-1,53,60,63,-1,53,63,51,-1,51,63,65,-1,51,65,49,-1,49,65,67,-1,49,67,46,-1,46,67,69,-1,46,69,58,-1,1,0,9,-1,9,0,99,-1,9,99,7,-1,7,99,101,-1,7,101,4,-1,4,101,103,-1,4,103,18,-1,18,103,105,-1,18,105,16,-1,16,105,107,-1,16,107,12,-1,12,107,109,-1,12,109,10,-1,109,111,10,-1,10,111,82,-1,10,82,31,-1,31,82,85,-1,31,85,32,-1,32,85,87,-1,32,87,20,-1,20,87,89,-1,20,89,22,-1,22,89,91,-1,22,91,24,-1,24,91,93,-1,24,93,26,-1,26,93,95,-1,26,95,28,-1,28,95,97,-1,28,97,76,-1,112,113,114,-1,114,115,112,-1,112,115,116,-1,112,116,117,-1,117,116,118,-1,117,118,119,-1,119,118,120,-1,121,122,123,-1,123,122,124,-1,124,122,125,-1,124,125,126,-1,126,125,127,-1,126,127,128,-1,128,127,129,-1,128,129,130,-1,130,129,131,-1,130,131,132,-1,132,131,133,-1,132,133,134,-1,134,133,135,-1,134,135,136,-1,136,135,137,-1,136,137,138,-1,138,137,139,-1,138,139,140,-1,140,139,141,-1,140,141,142,-1,142,141,143,-1,142,143,144,-1,144,143,145,-1,144,145,146,-1,146,145,147,-1,146,147,148,-1,148,147,149,-1,148,149,150,-1,150,149,151,-1,150,151,152,-1,152,151,153,-1,152,153,154,-1,154,153,155,-1,154,155,120,-1,120,155,156,-1,120,156,119,-1,123,157,121,-1,121,157,158,-1,121,158,159,-1,159,158,160,-1,159,160,161,-1,161,160,162,-1,161,162,163,-1,163,162,164,-1,163,164,165,-1,166,167,168,-1,168,167,169,-1,168,169,170,-1,170,169,171,-1,170,171,172,-1,172,171,173,-1,172,173,174,-1,174,173,175,-1,174,175,176,-1,176,175,177,-1,176,177,178,-1,178,177,179,-1,178,179,180,-1,180,179,181,-1,180,181,182,-1,182,181,183,-1,182,183,184,-1,184,183,185,-1,184,185,186,-1,186,185,187,-1,186,187,188,-1,188,187,189,-1,188,189,190,-1,190,189,191,-1,190,191,192,-1,192,191,193,-1,192,193,194,-1,194,193,195,-1,194,195,112,-1,112,195,165,-1,112,165,113,-1,113,165,164,-1,167,166,196,-1,196,166,197,-1,180,198,199,-1,180,199,178,-1,178,199,200,-1,178,200,176,-1,176,200,201,-1,176,201,174,-1,174,201,202,-1,174,202,172,-1,172,202,203,-1,172,203,170,-1,170,203,204,-1,170,204,168,-1,168,204,197,-1,168,197,166,-1,194,205,206,-1,194,206,192,-1,192,206,207,-1,192,207,190,-1,190,207,208,-1,190,208,188,-1,188,208,209,-1,188,209,186,-1,186,209,210,-1,186,210,184,-1,184,210,211,-1,184,211,182,-1,182,211,198,-1,182,198,180,-1,194,112,205,-1,205,112,212,-1,153,213,214,-1,153,214,155,-1,155,214,215,-1,155,215,156,-1,156,215,216,-1,156,216,119,-1,119,216,217,-1,119,217,117,-1,117,217,212,-1,117,212,112,-1,139,218,219,-1,139,219,141,-1,141,219,220,-1,141,220,143,-1,143,220,221,-1,143,221,145,-1,145,221,222,-1,145,222,147,-1,147,222,223,-1,147,223,149,-1,149,223,224,-1,149,224,151,-1,151,224,213,-1,151,213,153,-1,133,225,226,-1,133,226,135,-1,135,226,227,-1,135,227,137,-1,137,227,218,-1,137,218,139,-1,125,228,229,-1,125,229,127,-1,127,229,230,-1,127,230,129,-1,230,231,129,-1,129,231,232,-1,129,232,131,-1,131,232,225,-1,131,225,133,-1,228,125,233,-1,233,125,122,-1,233,122,234,-1,234,122,121,-1,234,121,235,-1,235,121,159,-1,235,159,236,-1,236,159,161,-1,236,161,237,-1,195,238,239,-1,195,239,165,-1,165,239,240,-1,165,240,163,-1,163,240,237,-1,163,237,161,-1,189,241,242,-1,189,242,191,-1,191,242,243,-1,191,243,193,-1,193,243,238,-1,193,238,195,-1,181,244,245,-1,181,245,183,-1,183,245,246,-1,183,246,185,-1,246,247,185,-1,185,247,248,-1,185,248,187,-1,187,248,241,-1,187,241,189,-1,244,181,179,-1,167,196,249,-1,167,249,169,-1,169,249,250,-1,169,250,171,-1,171,250,251,-1,171,251,173,-1,173,251,252,-1,173,252,175,-1,175,252,253,-1,175,253,177,-1,177,253,254,-1,177,254,179,-1,179,254,255,-1,179,255,244,-1,124,256,257,-1,124,257,123,-1,123,257,258,-1,123,258,157,-1,157,258,259,-1,157,259,158,-1,158,259,260,-1,158,260,160,-1,160,260,261,-1,160,261,162,-1,162,261,262,-1,162,262,164,-1,164,262,263,-1,164,263,113,-1,113,263,264,-1,113,264,114,-1,114,264,265,-1,114,265,115,-1,115,265,266,-1,115,266,116,-1,116,266,267,-1,116,267,118,-1,118,267,268,-1,118,268,120,-1,120,268,269,-1,120,269,154,-1,154,269,270,-1,154,270,152,-1,152,270,271,-1,152,271,150,-1,150,271,272,-1,150,272,148,-1,148,272,273,-1,148,273,146,-1,146,273,274,-1,146,274,144,-1,144,274,275,-1,144,275,142,-1,142,275,276,-1,142,276,140,-1,140,276,277,-1,140,277,138,-1,138,277,278,-1,138,278,136,-1,136,278,279,-1,136,279,134,-1,134,279,280,-1,134,280,132,-1,132,280,281,-1,132,281,130,-1,130,281,282,-1,130,282,128,-1,128,282,283,-1,128,283,126,-1,126,283,256,-1,126,256,124,-1,
        ]
    }
}
Shape{
    appearance Appearance {
        material  Material 	{
            diffuseColor 0.25098039215686274 0.25098039215686274 0.25098039215686274
            specularColor 0.07450980392156863 0.07450980392156863 0.07450980392156863
            ambientIntensity 0.251
            transparency 0.0
            shininess 0.5
        }
    }
    geometry IndexedFaceSet {
        ccw TRUE
        solid FALSE
        coord DEF co Coordinate {
            point [
                0.5379 0.2723 1.7774, 0.5415 0.2992 1.7774, 0.3845 0.297 1.7774, 0.5389 0.3199 1.7774, 0.3877 0.3213 1.7774, 0.403 0.2382 1.7774, 0.4143 0.227 1.7774, 0.4271 0.2192 1.7774, 0.5122 0.227 1.7774, 0.5229 0.238 1.7774, 0.5315 0.2525 1.7774, 0.4844 0.3785 1.7774, 0.4641 0.3809 1.7774, 0.4445 0.2135 1.7774, 0.4662 0.2109 1.7774, 0.3877 0.2726 1.7774, 0.4829 0.2132 1.7774, 0.4983 0.2184 1.7774, 0.532 0.3416 1.7774, 0.524 0.3546 1.7774, 0.3946 0.2518 1.7774, 0.5137 0.3651 1.7774, 0.5005 0.3732 1.7774, 0.4477 0.3794 1.7774, 0.4275 0.3735 1.7774, 0.414 0.3655 1.7774, 0.4025 0.3542 1.7774, 0.3941 0.3403 1.7774
            ]
        }
        coordIndex [
            0,1,2,-1,2,1,3,-1,2,3,4,-1,5,6,7,-1,8,9,2,-1,2,9,10,-1,2,10,0,-1,3,11,12,-1,13,14,15,-1,15,14,16,-1,15,16,2,-1,2,16,17,-1,2,17,8,-1,3,18,19,-1,13,15,7,-1,7,15,20,-1,7,20,5,-1,19,21,3,-1,3,21,22,-1,3,22,11,-1,12,23,3,-1,3,23,24,-1,3,24,25,-1,25,26,3,-1,3,26,27,-1,3,27,4,-1,
        ]
    }
}
Shape{
    appearance Appearance {
        material  Material 	{
            diffuseColor 0.45098039215686275 0.43137254901960786 0.4196078431372549
            specularColor 0.03137254901960784 0.03137254901960784 0.03137254901960784
            ambientIntensity 0.6221
            transparency 0.0
            shininess 0.5
        }
    }
    geometry IndexedFaceSet {
        ccw TRUE
        solid FALSE
        coord DEF co Coordinate {
            point [
                0.7356 0.3572 1.7735, 0.7356 0.3981 1.7735, 0.7356 0.3572 1.7774, 0.7356 0.3981 1.7774, 0.7614 0.3981 1.7735, 0.7614 0.3981 1.7774, 0.8346 0.4605 1.7735, 0.8346 0.4605 1.7774, 0.8325 0.4441 1.7774, 0.8325 0.4441 1.7735, 0.8279 0.4312 1.7774, 0.8279 0.4312 1.7735, 0.8211 0.4207 1.7774, 0.8211 0.4207 1.7735, 0.8128 0.4128 1.7774, 0.8128 0.4128 1.7735, 0.7996 0.4053 1.7774, 0.7996 0.4053 1.7735, 0.7801 0.3999 1.7774, 0.7801 0.3999 1.7735, 0.7636 0.5207 1.7735, 0.7636 0.5207 1.7774, 0.7845 0.5184 1.7774, 0.7845 0.5184 1.7735, 0.8002 0.5136 1.7774, 0.8002 0.5136 1.7735, 0.8128 0.5062 1.7774, 0.8128 0.5062 1.7735, 0.8215 0.4975 1.7774, 0.8215 0.4975 1.7735, 0.828 0.4871 1.7774, 0.828 0.4871 1.7735, 0.8331 0.4716 1.7774, 0.8331 0.4716 1.7735, 0.6883 0.439 1.7735, 0.6883 0.439 1.7774, 0.6908 0.463 1.7774, 0.6908 0.463 1.7735, 0.696 0.4807 1.7774, 0.696 0.4807 1.7735, 0.7037 0.4947 1.7774, 0.7037 0.4947 1.7735, 0.7135 0.5054 1.7774, 0.7135 0.5054 1.7735, 0.7252 0.513 1.7774, 0.7252 0.513 1.7735, 0.7416 0.5186 1.7774, 0.7416 0.5186 1.7735, 0.6409 0.439 1.7735, 0.6409 0.439 1.7774, 0.6732 0.5337 1.7735, 0.6732 0.5337 1.7774, 0.6571 0.5122 1.7774, 0.6571 0.5122 1.7735, 0.6469 0.4869 1.7774, 0.6469 0.4869 1.7735, 0.6411 0.4476 1.7774, 0.6411 0.4476 1.7735, 0.7657 0.5659 1.7774, 0.7274 0.5616 1.7774, 0.7657 0.5659 1.7735, 0.7257 0.5614 1.7735, 0.7257 0.5614 1.7774, 0.699 0.5517 1.7774, 0.699 0.5517 1.7735, 0.8245 0.5546 1.7774, 0.8434 0.5445 1.7735, 0.8434 0.5445 1.7774, 0.8595 0.5304 1.7735, 0.8595 0.5304 1.7774, 0.8712 0.5136 1.7735, 0.8712 0.5136 1.7774, 0.8797 0.4921 1.7735, 0.8797 0.4921 1.7774, 0.8841 0.4648 1.7735, 0.8841 0.4648 1.7774, 0.7984 0.5616 1.7774, 0.7918 0.5634 1.7735, 0.8245 0.5546 1.7735, 0.7918 0.5634 1.7774, 0.8367 0.3831 1.7735, 0.8367 0.3831 1.7774, 0.8541 0.3935 1.7774, 0.8541 0.3935 1.7735, 0.8664 0.4056 1.7774, 0.8664 0.4056 1.7735, 0.8755 0.4205 1.7774, 0.8755 0.4205 1.7735, 0.8822 0.442 1.7774, 0.8822 0.442 1.7735, 0.8367 0.3809 1.7735, 0.8367 0.3809 1.7774, 0.9013 0.2927 1.7735, 0.9013 0.2927 1.7774, 0.899 0.3167 1.7774, 0.899 0.3167 1.7735, 0.8928 0.336 1.7774, 0.8928 0.336 1.7735, 0.8826 0.3525 1.7774, 0.8826 0.3525 1.7735, 0.869 0.3652 1.7774, 0.869 0.3652 1.7735, 0.8521 0.3752 1.7774, 0.8521 0.3752 1.7735, 0.8647 0.2045 1.7735, 0.8647 0.2045 1.7774, 0.8832 0.2266 1.7774, 0.8832 0.2266 1.7735, 0.8945 0.2501 1.7774, 0.8945 0.2501 1.7735, 0.9004 0.2765 1.7774, 0.9004 0.2765 1.7735, 0.8164 0.1785 1.7735, 0.7614 0.1722 1.7735, 0.7899 0.1754 1.7774, 0.7614 0.1722 1.7774, 0.8164 0.1785 1.7774, 0.842 0.1881 1.7774, 0.842 0.1881 1.7735, 0.8624 0.2024 1.7774, 0.8624 0.2024 1.7735, 0.7559 0.1723 1.7735, 0.6904 0.1851 1.7735, 0.6904 0.1851 1.7774, 0.7197 0.1757 1.7774, 0.7197 0.1757 1.7735, 0.7228 0.1754 1.7774, 0.7559 0.1723 1.7774, 0.6323 0.297 1.7735, 0.6323 0.297 1.7774, 0.6372 0.2558 1.7774, 0.6372 0.2558 1.7735, 0.6484 0.2251 1.7774, 0.6484 0.2251 1.7735, 0.6607 0.2071 1.7774, 0.6607 0.2071 1.7735, 0.678 0.1921 1.7774, 0.678 0.1921 1.7735, 0.6818 0.297 1.7735, 0.6818 0.297 1.7774, 0.7636 0.2109 1.7735, 0.7636 0.2109 1.7774, 0.7423 0.2127 1.7774, 0.7423 0.2127 1.7735, 0.7253 0.2176 1.7774, 0.7253 0.2176 1.7735, 0.7121 0.2249 1.7774, 0.7121 0.2249 1.7735, 0.7021 0.2339 1.7774, 0.7021 0.2339 1.7735, 0.6934 0.2462 1.7774, 0.6934 0.2462 1.7735, 0.6859 0.2653 1.7774, 0.6859 0.2653 1.7735, 0.6819 0.2954 1.7774, 0.6819 0.2954 1.7735, 0.8475 0.2862 1.7735, 0.8475 0.2862 1.7774, 0.8444 0.2661 1.7774, 0.8444 0.2661 1.7735, 0.8386 0.2506 1.7774, 0.8386 0.2506 1.7735, 0.8301 0.2378 1.7774, 0.8301 0.2378 1.7735, 0.8181 0.2269 1.7774, 0.8181 0.2269 1.7735, 0.804 0.2192 1.7774, 0.804 0.2192 1.7735, 0.7797 0.2126 1.7774, 0.7797 0.2126 1.7735, 0.7593 0.3572 1.7735, 0.7593 0.3572 1.7774, 0.7863 0.3553 1.7774, 0.7863 0.3553 1.7735, 0.8062 0.3502 1.7774, 0.8062 0.3502 1.7735, 0.8214 0.3425 1.7774, 0.8214 0.3425 1.7735, 0.8316 0.3337 1.7774, 0.8316 0.3337 1.7735, 0.8397 0.3221 1.7774, 0.8397 0.3221 1.7735, 0.8447 0.3092 1.7774, 0.8447 0.3092 1.7735, 0.8474 0.2902 1.7774, 0.8474 0.2902 1.7735, 1.218 0.297 1.7735, 0.9405 0.297 1.7735, 1.218 0.297 1.7774, 0.9405 0.297 1.7774, 0.9405 0.3379 1.7735, 0.9405 0.3379 1.7774, 1.218 0.3379 1.7735, 1.218 0.3379 1.7774, 1.337 0.51 1.7735, 1.322 0.4046 1.7735, 1.337 0.51 1.7774, 1.322 0.4046 1.7774, 1.3951 0.4282 1.7735, 1.3951 0.4282 1.7774, 1.3633 0.4243 1.7774, 1.3633 0.4243 1.7735, 1.3378 0.4145 1.7774, 1.3378 0.4145 1.7735, 1.5242 0.3035 1.7735, 1.5242 0.3035 1.7774, 1.5184 0.3378 1.7774, 1.5184 0.3378 1.7735, 1.5078 0.3647 1.7774, 1.5078 0.3647 1.7735, 1.4934 0.3856 1.7774, 1.4934 0.3856 1.7735, 1.473 0.4036 1.7774, 1.473 0.4036 1.7735, 1.4487 0.4163 1.7774, 1.4487 0.4163 1.7735, 1.4087 0.4266 1.7774, 1.4087 0.4266 1.7735, 1.4855 0.2066 1.7735, 1.4855 0.2066 1.7774, 1.5049 0.2302 1.7774, 1.5049 0.2302 1.7735, 1.5171 0.256 1.7774, 1.5171 0.256 1.7735, 1.5232 0.2851 1.7774, 1.5232 0.2851 1.7735, 1.4319 0.1778 1.7735, 1.3822 0.1722 1.7735, 1.411 0.1754 1.7774, 1.3822 0.1722 1.7774, 1.4319 0.1778 1.7774, 1.4607 0.1886 1.7774, 1.4607 0.1886 1.7735, 1.483 0.2044 1.7774, 1.483 0.2044 1.7735, 1.3669 0.173 1.7735, 1.2574 0.2755 1.7735, 1.2574 0.2755 1.7774, 1.2633 0.2463 1.7774, 1.2633 0.2463 1.7735, 1.2734 0.2234 1.7774, 1.2734 0.2234 1.7735, 1.286 0.2066 1.7774, 1.286 0.2066 1.7735, 1.3038 0.192 1.7774, 1.3038 0.192 1.7735, 1.3283 0.1805 1.7774, 1.3283 0.1805 1.7735, 1.3543 0.1754 1.7774, 1.3669 0.173 1.7774, 1.3069 0.2755 1.7735, 1.3069 0.2755 1.7774, 1.3908 0.2088 1.7735, 1.3908 0.2088 1.7774, 1.3671 0.2107 1.7774, 1.3671 0.2107 1.7735, 1.3491 0.2158 1.7774, 1.3491 0.2158 1.7735, 1.334 0.224 1.7774, 1.334 0.224 1.7735, 1.3235 0.234 1.7774, 1.3235 0.234 1.7735, 1.3151 0.2469 1.7774, 1.3151 0.2469 1.7735, 1.3086 0.2658 1.7774, 1.3086 0.2658 1.7735, 1.4704 0.297 1.7735, 1.4704 0.297 1.7774, 1.4661 0.2705 1.7774, 1.4661 0.2705 1.7735, 1.4584 0.2502 1.7774, 1.4584 0.2502 1.7735, 1.4489 0.2359 1.7774, 1.4489 0.2359 1.7735, 1.437 0.2247 1.7774, 1.437 0.2247 1.7735, 1.422 0.2162 1.7774, 1.422 0.2162 1.7735, 1.4001 0.21 1.7774, 1.4001 0.21 1.7735, 1.3865 0.3831 1.7735, 1.3865 0.3831 1.7774, 1.4098 0.3798 1.7774, 1.4098 0.3798 1.7735, 1.4276 0.3734 1.7774, 1.4276 0.3734 1.7735, 1.4416 0.3646 1.7774, 1.4416 0.3646 1.7735, 1.453 0.3527 1.7774, 1.453 0.3527 1.7735, 1.4615 0.3381 1.7774, 1.4615 0.3381 1.7735, 1.4682 0.3159 1.7774, 1.4682 0.3159 1.7735, 1.3134 0.3465 1.7735, 1.3134 0.3465 1.7774, 1.3297 0.3636 1.7774, 1.3297 0.3636 1.7735, 1.3467 0.3744 1.7774, 1.3467 0.3744 1.7735, 1.3667 0.3811 1.7774, 1.3667 0.3811 1.7735, 1.2725 0.3486 1.7735, 1.2725 0.3486 1.7774, 1.3005 0.5573 1.7735, 1.3005 0.5573 1.7774, 1.5005 0.5573 1.7735, 1.5005 0.5573 1.7774, 1.5005 0.51 1.7735, 1.5005 0.51 1.7774, -0.7455 -0.4998 1.7735, -0.7767 -0.5404 1.7774, -0.7768 -0.5406 1.7735, -0.7768 -0.5406 1.7774, -0.7964 -0.588 1.7735, -0.7964 -0.588 1.7774, -0.8032 -0.639 1.7735, -0.8032 -0.639 1.7774, -0.7964 -0.6899 1.7735, -0.7964 -0.6899 1.7774, -0.7768 -0.7374 1.7735, -0.7768 -0.7374 1.7774, -0.7767 -0.7375 1.7774, -0.7455 -0.7782 1.7735, -0.7455 -0.7782 1.7774, -0.7047 -0.8095 1.7735, -0.7047 -0.8095 1.7774, -0.6572 -0.8291 1.7735, -0.6572 -0.8291 1.7774, -0.6063 -0.8358 1.7735, -0.6063 -0.8358 1.7774, -0.5554 -0.8291 1.7735, -0.5554 -0.8291 1.7774, -0.5079 -0.8095 1.7735, -0.5079 -0.8095 1.7774, -0.4671 -0.7782 1.7735, -0.4671 -0.7782 1.7774, -0.4358 -0.7374 1.7735, -0.4358 -0.7374 1.7774, -0.4162 -0.6899 1.7735, -0.4162 -0.6899 1.7774, -0.4094 -0.639 1.7735, -0.4094 -0.639 1.7774, -0.4162 -0.588 1.7735, -0.4162 -0.588 1.7774, -0.4358 -0.5406 1.7735, -0.4358 -0.5406 1.7774, -0.4671 -0.4998 1.7735, -0.4671 -0.4998 1.7774, -0.5079 -0.4685 1.7735, -0.5079 -0.4685 1.7774, -0.5554 -0.4488 1.7735, -0.5554 -0.4488 1.7774, -0.6063 -0.4421 1.7735, -0.6063 -0.4421 1.7774, -0.6572 -0.4488 1.7735, -0.6572 -0.4488 1.7774, -0.7047 -0.4685 1.7735, -0.7047 -0.4685 1.7774, -0.7455 -0.4998 1.7774, -0.6063 -0.639 1.7735
            ]
        }
        coordIndex [
            0,1,2,-1,2,1,3,-1,1,4,3,-1,3,4,5,-1,6,7,8,-1,6,8,9,-1,9,8,10,-1,9,10,11,-1,11,10,12,-1,11,12,13,-1,13,12,14,-1,13,14,15,-1,15,14,16,-1,15,16,17,-1,17,16,18,-1,17,18,19,-1,19,18,5,-1,19,5,4,-1,20,21,22,-1,20,22,23,-1,23,22,24,-1,23,24,25,-1,25,24,26,-1,25,26,27,-1,27,26,28,-1,27,28,29,-1,29,28,30,-1,29,30,31,-1,31,30,32,-1,31,32,33,-1,33,32,7,-1,33,7,6,-1,34,35,36,-1,34,36,37,-1,37,36,38,-1,37,38,39,-1,39,38,40,-1,39,40,41,-1,41,40,42,-1,41,42,43,-1,43,42,44,-1,43,44,45,-1,45,44,46,-1,45,46,47,-1,47,46,21,-1,47,21,20,-1,34,48,35,-1,35,48,49,-1,50,51,52,-1,50,52,53,-1,53,52,54,-1,53,54,55,-1,55,54,56,-1,55,56,57,-1,57,56,49,-1,57,49,48,-1,58,59,60,-1,60,59,61,-1,59,62,61,-1,61,62,63,-1,61,63,64,-1,64,63,51,-1,64,51,50,-1,65,66,67,-1,67,66,68,-1,67,68,69,-1,69,68,70,-1,69,70,71,-1,71,70,72,-1,71,72,73,-1,73,72,74,-1,73,74,75,-1,76,77,65,-1,65,77,78,-1,65,78,66,-1,76,79,77,-1,77,79,58,-1,77,58,60,-1,80,81,82,-1,80,82,83,-1,83,82,84,-1,83,84,85,-1,85,84,86,-1,85,86,87,-1,87,86,88,-1,87,88,89,-1,89,88,75,-1,89,75,74,-1,80,90,81,-1,81,90,91,-1,92,93,94,-1,92,94,95,-1,95,94,96,-1,95,96,97,-1,97,96,98,-1,97,98,99,-1,99,98,100,-1,99,100,101,-1,101,100,102,-1,101,102,103,-1,103,102,91,-1,103,91,90,-1,104,105,106,-1,104,106,107,-1,107,106,108,-1,107,108,109,-1,109,108,110,-1,109,110,111,-1,111,110,93,-1,111,93,92,-1,112,113,114,-1,114,113,115,-1,114,116,112,-1,112,116,117,-1,112,117,118,-1,118,117,119,-1,118,119,120,-1,120,119,105,-1,120,105,104,-1,115,113,121,-1,122,123,124,-1,122,124,125,-1,125,124,126,-1,125,126,121,-1,121,126,127,-1,121,127,115,-1,128,129,130,-1,128,130,131,-1,131,130,132,-1,131,132,133,-1,133,132,134,-1,133,134,135,-1,135,134,136,-1,135,136,137,-1,137,136,123,-1,137,123,122,-1,128,138,129,-1,129,138,139,-1,140,141,142,-1,140,142,143,-1,143,142,144,-1,143,144,145,-1,145,144,146,-1,145,146,147,-1,147,146,148,-1,147,148,149,-1,149,148,150,-1,149,150,151,-1,151,150,152,-1,151,152,153,-1,153,152,154,-1,153,154,155,-1,155,154,139,-1,155,139,138,-1,156,157,158,-1,156,158,159,-1,159,158,160,-1,159,160,161,-1,161,160,162,-1,161,162,163,-1,163,162,164,-1,163,164,165,-1,165,164,166,-1,165,166,167,-1,167,166,168,-1,167,168,169,-1,169,168,141,-1,169,141,140,-1,170,171,172,-1,170,172,173,-1,173,172,174,-1,173,174,175,-1,175,174,176,-1,175,176,177,-1,177,176,178,-1,177,178,179,-1,179,178,180,-1,179,180,181,-1,181,180,182,-1,181,182,183,-1,183,182,184,-1,183,184,185,-1,185,184,157,-1,185,157,156,-1,170,0,171,-1,171,0,2,-1,149,151,133,-1,165,118,120,-1,133,151,131,-1,131,151,153,-1,131,153,128,-1,128,153,155,-1,128,155,138,-1,9,11,80,-1,80,11,13,-1,80,13,90,-1,1,0,4,-1,4,0,170,-1,4,170,19,-1,19,170,173,-1,19,173,17,-1,17,173,175,-1,17,175,15,-1,13,15,90,-1,90,15,175,-1,90,175,103,-1,103,175,177,-1,103,177,101,-1,101,177,179,-1,101,179,99,-1,99,179,181,-1,99,181,97,-1,97,181,183,-1,165,120,163,-1,163,120,104,-1,163,104,161,-1,161,104,107,-1,161,107,159,-1,159,107,109,-1,159,109,156,-1,156,109,111,-1,156,111,185,-1,185,111,92,-1,185,92,183,-1,183,92,95,-1,183,95,97,-1,6,74,33,-1,33,74,72,-1,33,72,31,-1,31,72,70,-1,31,70,29,-1,29,70,68,-1,29,68,27,-1,27,68,66,-1,27,66,25,-1,25,66,78,-1,25,78,23,-1,23,78,77,-1,23,77,20,-1,20,77,60,-1,20,60,47,-1,47,60,61,-1,47,61,45,-1,45,61,64,-1,45,64,43,-1,43,64,50,-1,43,50,41,-1,41,50,53,-1,41,53,39,-1,39,53,55,-1,39,55,37,-1,37,55,57,-1,37,57,34,-1,34,57,48,-1,9,80,6,-1,6,80,83,-1,6,83,85,-1,85,87,6,-1,6,87,89,-1,6,89,74,-1,118,165,112,-1,112,165,167,-1,112,167,113,-1,133,135,149,-1,149,135,137,-1,149,137,147,-1,147,137,122,-1,147,122,145,-1,145,122,125,-1,145,125,143,-1,143,125,121,-1,143,121,140,-1,140,121,113,-1,140,113,169,-1,169,113,167,-1,186,187,188,-1,188,187,189,-1,187,190,189,-1,189,190,191,-1,190,192,191,-1,191,192,193,-1,192,186,193,-1,193,186,188,-1,192,190,186,-1,186,190,187,-1,194,195,196,-1,196,195,197,-1,198,199,200,-1,198,200,201,-1,201,200,202,-1,201,202,203,-1,203,202,197,-1,203,197,195,-1,204,205,206,-1,204,206,207,-1,207,206,208,-1,207,208,209,-1,209,208,210,-1,209,210,211,-1,211,210,212,-1,211,212,213,-1,213,212,214,-1,213,214,215,-1,215,214,216,-1,215,216,217,-1,217,216,199,-1,217,199,198,-1,218,219,220,-1,218,220,221,-1,221,220,222,-1,221,222,223,-1,223,222,224,-1,223,224,225,-1,225,224,205,-1,225,205,204,-1,226,227,228,-1,228,227,229,-1,228,230,226,-1,226,230,231,-1,226,231,232,-1,232,231,233,-1,232,233,234,-1,234,233,219,-1,234,219,218,-1,229,227,235,-1,236,237,238,-1,236,238,239,-1,239,238,240,-1,239,240,241,-1,241,240,242,-1,241,242,243,-1,243,242,244,-1,243,244,245,-1,245,244,246,-1,245,246,247,-1,247,246,248,-1,247,248,235,-1,235,248,249,-1,235,249,229,-1,236,250,237,-1,237,250,251,-1,252,253,254,-1,252,254,255,-1,255,254,256,-1,255,256,257,-1,257,256,258,-1,257,258,259,-1,259,258,260,-1,259,260,261,-1,261,260,262,-1,261,262,263,-1,263,262,264,-1,263,264,265,-1,265,264,251,-1,265,251,250,-1,266,267,268,-1,266,268,269,-1,269,268,270,-1,269,270,271,-1,271,270,272,-1,271,272,273,-1,273,272,274,-1,273,274,275,-1,275,274,276,-1,275,276,277,-1,277,276,278,-1,277,278,279,-1,279,278,253,-1,279,253,252,-1,280,281,282,-1,280,282,283,-1,283,282,284,-1,283,284,285,-1,285,284,286,-1,285,286,287,-1,287,286,288,-1,287,288,289,-1,289,288,290,-1,289,290,291,-1,291,290,292,-1,291,292,293,-1,293,292,267,-1,293,267,266,-1,294,295,296,-1,294,296,297,-1,297,296,298,-1,297,298,299,-1,299,298,300,-1,299,300,301,-1,301,300,281,-1,301,281,280,-1,294,302,295,-1,295,302,303,-1,302,304,303,-1,303,304,305,-1,304,306,305,-1,305,306,307,-1,306,308,307,-1,307,308,309,-1,308,194,309,-1,309,194,196,-1,308,306,194,-1,194,306,304,-1,194,304,195,-1,195,304,302,-1,226,232,275,-1,275,232,234,-1,275,234,273,-1,273,234,218,-1,273,218,271,-1,271,218,221,-1,271,221,269,-1,250,236,265,-1,265,236,239,-1,265,239,263,-1,263,239,241,-1,263,241,261,-1,261,241,243,-1,261,243,259,-1,259,243,245,-1,259,245,257,-1,257,245,247,-1,257,247,255,-1,255,247,235,-1,255,235,252,-1,252,235,227,-1,252,227,279,-1,279,227,226,-1,279,226,277,-1,277,226,275,-1,302,294,195,-1,195,294,297,-1,195,297,203,-1,203,297,299,-1,203,299,201,-1,201,299,301,-1,201,301,198,-1,198,301,280,-1,198,280,217,-1,217,280,283,-1,217,283,215,-1,215,283,285,-1,215,285,213,-1,213,285,287,-1,213,287,211,-1,211,287,289,-1,211,289,209,-1,209,289,291,-1,209,291,207,-1,207,291,293,-1,207,293,204,-1,204,293,266,-1,204,266,225,-1,225,266,269,-1,225,269,223,-1,223,269,221,-1,310,311,312,-1,312,311,313,-1,312,313,314,-1,314,313,315,-1,314,315,316,-1,316,315,317,-1,316,317,318,-1,318,317,319,-1,318,319,320,-1,319,321,320,-1,320,321,322,-1,320,322,323,-1,323,322,324,-1,323,324,325,-1,325,324,326,-1,325,326,327,-1,327,326,328,-1,327,328,329,-1,329,328,330,-1,329,330,331,-1,331,330,332,-1,331,332,333,-1,333,332,334,-1,333,334,335,-1,335,334,336,-1,335,336,337,-1,337,336,338,-1,337,338,339,-1,339,338,340,-1,339,340,341,-1,341,340,342,-1,341,342,343,-1,343,342,344,-1,343,344,345,-1,345,344,346,-1,345,346,347,-1,347,346,348,-1,347,348,349,-1,349,348,350,-1,349,350,351,-1,351,350,352,-1,351,352,353,-1,353,352,354,-1,353,354,355,-1,355,354,356,-1,355,356,357,-1,357,356,358,-1,357,358,310,-1,310,358,359,-1,310,359,311,-1,337,339,360,-1,360,339,341,-1,360,341,343,-1,331,333,360,-1,360,333,335,-1,360,335,337,-1,325,327,360,-1,360,327,329,-1,360,329,331,-1,318,320,360,-1,360,320,323,-1,360,323,325,-1,312,314,360,-1,360,314,316,-1,360,316,318,-1,355,357,360,-1,360,357,310,-1,360,310,312,-1,349,351,360,-1,360,351,353,-1,360,353,355,-1,343,345,360,-1,360,345,347,-1,360,347,349,-1,
        ]
    }
}
Shape{
    appearance Appearance {
        material  Material 	{
            diffuseColor 0.7686274509803922 0.7686274509803922 0.7686274509803922
            specularColor 0.615686274509804 0.615686274509804 0.615686274509804
            ambientIntensity 0.7686
            transparency 0.0
            shininess 0.5
        }
    }
    geometry IndexedFaceSet {
        ccw TRUE
        solid FALSE
        coord DEF co Coordinate {
            point [
                0.3265 2.8009 0.0058, 0.3572 0.4511 0.0058, 0.3265 0.4146 0.0058, 0.3572 0.4165 0.0058, 0.5262 0.4165 0.0058, 0.3649 0.6969 0.0058, 0.484 0.6969 0.0058, 0.484 0.5932 0.0058, 0.5877 0.4328 0.0058, 0.5877 0.4674 0.0058, 0.5262 0.7315 0.0058, 0.484 0.5586 0.0058, 0.484 0.4511 0.0058, 0.3726 0.5586 0.0058, 0.3726 0.5932 0.0058, 2.4016 2.6828 0.0058, 2.4016 2.176 0.0058, 2.126 2.8009 0.0058, 1.6142 2.176 0.0058, 1.6142 1.7823 0.0058, 0.3649 0.7315 0.0058, 0.6924 0.6973 0.0058, 0.716 0.6888 0.0058, 0.5933 0.4643 0.0058, 0.7378 0.6742 0.0058, 0.7568 0.6532 0.0058, 0.7797 0.5706 0.0058, 0.7765 0.5365 0.0058, 0.768 0.5094 0.0058, 0.6979 0.4505 0.0058, 0.6685 0.4472 0.0058, 0.7208 0.459 0.0058, 0.7402 0.472 0.0058, 0.7549 0.4876 0.0058, 0.6267 0.4519 0.0058, 1.0102 0.4165 0.0058, 0.6929 0.4146 0.0058, 0.8489 0.4165 0.0058, 0.7131 0.4167 0.0058, 0.7437 0.4272 0.0058, 0.6618 0.7353 0.0058, 0.6241 0.7327 0.0058, 0.5877 0.7228 0.0058, 0.5877 0.6806 0.0058, 0.6231 0.6958 0.0058, 0.6614 0.7007 0.0058, 0.8053 0.6485 0.0058, 0.7869 0.678 0.0058, 0.9679 0.7315 0.0058, 0.7698 0.6289 0.0058, 0.7782 0.5951 0.0058, 0.769 0.4434 0.0058, 0.7927 0.4683 0.0058, 0.8489 0.4511 0.0058, 0.8094 0.4982 0.0058, 0.9679 0.4511 0.0058, 0.7585 0.7053 0.0058, 0.7285 0.7225 0.0058, 0.6934 0.7327 0.0058, 0.8189 0.5316 0.0058, 0.822 0.5681 0.0058, 0.8174 0.6128 0.0058, -0.8268 1.7823 0.0058, -0.8268 2.176 0.0058, 0.0192 0.4165 0.0058, 0.058 0.5028 0.0058, 0.076 0.4747 0.0058, -1.3386 2.8009 0.0058, -1.6142 2.176 0.0058, -1.6142 2.6828 0.0058, 0.102 0.4498 0.0058, 0.1348 0.4307 0.0058, 0.1711 0.4199 0.0058, -1.2205 0.4146 0.0058, -1.2205 1.7823 0.0058, 0.2101 0.4165 0.0058, 0.2958 0.4165 0.0058, 0.2958 0.7315 0.0058, 0.2069 0.7315 0.0058, 0.1614 0.7266 0.0058, 0.1245 0.7137 0.0058, -0.0999 0.7315 0.0058, 0.0902 0.6907 0.0058, -0.2189 0.4165 0.0058, -0.265 0.4165 0.0058, -0.1421 0.7315 0.0058, -0.0269 0.4165 0.0058, -0.057 0.5049 0.0058, -0.1871 0.5049 0.0058, 0.0899 0.6904 0.0058, 0.0676 0.6657 0.0058, 0.053 0.6386 0.0058, 0.0445 0.6076 0.0058, 0.0422 0.578 0.0058, 0.0467 0.5358 0.0058, 0.6212 0.4191 0.0058, 0.6531 0.4146 0.0058, 0.3265 -0.3235 0.0058, -1.2205 -0.3235 0.0058, 0.6657 0.4128 0.0058, 0.6743 0.4127 0.0058, 1.0102 0.7315 0.0058, 2.0079 1.7823 0.0058, 2.0079 0.4146 0.0058, 2.0079 -0.3235 0.0058, 2.3748 2.176 0.5176, 1.6142 2.176 0.5176, 1.6142 1.7823 0.5176, 2.0079 1.7823 0.5176, 2.0079 -0.3235 0.5176, -1.2205 -0.3235 0.5176, -1.2205 1.7823 0.5176, -0.8268 1.7823 0.5176, -0.8268 2.176 0.5176, -1.5874 2.176 0.5176, -1.5874 2.6943 0.5176, -1.3386 2.8009 0.5176, 2.126 2.8009 0.5176, 2.3748 2.6943 0.5176
            ]
        }
        coordIndex [
            0,1,2,-1,2,1,3,-1,2,3,4,-1,5,6,7,-1,8,4,9,-1,9,4,10,-1,11,12,13,-1,13,12,1,-1,13,1,14,-1,15,16,17,-1,17,16,18,-1,17,18,0,-1,0,18,19,-1,7,14,5,-1,5,14,1,-1,5,1,20,-1,20,1,0,-1,20,0,10,-1,10,0,19,-1,21,22,23,-1,23,22,24,-1,23,24,25,-1,26,27,23,-1,23,27,28,-1,29,30,31,-1,31,30,32,-1,28,33,23,-1,23,33,32,-1,23,32,34,-1,34,32,30,-1,35,36,37,-1,37,36,38,-1,37,38,39,-1,40,41,19,-1,19,41,42,-1,19,42,10,-1,10,42,43,-1,10,43,9,-1,9,43,44,-1,9,44,23,-1,23,44,45,-1,23,45,21,-1,46,47,48,-1,25,49,23,-1,23,49,50,-1,23,50,26,-1,39,51,37,-1,37,51,52,-1,37,52,53,-1,53,52,54,-1,53,54,55,-1,47,56,48,-1,48,56,57,-1,48,57,58,-1,54,59,55,-1,55,59,60,-1,55,60,48,-1,48,60,61,-1,48,61,46,-1,62,63,0,-1,64,65,66,-1,0,63,67,-1,67,63,68,-1,67,68,69,-1,66,70,64,-1,64,70,71,-1,64,71,72,-1,73,74,62,-1,75,76,2,-1,2,76,77,-1,2,77,0,-1,0,77,78,-1,0,78,62,-1,79,80,81,-1,81,80,82,-1,83,2,84,-1,84,2,73,-1,84,73,85,-1,85,73,62,-1,85,62,81,-1,81,62,78,-1,81,78,79,-1,72,75,64,-1,64,75,2,-1,64,2,86,-1,86,2,83,-1,86,83,87,-1,87,83,88,-1,82,89,81,-1,81,89,90,-1,81,90,91,-1,91,92,81,-1,81,92,93,-1,81,93,64,-1,64,93,94,-1,64,94,65,-1,8,95,4,-1,4,95,96,-1,4,96,2,-1,2,96,97,-1,2,97,73,-1,73,97,98,-1,96,99,97,-1,97,99,100,-1,97,100,36,-1,58,40,48,-1,48,40,19,-1,48,19,101,-1,101,19,102,-1,101,102,35,-1,35,102,103,-1,35,103,36,-1,36,103,104,-1,36,104,97,-1,16,105,18,-1,18,105,106,-1,18,106,19,-1,19,106,107,-1,19,107,102,-1,102,107,108,-1,102,108,103,-1,103,108,109,-1,103,109,104,-1,104,109,97,-1,97,109,110,-1,97,110,98,-1,111,74,110,-1,110,74,73,-1,110,73,98,-1,74,111,62,-1,62,111,112,-1,62,112,63,-1,63,112,113,-1,63,113,68,-1,68,113,114,-1,68,114,69,-1,69,114,115,-1,115,116,69,-1,69,116,67,-1,67,116,0,-1,0,116,117,-1,0,117,17,-1,117,118,17,-1,17,118,15,-1,118,105,15,-1,15,105,16,-1,112,111,110,-1,117,116,113,-1,113,116,115,-1,113,115,114,-1,106,105,118,-1,109,108,107,-1,110,109,112,-1,112,109,107,-1,112,107,113,-1,113,107,106,-1,113,106,117,-1,117,106,118,-1,
        ]
    }
}
Shape{
    appearance Appearance {
        material  Material 	{
            diffuseColor 0.25098039215686274 0.25098039215686274 0.25098039215686274
            specularColor 0.07450980392156863 0.07450980392156863 0.07450980392156863
            ambientIntensity 0.251
            transparency 0.0
            shininess 0.5
        }
    }
    geometry IndexedFaceSet {
        ccw TRUE
        solid FALSE
        coord DEF co Coordinate {
            point [
                -0.1421 0.7315 0.0097, -0.265 0.4165 0.0097, -0.1421 0.7315 0.0058, -0.265 0.4165 0.0058, -0.2189 0.4165 0.0097, -0.2189 0.4165 0.0058, -0.1871 0.5049 0.0097, -0.1871 0.5049 0.0058, -0.057 0.5049 0.0097, -0.057 0.5049 0.0058, -0.0269 0.4165 0.0097, -0.0269 0.4165 0.0058, 0.0192 0.4165 0.0097, 0.0192 0.4165 0.0058, -0.0999 0.7315 0.0097, -0.0999 0.7315 0.0058, -0.0676 0.5394 0.0097, -0.1729 0.5394 0.0097, -0.1146 0.671 0.0097, -0.1176 0.6819 0.0097, -0.1196 0.6931 0.0097, -0.1206 0.6931 0.0097, -0.1227 0.6819 0.0097, -0.1255 0.671 0.0097, -0.0676 0.5394 0.0058, -0.1729 0.5394 0.0058, -0.1146 0.671 0.0058, -0.1176 0.6819 0.0058, -0.1196 0.6931 0.0058, -0.1206 0.6931 0.0058, -0.1227 0.6819 0.0058, -0.1255 0.671 0.0058, 0.2101 0.4165 0.0097, 0.2958 0.4165 0.0097, 0.2101 0.4165 0.0058, 0.2958 0.4165 0.0058, 0.2958 0.7315 0.0097, 0.2958 0.7315 0.0058, 0.2069 0.7315 0.0097, 0.2069 0.7315 0.0058, 0.0422 0.578 0.0097, 0.0422 0.578 0.0058, 0.0445 0.6076 0.0058, 0.0445 0.6076 0.0097, 0.053 0.6386 0.0058, 0.053 0.6386 0.0097, 0.0676 0.6657 0.0058, 0.0676 0.6657 0.0097, 0.0899 0.6904 0.0058, 0.0899 0.6904 0.0097, 0.0902 0.6907 0.0058, 0.0902 0.6907 0.0097, 0.1245 0.7137 0.0058, 0.1245 0.7137 0.0097, 0.1614 0.7266 0.0058, 0.1614 0.7266 0.0097, 0.1711 0.4199 0.0058, 0.1711 0.4199 0.0097, 0.1348 0.4307 0.0058, 0.1348 0.4307 0.0097, 0.102 0.4498 0.0058, 0.102 0.4498 0.0097, 0.076 0.4747 0.0058, 0.076 0.4747 0.0097, 0.058 0.5028 0.0058, 0.058 0.5028 0.0097, 0.0467 0.5358 0.0058, 0.0467 0.5358 0.0097, 0.1055 0.6527 0.0097, 0.1208 0.669 0.0097, 0.1438 0.6838 0.0097, 0.1698 0.6929 0.0097, 0.2071 0.6969 0.0097, 0.2535 0.6969 0.0097, 0.2535 0.4511 0.0097, 0.2088 0.4511 0.0097, 0.1756 0.4542 0.0097, 0.1491 0.4624 0.0097, 0.1276 0.4752 0.0097, 0.1099 0.4927 0.0097, 0.0966 0.5144 0.0097, 0.0874 0.544 0.0097, 0.0845 0.5771 0.0097, 0.0872 0.6084 0.0097, 0.0945 0.6333 0.0097, 0.2071 0.6969 0.0058, 0.2535 0.6969 0.0058, 0.1698 0.6929 0.0058, 0.1438 0.6838 0.0058, 0.1208 0.669 0.0058, 0.1055 0.6527 0.0058, 0.0945 0.6333 0.0058, 0.0872 0.6084 0.0058, 0.0845 0.5771 0.0058, 0.0874 0.544 0.0058, 0.0966 0.5144 0.0058, 0.1099 0.4927 0.0058, 0.1276 0.4752 0.0058, 0.1491 0.4624 0.0058, 0.1756 0.4542 0.0058, 0.2088 0.4511 0.0058, 0.2535 0.4511 0.0058, 0.3572 0.4511 0.0097, 0.3572 0.4165 0.0097, 0.3572 0.4511 0.0058, 0.3572 0.4165 0.0058, 0.5262 0.4165 0.0097, 0.5262 0.4165 0.0058, 0.5262 0.7315 0.0097, 0.5262 0.7315 0.0058, 0.3649 0.7315 0.0097, 0.3649 0.7315 0.0058, 0.3649 0.6969 0.0097, 0.3649 0.6969 0.0058, 0.484 0.6969 0.0097, 0.484 0.6969 0.0058, 0.484 0.5932 0.0097, 0.484 0.5932 0.0058, 0.3726 0.5932 0.0097, 0.3726 0.5932 0.0058, 0.3726 0.5586 0.0097, 0.3726 0.5586 0.0058, 0.484 0.5586 0.0097, 0.484 0.5586 0.0058, 0.484 0.4511 0.0097, 0.484 0.4511 0.0058, 0.5877 0.4674 0.0097, 0.5877 0.4328 0.0097, 0.5877 0.4674 0.0058, 0.5877 0.4328 0.0058, 0.6212 0.4191 0.0097, 0.6743 0.4127 0.0097, 0.6743 0.4127 0.0058, 0.6657 0.4128 0.0058, 0.6657 0.4128 0.0097, 0.6531 0.4146 0.0058, 0.6212 0.4191 0.0058, 0.6929 0.4146 0.0058, 0.7131 0.4167 0.0097, 0.7131 0.4167 0.0058, 0.7437 0.4272 0.0097, 0.7437 0.4272 0.0058, 0.769 0.4434 0.0097, 0.769 0.4434 0.0058, 0.7927 0.4683 0.0097, 0.7927 0.4683 0.0058, 0.8094 0.4982 0.0097, 0.8094 0.4982 0.0058, 0.8189 0.5316 0.0097, 0.8189 0.5316 0.0058, 0.822 0.5681 0.0097, 0.822 0.5681 0.0058, 0.6618 0.7353 0.0097, 0.6618 0.7353 0.0058, 0.6934 0.7327 0.0058, 0.6934 0.7327 0.0097, 0.7285 0.7225 0.0058, 0.7285 0.7225 0.0097, 0.7585 0.7053 0.0058, 0.7585 0.7053 0.0097, 0.7869 0.678 0.0058, 0.7869 0.678 0.0097, 0.8053 0.6485 0.0058, 0.8053 0.6485 0.0097, 0.8174 0.6128 0.0058, 0.8174 0.6128 0.0097, 0.5877 0.7228 0.0097, 0.5877 0.7228 0.0058, 0.6241 0.7327 0.0058, 0.6241 0.7327 0.0097, 0.5877 0.6806 0.0097, 0.5877 0.6806 0.0058, 0.6614 0.7007 0.0097, 0.6614 0.7007 0.0058, 0.6231 0.6958 0.0058, 0.6231 0.6958 0.0097, 0.7797 0.5706 0.0097, 0.7797 0.5706 0.0058, 0.7782 0.5951 0.0058, 0.7782 0.5951 0.0097, 0.7698 0.6289 0.0058, 0.7698 0.6289 0.0097, 0.7568 0.6532 0.0058, 0.7568 0.6532 0.0097, 0.7378 0.6742 0.0058, 0.7378 0.6742 0.0097, 0.716 0.6888 0.0058, 0.716 0.6888 0.0097, 0.6924 0.6973 0.0058, 0.6924 0.6973 0.0097, 0.6685 0.4472 0.0097, 0.6685 0.4472 0.0058, 0.6979 0.4505 0.0058, 0.6979 0.4505 0.0097, 0.7208 0.459 0.0058, 0.7208 0.459 0.0097, 0.7402 0.472 0.0058, 0.7402 0.472 0.0097, 0.7549 0.4876 0.0058, 0.7549 0.4876 0.0097, 0.768 0.5094 0.0058, 0.768 0.5094 0.0097, 0.7765 0.5365 0.0058, 0.7765 0.5365 0.0097, 0.5933 0.4643 0.0058, 0.5933 0.4643 0.0097, 0.6267 0.4519 0.0058, 0.6267 0.4519 0.0097, 0.8489 0.4511 0.0097, 0.8489 0.4165 0.0097, 0.8489 0.4511 0.0058, 0.8489 0.4165 0.0058, 1.0102 0.4165 0.0097, 1.0102 0.4165 0.0058, 1.0102 0.7315 0.0097, 1.0102 0.7315 0.0058, 0.9679 0.7315 0.0097, 0.9679 0.7315 0.0058, 0.9679 0.4511 0.0097, 0.9679 0.4511 0.0058
            ]
        }
        coordIndex [
            0,1,2,-1,2,1,3,-1,1,4,3,-1,3,4,5,-1,4,6,5,-1,5,6,7,-1,6,8,7,-1,7,8,9,-1,8,10,9,-1,9,10,11,-1,10,12,11,-1,11,12,13,-1,12,14,13,-1,13,14,15,-1,14,0,15,-1,15,0,2,-1,16,8,17,-1,17,8,6,-1,18,14,16,-1,16,14,12,-1,16,12,8,-1,8,12,10,-1,18,19,14,-1,14,19,20,-1,14,20,0,-1,0,20,21,-1,0,21,22,-1,22,23,0,-1,0,23,17,-1,0,17,1,-1,1,17,6,-1,1,6,4,-1,16,17,24,-1,24,17,25,-1,18,16,26,-1,26,16,24,-1,18,26,27,-1,18,27,19,-1,19,27,28,-1,19,28,20,-1,21,20,29,-1,29,20,28,-1,21,29,30,-1,21,30,22,-1,22,30,31,-1,22,31,23,-1,17,23,25,-1,25,23,31,-1,32,33,34,-1,34,33,35,-1,33,36,35,-1,35,36,37,-1,36,38,37,-1,37,38,39,-1,40,41,42,-1,40,42,43,-1,43,42,44,-1,43,44,45,-1,45,44,46,-1,45,46,47,-1,47,46,48,-1,47,48,49,-1,49,48,50,-1,49,50,51,-1,51,50,52,-1,51,52,53,-1,53,52,54,-1,53,54,55,-1,55,54,39,-1,55,39,38,-1,32,34,56,-1,32,56,57,-1,57,56,58,-1,57,58,59,-1,59,58,60,-1,59,60,61,-1,61,60,62,-1,61,62,63,-1,63,62,64,-1,63,64,65,-1,65,64,66,-1,65,66,67,-1,67,66,41,-1,67,41,40,-1,45,47,68,-1,68,47,49,-1,68,49,69,-1,69,49,51,-1,69,51,70,-1,70,51,53,-1,70,53,71,-1,71,53,55,-1,71,55,72,-1,72,55,38,-1,72,38,73,-1,73,38,36,-1,73,36,74,-1,74,36,33,-1,74,33,75,-1,75,33,32,-1,75,32,76,-1,76,32,57,-1,76,57,77,-1,77,57,59,-1,77,59,78,-1,78,59,61,-1,78,61,79,-1,79,61,63,-1,79,63,80,-1,80,63,65,-1,80,65,81,-1,81,65,67,-1,81,67,82,-1,82,67,40,-1,82,40,83,-1,83,40,43,-1,83,43,84,-1,84,43,45,-1,84,45,68,-1,72,73,85,-1,85,73,86,-1,72,85,87,-1,72,87,71,-1,71,87,88,-1,71,88,70,-1,70,88,89,-1,70,89,69,-1,69,89,90,-1,69,90,68,-1,68,90,91,-1,68,91,84,-1,84,91,92,-1,84,92,83,-1,83,92,93,-1,83,93,82,-1,82,93,94,-1,82,94,81,-1,81,94,95,-1,81,95,80,-1,80,95,96,-1,80,96,79,-1,79,96,97,-1,79,97,78,-1,78,97,98,-1,78,98,77,-1,77,98,99,-1,77,99,76,-1,76,99,100,-1,76,100,75,-1,74,75,101,-1,101,75,100,-1,73,74,86,-1,86,74,101,-1,102,103,104,-1,104,103,105,-1,103,106,105,-1,105,106,107,-1,106,108,107,-1,107,108,109,-1,108,110,109,-1,109,110,111,-1,110,112,111,-1,111,112,113,-1,112,114,113,-1,113,114,115,-1,114,116,115,-1,115,116,117,-1,116,118,117,-1,117,118,119,-1,118,120,119,-1,119,120,121,-1,120,122,121,-1,121,122,123,-1,122,124,123,-1,123,124,125,-1,124,102,125,-1,125,102,104,-1,106,103,102,-1,102,124,106,-1,106,124,122,-1,106,122,108,-1,112,110,114,-1,114,110,108,-1,114,108,116,-1,116,108,122,-1,116,122,118,-1,118,122,120,-1,126,127,128,-1,128,127,129,-1,129,127,130,-1,131,132,133,-1,131,133,134,-1,134,133,135,-1,134,135,130,-1,130,135,136,-1,130,136,129,-1,132,131,137,-1,137,131,138,-1,137,138,139,-1,139,138,140,-1,139,140,141,-1,141,140,142,-1,141,142,143,-1,143,142,144,-1,143,144,145,-1,145,144,146,-1,145,146,147,-1,147,146,148,-1,147,148,149,-1,149,148,150,-1,149,150,151,-1,152,153,154,-1,152,154,155,-1,155,154,156,-1,155,156,157,-1,157,156,158,-1,157,158,159,-1,159,158,160,-1,159,160,161,-1,161,160,162,-1,161,162,163,-1,163,162,164,-1,163,164,165,-1,165,164,151,-1,165,151,150,-1,166,167,168,-1,166,168,169,-1,169,168,153,-1,169,153,152,-1,166,170,167,-1,167,170,171,-1,172,173,174,-1,172,174,175,-1,175,174,171,-1,175,171,170,-1,176,177,178,-1,176,178,179,-1,179,178,180,-1,179,180,181,-1,181,180,182,-1,181,182,183,-1,183,182,184,-1,183,184,185,-1,185,184,186,-1,185,186,187,-1,187,186,188,-1,187,188,189,-1,189,188,173,-1,189,173,172,-1,190,191,192,-1,190,192,193,-1,193,192,194,-1,193,194,195,-1,195,194,196,-1,195,196,197,-1,197,196,198,-1,197,198,199,-1,199,198,200,-1,199,200,201,-1,201,200,202,-1,201,202,203,-1,203,202,177,-1,203,177,176,-1,126,128,204,-1,126,204,205,-1,205,204,206,-1,205,206,207,-1,207,206,191,-1,207,191,190,-1,193,131,190,-1,190,131,134,-1,190,134,207,-1,207,134,130,-1,207,130,205,-1,205,130,127,-1,205,127,126,-1,170,166,175,-1,175,166,169,-1,175,169,172,-1,172,169,152,-1,172,152,189,-1,189,152,155,-1,189,155,187,-1,187,155,157,-1,187,157,185,-1,185,157,159,-1,185,159,183,-1,183,159,161,-1,183,161,181,-1,181,161,163,-1,181,163,179,-1,179,163,165,-1,179,165,176,-1,176,165,150,-1,176,150,203,-1,203,150,148,-1,203,148,201,-1,201,148,146,-1,201,146,199,-1,199,146,144,-1,199,144,197,-1,197,144,142,-1,197,142,195,-1,195,142,140,-1,195,140,193,-1,193,140,138,-1,193,138,131,-1,208,209,210,-1,210,209,211,-1,209,212,211,-1,211,212,213,-1,212,214,213,-1,213,214,215,-1,214,216,215,-1,215,216,217,-1,216,218,217,-1,217,218,219,-1,218,208,219,-1,219,208,210,-1,216,214,218,-1,218,214,212,-1,218,212,208,-1,208,212,209,-1,
        ]
    }
}
Shape{
    appearance Appearance {
        material  Material 	{
            diffuseColor 0.7686274509803922 0.7686274509803922 0.7686274509803922
            specularColor 0.615686274509804 0.615686274509804 0.615686274509804
            ambientIntensity 0.7686
            transparency 0.0
            shininess 0.5
        }
    }
    geometry IndexedFaceSet {
        ccw TRUE
        solid FALSE
        coord DEF co Coordinate {
            point [
                -0.0676 0.5394 0.0058, -0.1729 0.5394 0.0058, -0.1146 0.671 0.0058, -0.1255 0.671 0.0058, -0.1176 0.6819 0.0058, -0.1227 0.6819 0.0058, -0.1196 0.6931 0.0058, -0.1206 0.6931 0.0058, 0.2535 0.6969 0.0058, 0.2535 0.4511 0.0058, 0.2071 0.6969 0.0058, 0.2088 0.4511 0.0058, 0.1756 0.4542 0.0058, 0.0845 0.5771 0.0058, 0.0872 0.6084 0.0058, 0.0945 0.6333 0.0058, 0.1698 0.6929 0.0058, 0.1491 0.4624 0.0058, 0.1276 0.4752 0.0058, 0.1099 0.4927 0.0058, 0.0966 0.5144 0.0058, 0.0874 0.544 0.0058, 0.1055 0.6527 0.0058, 0.1208 0.669 0.0058, 0.1438 0.6838 0.0058
            ]
        }
        coordIndex [
            0,1,2,-1,2,1,3,-1,2,3,4,-1,4,3,5,-1,4,5,6,-1,6,5,7,-1,8,9,10,-1,10,9,11,-1,10,11,12,-1,13,14,10,-1,10,14,15,-1,10,15,16,-1,12,17,10,-1,10,17,18,-1,10,18,19,-1,19,20,10,-1,10,20,21,-1,10,21,13,-1,22,23,15,-1,15,23,24,-1,15,24,16,-1,
        ]
    }
}